Timestamp,Sensor_01_Reading,Sensor_02_Reading,Sensor_03_Reading,Sensor_04_Reading,Sensor_05_Reading,Sensor_06_Reading,Sensor_07_Reading,Sensor_08_Reading,Sensor_09_Reading,Sensor_10_Reading,Sensor_11_Reading,Sensor_12_Reading,Sensor_13_Reading,Sensor_14_Reading,Sensor_15_Reading,Sensor_16_Reading,Sensor_17_Reading,Sensor_18_Reading,Sensor_19_Reading,Sensor_20_Reading,Sensor_21_Reading,Sensor_22_Reading,Sensor_23_Reading,Sensor_24_Reading,Sensor_25_Reading,Sensor_26_Reading,Sensor_27_Reading,Sensor_28_Reading,Sensor_29_Reading,Sensor_30_Reading,Sensor_31_Reading,Sensor_32_Reading,Sensor_33_Reading,Sensor_34_Reading,Sensor_35_Reading,Sensor_36_Reading,Sensor_37_Reading,Sensor_38_Reading,Sensor_39_Reading,Sensor_40_Reading,Sensor_41_Reading,Sensor_42_Reading,Sensor_43_Reading,Sensor_44_Reading,Sensor_45_Reading,Sensor_46_Reading,Sensor_47_Reading,Sensor_48_Reading,Sensor_49_Reading,Sensor_50_Reading,System_Load_Percent,Equipment_Failure_Event
2026-01-01 00:00:00,26.346,31.2124,33.1415,30.1478,32.6182,33.6583,32.3823,32.7831,29.4507,27.2876,29.4375,26.8926,32.2157,31.5581,27.5196,32.3973,31.702,32.4275,31.5528,29.389,30.2404,32.5456,33.4501,34.9422,33.8222,29.6826,33.7886,29.9832,28.7936,30.1698,32.3865,27.6034,32.7887,30.3951,24.7606,28.0622,33.1784,28.8016,32.1036,30.1658,28.6941,32.7388,27.3935,31.9845,31.3161,32.1096,30.4049,27.5707,34.6881,31.1204,52.83,0
2026-01-01 01:00:00,28.0302,32.2119,32.3561,31.4202,32.3871,32.747,32.9134,33.3539,29.0543,28.1703,26.0044,29.2182,33.1169,32.9675,31.2301,31.8947,33.7921,27.8194,31.9899,34.0151,30.666,32.8026,32.8201,32.434,33.6149,29.8419,33.8529,31.4719,32.2409,31.8389,30.2935,29.3726,34.4091,29.7566,24.4655,32.0947,31.8102,32.3433,30.7262,31.853,29.637,33.8051,30.2155,29.0822,32.0377,34.7822,32.5351,30.948,33.3577,33.3258,56.0,0
2026-01-01 02:00:00,30.242,33.481,33.2245,32.9522,33.4491,31.4855,32.9128,33.1431,26.8428,29.9174,24.2465,30.6452,29.8646,33.0749,30.9318,34.4576,33.0719,27.0839,30.3745,33.0851,32.7534,33.3255,32.4311,32.8271,31.9326,34.5375,30.5299,33.0893,33.7706,30.4994,32.0662,30.4915,34.2849,33.5543,22.4785,31.0113,34.7541,28.3399,25.4555,31.0868,34.285,31.432,31.7658,32.0266,25.7517,34.5884,32.4153,31.7922,28.8641,34.2097,57.52,0
2026-01-01 03:00:00,32.1659,33.1964,32.8649,32.5193,31.6584,31.2158,33.13,32.2518,25.1097,31.3708,20.709,32.9947,27.8355,30.6393,31.9826,32.9806,33.5784,25.6011,27.6476,30.5981,34.1018,32.9026,32.0471,31.6636,32.2215,32.1722,31.3973,32.5903,32.9587,30.351,29.0099,31.9599,33.4439,31.9111,19.4951,32.6344,31.2271,26.3157,26.1001,31.6765,31.6129,29.3914,35.3157,32.7428,26.1688,33.4046,33.9056,32.8753,29.9889,29.9452,67.47,0
2026-01-01 04:00:00,32.2866,32.4507,30.1356,33.3826,32.4824,29.6072,31.9939,30.6765,22.2817,33.4111,21.7741,33.7752,25.8861,31.6767,31.402,32.8671,30.8265,25.081,25.3711,33.8292,32.6133,31.9903,30.5115,27.7676,31.9762,32.1666,29.1762,31.6858,33.0087,26.7155,31.4132,33.773,33.3237,31.4839,17.0687,31.6448,30.7694,24.7259,23.4739,30.0169,31.1644,26.0347,32.1444,31.8926,26.8446,30.8785,30.9288,33.9569,31.4386,28.5009,75.25,0
2026-01-01 05:00:00,32.8162,31.9176,28.6182,33.0283,30.4014,28.873,30.2824,27.5633,19.4538,33.6215,18.1938,32.099,25.1756,28.6742,32.2835,32.4259,30.6554,22.4,25.5127,31.3973,32.4798,31.247,27.1019,27.3747,28.5388,31.8065,26.4741,29.9594,31.6274,24.2072,25.4354,33.0453,29.6525,34.1489,16.9258,31.9863,27.8292,19.5349,23.9177,33.2097,30.7373,25.582,32.6836,33.9829,22.8577,29.1173,32.9254,30.5667,28.9594,28.6815,69.25,0
2026-01-01 06:00:00,33.7479,30.6111,27.7883,31.3313,29.4646,26.1075,28.6095,26.62,18.8193,30.3412,18.0514,32.7079,21.0861,27.1758,33.1189,30.4284,30.5067,18.6004,22.5299,30.7095,31.4495,27.8707,26.6262,26.7392,27.6405,32.1325,23.6328,30.3026,32.4653,23.2568,24.0514,32.6183,28.626,30.3769,17.0243,32.4541,27.0485,20.5077,19.1638,32.4716,32.5547,22.1784,33.1829,32.9397,18.8192,28.0366,29.4288,34.3909,26.8951,26.8974,78.34,0
2026-01-01 07:00:00,32.7744,27.9177,25.3059,30.1632,27.2367,23.7224,26.2583,25.2187,18.2012,31.9255,17.0848,32.7547,19.9036,25.7365,30.8399,29.1979,26.4092,18.469,19.1752,32.0076,29.4921,27.8441,25.8904,23.0237,26.7002,31.0421,21.7572,29.2555,31.6994,21.7975,21.4734,32.6631,28.1915,29.7325,18.2993,30.6394,21.1261,17.2958,18.5549,30.7112,28.6574,19.8111,30.7108,30.1541,18.5338,26.189,28.4389,33.4441,26.267,23.6988,79.52,1
2026-01-01 08:00:00,31.0772,27.2686,23.3879,28.3427,26.1205,22.1102,25.3754,22.8203,17.8969,30.834,16.9643,30.2542,20.0331,23.1887,28.0046,25.6876,24.7484,18.1876,17.7129,29.3676,28.5491,23.0252,21.5176,21.5617,22.2123,27.9024,22.4013,26.7985,27.8282,18.1139,19.5802,30.0714,25.4019,28.2255,18.3413,26.9648,20.8654,17.0696,18.8244,29.4699,25.8917,21.8318,28.9701,27.0858,18.7601,22.4781,24.9981,29.3313,22.0645,22.8296,72.03,0
2026-01-01 09:00:00,30.1188,24.4034,21.3262,25.6322,22.7246,19.7176,21.2589,20.7656,16.2234,28.4157,18.0389,28.2029,17.9839,22.3376,27.8436,24.2867,22.5897,18.9895,17.43,27.6475,25.2755,23.108,19.9916,18.9531,22.0468,26.6793,19.1434,22.6157,25.4228,19.8406,17.2702,30.9551,23.8525,27.1843,19.8086,26.3534,19.3262,17.6506,17.5644,29.0249,24.5755,17.7967,27.0148,27.5895,16.2531,20.7003,25.1331,24.1016,21.7362,17.8637,71.33,0
2026-01-01 10:00:00,27.7816,22.365,19.6743,24.329,21.6666,18.3609,20.4526,19.2779,18.0771,26.8968,19.5953,26.9162,17.3013,20.0394,25.9448,21.5691,19.0007,16.8312,17.786,23.2184,25.0428,20.7712,18.9746,17.8443,18.1936,24.6759,19.2078,20.6067,24.2713,17.3698,16.206,27.2515,22.6275,22.6953,21.1902,26.9167,17.8965,16.463,17.3101,23.9078,23.5423,18.7405,26.0991,23.5176,18.7025,19.9208,19.7746,28.4343,21.5549,17.8734,63.06,0
2026-01-01 11:00:00,25.7603,21.0368,17.4109,22.9415,19.4166,18.4929,18.8792,18.0878,17.8171,26.036,19.9608,25.3414,18.669,18.1122,22.9772,21.6169,19.2049,16.6927,17.5955,21.5052,22.3915,18.1374,17.4194,17.121,17.5855,20.773,17.4349,20.5265,22.0365,17.1296,14.6773,26.0529,20.7204,21.6409,23.6865,24.4523,18.2205,15.3401,18.9756,25.9414,22.804,15.6748,23.4639,23.2724,18.8299,17.3626,18.1572,20.3983,18.2862,19.5034,58.76,0
2026-01-01 12:00:00,24.0401,19.45,17.9054,20.1977,18.1532,16.0213,18.2534,15.8917,19.8437,23.3188,21.9962,20.3391,17.6724,14.9364,22.6014,18.2514,17.9183,19.0754,18.5411,20.189,19.1718,18.8478,17.2929,15.2892,17.0499,20.2824,16.6078,18.6736,19.5668,18.3672,17.7488,22.1981,17.1331,19.5754,24.4936,21.2476,17.8398,19.4603,18.8609,23.3873,20.9492,16.3648,22.6454,23.506,19.009,16.6875,17.1374,22.9353,15.9456,14.4186,55.97,0
2026-01-01 13:00:00,20.9053,17.4895,17.6629,17.8506,17.2626,17.7501,16.5843,17.7911,20.9594,20.7466,23.7446,20.5572,17.8975,17.8114,19.9869,19.2599,16.8933,20.2729,17.2178,19.3427,20.1554,15.5018,16.0005,18.2741,17.604,18.2382,18.1246,17.4727,19.163,16.9395,17.2218,21.1263,17.5008,21.1952,27.018,19.9431,17.0968,21.2776,19.2489,19.9528,17.4666,16.9368,20.4473,18.6856,20.7588,14.6025,19.2733,19.8772,16.4869,20.2372,37.31,0
2026-01-01 14:00:00,19.2005,17.6092,17.1136,17.2425,16.5107,17.7317,15.9376,17.3408,23.392,19.2965,26.3269,18.3484,19.6211,16.3234,18.6205,17.5998,16.3596,22.5428,20.1541,17.2641,17.7472,18.5946,16.953,16.3202,16.4683,16.192,20.7137,16.8924,18.6512,20.4652,20.9249,19.0563,16.0242,15.0851,28.8213,17.4469,17.7422,20.8257,20.0558,18.8023,16.852,20.1078,14.5899,17.8902,20.2299,15.9057,16.7977,18.1213,16.1746,17.4685,34.44,0
2026-01-01 15:00:00,18.3367,16.7143,17.981,16.0543,17.1997,18.7617,17.6257,18.7838,25.9561,17.9807,27.3088,19.1615,20.7263,18.6478,16.6508,17.8268,18.2168,24.7698,22.9864,18.7826,16.4348,19.5928,18.0813,18.5696,17.911,17.3918,19.2014,16.5726,16.2796,20.3568,18.8578,17.8132,16.3402,16.9067,29.9764,19.0952,21.9406,23.2626,24.3367,18.2207,19.9027,21.3742,15.2125,16.202,24.9517,19.1623,15.8757,17.2491,15.106,21.0924,37.33,0
2026-01-01 16:00:00,17.0683,18.3852,18.3884,17.82,17.8924,20.1555,18.6878,18.155,26.5744,17.5193,30.2859,18.1085,24.5322,19.5862,17.5422,16.7872,17.8535,26.5421,24.9049,17.5966,18.1655,18.2393,20.0247,19.497,18.2104,18.1416,22.5776,17.7154,19.9053,23.0588,23.7257,16.0939,15.9411,17.2447,33.0616,16.7772,20.849,26.1001,24.821,18.2709,18.5585,20.8888,16.4653,18.6064,26.4471,20.7795,17.5976,17.4476,18.6206,21.8825,34.09,0
2026-01-01 17:00:00,17.2291,17.8592,21.167,18.0411,19.2793,22.4574,20.8873,22.4971,28.8431,16.028,31.8754,17.2504,26.1021,20.6668,17.5057,17.2001,21.9335,28.729,26.1382,19.0972,18.1927,18.8023,22.2568,23.1003,19.8997,17.6262,23.816,19.6943,16.0755,24.7101,25.8592,18.2959,19.2526,17.8368,33.9217,15.8332,19.5364,30.779,27.5432,19.7906,17.5653,22.8237,18.574,18.0662,26.8444,20.9315,19.2609,14.0342,22.463,22.271,20.22,0
2026-01-01 18:00:00,16.6051,19.796,23.1139,18.3387,20.7905,24.3798,20.8936,22.6086,31.0362,16.812,33.0074,17.2878,28.5649,23.4708,18.5656,19.1119,22.0425,31.4696,29.9266,18.1517,17.1946,20.9617,22.7436,22.8613,23.5298,15.9438,24.2004,18.9526,17.8834,27.0703,27.6221,17.8902,18.6078,17.4511,34.545,16.0266,25.2912,32.327,31.0904,16.9534,16.0133,27.4561,16.9867,17.1146,26.7021,24.0302,19.0121,17.3398,23.5147,24.3408,31.25,0
2026-01-01 19:00:00,16.8946,20.9686,24.8243,19.2735,23.1152,26.236,24.4442,27.1326,33.7476,18.7857,32.4146,18.3196,30.495,25.1969,18.8894,21.9305,22.936,31.2594,30.2434,19.998,19.8535,24.4005,26.8815,25.395,23.1684,19.5301,26.2245,22.1891,20.5563,28.4077,28.4735,16.4954,23.0171,18.5612,32.002,17.2231,27.1233,32.9627,30.9722,20.4046,19.9969,30.5443,19.5088,19.3684,27.3581,21.811,22.6546,16.5002,27.6024,28.8842,15.56,1
2026-01-01 20:00:00,19.4455,24.5617,27.5646,21.4142,25.2492,28.0433,27.3087,28.9083,32.2487,19.2653,32.8953,18.3656,30.8124,27.1271,21.2092,24.7251,25.623,31.4638,32.1551,22.4369,22.4285,25.268,26.967,26.8694,27.169,20.8606,29.1505,23.7933,24.5569,29.5985,29.6383,19.1218,26.191,20.8215,32.6278,20.018,29.8712,35.2094,31.8142,19.7802,20.7196,32.2131,21.3579,24.8857,33.3727,27.6707,24.2763,19.2635,27.8651,26.4811,30.85,0
2026-01-01 21:00:00,20.0509,24.7757,28.6925,23.5412,26.1454,29.0478,27.5877,28.5202,34.4121,20.3659,32.7717,21.6239,31.5486,27.4884,22.3916,25.4812,27.8443,33.2857,32.3861,23.8377,22.2171,24.8649,29.8729,27.6271,28.4096,25.5891,31.5387,23.9067,23.5516,33.6938,32.918,20.7586,27.3193,25.7165,32.3228,24.9139,30.954,34.4463,32.6581,21.3329,23.3819,30.8573,23.1367,23.8758,30.5813,26.9441,25.838,22.0015,30.851,29.7515,33.2,0
2026-01-01 22:00:00,22.0179,27.7802,30.8767,26.0639,29.2579,31.1756,28.8479,31.5213,34.0323,22.3172,30.6797,22.6542,32.8746,30.5569,23.4026,26.0584,31.9219,31.8707,32.273,27.2848,26.3736,29.8644,32.5927,31.959,29.6096,25.5194,33.2329,27.1453,25.1013,32.5468,31.6393,23.3837,28.745,26.7666,31.2193,28.2371,30.5221,33.3851,32.7888,23.521,25.3387,32.2352,23.7028,24.7977,31.8733,29.5141,26.7415,25.042,28.5322,30.5413,34.57,0
2026-01-01 23:00:00,23.2623,28.9834,31.2923,28.0662,29.7323,32.252,30.9416,31.4925,31.7272,25.457,31.431,25.3205,32.3618,30.8821,27.9897,28.2716,30.6406,31.4262,32.2657,29.3072,28.4491,31.9224,32.1482,32.5305,30.3949,26.2582,31.3357,29.7079,28.8604,31.8609,33.3607,24.8349,32.2026,26.6851,25.7171,28.3607,33.7361,31.0621,31.3966,27.3582,28.3004,33.8507,24.9796,28.5862,33.6123,32.9419,31.6119,24.784,31.6747,31.2693,40.84,0
2026-01-02 00:00:00,25.8086,30.7743,32.6859,30.6172,32.1346,33.0944,32.3181,32.4375,30.2541,26.665,28.5327,27.3737,32.7182,31.859,27.9146,29.5063,32.3435,30.6029,32.7287,29.9128,29.0037,32.7351,31.4999,33.2476,31.4494,29.7055,33.7623,33.5356,29.7987,34.6415,32.9993,28.3194,32.1794,32.1775,25.4726,26.881,33.2336,29.1924,33.8533,27.2465,30.4554,33.8016,26.7564,29.3966,30.3764,34.0299,31.0737,30.5193,32.6269,34.8323,47.46,0
2026-01-02 01:00:00,28.1638,32.3897,32.9135,30.9257,33.0306,34.1052,33.2809,32.6147,28.2803,29.3247,26.7664,29.0898,32.5071,32.7727,30.8511,31.8931,32.5445,28.7284,31.405,32.1578,31.7889,33.5659,33.1832,33.8204,32.3294,31.9316,32.5309,31.5991,32.2482,32.1027,31.5007,30.126,31.7213,34.1669,23.1746,29.3347,34.3432,29.2472,29.5977,29.9758,30.801,32.6605,34.3519,31.3384,34.3777,30.4846,28.4919,28.4642,31.9708,33.7423,55.65,0
2026-01-02 02:00:00,29.3106,33.499,32.9041,31.5109,31.8684,31.8577,32.6147,32.9353,26.7455,30.2004,24.0637,30.6471,30.1235,33.9914,32.2921,32.5716,33.4306,28.9808,28.6133,34.3992,32.5545,34.5882,32.241,32.5851,32.8476,32.4946,31.714,32.3533,32.479,29.4689,31.759,33.2242,33.2729,33.1108,23.3552,30.6508,34.3629,28.2763,29.5492,30.6988,31.0339,30.6722,32.3514,33.3686,29.6815,30.6005,33.6872,30.0539,35.0737,33.2044,70.44,0
2026-01-02 03:00:00,31.5733,33.8737,31.8087,32.2706,32.8827,30.4649,33.519,31.9535,23.7568,31.1389,21.4797,31.9475,28.6158,32.3997,33.0729,32.96,32.0469,25.9922,27.4988,33.9882,31.9512,32.484,31.7703,30.9944,32.9932,32.1892,30.93,33.5335,32.1492,28.9528,30.7968,29.4718,35.2626,33.646,17.0921,32.4984,31.1937,28.9129,25.2559,31.9153,32.9242,30.2237,35.2098,33.6096,29.5148,31.2645,33.6364,33.958,29.0643,32.2106,70.97,0
2026-01-02 04:00:00,32.1001,31.7821,30.7026,32.9444,31.8256,29.1027,30.8303,29.5889,22.6054,32.9225,20.1342,32.6222,26.4464,31.2353,32.8433,31.9198,30.4976,24.473,26.1272,33.579,33.8508,33.3839,32.6726,30.2037,30.9856,32.6165,30.3869,32.5278,35.5897,25.8786,27.1128,34.4031,31.0491,33.0892,17.1526,32.1405,30.9111,23.6453,25.1829,34.838,32.3989,27.9341,32.0362,33.1699,26.8487,28.4438,33.808,32.7367,30.4005,31.4004,77.39,0
2026-01-02 05:00:00,32.7903,31.8535,29.6066,32.0101,30.4486,27.779,29.0067,28.9509,21.7815,32.9797,19.1664,33.4052,25.0444,29.8865,32.9998,31.0391,29.8251,22.3022,24.9634,33.5639,33.1944,30.2553,27.9408,27.6428,29.5282,33.3989,26.9051,30.3504,29.3007,25.1524,26.6549,34.06,29.5547,31.5532,19.2553,33.7006,29.27,22.1261,22.6642,33.1398,29.9122,25.9398,34.7865,31.717,19.7673,28.7781,31.9425,33.4671,30.5296,28.167,72.86,0
2026-01-02 06:00:00,32.6178,31.1374,26.9859,31.2332,30.1108,26.0062,29.0577,26.5575,18.7461,33.2788,18.3449,33.0349,21.8862,26.7026,32.3472,30.8083,27.938,19.9006,22.2777,32.8192,31.0768,29.7304,27.4779,27.2133,27.837,31.7444,23.0973,28.4422,33.3948,25.8595,21.5598,32.7187,30.2994,28.9566,16.6185,31.8371,26.1569,20.5935,20.6342,31.817,32.0874,24.7911,31.8228,29.0448,22.4234,28.6917,30.0126,32.0521,28.0213,28.0725,75.92,0
2026-01-02 07:00:00,33.3425,27.7157,24.2662,29.6741,27.0131,24.0085,24.8974,23.4098,17.7969,32.6414,17.3183,31.8233,18.8659,24.0967,31.276,29.4728,25.6807,19.4664,20.3878,31.1579,29.6553,26.5658,24.2802,23.6839,26.3667,32.2863,22.2754,26.5514,30.9462,22.431,20.873,31.8615,27.4554,28.2568,15.8117,32.02,26.307,18.986,19.2937,31.1378,28.7773,23.1189,31.3199,32.6641,19.6812,23.2003,27.266,31.2696,24.2553,24.2307,69.86,0
2026-01-02 08:00:00,31.3183,26.8257,24.0709,28.7115,24.8644,22.0863,24.1365,22.2733,16.0857,30.5201,17.3286,31.4509,19.3434,21.8824,30.4101,26.1764,23.6401,17.2243,18.0588,27.8929,28.6786,26.5358,22.7606,21.9115,24.4518,28.5535,21.4998,27.4383,27.316,20.1416,19.7396,30.8129,25.054,27.591,19.9112,30.0534,23.1838,19.9756,18.4878,30.6418,27.5292,20.3746,29.4396,30.7664,18.3157,26.1942,25.2384,30.9278,21.4409,22.359,70.54,0
2026-01-02 09:00:00,29.2907,24.5727,21.9211,25.7842,23.3146,20.4259,24.2289,21.7733,17.3106,29.3735,17.2572,29.6189,18.6013,21.4792,27.2773,25.4683,23.0703,17.002,17.8446,26.7413,25.8006,23.1829,21.845,20.853,20.4275,24.9019,19.9864,23.3632,28.1243,18.0739,19.1907,29.5642,22.1325,26.2865,17.5851,29.0188,19.3955,18.9266,17.0448,28.4422,25.5585,18.9451,26.7893,26.2151,17.533,21.028,24.8301,30.5231,22.5128,19.9646,65.47,1
2026-01-02 10:00:00,28.4543,22.7455,18.7438,23.8181,21.7214,18.2588,20.3835,18.8284,17.5946,26.938,18.7933,28.422,17.5468,20.3746,25.071,23.7886,19.9947,16.5867,18.378,23.5768,22.1244,20.6111,19.7818,21.0535,19.7663,24.1739,18.6253,24.9334,22.5375,17.5594,18.7375,26.7534,19.3613,23.2573,22.1375,24.4704,19.0242,17.3199,17.0255,26.5205,23.7496,17.4355,24.779,25.2527,18.7338,20.2514,21.6482,26.8901,18.5499,18.7799,64.45,0
2026-01-02 11:00:00,25.3717,20.222,18.552,22.4324,19.5193,18.7614,18.1484,16.7021,18.337,25.5878,20.8914,24.1349,16.6141,18.9959,22.2286,19.175,17.8282,18.9876,17.2848,21.7982,22.3474,18.003,17.992,16.7316,19.8569,21.7726,16.7613,20.0139,23.1021,18.4481,17.3352,23.4811,18.2072,21.456,20.9388,24.4546,18.7921,17.1254,18.4511,24.048,21.9838,17.4355,23.8218,22.0535,19.7945,16.9648,18.0526,25.2333,16.921,18.4158,53.64,0
2026-01-02 12:00:00,24.0269,18.2793,17.0492,19.8731,18.968,16.8395,17.7242,17.7581,19.4858,23.236,22.076,23.4218,16.6746,16.7781,21.3824,20.7255,17.3408,18.7781,16.2949,20.5035,19.3695,18.1623,16.7879,16.0133,16.3385,18.9245,15.7642,19.8566,17.9738,15.2639,17.8966,22.6477,20.404,19.9043,23.1432,20.4332,19.6407,18.2994,17.2224,23.7674,18.325,18.4346,21.0909,19.2451,16.5853,19.0723,18.226,24.0082,18.9456,17.3231,46.65,0
2026-01-02 13:00:00,20.8852,16.8428,17.1675,18.9594,17.7115,17.2418,17.1198,16.4488,21.1431,20.6997,24.1347,20.8931,18.8635,18.1477,19.9236,18.7422,17.2252,20.8965,17.504,17.3376,18.3186,16.5244,17.4454,16.982,17.2649,19.1186,18.2383,16.6903,17.5327,21.0991,17.6417,21.001,17.6089,18.6264,27.2004,19.6102,18.1066,20.5703,18.4433,21.326,19.0697,18.7716,20.3056,18.9628,19.604,17.6177,17.69,20.0485,17.7692,16.1216,45.11,0
2026-01-02 14:00:00,19.4109,17.7109,17.4188,17.8493,15.7312,18.6279,17.1844,17.5873,23.6455,18.9723,25.85,19.3295,19.995,18.8931,17.9806,18.1559,16.0478,21.7163,20.5513,17.9838,19.0178,17.5695,19.0567,17.0438,17.0984,17.4574,17.3148,17.5001,16.5139,17.9849,19.3367,20.2831,14.9482,16.915,27.9094,17.3611,18.3104,21.4746,22.1002,18.7693,17.2629,18.5618,17.5875,18.0425,23.094,17.8842,14.4607,17.7619,17.1865,17.518,37.29,0
2026-01-02 15:00:00,18.7354,17.6211,17.8861,17.1846,16.9105,19.3177,17.9772,18.2353,25.3661,18.3683,26.6038,18.7752,21.5457,18.5134,17.7892,16.267,19.0677,24.9765,21.6102,16.5499,17.0608,18.1789,17.3542,19.5206,17.3188,17.4308,20.7001,18.711,16.4337,20.1964,20.7695,16.9877,18.7475,17.7195,30.9688,17.981,20.6297,25.5479,21.2974,18.1369,18.7225,20.0772,18.7289,19.397,22.7595,18.8386,18.5049,16.5768,19.1002,18.3829,29.52,0
2026-01-02 16:00:00,17.983,17.5741,18.8189,16.4297,17.6129,19.133,17.8708,20.8715,27.659,18.1755,28.8035,16.4046,25.0148,20.4199,16.8663,18.027,19.4671,27.0036,23.7425,16.1671,17.235,19.4588,21.329,20.5165,20.5885,19.0773,22.4563,17.299,17.2885,22.132,21.6262,18.2513,19.4902,16.0889,34.1501,18.8582,20.3225,25.6496,23.8088,16.3125,18.4842,21.9219,16.693,17.5076,25.4055,17.697,18.0695,16.1525,20.6456,20.0786,24.96,0
2026-01-02 17:00:00,17.1588,18.026,20.5043,18.3272,19.4422,22.3896,21.042,21.3198,29.4877,17.6998,31.4473,17.1908,24.9979,21.5589,17.9291,18.9251,21.4107,26.9489,25.3592,18.5508,18.2905,20.3619,22.3054,21.044,20.5672,17.5536,23.2395,17.4884,16.9551,24.1372,23.8244,15.8465,20.6556,18.4654,32.687,18.9076,21.2162,30.4699,30.3187,17.2175,19.8078,26.3599,19.6395,20.3033,27.5092,21.7544,17.2389,15.8325,21.6391,19.2993,23.05,0
2026-01-02 18:00:00,17.0212,18.7983,22.2925,19.9335,19.1849,24.9652,21.8915,22.6484,31.7104,16.6608,32.2642,17.2844,29.1114,22.6041,18.9398,18.9268,22.3441,30.1385,28.3794,18.699,19.3738,21.6681,24.4014,24.8995,23.8904,19.7161,25.699,19.6603,16.72,25.6957,26.9881,17.9189,20.3201,17.5004,35.1915,18.6856,25.357,31.1673,31.8495,16.9002,17.9684,24.6856,17.9763,18.8043,32.12,24.0915,20.3229,19.4161,23.9244,25.2214,28.26,0
2026-01-02 19:00:00,17.4765,21.7031,24.4053,20.1171,24.1858,25.6842,24.1984,25.178,32.6109,17.5145,33.2506,17.1875,29.6494,24.3281,20.216,21.7614,22.2729,31.6823,29.5185,20.653,19.5755,24.817,25.4572,28.0682,24.4243,19.9048,28.0699,21.592,20.9202,29.4064,30.3642,18.8706,22.3802,19.4766,33.4477,19.3202,26.1088,30.0963,30.681,19.0459,22.4651,27.0737,19.0326,19.7473,31.8994,22.9899,22.4657,16.026,22.5867,25.9656,27.52,0
2026-01-02 20:00:00,17.9185,22.775,26.9093,21.3066,25.0338,28.9684,25.4196,26.7306,33.0028,18.8728,34.2675,19.2693,29.7842,25.6688,21.261,22.9416,27.4125,32.3311,31.1493,22.0831,22.2004,27.0131,28.3599,27.4928,26.9702,22.2999,29.0893,22.7729,22.2993,31.4885,31.4928,19.3435,24.9069,21.9293,33.494,21.1075,31.9492,34.6017,33.8179,20.0939,22.7591,29.8015,22.8969,24.4146,35.0662,26.8643,26.0226,21.0539,27.6919,28.7553,25.33,0
2026-01-02 21:00:00,19.798,25.0681,28.4907,23.9443,26.8852,30.495,28.6807,29.2886,34.0934,20.5833,33.166,20.1813,32.1825,28.5362,22.2732,24.622,27.4206,34.2786,31.6739,23.776,24.3212,26.7228,28.2008,30.4018,27.9336,24.0,29.8484,27.661,24.7169,32.7321,30.3483,21.1873,28.4614,25.0645,28.3282,24.9124,30.6738,31.574,34.4954,21.6972,25.5958,33.0081,21.9005,26.3155,35.458,28.7636,28.0753,20.1686,28.7928,30.8571,29.46,1
2026-01-02 22:00:00,21.7473,27.1883,30.9545,26.5906,29.4656,32.3824,29.5377,32.1822,32.9911,21.6517,32.6172,24.2595,33.6952,30.3971,24.6909,27.0402,29.3065,31.9979,33.8474,26.5277,26.6297,31.2484,30.1892,29.4054,29.7191,26.2421,32.3867,27.9722,26.554,32.787,31.3891,23.8521,28.1732,27.2009,30.3195,24.0928,32.6723,35.2173,33.8713,24.2022,27.6673,32.5574,24.066,26.5925,33.0254,30.9511,30.3056,26.5703,30.1497,29.9658,32.91,0
2026-01-02 23:00:00,24.5569,29.2816,32.7082,27.6815,31.8703,32.1647,31.4077,33.0199,32.7168,25.5455,30.3949,25.579,32.7997,31.74,27.7273,29.2706,31.583,32.0773,32.9174,27.2003,28.6539,32.3256,32.8417,32.2342,32.1218,27.8742,33.1452,31.1664,29.4139,32.5402,32.5817,24.4649,29.6796,27.8933,28.2469,27.7697,32.0015,33.5457,32.7204,26.4987,29.3757,32.2078,25.7599,28.976,33.5457,33.2288,31.0619,26.6369,31.5067,33.618,41.96,0
2026-01-03 00:00:00,26.2744,30.5636,32.3863,29.7805,32.3243,33.6421,31.74,34.2388,30.9056,26.7484,28.0043,26.823,31.5241,32.6821,31.1356,30.5427,33.6669,30.6516,33.1798,30.1214,32.557,31.5378,33.1946,33.4325,33.1234,31.3357,34.6071,32.4923,30.1018,32.9418,33.2832,27.5604,32.7387,28.9501,25.1841,30.5239,34.8267,34.3488,32.6642,29.5678,29.091,33.647,28.9912,30.6993,35.2492,34.2127,30.9959,26.8183,32.4861,31.7089,50.49,0
2026-01-03 01:00:00,27.1934,32.1708,33.1572,31.541,33.2481,33.011,32.31,33.3701,27.5344,29.3306,26.5643,28.4231,31.5737,31.3213,30.5529,31.4138,33.9491,30.7618,30.6169,33.4283,30.5422,31.2547,33.0455,32.9837,33.7661,32.032,31.9488,34.2832,32.7393,32.4695,32.6772,28.7552,34.257,33.4095,25.8165,30.8282,33.1606,26.8195,31.4783,31.0094,33.1915,33.0378,29.4837,32.0618,29.5513,33.2325,31.5997,29.1701,32.9488,33.8213,52.95,0
2026-01-03 02:00:00,30.0817,32.5099,33.0698,33.0994,33.1137,33.3586,33.4617,32.7661,27.7152,30.4582,23.9437,30.8366,29.6519,33.5136,32.4504,33.1852,33.8406,27.1632,31.7716,31.562,33.5334,34.3002,30.5177,32.6856,33.4745,32.6158,32.9299,31.7776,31.8338,30.406,32.9608,32.6037,33.1987,32.9703,20.9945,33.2794,32.4372,28.3665,29.5232,32.7623,33.3489,32.3818,32.9605,32.285,30.5948,34.5098,32.3536,31.3906,33.2575,30.1209,71.25,0
2026-01-03 03:00:00,31.1817,33.3838,32.292,33.4074,32.762,32.8509,32.2678,31.1124,24.8414,31.9538,23.601,32.3871,28.9277,32.8689,32.4268,33.5951,32.2914,24.4461,29.6017,34.4116,34.2199,32.9647,31.7078,30.7632,31.1534,34.0387,29.233,33.8909,32.4148,30.1755,31.5405,32.7577,33.8991,33.1163,17.9528,35.6967,31.3683,26.131,24.7325,32.1749,31.38,31.5817,32.8154,36.6254,28.7053,30.4452,33.1812,33.5765,31.0311,28.4928,70.17,0
2026-01-03 04:00:00,32.0644,33.1768,30.8308,33.4475,31.8413,30.5235,31.0252,30.592,22.6579,32.3118,21.1822,32.9052,27.1576,31.2444,32.3507,32.9838,31.2473,24.3083,24.8029,34.9504,33.5422,31.4288,29.732,31.2801,30.5796,33.3195,27.2807,32.2259,34.6552,30.1321,28.2858,31.782,32.5791,33.55,19.4878,33.198,28.3718,23.3023,27.238,33.6162,32.5824,29.5326,34.4823,32.7468,25.1823,31.5435,32.6165,33.781,31.532,31.7638,71.52,1
2026-01-03 05:00:00,33.2641,31.7756,29.572,32.2015,30.4282,28.0059,29.7362,28.6065,20.9909,33.0682,19.4274,32.3446,23.6836,28.4296,32.3018,30.7391,30.3478,21.8157,23.6938,31.7712,31.9093,30.7836,29.6805,27.8328,30.7116,33.8612,26.3845,31.6493,34.0717,25.9418,26.0086,35.3543,30.9963,31.3037,15.9674,32.774,27.8257,23.3325,25.6798,35.5692,30.9799,26.5825,34.2485,33.5064,22.968,26.6899,33.0173,33.3763,30.1388,29.4059,74.49,0
2026-01-03 06:00:00,33.4708,30.6071,27.5125,31.6517,28.9081,27.1043,28.8248,27.2382,18.963,32.2294,18.794,32.7752,21.9094,27.7271,30.3645,30.3158,28.1483,21.048,22.7882,31.6814,32.9589,29.8746,27.098,25.0144,26.0626,30.542,23.6378,29.2476,32.1647,24.5956,24.7592,34.1884,28.7562,32.5162,17.4142,32.5992,26.7854,19.9067,18.3145,32.7171,29.5669,23.6496,31.9464,31.9411,21.2208,26.938,29.6352,31.9261,28.1616,26.3137,69.43,0
2026-01-03 07:00:00,32.8676,29.7774,24.4848,29.5347,26.615,23.9551,25.9786,23.9027,18.151,32.0479,15.7915,32.2895,21.1623,25.4,31.8309,28.4475,26.9933,19.4111,19.3659,28.7021,27.9055,24.878,24.6118,24.0968,26.2826,32.499,21.1651,31.1011,29.0941,21.3237,23.3629,30.9068,26.5089,30.3501,19.1214,31.695,22.1108,20.6943,19.88,32.0304,31.0299,22.3738,30.5291,26.715,20.8673,26.2725,25.2411,31.5844,26.3976,24.4406,69.35,0
2026-01-03 08:00:00,30.893,26.0307,23.5898,28.6436,25.3227,21.0342,24.2199,22.6266,16.876,31.8307,17.5464,31.2626,18.3849,23.6766,27.2993,28.6315,24.858,17.6749,18.8876,26.7333,27.4659,24.8265,25.6853,23.0289,23.7952,28.7333,22.7438,25.87,27.1901,21.2412,20.9946,29.3017,25.0901,27.4569,18.8351,31.0976,23.3024,16.7155,20.7301,30.6243,26.0962,19.5262,29.5546,28.5373,20.6455,24.5344,24.4061,32.5685,22.128,20.077,76.94,0
2026-01-03 09:00:00,29.6839,23.9158,21.6564,26.8084,22.2784,19.8246,22.2713,19.6709,17.9588,29.5337,16.6002,29.6912,17.0801,22.5649,26.939,25.2405,22.6399,15.9774,18.2757,26.1598,27.1473,22.7159,22.2187,20.8686,22.7641,25.4005,18.7043,25.2595,27.6525,18.1056,18.4312,28.01,22.593,25.6701,19.1465,29.0986,19.9367,14.9904,18.7743,28.5351,24.2689,19.9104,28.1696,25.9694,18.7833,21.9996,22.6399,31.9663,20.6936,20.5988,74.22,0
2026-01-03 10:00:00,28.2028,22.9049,19.0521,24.3739,21.4446,18.928,19.1922,19.3475,17.3736,27.4539,18.4748,28.1156,16.3638,19.5218,24.1373,22.8465,18.2096,16.2372,17.1307,24.2933,23.6444,22.1963,20.5821,18.3528,20.5651,25.2457,20.4447,21.1706,25.5092,17.3769,17.2023,26.3785,22.0844,23.3843,20.6299,25.9069,19.1532,16.5257,18.7048,28.352,26.5454,17.1475,26.5808,23.5089,15.6765,22.1422,20.6557,28.4874,19.8823,19.2825,53.64,0
2026-01-03 11:00:00,26.5178,21.6982,18.199,21.8193,19.6025,18.0245,17.9522,18.3915,18.0696,24.2605,19.6433,26.5156,17.4202,18.4816,22.3066,20.6922,18.9564,16.3305,17.6982,21.4171,23.4523,19.9976,20.4142,19.5671,18.0656,23.7708,16.3653,20.416,22.0607,17.9111,16.1227,25.6098,21.4411,23.2773,24.4697,21.0353,15.1034,18.7865,16.0268,24.0219,21.364,16.4121,24.6525,20.8407,19.7793,18.7634,16.2702,23.4035,17.7174,17.4011,58.35,0
2026-01-03 12:00:00,23.6731,18.9218,17.7256,20.0987,18.3764,16.3858,18.0041,16.1823,19.0403,23.5097,22.0891,24.1923,17.8242,16.8081,22.1949,19.3951,17.7056,18.8234,17.0873,19.1344,18.8109,18.8267,18.2739,17.2301,17.0453,19.5667,15.5179,20.2752,22.8684,16.3047,17.6028,23.4619,18.8995,20.4973,23.5505,19.7284,17.6869,20.423,19.8528,23.9742,21.0793,18.8587,22.0181,22.9749,20.1045,15.3575,21.1699,24.8589,15.9471,17.2282,55.53,1
2026-01-03 13:00:00,21.8117,18.8164,16.9147,19.7777,17.0997,16.52,16.7087,16.2087,21.561,21.6415,23.7601,21.9144,18.0199,17.8654,19.6106,18.8467,17.3888,19.8877,16.7065,18.0158,17.7382,16.9654,16.4939,15.6401,16.7678,18.6083,19.0762,18.402,19.3819,18.4616,18.6435,22.2697,16.6833,19.2775,28.0304,21.0044,16.1914,19.4761,20.5649,21.7371,20.3063,16.3463,19.379,17.5013,19.3321,14.2411,14.8134,20.437,16.767,15.9695,42.16,0
2026-01-03 14:00:00,19.5302,17.2438,17.8669,17.4697,18.9043,17.6369,17.7859,16.6224,23.4675,19.6954,26.6508,18.8299,19.9434,17.9037,17.4222,15.9354,16.6047,22.133,20.9735,18.5341,17.2715,17.8724,16.6571,18.4556,17.9493,19.0232,17.93,16.4127,16.6745,20.2322,19.8305,19.407,18.3488,17.8253,31.6999,17.7558,17.6638,23.1786,23.0255,19.1424,18.9033,18.656,18.1013,17.7601,20.3952,16.2982,16.6892,19.3885,20.323,15.7245,43.58,0
2026-01-03 15:00:00,18.015,16.6653,19.3531,17.7274,18.0642,19.3219,18.2002,18.2637,25.6858,18.3702,27.2968,19.287,22.8539,18.2644,16.942,17.3569,16.6571,24.4694,22.7424,18.0604,17.6521,17.1915,19.2378,18.7961,15.6834,17.9583,20.2319,16.5668,17.0628,20.7701,21.7895,18.173,17.8505,17.3681,31.4343,18.9656,17.267,25.0019,22.7005,17.5938,17.6526,21.8484,18.6439,16.7965,21.9586,17.0557,18.5658,16.4214,17.7151,19.2215,35.39,0
2026-01-03 16:00:00,18.0255,16.8837,18.8297,17.3002,17.2233,20.9572,19.0241,18.8184,26.7823,17.3039,30.1103,18.1212,22.9415,18.4945,16.548,17.0318,19.1955,28.0436,26.0874,17.893,17.1132,18.4667,17.6089,20.3465,19.2552,16.8658,20.4335,17.9544,17.398,23.3835,23.9784,17.7751,18.7639,19.7548,31.8422,18.3921,19.6492,26.9144,24.7475,17.4893,17.5233,22.8147,16.6064,16.0933,26.8056,19.7711,19.1058,17.8041,19.0082,18.5535,30.15,0
2026-01-03 17:00:00,17.7789,18.6623,20.1296,17.4362,19.3143,22.4977,21.1546,22.3747,28.2887,17.5635,31.2807,16.9511,24.2862,20.4009,17.4175,18.6026,19.9781,28.9184,24.0322,17.5684,17.4546,20.484,21.1713,23.1082,19.7474,17.5355,23.7944,18.7329,18.0566,23.0411,22.8066,18.6314,18.7593,17.8119,32.8211,17.398,22.3891,30.8648,27.9816,18.9805,18.9355,24.8174,18.3474,19.1862,24.754,20.5726,17.2731,16.4025,21.1053,22.8999,24.87,0
2026-01-03 18:00:00,17.0479,19.1886,22.9877,17.8816,20.415,23.9374,21.7095,23.7237,31.4079,18.3388,31.1387,17.3319,28.1603,21.411,18.4081,20.1804,22.5655,30.2684,28.6732,18.0458,20.2997,21.7612,21.0946,24.0053,22.6702,17.4997,24.4976,18.7753,20.3854,27.0478,26.8934,15.4366,22.2571,19.6869,32.8018,17.3846,24.2955,30.0886,29.5371,19.3576,19.0746,25.6706,19.0237,19.8162,30.8779,21.924,22.677,20.0109,24.7173,24.739,25.37,1
2026-01-03 19:00:00,18.1589,21.4508,25.2872,20.2507,22.0677,27.618,24.1766,25.9148,33.1961,18.3724,32.3166,18.061,29.5934,24.3604,21.0736,20.6156,23.5361,30.3081,28.1269,21.7166,21.8976,23.9573,25.348,26.0692,24.8632,19.1968,27.8945,21.5294,19.503,28.0624,28.9507,18.0767,24.1329,23.454,32.4174,19.4291,27.8227,30.7127,31.3662,19.9917,21.8481,27.7573,21.4298,20.0186,30.4,24.5201,24.3291,22.6838,26.4986,27.8698,24.06,0
2026-01-03 20:00:00,18.8794,24.2325,26.8297,21.9824,23.9311,27.8623,25.4756,26.5249,32.2098,18.716,32.9966,18.8764,30.6917,27.5363,19.6938,21.9962,27.3803,32.6835,32.9353,23.853,21.9587,26.9814,28.1476,27.1435,24.9477,20.2739,29.3439,23.7751,20.9245,30.7775,30.1825,21.1235,24.6659,24.4779,32.6284,21.5206,26.4134,32.9937,32.0813,20.2762,22.4572,30.549,20.2343,21.2653,32.7463,26.9511,24.5874,20.3812,29.0896,28.8466,29.54,1
2026-01-03 21:00:00,19.8408,25.2945,29.7174,24.9912,27.0752,31.0846,29.455,30.3122,34.1777,20.4143,33.4882,19.4993,32.8663,29.2479,23.1374,24.9428,29.055,33.9182,32.9284,23.9386,22.7991,27.4574,29.5296,29.6603,28.384,23.6266,31.6329,26.6235,25.0419,33.5413,30.8093,21.3401,27.8017,25.4186,32.1076,21.5055,30.4445,33.1884,33.071,22.2271,24.6568,30.1536,22.304,25.2901,28.4072,28.1977,26.982,22.8461,33.6837,34.7304,33.33,0
2026-01-03 22:00:00,22.1787,28.2226,29.8349,25.5335,28.3679,32.1304,30.9997,31.4749,32.9344,23.4717,32.0887,21.8552,33.6558,30.7625,24.988,28.3207,30.2809,33.4529,32.2747,26.3589,24.4786,28.7048,31.8232,31.8923,30.5408,26.7646,33.1863,29.1383,25.9369,29.5257,34.3919,22.8489,30.2268,25.2772,31.629,26.3965,31.8174,34.4847,32.5719,24.9908,29.4252,33.0712,21.6463,27.2641,31.0408,31.1304,27.6256,23.698,32.744,31.232,35.76,0
2026-01-03 23:00:00,24.8109,28.7404,32.2753,29.3853,31.0648,33.4115,31.2657,31.7776,31.8606,24.358,29.5302,24.0667,31.4509,33.1213,28.0684,29.8819,31.3406,31.6337,33.8746,27.1861,28.692,30.406,34.0849,32.1149,31.9005,27.8407,33.4364,30.6328,31.1168,32.6258,32.6465,24.3279,30.147,31.5924,25.4599,28.201,32.361,32.7698,32.9158,25.9628,28.2998,35.0065,25.6028,28.4794,32.3536,33.7336,31.0722,26.4166,34.0475,33.3557,35.74,0
2026-01-04 00:00:00,26.0811,30.6932,32.3839,30.0909,32.4182,32.7731,32.6126,31.906,30.2586,27.2483,28.5286,25.365,32.201,33.0635,29.5204,30.5452,33.2933,31.1303,32.2343,30.7686,30.8641,31.3708,32.8648,31.5891,32.6736,31.0993,33.7688,31.8255,31.318,30.7461,30.8408,28.3653,31.9696,30.4765,22.8294,29.5241,32.2744,31.9951,30.1963,29.3993,30.717,34.744,27.585,32.4646,31.279,32.3139,32.4507,27.4264,37.6495,32.4355,49.22,0
2026-01-04 01:00:00,28.9278,31.4009,33.998,31.5786,33.5232,32.8476,33.846,33.0356,27.8815,28.8053,28.1029,27.9668,33.5121,32.7163,31.3578,31.6066,33.4621,30.0112,32.0076,33.5939,31.766,34.6201,35.9754,33.8567,32.0473,30.8328,32.7568,32.9764,31.1945,31.3306,32.7698,28.7345,33.0789,32.2215,25.638,31.216,34.7089,29.8072,31.2711,30.3546,32.6633,33.376,31.3434,34.1137,32.3917,33.6761,32.3934,30.6076,34.3093,34.97,52.4,0
2026-01-04 02:00:00,28.5549,32.8931,33.9178,32.0737,32.5438,32.3218,32.9551,32.3958,27.5356,29.9687,24.6473,31.3561,30.7988,32.4161,32.4218,32.4684,33.3478,27.7689,30.5031,33.5709,32.6505,33.8711,33.2165,33.3499,32.1292,31.0811,31.474,33.73,34.0975,31.0818,31.4294,30.4069,32.1185,34.2452,21.795,34.0279,35.2789,25.4599,29.1909,33.0042,33.7019,31.7526,34.5344,32.2723,30.1339,36.2757,34.4804,32.2918,32.6279,33.1635,58.02,0
2026-01-04 03:00:00,31.8133,33.4343,31.6104,33.1562,33.1522,30.8522,32.1595,31.5228,24.2581,32.5925,22.2874,32.2268,29.1198,32.0461,32.1861,32.1361,33.4974,25.5635,30.0885,35.199,32.4751,33.8652,33.1291,32.3077,31.2119,34.394,31.0229,34.3339,34.0959,31.0456,32.2947,33.8212,33.7659,33.1712,20.1549,32.2423,29.5156,26.5451,25.2566,30.9539,33.8752,29.8124,33.8408,36.377,30.5135,32.9334,33.9416,33.2769,31.8647,29.2835,64.92,0
2026-01-04 04:00:00,32.4657,32.6687,30.4925,33.2641,32.5262,29.7334,32.159,29.9804,22.199,33.3262,21.0112,32.0464,27.5132,30.6599,34.1589,33.5716,32.7888,22.1627,28.1567,32.801,33.7755,32.7827,30.3646,29.2343,32.0401,33.667,28.6713,34.6654,33.9695,29.1613,28.952,31.9071,33.7669,33.5075,19.2911,33.0201,28.9753,25.7224,26.4895,32.613,31.7344,28.1262,34.861,33.095,26.468,32.9048,37.468,34.5728,32.5254,29.2434,74.96,0
2026-01-04 05:00:00,32.7945,32.3876,29.6494,33.0084,30.6594,28.711,30.226,29.2007,21.5102,32.179,19.6463,32.6346,24.5514,30.141,33.5417,32.9229,29.0732,21.3468,23.95,31.3814,34.1356,30.3901,30.8533,28.3111,29.8462,34.0782,26.7293,30.881,32.5916,27.1055,26.0459,35.2698,31.2529,32.6416,17.5917,33.3051,27.0391,22.9735,21.7013,33.0411,32.9592,24.8685,32.4656,32.5531,22.7706,29.063,30.4254,33.0562,27.3932,28.4602,69.7,0
2026-01-04 06:00:00,32.9864,29.9608,27.0377,30.8672,28.8772,24.8853,28.5226,25.0399,17.9532,33.2163,17.6197,33.888,23.1033,27.8257,32.8229,30.5417,27.4433,20.4413,23.3751,32.8205,29.472,30.3796,28.3736,26.5502,28.0694,31.506,25.1381,30.0304,32.1153,24.782,24.0841,33.3673,30.2445,30.9595,19.8326,31.7662,25.9072,18.5544,22.4362,33.5394,31.9342,23.1731,31.1863,32.8385,23.4541,29.4894,32.109,37.0775,24.4029,24.8202,71.45,0
2026-01-04 07:00:00,31.3538,28.7635,25.1645,30.7854,28.4111,23.1975,25.8753,25.6192,16.9966,32.3372,17.6518,33.1711,21.1851,25.1891,31.8194,28.7931,25.6589,19.5371,20.9156,30.1066,29.9349,26.2263,26.7196,24.8136,24.3846,32.0511,21.6116,29.8198,27.8993,20.6912,22.0628,32.4383,29.6019,30.221,18.2439,31.0853,25.7325,18.6044,19.8038,31.5338,31.5724,19.9472,31.3744,30.8458,19.4158,24.6314,27.1161,31.247,23.9946,25.4347,76.98,1
2026-01-04 08:00:00,31.2191,26.3871,23.1293,28.3788,25.5248,21.1464,23.2239,23.2826,17.3022,31.4369,16.9302,31.1475,19.4993,23.1429,29.4776,26.7035,22.9668,17.8489,17.8363,27.3141,27.2858,26.6876,23.2925,22.8251,23.9736,27.5634,22.3166,25.7067,29.7759,21.2693,22.9832,31.4951,25.4653,27.1791,17.8399,27.6932,22.8379,17.7258,19.5484,33.4332,29.189,21.3718,29.325,28.5959,18.0348,24.5588,27.0712,29.8336,24.3787,20.4801,68.59,0
2026-01-04 09:00:00,30.0344,24.7852,20.0965,26.5094,23.6908,19.8144,22.4408,20.8805,17.3277,29.326,18.1058,30.3767,17.7099,21.9596,28.3949,24.8386,22.1586,18.2017,17.3636,27.7745,24.7822,22.8663,20.1089,19.0368,22.6483,26.3756,19.0228,23.3064,22.6233,18.2037,19.7952,29.5616,24.2753,24.5387,19.1537,27.2435,20.2268,18.256,17.8731,27.246,27.7687,18.7454,27.1586,23.8911,17.9318,23.2961,20.49,25.3785,22.1677,20.464,63.17,0
2026-01-04 10:00:00,28.8031,22.8097,19.4838,23.9408,20.8568,18.3957,21.0265,19.0616,17.8164,28.289,18.6462,27.0561,17.4424,20.5056,25.442,22.5375,20.9035,17.272,19.4251,23.4597,23.0294,22.5591,20.1025,20.644,18.4067,25.0016,18.2781,21.9653,23.7733,18.4442,16.4361,27.0242,21.2267,24.4415,21.0191,25.5021,19.0182,17.7991,18.2899,28.1631,22.7741,20.399,26.5955,22.2506,19.8844,22.2811,21.5125,28.1777,19.4767,18.8269,65.74,0
2026-01-04 11:00:00,25.745,20.9696,17.8035,21.5101,18.9127,18.0153,18.7772,18.6924,18.1605,25.1357,20.2588,25.739,16.7576,16.9582,22.8989,21.0871,18.899,17.1726,17.615,20.9995,22.4169,18.3206,16.763,16.7412,18.2942,22.0768,17.4616,20.8758,20.5221,16.4522,17.2169,25.9578,19.4682,23.3172,22.1588,22.6663,17.6262,14.4216,19.291,26.3561,20.8046,16.8816,22.6064,20.6787,19.3227,18.9718,21.1784,20.8157,20.1249,19.708,55.95,0
2026-01-04 12:00:00,23.5059,18.4924,17.0788,20.275,17.9666,17.1284,18.7363,17.2567,21.4259,22.9622,21.11,22.4,17.6511,17.4048,21.1485,20.2063,17.4164,18.6067,18.6533,20.7738,20.6584,17.7391,17.2731,15.8009,16.2844,20.9482,18.0818,18.756,19.9143,17.3161,17.4837,22.9378,19.1915,19.2483,27.1819,23.2198,18.472,18.016,21.4376,23.3782,20.8084,17.7431,23.3576,20.6777,20.0424,17.5785,19.4435,22.4605,18.7581,17.2953,50.26,0
2026-01-04 13:00:00,21.6513,17.4115,17.8524,18.8546,17.3585,17.4098,16.7579,16.9412,21.2593,20.5341,23.0485,21.256,17.7038,17.2739,19.4908,18.8549,18.2619,20.9554,18.5709,17.6298,20.1889,15.964,17.5095,14.5392,16.9704,20.4663,18.1941,18.5376,18.9224,18.0315,16.8293,22.0481,18.1634,18.1521,27.3892,20.4988,18.6998,20.3753,21.7903,20.4866,20.481,19.2989,19.9343,18.4981,22.6008,15.6903,15.2571,20.0139,18.2157,18.8636,42.63,0
2026-01-04 14:00:00,20.5855,16.8194,16.5744,16.8856,16.4397,18.1195,16.4626,18.2614,23.2193,18.8939,26.4071,19.8294,19.3907,17.8391,17.839,16.8123,17.4244,22.1299,19.7101,18.7323,17.8528,18.3108,19.8837,18.6538,16.5684,18.4762,18.7419,17.2217,16.6938,19.5761,17.1346,22.5257,18.1326,17.8855,27.803,18.5343,18.9809,21.8549,22.7572,19.3566,17.7809,20.1321,19.0098,17.6793,22.8863,17.7867,17.1104,17.4754,18.0743,18.717,39.19,0
2026-01-04 15:00:00,18.812,16.912,18.4968,17.5945,17.2623,19.1667,17.5664,19.7946,24.9158,17.5431,27.717,17.2102,21.5308,18.2396,18.7791,17.3567,18.1261,23.8396,21.9837,16.2952,15.7346,17.9736,18.7094,20.4467,18.4666,17.3046,21.7023,17.071,14.4801,19.7878,21.2906,19.3508,17.7265,17.5115,31.4085,17.1077,16.6351,24.4557,22.456,19.3504,16.6421,21.1136,18.2468,17.2852,21.6904,19.7996,19.9323,18.5499,20.3378,17.3987,35.06,1
2026-01-04 16:00:00,17.3315,17.4737,19.1256,17.6977,16.9769,21.0065,18.539,19.132,27.6012,17.5949,29.849,18.0022,23.0166,19.6896,17.4575,18.0394,19.8441,25.1436,23.7261,17.6211,17.1824,20.5526,19.8119,19.8954,19.3671,18.6696,18.62,16.1247,17.7318,23.2757,21.5433,17.5598,18.8616,15.3464,33.9947,15.6516,20.9072,26.2066,23.1829,15.6138,15.6227,25.2402,17.0281,19.0778,26.2353,20.8931,19.9266,20.4105,21.4969,23.8871,27.86,0
2026-01-04 17:00:00,17.3446,18.7128,20.7583,17.2228,18.5226,22.3583,20.5108,21.7773,29.8317,16.9605,30.9873,17.7509,25.4377,20.8051,17.5882,17.5428,20.2419,27.7228,24.7365,18.2806,16.7143,19.5776,21.2775,20.6006,22.022,18.4164,25.2345,19.498,20.3327,23.1376,25.8693,17.7673,21.4259,17.8757,34.4262,16.9354,22.5087,28.5137,28.1533,16.809,18.8692,24.0353,19.4787,19.3713,29.8377,21.512,20.9607,18.8067,21.7068,23.9938,19.86,0
2026-01-04 18:00:00,17.1398,19.2328,23.2722,18.0844,21.2024,25.4996,21.2947,22.7509,31.837,17.6324,33.0072,18.1061,27.7419,22.2668,18.6405,19.7051,23.8814,29.9376,27.2056,19.3323,17.9667,23.0258,21.9825,25.2143,22.5253,18.8711,26.9892,20.9278,18.7721,28.5455,26.5733,17.3576,22.3039,21.6826,32.6066,18.6162,26.0098,31.5963,29.264,17.4189,19.3863,28.0137,16.2056,18.8046,27.3941,23.986,24.5147,17.0809,25.2931,22.9513,26.19,0
2026-01-04 19:00:00,18.1447,20.5504,25.0856,19.9683,23.0587,28.1409,24.6649,25.8825,31.2099,17.3346,32.5844,19.7879,30.035,25.5703,22.0011,22.2452,23.7916,31.226,30.5584,19.4563,21.1234,23.8232,25.4276,25.1777,24.9573,20.227,26.1702,21.8472,21.688,27.8575,28.0516,18.2876,23.3488,22.8067,32.0079,19.6925,27.1705,33.5131,30.8563,19.8199,20.5222,28.7012,21.2611,20.4618,31.1905,27.9047,20.4767,22.067,25.2122,24.8895,24.49,0
2026-01-04 20:00:00,18.3303,24.5496,27.2905,21.9594,24.5201,28.9889,27.1365,27.0921,32.7764,18.8372,33.0509,19.5568,32.0048,27.6755,20.3815,22.9822,27.9372,31.8948,31.1307,22.2809,22.6026,25.7471,27.5185,29.0747,26.1524,21.7093,30.9113,24.1999,24.1033,28.3204,27.6827,19.621,25.5972,25.0592,34.34,20.5025,29.5683,32.849,32.7457,21.9643,24.158,30.7945,20.5884,21.5203,31.0326,28.5825,24.4688,19.5057,28.5882,30.3408,31.78,1
2026-01-04 21:00:00,20.0099,24.8572,29.4578,23.8062,26.2252,30.4425,27.8885,30.2903,33.4367,20.4702,33.2973,20.7935,32.0703,29.5037,22.5493,23.6018,27.4634,34.5712,32.5978,25.7273,24.9967,27.6165,28.4235,29.3693,27.6079,24.946,32.6023,26.2887,22.4554,31.8421,33.2301,21.9327,26.7537,25.836,29.4832,25.3762,30.0421,34.2829,34.3328,24.9059,24.8985,32.6461,24.1706,24.2789,33.5571,29.2363,27.1757,23.9382,30.7243,31.7033,28.74,0
2026-01-04 22:00:00,21.7909,27.9727,30.411,26.0131,28.1803,32.0836,30.558,31.0121,33.1766,24.5219,32.6434,21.5439,34.0847,31.3412,24.196,25.2653,30.5343,33.7052,33.3952,26.4002,26.2187,28.9737,29.8754,31.318,31.3201,27.0758,33.2279,29.291,26.1067,32.4762,33.2268,24.347,28.8965,26.5672,30.2813,26.7451,33.2532,34.0263,32.7858,21.9132,27.1065,33.1001,25.2374,28.6317,35.2929,31.2554,28.0766,21.8025,31.2292,32.8828,36.24,0
2026-01-04 23:00:00,23.2541,29.4212,31.5565,28.1988,30.2802,31.9591,30.61,32.2906,31.9059,24.9566,30.0377,25.0756,33.8946,31.2617,27.1852,29.5156,31.0481,34.4922,33.5396,27.5507,29.2832,31.6982,31.8284,33.1,33.1559,29.5072,31.6723,30.2696,27.237,32.4188,32.9278,27.7892,31.3902,29.4719,27.2656,26.955,34.6068,34.6383,34.2795,25.0947,30.2859,33.4515,28.2142,30.1241,35.3647,33.5318,31.0767,26.0945,33.1108,31.5105,37.6,1
2026-01-05 00:00:00,26.2577,31.1252,32.1275,29.0937,32.2286,33.1844,33.0814,34.0322,30.9338,27.1011,30.0846,27.2832,33.1321,32.4862,29.493,31.0062,33.5858,30.1456,33.806,29.9676,29.9643,32.7146,33.157,33.6413,33.6015,30.5033,34.1177,30.1621,29.5447,34.8664,32.4235,28.2037,32.2976,31.6025,27.4728,30.1534,31.5374,32.674,32.2175,28.0258,33.7475,31.6559,28.8964,31.1867,32.4787,34.2633,34.1866,26.7464,34.5133,32.6295,53.13,0
2026-01-05 01:00:00,28.2539,32.1679,32.5849,30.6486,33.2758,32.5067,33.6744,32.6341,28.3089,29.033,26.9196,27.8352,31.9196,34.096,30.5733,32.3452,32.7987,30.2895,30.8525,30.6733,32.8195,31.7189,32.9329,33.419,33.4995,31.0405,34.0258,34.7266,33.7162,33.6352,34.6624,28.1609,34.0384,31.8702,22.5564,32.7092,31.883,32.924,30.8173,31.0405,31.6724,33.9092,31.1521,30.6419,32.436,36.9477,33.4413,33.3784,32.1789,35.5609,61.37,0
2026-01-05 02:00:00,29.9238,32.6539,34.4655,30.8547,32.7774,32.6278,33.6299,33.1877,27.9593,31.8462,23.8603,30.382,30.65,33.296,31.774,33.3923,33.4597,27.8182,30.8997,30.8382,33.1169,30.9836,32.0956,34.2082,32.3238,33.0434,31.4398,34.7027,33.1453,32.233,30.628,29.6325,34.9939,31.1289,20.9108,32.8612,33.8333,29.371,31.4136,32.8399,32.0563,29.8019,33.7416,33.077,27.7839,35.8647,30.5653,30.8866,33.6764,33.9949,60.55,1
2026-01-05 03:00:00,31.268,33.2716,32.7487,33.5364,32.1949,30.7213,32.5978,31.4172,25.4965,30.9206,22.8328,31.9234,29.5601,32.3267,33.1057,32.0511,32.143,26.1832,29.2942,33.1294,33.1089,32.6527,32.5877,33.3979,33.8316,32.7466,31.1009,33.4845,34.2751,29.1688,29.9253,32.3181,33.2676,34.6189,20.9041,33.0774,31.5754,24.4293,27.2559,31.4203,32.3472,31.814,33.3534,33.1404,25.5381,31.314,34.6271,31.5421,35.7869,31.0059,66.9,0
2026-01-05 04:00:00,31.6884,32.3992,30.0556,33.0146,32.3275,29.404,29.7369,31.2676,21.8508,32.8296,20.4254,33.2048,27.6038,30.8706,32.8483,32.3306,32.4459,25.673,27.5032,33.3224,33.4521,33.1252,31.5606,31.9939,32.1656,33.5619,28.5279,33.1483,33.3538,27.8098,29.1657,34.3691,30.3822,32.8634,19.7843,31.3868,31.545,26.079,24.8786,34.0517,34.1785,28.0918,35.4946,33.4388,27.497,30.6171,33.0074,34.354,29.9345,32.7642,68.41,0
2026-01-05 05:00:00,32.7353,32.3628,28.4395,33.0885,30.4698,26.5954,29.7932,29.9359,20.1406,32.0321,19.4532,33.8256,25.605,30.4427,33.2111,32.5405,29.6425,20.5836,23.3082,33.2673,32.6593,30.8734,29.5073,28.2549,32.0867,34.3683,27.8344,32.3308,31.5323,25.6966,28.1367,33.3011,33.9116,33.4407,19.5875,33.291,28.7325,23.5493,23.5864,30.3063,31.4699,27.2901,34.0842,34.1819,19.6239,31.7334,28.7738,33.4159,30.9664,31.8938,71.3,0
2026-01-05 06:00:00,32.7645,30.6803,27.5363,30.7907,29.0493,24.9859,28.0329,26.6148,18.5578,31.2535,17.9613,32.6293,22.5813,26.172,33.0419,31.5266,29.8077,19.8048,22.7442,31.9673,33.064,27.711,26.9252,26.5154,27.0668,33.1584,24.5065,29.8007,32.5096,22.2763,24.1864,33.0832,29.2255,29.659,18.1701,31.6939,27.2636,21.7474,23.3708,33.5428,31.2851,21.1742,31.9912,33.5179,20.9593,26.9105,29.4914,36.4771,27.3385,26.1875,77.77,0
2026-01-05 07:00:00,31.9741,28.9736,25.5084,29.9996,28.2605,23.849,25.8111,23.2593,18.5297,31.6286,17.3874,32.4768,21.1131,25.7238,31.4098,29.0571,25.5458,18.2132,22.1896,30.5852,30.316,25.2964,25.9701,25.6777,27.0527,31.4564,22.1909,30.0425,31.6393,22.585,21.5973,33.5643,28.338,29.1855,18.2132,30.6602,23.3968,17.5304,19.4784,32.1485,29.8552,22.0871,31.3931,33.9181,21.1919,26.196,26.0322,32.8427,27.1567,23.8165,72.13,0
2026-01-05 08:00:00,31.2535,26.4061,23.4345,28.3098,25.9045,21.1065,24.4294,22.2017,16.4769,31.1793,16.5547,31.5684,20.1628,23.3667,29.9083,26.1657,23.1665,17.3653,19.0683,28.1609,28.2611,25.9695,23.1493,21.6779,24.6564,28.7426,20.897,27.9447,28.8123,20.8861,20.5046,31.2673,26.9113,28.5212,19.7761,29.3688,22.7531,19.5703,18.9867,30.6296,30.4317,20.3958,31.5533,27.488,19.2525,26.1954,26.0853,31.0891,22.2908,25.0577,73.55,0
2026-01-05 09:00:00,30.0628,24.4703,21.0407,25.8468,23.4241,20.5565,22.0495,22.379,16.9392,28.6909,18.3448,29.4209,17.5326,20.4902,28.1389,25.5507,23.0786,15.5474,18.4778,28.0842,26.018,21.2842,20.2647,20.0963,21.7727,27.6865,17.9949,24.7001,26.9786,19.2037,20.1758,30.8452,25.6239,26.7604,18.0789,27.5829,20.9906,18.9543,17.6651,28.4811,27.9157,17.9882,26.8157,28.4079,14.1383,22.3938,23.6957,30.2955,21.4956,23.4461,67.62,0
2026-01-05 10:00:00,29.0194,21.9042,19.4333,23.184,20.607,17.9124,19.9476,18.7979,17.8321,27.6073,17.7357,27.359,17.1217,21.0341,25.4262,23.2463,19.9705,18.5171,18.1321,23.3279,24.9288,21.6795,20.7474,19.0728,21.7125,24.0363,18.113,23.4703,23.0333,18.3219,19.4011,26.0388,24.1148,24.8227,20.2759,25.3336,18.2918,16.0067,17.5886,26.8811,22.234,19.1869,27.5491,24.4407,18.5336,21.6711,20.2422,26.9381,23.1818,21.9179,65.5,0
2026-01-05 11:00:00,26.1093,20.4725,18.3854,23.0771,19.7912,17.8415,18.2721,19.1785,18.3568,25.3389,19.1575,26.1461,17.2689,16.3535,23.0073,20.4107,18.9789,19.1391,16.4737,21.802,22.8029,19.9298,18.8236,18.0026,19.3321,21.1685,17.9926,22.0159,23.125,16.3361,16.0746,26.237,19.8709,21.895,21.6873,22.096,19.412,19.2613,17.5531,25.3351,24.3754,17.0146,23.894,21.6414,16.8256,19.2919,21.0482,25.5312,18.4823,19.0298,54.9,0
2026-01-05 12:00:00,24.0642,18.5188,17.415,21.0604,18.9658,16.6591,17.387,16.9164,19.9174,23.0954,21.9652,23.4076,18.3771,17.689,20.596,17.999,17.6625,19.5868,19.4633,21.8052,20.118,19.7693,17.5734,17.2148,17.018,21.0976,18.4158,19.6158,22.0251,16.6508,17.763,21.5995,20.3071,20.4882,22.0718,19.6514,15.354,19.8338,18.4356,25.0494,18.9341,16.8627,20.6518,23.8384,18.9639,18.0452,17.7271,21.9286,18.9914,17.1077,54.34,1
2026-01-05 13:00:00,21.8775,18.609,15.8132,18.5404,17.2276,17.4851,17.9542,16.7406,20.7255,22.1419,24.8379,20.6878,19.3394,17.6708,19.2569,18.827,16.2811,19.4473,19.2731,18.5305,17.8663,16.9674,15.91,16.594,17.3725,18.9149,18.2084,17.1653,19.5555,17.878,16.5875,21.9923,18.2452,19.3695,28.3912,21.1143,18.0387,20.9971,22.7419,19.3862,19.3614,18.1799,20.9316,21.8202,19.1626,15.2235,20.2392,20.3962,18.7827,19.2028,51.03,0
2026-01-05 14:00:00,19.1158,17.235,17.1614,18.001,17.9089,16.9449,16.7425,18.0561,23.8168,19.1705,25.5166,20.8727,19.8682,16.7071,17.8957,17.0577,17.3098,22.6713,20.7185,17.793,17.099,18.3021,16.9785,18.9025,16.6206,20.0159,17.412,18.362,16.1619,20.839,20.246,21.0443,20.8029,18.3931,31.0634,20.8847,16.7912,22.7209,21.6307,19.187,17.108,20.9449,18.2912,17.9887,20.7027,18.4402,18.1339,18.4339,15.2938,17.857,30.7,0
2026-01-05 15:00:00,18.6313,17.1411,17.5766,16.8692,18.0638,18.7576,17.3079,18.8801,25.0768,18.5668,28.3229,17.7013,20.6509,18.4238,18.119,17.4493,18.9686,25.209,20.5732,17.7761,17.2668,19.1396,20.4335,18.7432,17.7172,19.2556,21.71,17.6087,19.3591,22.1099,21.2208,16.8702,19.0468,18.3146,31.7296,18.1085,18.2392,22.4638,22.3662,19.1515,17.2709,21.7076,17.5058,16.873,21.0709,18.0892,17.6184,19.2184,19.8677,18.7843,31.95,0
2026-01-05 16:00:00,17.6423,17.3131,19.392,16.5584,19.0083,20.0698,18.3276,20.3673,27.3322,16.2199,30.4606,17.5414,23.973,19.2529,17.5579,17.6963,19.7852,26.8892,24.7355,18.5256,18.7266,17.4881,18.3221,20.7645,20.0018,16.8201,23.5532,16.8456,16.6039,23.2368,21.5369,15.2864,18.2482,16.4512,32.8641,16.3379,22.2616,26.8709,26.5918,17.7737,16.6066,23.7366,16.9839,15.4766,25.1592,21.9928,20.4389,17.0513,18.7437,21.0953,27.98,0
2026-01-05 17:00:00,18.3626,18.4451,22.5988,18.7218,19.3977,23.0058,20.263,21.5322,29.6112,17.2581,31.8385,17.4745,25.1757,21.8167,18.1299,17.437,20.6082,28.5205,26.5723,18.2034,17.8437,20.2457,21.1888,22.4224,21.8199,18.7064,24.1673,20.0723,18.6143,26.9185,26.313,18.5742,18.7061,20.7107,33.3953,19.1198,21.5242,29.9444,29.7792,17.9552,20.7658,26.2367,18.086,20.2105,29.4761,18.1378,20.1406,19.0715,23.2438,22.657,22.99,0
2026-01-05 18:00:00,16.9933,21.0298,23.0474,17.7334,21.1723,24.7894,22.1107,24.1826,31.1247,17.2609,32.1801,17.7428,26.7861,25.6921,17.4616,19.9959,23.1532,31.5643,29.5939,18.3786,18.6145,21.8191,23.3473,25.1152,22.9007,16.9693,25.3582,20.6425,20.2968,27.3557,27.0635,18.3627,18.1597,19.483,33.7247,21.206,23.5125,29.7158,31.9251,17.5153,19.5145,27.1561,18.0312,16.7301,29.1081,22.9233,21.8148,17.1232,24.4596,23.8783,26.63,0
2026-01-05 19:00:00,17.8019,21.2608,24.7316,19.9944,23.565,25.825,21.8688,26.2181,32.2749,17.3935,32.2805,18.2341,28.8208,25.2787,20.8226,20.609,23.3458,31.1881,29.7376,20.3262,19.0535,22.8362,25.7449,26.9928,23.9688,20.7587,27.6347,21.9142,21.934,29.504,28.9591,17.3729,23.871,21.1818,35.5132,21.4045,27.7417,32.1272,30.351,20.345,21.5569,30.6429,20.2196,20.8573,30.8641,27.6878,23.0839,17.9418,24.7255,25.1419,30.33,0
2026-01-05 20:00:00,18.6813,23.0423,27.4992,22.0105,25.0436,28.4491,26.5595,28.3961,32.4693,19.7552,31.6032,17.1193,31.5834,27.5663,21.0053,22.0208,26.0536,32.6598,30.6726,23.0221,23.9005,26.1718,26.0745,28.314,27.1918,22.5085,29.8413,26.3504,20.6506,32.2216,30.3129,20.155,26.3134,22.8408,34.6263,23.2032,27.6487,32.5619,34.4317,17.8847,21.7119,31.5829,22.6094,21.6546,31.7214,30.5772,24.7733,21.1161,26.6748,28.4729,20.45,0
2026-01-05 21:00:00,19.5766,25.7622,29.1979,24.9332,26.5551,29.8464,28.8608,29.1112,32.9653,20.6037,32.5861,20.3691,33.5092,28.2907,22.4053,23.9893,28.6827,33.842,32.0508,24.3056,25.0637,26.8777,29.6127,29.9647,29.5344,23.1773,31.8994,25.6673,24.7502,32.8068,31.9762,20.9018,28.0973,25.5168,30.8704,22.0563,32.067,33.1569,36.276,21.2003,23.3093,33.5084,23.8272,26.8427,31.7568,31.3897,27.9011,22.736,30.2202,29.6686,24.12,0
2026-01-05 22:00:00,22.5931,26.1652,30.8438,26.5845,28.5476,32.3096,29.1141,31.7924,32.8149,24.2559,32.6911,22.9968,33.1516,30.9176,25.0092,27.3908,30.0582,33.5342,32.8202,26.2415,27.3639,30.2155,29.4881,31.7359,28.6133,26.45,32.4351,27.2892,26.7717,34.8628,32.5948,23.2371,26.4833,25.629,31.3069,24.864,33.0358,31.3357,32.861,27.039,26.6832,32.4824,27.5911,29.5606,32.4868,32.3938,31.5123,25.7827,35.5931,30.0958,44.13,0
2026-01-05 23:00:00,24.4102,29.4468,32.2512,27.1164,30.6673,33.4541,30.6919,31.9479,31.0024,23.4089,29.6494,24.7529,33.394,31.7847,29.4183,30.6319,31.4485,33.1606,32.3556,27.8277,29.5248,33.4778,32.4763,31.7956,32.1292,27.3738,32.5091,30.3114,30.2858,33.5801,32.7238,25.2069,29.4918,28.7304,29.5633,29.1059,32.2607,33.8965,33.067,24.9934,29.9505,33.9362,30.0195,26.6806,33.9752,30.3084,26.1608,24.8995,35.511,33.49,42.57,0
2026-01-06 00:00:00,26.519,30.7968,33.8988,29.9017,31.0876,32.2029,32.1331,32.884,30.2864,27.3614,29.2218,27.2959,33.7001,33.5455,29.0465,31.0166,31.7048,32.057,34.0084,31.5223,30.2772,32.412,32.5605,32.6291,32.8058,31.0375,34.5798,31.5253,31.027,32.8019,34.9213,26.0756,32.8858,28.7809,26.817,28.1109,34.9187,32.0046,30.7544,27.4971,30.8595,34.8184,28.8348,30.9467,36.3596,32.099,35.1917,26.4279,34.3417,34.1177,50.36,0
2026-01-06 01:00:00,27.6493,31.6409,32.4258,31.4037,32.6529,33.4967,32.5483,33.0327,29.1586,29.1571,26.054,29.6426,30.6811,32.1662,30.7455,33.7175,31.5201,30.5436,33.0638,31.7764,31.954,33.1961,32.633,33.9303,34.4221,31.8897,33.354,32.224,33.558,32.82,32.4436,30.5667,35.3218,31.8426,24.4273,30.5961,31.2346,29.4429,33.298,29.4537,33.7096,35.1994,29.4324,32.671,33.056,35.2457,32.0189,32.313,34.7398,35.0004,52.2,0
2026-01-06 02:00:00,30.6546,33.1439,33.0912,32.3172,33.7532,31.8252,33.2486,32.109,26.0673,30.6027,24.7316,30.9827,30.8548,32.2368,32.1122,34.2432,33.9705,27.9503,30.3017,32.7781,34.2534,34.7637,33.9979,33.1569,33.7837,34.3327,31.0485,34.9418,33.603,32.1063,31.3544,30.0135,33.5918,33.4861,22.4306,32.8118,33.6219,30.1527,27.2594,31.3028,33.541,33.0994,32.0274,32.9286,30.9378,31.8735,34.2042,30.1122,34.4907,33.6215,62.68,0
2026-01-06 03:00:00,30.665,33.0582,31.545,33.3652,31.5922,31.0388,31.39,30.7219,25.644,31.7196,23.1208,31.4238,28.7012,33.2593,32.9329,33.7516,32.9618,25.6385,28.3602,33.9802,33.5487,34.2189,32.1759,30.8672,33.2744,31.8628,31.0532,32.3543,33.4592,29.3446,30.3175,32.6284,34.7839,34.3585,18.5254,34.0804,30.392,27.6992,26.6723,33.0878,33.8254,31.5825,33.5562,32.9625,30.9542,32.6206,31.368,34.4364,31.9143,32.3113,73.15,0
2026-01-06 04:00:00,32.7336,31.6708,31.1353,32.2045,33.1075,29.6618,30.9402,31.3177,23.6647,32.9596,20.2704,32.4625,27.1561,31.2869,32.6848,34.3473,32.4844,24.2714,25.114,32.0864,33.8816,31.5404,31.5901,30.2161,31.2043,32.6152,29.1717,33.4245,33.7267,27.7293,30.2472,34.1001,31.6451,33.4589,17.085,33.4075,29.7687,24.4543,26.1084,35.1253,34.4196,26.5091,36.8848,35.9862,26.7648,31.2826,35.3648,30.4336,30.3286,32.0537,73.64,1
2026-01-06 05:00:00,34.0971,31.3919,28.6776,32.2598,31.6573,28.9063,31.217,28.3251,20.061,33.9516,19.3075,34.4472,24.2751,30.5424,33.1376,33.456,29.8941,23.4512,25.2401,32.7562,33.5607,31.3997,29.9695,26.9917,30.1635,32.5397,26.2749,32.2288,34.6013,26.0237,27.9029,32.72,31.9243,33.1752,19.0361,33.5297,28.012,24.1167,22.1964,34.4149,33.2059,25.985,33.2676,32.5457,25.5455,30.6979,30.1089,34.8017,30.8978,29.4098,74.92,0
2026-01-06 06:00:00,32.4317,28.8217,27.0448,31.7443,29.1045,25.115,27.8674,26.6423,20.2289,31.7888,17.7374,32.9419,21.9803,27.8928,33.0711,31.9538,27.863,20.3481,24.0511,32.9815,32.2711,26.2482,28.7769,26.64,29.265,32.5579,26.1835,30.718,30.4927,23.1978,24.1105,33.1174,29.7959,29.6714,16.4222,32.9634,28.1415,22.7621,19.9606,33.0165,33.188,25.0159,33.5378,34.9428,22.4012,29.1497,32.1821,33.5183,26.7857,27.6189,67.92,0
2026-01-06 07:00:00,32.1008,28.8162,25.0487,30.3956,27.8114,24.1706,27.261,24.2572,18.0071,31.6184,17.8857,32.3052,20.8502,25.9481,31.1797,27.7866,26.456,19.4441,20.1947,30.0546,30.0564,26.108,24.3312,24.0937,26.2254,30.9134,23.0426,30.1975,31.3811,21.7597,23.9184,32.0865,29.6213,30.2627,16.2668,31.2523,23.8499,18.15,19.6275,34.6165,31.1288,20.6495,31.1215,29.8045,21.0572,22.5359,28.3725,33.175,27.7341,25.9393,77.12,0
2026-01-06 08:00:00,31.3932,26.8409,23.6856,28.2879,25.4302,20.9428,24.6066,22.5185,17.6711,30.1956,17.4245,31.5692,20.4471,23.2333,28.3747,27.2101,25.0824,18.0243,19.1288,28.4755,28.3155,25.9778,24.3066,24.4658,24.382,29.3035,20.8207,29.1629,27.9078,21.4356,20.8693,33.3919,25.5733,29.6829,16.1667,29.2907,22.3824,16.9389,21.6393,30.3768,29.7439,21.1144,30.0461,29.9684,17.1519,24.4773,26.4537,32.3062,21.5548,22.2386,71.69,0
2026-01-06 09:00:00,29.5949,24.1775,21.7098,26.0214,24.0873,19.1518,21.1878,20.4716,16.8626,28.5212,17.7167,30.519,18.713,21.3721,27.0547,24.7672,22.153,19.1837,18.5106,26.427,27.037,22.4466,21.5141,21.1889,20.6789,26.2146,19.4115,24.9041,25.6566,20.0629,18.3422,30.8371,26.0669,26.6992,19.2929,27.8475,20.1705,15.0495,17.6321,29.2255,27.451,18.7811,27.0224,28.039,17.8552,21.1684,22.7963,30.8189,20.3484,22.7128,65.25,0
2026-01-06 10:00:00,27.2362,22.8453,18.8179,24.0314,21.9797,18.5454,20.9099,20.0649,18.1866,27.6102,19.7342,27.052,17.0299,20.5814,24.8188,24.2288,21.209,17.3651,19.0389,25.1205,24.951,20.8655,19.4817,18.2143,20.3802,22.8529,18.8269,23.8111,25.5883,16.6489,17.727,28.7487,21.7949,23.1947,21.9208,25.277,18.0757,17.029,17.6116,27.3129,26.2221,17.9426,24.6536,23.8906,17.1911,21.2493,24.3822,28.133,22.201,19.8284,65.07,0
2026-01-06 11:00:00,26.0582,19.9786,18.2445,22.5099,18.8443,17.598,18.9024,17.6519,18.714,25.717,20.4767,25.2997,16.2897,18.3964,23.2366,21.0905,18.2078,18.59,17.628,22.3486,23.3105,18.6141,17.4731,17.17,17.0178,21.9884,17.649,21.0653,21.524,18.0422,19.2769,28.3415,19.184,22.3119,23.9175,24.9572,17.0404,18.0323,16.9086,26.1782,23.5418,18.0185,26.4144,20.3488,17.3506,16.6351,20.6625,26.595,18.5103,18.5407,53.08,0
2026-01-06 12:00:00,23.3819,18.5646,16.9816,20.2845,18.7006,15.3995,17.5815,18.4802,19.2237,23.9783,21.2477,22.4002,16.467,18.5736,22.3382,21.1265,17.8656,18.5402,18.0976,22.6142,20.961,17.3012,18.3624,18.2166,17.5388,22.3607,17.5353,19.5708,21.0947,17.6786,20.0912,24.1539,17.857,22.0073,26.4554,22.302,18.2351,17.5616,19.8015,21.5542,23.0104,18.5626,24.0279,19.8297,18.0318,19.7727,20.5077,24.9833,18.0687,19.553,52.24,0
2026-01-06 13:00:00,22.1665,18.1332,16.3632,18.1737,17.3496,17.989,17.4212,17.941,20.694,21.72,23.6661,21.4024,19.6961,17.2289,19.5108,18.5059,17.3929,19.7068,19.0674,19.1697,19.5624,15.3004,16.6249,18.4681,17.6544,18.769,19.1662,18.8486,18.7066,19.5023,18.6761,21.4334,17.4256,19.7178,27.0509,20.1643,17.8965,20.0811,21.8582,19.8862,18.5996,19.761,20.3192,17.9381,22.2198,17.0082,15.5453,23.3568,19.0542,17.3807,48.4,0
2026-01-06 14:00:00,19.6394,16.8438,17.1806,17.0057,17.1679,16.5943,17.4974,17.2607,22.4553,20.108,25.7598,20.3247,19.3698,16.6036,18.3041,17.6052,18.4727,22.4987,19.0834,17.5801,17.6023,17.1659,18.2828,19.9828,18.4366,18.4809,17.5349,17.9258,15.673,19.1401,18.7452,18.5042,18.1828,18.8562,29.6166,18.665,19.4895,23.9105,21.7196,20.9273,19.4756,18.5178,20.8618,19.6897,21.3359,17.7099,16.7965,20.7174,20.2071,18.0061,38.12,0
2026-01-06 15:00:00,19.455,17.0232,17.8926,16.3024,16.8713,18.9721,18.1183,18.688,25.6576,17.3521,27.9201,18.2836,21.6021,17.2724,19.0158,17.0498,18.1485,25.552,20.8387,18.8532,16.9856,18.3494,20.4385,20.3522,17.2867,17.7568,19.1101,16.6951,18.2247,19.5877,20.7319,18.0569,17.1948,16.849,32.2175,19.3979,19.3549,25.3477,25.1801,20.9288,16.125,22.8144,16.6779,17.5229,23.5683,21.3416,18.5432,17.4578,20.306,20.3641,30.63,0
2026-01-06 16:00:00,17.2077,17.1383,20.6648,17.9959,19.0789,21.4416,19.402,20.1796,27.9782,18.5606,31.5495,18.9617,24.842,19.3501,18.0415,17.4863,20.4773,27.1721,23.4013,17.3653,18.2879,19.0652,20.8029,21.1749,19.7717,17.8143,22.9757,19.5292,17.8768,22.2529,21.8388,18.2127,17.6345,17.5182,33.1049,17.3695,20.9271,26.1519,25.8213,17.5389,19.3151,24.2827,17.7713,19.9772,29.0126,20.0765,16.5491,17.8478,21.1966,21.406,26.06,0
2026-01-06 17:00:00,16.9182,18.1245,21.1815,18.1463,19.8587,23.8519,20.3352,22.1165,29.9283,17.0822,31.563,17.3705,24.6991,21.8163,18.0918,18.6619,19.3495,26.8408,27.094,17.616,17.6297,19.4266,22.858,23.9201,22.3992,16.7399,26.6708,19.5639,16.2487,23.5052,24.0281,18.794,20.7903,18.5672,32.7316,18.9408,23.9858,30.6802,26.2085,16.3137,18.7928,25.1588,18.3389,19.446,29.0112,23.3108,20.4742,17.9804,23.6883,27.8692,27.38,0
2026-01-06 18:00:00,17.5203,19.5084,22.0821,18.6478,20.396,24.3018,20.9664,24.1527,31.0104,18.2041,30.9823,17.3783,29.1047,22.4887,20.0165,19.6631,22.3961,31.0535,27.9455,18.1844,19.2261,20.6019,22.7649,24.6225,22.1388,19.9218,27.1599,20.4538,18.6292,24.4346,26.0115,17.233,17.6137,21.9686,34.1582,20.2693,24.6154,29.2087,31.0762,16.891,21.1002,28.8591,20.4556,19.4652,29.8911,23.7933,20.5507,17.5866,25.0871,26.4524,23.27,0
2026-01-06 19:00:00,17.009,21.0493,24.6029,19.9128,21.9357,25.7248,23.5422,25.7387,31.5079,17.2978,32.7193,17.896,29.6406,25.6415,20.1291,20.9969,24.4545,30.5531,29.6215,21.2062,22.0262,23.5728,26.2616,26.6712,23.2719,20.4153,30.2344,21.6055,18.9325,28.8659,28.7422,20.5587,22.7218,20.3531,31.238,20.6688,25.3851,32.9814,34.6913,20.7793,23.6402,27.3271,20.1287,21.3499,33.054,28.2644,22.2457,17.8721,28.178,23.4556,35.32,0
2026-01-06 20:00:00,18.8216,23.5648,27.567,21.6447,24.5638,29.3992,27.8173,27.0398,32.552,19.3473,31.8453,18.3382,30.5145,27.2297,19.8178,22.9785,26.9159,33.5995,31.1363,22.2044,23.715,24.7622,26.5054,27.4718,27.2001,24.649,29.7093,24.5756,23.501,31.285,30.7728,18.2494,23.728,23.6267,32.9076,19.7383,30.2251,33.0621,31.6328,18.6764,24.3489,31.519,22.1455,21.2324,31.9511,28.4662,26.1515,22.3108,32.8611,29.5017,22.69,0
2026-01-06 21:00:00,20.868,25.1451,30.1091,24.6255,27.1366,30.8856,28.4332,29.9778,33.9886,21.8211,32.582,20.8701,32.3388,29.5802,24.0115,26.8778,27.735,33.8442,32.6061,23.9516,24.9019,27.3431,29.3134,31.9456,27.7191,23.9138,31.0551,26.0995,26.2387,32.3674,31.9434,21.2191,26.3571,26.1738,30.9705,23.1082,30.1129,33.9698,34.0263,22.7339,24.7965,31.9245,22.6235,24.8272,33.143,30.6707,27.7531,23.1643,31.272,28.1528,31.8,0
2026-01-06 22:00:00,21.1669,27.5456,29.7324,27.1851,28.9809,31.4413,31.3306,30.9861,32.5199,23.103,30.4561,23.0907,32.625,30.5801,24.147,29.0955,31.6507,33.2041,34.8385,26.2329,26.4432,30.0657,32.8705,32.0702,29.8665,27.3824,33.3346,28.5938,27.7502,31.756,32.8983,24.0298,29.6281,28.3424,31.9387,24.6536,32.4675,34.1811,35.5693,24.4279,25.9975,32.1879,25.667,27.389,33.5576,31.8833,27.8873,23.7473,30.8448,31.8101,38.59,0
2026-01-06 23:00:00,24.1192,29.0268,30.8706,27.7512,31.2961,32.308,32.2353,30.4831,32.0711,24.6248,29.8753,24.7943,33.6204,32.2744,27.853,29.0027,31.7348,33.3765,33.2832,28.4196,28.6106,30.7033,31.8913,32.8826,33.0362,28.0291,34.5017,30.0575,29.916,32.1811,34.5298,25.7904,30.8451,29.1484,27.0554,26.3186,32.5962,34.7248,33.3154,25.8731,30.1338,31.9995,29.1213,28.6779,34.1945,32.5202,32.8905,26.8729,34.842,33.785,44.14,0
2026-01-07 00:00:00,26.2469,30.177,33.8069,30.5796,32.3559,32.676,32.604,33.2773,29.9056,28.1445,27.6668,27.1364,32.3605,33.7263,28.0457,31.7432,31.8683,31.4431,32.2572,31.2777,31.3111,33.9012,34.3458,32.7352,34.9729,32.2303,32.2599,30.9209,30.0884,33.8661,33.4121,28.2642,32.1173,30.7838,26.3166,31.0598,32.6452,33.0262,30.6605,27.675,30.8065,34.6903,27.2033,30.2336,33.7502,35.0302,33.4174,29.3054,33.7893,33.419,47.76,0
2026-01-07 01:00:00,28.5327,32.6775,33.2893,31.4238,33.3406,32.7945,33.2531,32.6974,29.1599,28.3472,27.0588,28.4384,30.4541,33.3212,30.6922,31.6405,33.3231,30.2928,31.9937,32.4011,31.9267,32.3903,34.5313,34.7074,32.5677,32.5492,32.9727,34.6353,32.7009,34.9131,32.9348,29.814,34.7625,34.8054,23.5877,31.8775,31.4321,32.0026,31.139,31.5428,33.4633,33.8511,32.7172,33.8623,30.5415,33.0497,30.7578,29.0454,34.6722,30.8733,61.4,0
2026-01-07 02:00:00,29.286,33.1475,32.3518,32.3425,33.3114,32.5557,33.1099,32.4972,26.6608,30.825,24.6997,29.7347,30.3439,32.7208,32.0349,32.8512,33.0885,27.0992,32.0945,32.8318,32.4543,32.9518,34.3203,33.9263,32.7607,31.6032,32.223,32.5602,33.1261,33.3893,31.8704,32.0879,33.7725,33.1196,21.477,29.5963,33.6047,27.5138,31.2335,33.177,32.8723,33.6065,32.3072,32.2007,30.8196,34.9236,33.6787,31.1161,34.3391,33.7574,65.17,1
2026-01-07 03:00:00,30.7113,34.273,32.3751,33.8942,32.0934,30.8687,31.5516,31.9033,25.6053,32.5782,22.8733,31.9327,27.7311,30.9771,32.4958,32.5006,35.1635,26.0901,28.3394,33.9531,34.586,33.9218,31.2778,31.0258,32.4503,34.9635,30.1523,32.8284,33.8555,30.1369,32.3149,32.3728,35.7449,33.3291,20.8967,33.5544,27.877,26.4085,26.6918,34.7906,32.7541,31.3189,31.6553,34.8305,29.1925,34.5027,34.5662,32.9586,32.0406,31.8251,70.64,0
2026-01-07 04:00:00,32.7038,32.0883,29.3602,33.0319,32.0894,29.3933,31.6953,29.5167,23.3634,34.4186,20.714,33.0723,26.9332,31.6016,33.091,33.9565,32.6767,25.02,25.7484,33.2968,33.5922,32.8581,31.7316,30.9299,31.2385,34.3955,28.5267,33.9271,34.6675,28.8657,28.2257,33.1421,33.8032,34.7613,18.6081,33.0779,32.1756,23.4983,25.5574,34.5124,33.5583,28.1612,33.6666,35.5215,25.6351,32.6711,33.2453,33.833,31.0011,32.1929,68.98,1
2026-01-07 05:00:00,33.1165,31.6362,29.206,32.6847,31.64,28.2016,31.0347,28.9124,20.6067,32.9272,18.2249,33.1632,23.7923,28.964,33.9091,32.719,30.3712,21.0789,24.2629,32.9844,32.3128,31.3264,29.4247,29.3997,32.1953,32.6619,28.0066,32.5767,34.3415,27.6135,27.4279,32.8539,30.6948,33.1253,20.4586,34.7918,30.0086,21.0473,21.8795,33.9642,33.8989,30.1466,35.704,34.1264,23.9895,28.9493,27.5025,31.8358,26.418,26.606,72.54,0
2026-01-07 06:00:00,33.081,30.3199,27.4741,31.6266,29.3694,24.8423,28.1058,26.6433,19.2556,32.8059,18.45,33.2731,22.2831,27.259,31.6995,31.6052,28.4358,21.1455,22.7854,31.1065,32.2043,28.512,28.6948,25.3822,27.8909,30.5162,25.5372,31.5422,31.5885,24.3678,23.8387,36.0369,32.4902,30.262,15.5133,32.0998,25.5729,22.0579,21.2554,33.6958,32.2674,25.7949,32.676,30.7211,20.6901,29.0173,30.8455,34.8159,27.7223,26.3626,76.95,1
2026-01-07 07:00:00,32.5795,29.2001,25.7435,29.0746,27.8073,23.444,26.7569,24.1925,17.766,31.9114,18.806,32.9986,20.9342,24.7713,31.4244,30.1242,27.3174,17.2646,21.4372,29.6002,31.1519,27.6891,23.9944,25.1476,26.0026,31.963,23.8408,29.6182,28.9985,21.0484,23.0605,32.7051,28.6985,31.3706,18.8314,32.0599,26.589,17.02,20.3454,33.7908,29.4868,20.9274,32.6271,31.0517,18.492,27.8138,29.9988,32.8217,26.6282,26.5959,69.75,0
2026-01-07 08:00:00,30.9918,26.4221,22.5834,28.3845,25.2571,20.6541,24.9523,22.7504,16.4574,31.1377,17.5938,31.8118,19.0843,23.3513,28.5511,26.7552,25.272,16.9766,20.1937,28.4942,27.5037,25.8047,23.8695,22.9409,25.9236,30.7361,21.5044,26.2995,28.4993,17.6455,21.4841,32.0506,28.5029,27.8664,18.6956,30.4207,25.1834,17.7605,18.8972,28.8596,31.0822,20.5744,28.4958,30.3123,17.698,22.4578,26.7589,31.0154,23.7754,20.0098,74.31,0
2026-01-07 09:00:00,29.9815,23.9815,21.2555,25.8783,22.7514,20.0123,21.7915,19.722,16.6533,29.7409,17.4134,30.286,18.301,23.2153,27.2386,25.1341,19.9697,17.236,17.2843,26.4678,26.2212,23.4294,21.8077,21.3203,22.8916,28.1224,18.6982,25.7261,26.4457,19.5096,20.6253,29.6813,23.945,25.8059,19.9435,27.1388,20.523,17.3227,17.5636,29.8879,26.4862,19.6929,26.3632,26.664,19.4782,20.1527,24.8776,28.5845,21.1981,22.2484,67.27,1
2026-01-07 10:00:00,28.199,23.2139,19.0093,23.2927,21.3361,17.3494,20.2425,19.3027,17.7297,28.1756,17.628,28.5109,17.9848,20.1598,25.5791,23.6976,21.1437,17.6879,16.7608,25.1554,24.0942,21.1115,18.0262,21.1915,21.5347,25.7851,18.9133,22.3002,24.9065,18.0932,17.954,29.8253,22.5998,27.3507,21.9742,24.8526,19.9519,17.8065,18.5998,26.5662,21.6051,18.1331,25.3507,23.8037,18.8902,21.8443,24.2834,26.1668,20.8601,18.8674,66.76,0
2026-01-07 11:00:00,25.6551,20.5081,18.3688,21.7965,19.8898,18.1603,18.3543,18.3842,18.695,25.8737,19.3901,26.0827,16.4808,18.0618,22.457,21.1232,19.1446,17.6511,17.2438,22.6969,22.7359,20.1135,17.8184,21.1161,18.2238,23.4364,16.842,22.2511,23.4934,15.9459,16.6153,25.937,21.0584,21.9717,24.709,26.4852,18.6351,17.2312,19.3496,25.7262,23.8424,20.8513,26.1131,21.7528,21.0903,18.4276,18.7818,25.5912,17.7361,18.6136,54.76,1
2026-01-07 12:00:00,24.9085,19.569,16.8896,19.9762,17.9749,16.3644,17.3748,17.5821,19.9144,22.9246,22.115,23.8988,17.7485,17.3506,20.2845,19.8106,16.9679,18.7145,18.604,20.0298,21.1195,18.3376,16.1152,18.8992,17.6248,22.1086,17.403,18.5414,18.7358,16.3052,17.0044,24.2539,18.9962,20.6123,25.8929,22.5513,19.8773,18.8403,20.4063,21.8711,20.8531,17.8695,22.6809,21.6358,19.2086,19.5743,20.7229,23.7659,16.8805,16.6758,57.26,1
2026-01-07 13:00:00,22.1706,18.3275,16.8514,19.3913,17.3516,16.1951,16.4684,17.7417,21.3172,21.9059,24.5446,23.1076,16.2175,16.2485,20.0835,17.8309,18.2592,21.6946,17.8769,17.8895,18.5903,18.1146,16.905,17.9578,16.6512,19.2387,17.088,17.6416,18.6261,18.1774,19.5223,20.95,19.7551,20.2595,28.8624,20.4593,16.3505,23.6398,20.5083,22.4823,19.253,18.4322,22.4896,19.283,20.4689,20.6362,19.198,24.564,19.0734,17.8874,45.17,0
2026-01-07 14:00:00,19.502,17.2076,16.7564,17.1201,16.5746,17.7191,16.6454,18.375,24.1188,19.7319,26.0463,20.5326,20.3357,16.6979,19.3332,18.7825,19.3973,23.5989,19.879,18.8467,16.7236,17.6654,18.405,18.8829,18.5709,16.5533,18.4828,17.0485,17.2936,18.9553,21.8354,22.2806,20.1268,17.1883,29.6837,20.5764,18.4101,22.8012,21.8569,20.6258,18.2865,21.1227,21.1627,17.8759,22.5041,16.3537,15.93,23.1592,19.548,17.2977,39.58,0
2026-01-07 15:00:00,18.9945,16.9709,18.442,16.7243,17.9998,20.1475,18.6019,18.4553,25.609,18.902,28.4822,17.9758,21.6729,17.3138,17.5905,18.194,18.5099,24.2434,21.6663,17.871,18.5536,16.5798,18.8674,19.7404,19.6112,18.573,20.614,18.102,19.1758,22.6468,21.9305,19.2299,15.3742,18.5716,30.1017,20.4135,20.9432,24.0545,27.1633,17.8516,17.8678,21.8777,17.5964,15.326,22.4569,16.9963,19.375,18.253,20.356,18.0456,29.55,0
2026-01-07 16:00:00,17.1121,17.2392,19.7986,17.3042,17.8734,21.0834,18.09,20.5919,28.1032,18.1238,30.2854,16.3288,23.1425,19.7509,17.0347,18.7162,20.003,26.3603,25.0172,18.5073,16.6234,18.3725,20.1168,23.1081,18.8984,18.1315,21.7999,18.1751,17.6314,24.469,21.4032,20.2076,19.6635,19.1723,32.5813,19.7937,22.344,27.5584,26.9197,17.5651,20.4321,23.3052,20.3104,20.7458,27.2869,21.5939,21.6103,17.0071,20.5228,22.5516,29.36,0
2026-01-07 17:00:00,17.499,18.3462,20.8196,16.9251,20.1263,21.3144,20.183,21.5369,28.3155,18.4101,31.7047,17.1541,26.2176,21.5065,17.8171,19.0461,22.0651,28.4603,26.7436,18.6486,18.4915,22.2524,20.6161,22.7561,20.6665,16.7743,23.3479,19.3212,17.8737,24.0074,25.7397,17.1755,18.8526,20.3496,34.9571,16.5231,23.1313,29.3661,28.459,17.3873,19.4956,28.5631,17.5337,18.3979,28.6406,23.9558,20.6228,16.4689,24.3179,22.9322,23.65,0
2026-01-07 18:00:00,17.7038,20.1808,22.887,18.3433,21.7771,23.7181,21.5529,23.1023,28.4594,17.2728,32.0181,17.9643,28.9138,23.1241,18.5544,18.8844,21.6576,32.4025,29.112,20.9586,19.2078,20.2121,24.6228,24.2395,22.5592,16.9548,27.5397,20.4904,20.0812,28.6902,25.8794,17.6027,18.4631,20.7507,33.4459,19.0074,26.9514,33.4837,28.7563,18.6726,20.3714,29.8094,20.2664,21.0304,28.7338,26.4466,22.4904,18.8994,23.0146,25.5108,18.84,0
2026-01-07 19:00:00,17.2263,21.0089,24.12,19.2266,22.7079,26.3919,24.6279,25.3883,32.5236,17.9192,33.2793,18.9143,29.5237,25.4152,19.9917,21.049,22.8115,31.9567,31.3417,20.6606,20.991,25.4714,25.6034,27.2756,23.3719,20.7037,28.2794,22.3253,20.3597,30.8233,28.5641,18.2805,23.9523,20.2621,32.4598,19.8742,27.6079,32.1587,30.9986,22.231,21.2406,27.841,21.3371,23.2573,32.2728,27.2297,22.0196,17.9162,26.3287,27.3449,25.07,1
2026-01-07 20:00:00,19.2083,23.4683,26.8392,22.5272,24.2102,30.0109,26.8009,27.878,32.083,19.8693,32.6699,18.4672,30.7214,26.6096,19.4444,22.7997,27.0149,34.3002,31.4249,22.7335,24.1953,26.6875,27.7283,30.8023,26.3365,22.238,29.7201,23.8673,22.8105,31.1562,30.9714,19.8093,26.0102,23.9713,33.7909,24.1621,29.4633,34.1203,32.4975,18.6661,25.7372,33.9758,21.6653,27.9397,34.1299,27.9772,24.7105,19.1381,29.9358,31.2112,33.0,0
2026-01-07 21:00:00,20.407,24.8881,28.9235,23.8327,25.6444,29.7911,28.5506,30.303,33.0965,22.0288,32.876,21.5248,32.7043,28.2677,22.5501,25.2377,28.2783,34.0776,31.7584,25.4427,27.5036,28.1849,30.5324,29.6142,29.7845,24.1535,30.7001,24.8676,26.8149,31.2577,32.6314,22.5396,28.2857,23.9284,32.2566,24.6383,31.965,32.4897,34.5152,23.2344,26.6181,32.5992,23.5255,26.2125,32.0537,30.2572,26.2296,21.8459,31.9924,31.6912,32.07,0
2026-01-07 22:00:00,22.4343,27.0083,32.1002,26.0873,27.9735,31.1913,30.0382,31.1752,32.6801,23.1641,32.1692,23.7132,32.2111,29.9615,24.8045,28.3889,29.1495,33.3148,32.3774,27.5989,25.297,28.4528,30.3393,31.3781,29.9102,27.081,31.0211,27.034,28.878,33.4205,33.3436,21.3625,29.9079,29.0546,29.3315,24.2602,32.4572,33.0488,33.593,25.3772,28.9033,35.2766,25.916,27.8296,35.7243,32.2892,30.264,24.0256,31.1704,33.4062,36.32,0
2026-01-07 23:00:00,25.0135,29.4116,31.3127,28.6496,29.7399,33.6608,31.2223,31.9114,33.089,26.0661,31.7556,25.3802,32.8355,31.2526,27.6721,28.2452,31.7263,32.2664,31.8747,29.1211,29.7133,31.6095,32.7864,32.3627,32.3059,27.7688,33.3871,29.5202,28.5239,31.4512,33.1289,25.714,32.2303,30.8452,28.0885,25.6751,33.5835,32.5858,33.6215,26.221,29.9576,36.8126,27.7309,27.2457,33.395,35.5157,30.7155,25.9292,36.6719,34.8026,42.3,1
2026-01-08 00:00:00,25.9881,29.9551,33.5911,29.5164,32.729,33.2656,31.7145,34.0049,30.945,27.7507,27.8627,27.321,33.8342,33.3299,29.6255,30.6325,33.4606,32.4124,32.6215,29.1764,30.4531,32.0786,33.7775,32.4363,31.8881,31.0778,32.2987,31.5725,30.5668,33.0998,34.9801,26.9589,31.8927,31.5698,26.0987,31.8508,33.023,30.4167,30.8085,26.7754,32.668,35.0975,29.0433,28.3894,28.9785,34.3878,32.0429,26.6967,34.0087,33.0221,58.97,0
2026-01-08 01:00:00,27.7382,33.3055,33.6414,31.2426,32.8484,33.685,34.332,32.267,29.0799,29.0664,27.1729,28.8845,32.0062,34.9613,31.6346,32.0599,33.2794,29.5603,31.7094,30.4548,33.0083,34.5791,33.1246,32.6705,33.5245,32.6163,34.0431,34.5929,31.5577,33.4582,32.6528,28.7832,33.8202,32.8841,24.2501,31.5447,37.5721,30.8365,33.0352,30.5366,33.2705,36.3909,30.697,29.3569,33.4113,33.3156,34.8602,30.789,34.4994,37.0269,58.9,0
2026-01-08 02:00:00,29.4706,32.2415,33.0072,31.869,33.3691,31.9329,32.6751,32.3914,27.5772,31.2737,25.8098,30.3634,29.1352,32.3694,32.592,32.1058,32.7586,28.0758,31.3191,32.6946,33.9327,32.9817,34.0069,33.9772,33.0349,30.3045,32.3898,32.5923,31.1721,32.5091,33.5973,32.0109,34.7303,33.5632,23.0628,32.8233,32.7452,29.2654,28.538,30.7437,33.2152,33.3121,32.2452,33.4448,32.3098,34.39,36.7079,32.3147,35.4402,31.8672,56.14,0
2026-01-08 03:00:00,30.9777,33.0234,33.0726,32.4238,31.6147,31.1807,33.1166,32.5206,25.1802,31.8657,23.2456,32.6406,27.4484,32.1843,32.1313,33.6243,32.7059,26.9491,28.8728,33.5481,34.8486,32.9519,33.0442,32.2215,31.7686,33.5624,32.5871,32.6101,34.8906,30.0908,29.188,33.121,35.3514,33.9274,20.0978,33.2928,33.1378,27.0846,27.7972,34.1566,34.6328,31.4384,35.3963,32.8224,26.9535,31.103,34.0906,35.5623,35.3945,33.3087,65.51,0
2026-01-08 04:00:00,32.3963,33.2909,31.0566,32.5199,31.508,30.5055,32.3899,31.74,22.5622,33.1587,21.433,33.3888,26.9532,31.3935,34.5877,32.9039,31.8464,24.0907,26.4323,31.7914,33.7714,32.5286,31.2224,29.2577,32.6767,33.913,29.4515,31.3908,36.3646,28.8303,29.1413,34.5968,33.16,34.943,20.0879,33.0174,33.0806,22.8127,24.7372,32.2463,36.8096,30.0757,32.0419,33.5094,24.1306,31.3044,31.3256,32.4379,31.8371,31.8619,70.05,1
2026-01-08 05:00:00,33.1434,31.291,29.434,32.2432,31.5562,27.7383,29.9326,29.1699,21.7084,32.5369,19.696,33.094,25.402,29.4043,34.1606,33.2975,28.7767,21.9561,24.6777,32.8517,32.1096,30.323,29.5402,29.3876,31.2087,34.0056,26.4822,32.8917,32.7091,25.6081,25.5109,34.3641,31.7003,32.7424,17.7362,33.8533,27.2119,21.6298,22.977,34.0494,33.6709,25.02,33.4459,35.6033,26.2604,30.0339,32.5342,35.1256,31.7669,33.2188,71.26,0
2026-01-08 06:00:00,33.0986,29.1539,27.2728,31.2754,29.5924,26.4817,29.1819,27.0493,18.6232,32.9917,19.0591,35.0517,21.4766,27.9808,31.3241,30.8898,28.4779,20.2487,21.8339,32.3729,32.7012,30.1009,28.2445,27.0382,27.552,32.8257,23.2016,30.7276,31.2434,26.1946,23.8668,33.8919,30.3147,34.5194,20.0225,34.0344,27.6066,20.5743,20.5225,32.6416,33.9468,24.3295,33.0608,33.2722,21.5977,28.0126,31.2181,36.5249,27.3934,28.2555,75.26,0
2026-01-08 07:00:00,32.8335,28.4336,25.9232,30.2009,27.4371,23.9412,27.0104,24.6115,18.3966,32.9624,16.6831,31.3547,21.1893,25.2138,31.3145,29.8362,25.4573,18.4822,21.81,30.2189,30.451,26.9499,26.4322,25.5479,26.2742,29.0592,23.9573,27.8252,30.3402,24.2395,22.2181,32.2859,27.1234,30.5551,20.2396,31.7832,24.7964,18.1691,20.3859,34.115,32.2968,21.2019,32.0819,31.0513,22.6675,24.2562,30.2933,30.8418,28.4637,24.4168,71.85,0
2026-01-08 08:00:00,31.3561,26.2315,23.7772,27.7164,25.8072,21.0726,25.5412,23.1137,16.4063,31.5479,16.3453,31.1162,20.3089,23.0561,28.9073,27.6266,25.0546,18.4582,18.6921,28.7037,28.2997,23.3802,23.6688,22.0129,24.4518,29.1756,19.9112,27.1795,28.9097,21.6489,22.6995,30.6255,27.3565,29.9368,17.9098,31.4697,25.0016,16.0771,17.6374,33.2802,29.6127,20.6773,31.2655,29.5254,16.9753,22.7559,26.5984,29.978,24.0071,22.6026,69.6,0
2026-01-08 09:00:00,30.6206,23.3927,20.8691,26.4061,24.3708,19.9589,22.1014,20.955,17.4111,29.804,17.7595,29.1287,19.5975,21.493,27.5614,23.4293,21.1722,17.61,17.2774,26.9387,26.0515,23.244,22.7578,19.6031,20.6002,26.8203,19.29,24.5097,25.5723,19.1352,21.0001,30.7333,22.6953,24.4713,18.6734,29.1235,19.8827,19.3733,18.6743,29.0041,29.0204,20.1598,27.1846,26.2772,20.6167,22.475,26.2545,27.9837,22.5405,21.0639,68.29,1
2026-01-08 10:00:00,27.913,22.7235,18.8008,24.4143,21.2975,19.1843,19.7364,18.7868,17.7622,27.6516,17.1442,28.0993,17.7715,20.1959,26.2227,22.2197,21.5223,16.4615,18.3933,22.8843,25.3311,21.9889,20.661,20.0069,19.2518,26.0985,20.3224,24.4668,24.2201,17.526,19.4877,27.847,22.8696,23.6666,22.9257,27.3269,18.6576,20.129,18.0368,26.1117,21.8866,18.4565,28.3817,24.4969,19.8408,22.0185,24.0507,28.491,19.9849,20.3998,56.34,0
2026-01-08 11:00:00,27.445,20.7989,18.1241,21.8412,19.766,18.0476,18.7103,17.9017,19.6499,25.4964,20.974,24.3206,17.7981,19.6206,25.0184,21.7851,18.8455,17.7965,18.1096,22.9149,23.879,21.0108,17.0436,19.1184,20.5163,21.7491,18.5757,20.5355,23.806,18.8729,18.0243,26.533,20.7874,23.466,23.9613,24.3796,18.5523,20.2665,19.4552,27.5717,20.3518,18.075,26.1141,21.2466,19.3286,18.9369,20.822,26.3553,19.6468,19.4449,47.87,0
2026-01-08 12:00:00,24.2677,19.7194,16.9549,19.8302,18.5038,17.1786,18.0627,16.8402,18.7852,22.4259,22.7117,24.6225,16.2283,18.0563,21.995,20.0948,17.6812,18.9869,16.5609,19.8924,19.5224,19.0165,16.6155,16.7014,17.19,21.1299,18.2407,21.5114,21.0572,18.1981,18.2172,24.0036,17.5242,21.0498,26.377,22.0177,17.5366,20.2891,20.5536,23.1937,23.3126,16.6083,23.8393,22.4405,16.5292,18.8053,21.0319,25.1196,17.5615,19.1899,54.97,0
2026-01-08 13:00:00,21.4825,17.3187,17.0564,18.8593,18.9483,16.1453,17.3577,17.2621,21.1498,21.2323,23.504,22.4618,20.3958,17.23,19.986,18.4944,17.8353,20.4928,19.8141,18.9073,19.7539,18.9069,18.8294,18.0319,19.0492,20.4988,19.2559,18.7769,20.8388,17.4842,19.9846,19.7429,16.6788,19.3516,27.0153,19.138,17.656,20.6937,20.6328,21.9458,18.7876,18.4153,20.8839,22.3615,20.0693,19.6364,20.2366,21.9962,18.3989,18.5984,46.88,1
2026-01-08 14:00:00,19.5687,16.3682,18.0191,17.6355,15.8986,16.8551,16.9979,17.7447,24.0798,19.8356,25.6356,20.1986,19.7624,18.2838,18.2229,18.8469,16.8511,23.1639,19.8369,17.5374,17.8384,18.1446,17.7329,17.7496,16.5243,19.284,20.1695,17.5528,18.8447,20.8408,20.4134,20.953,17.0269,19.6746,29.6092,20.4465,21.3555,26.0145,23.2765,19.8644,18.8495,22.5329,18.7557,20.784,23.6227,22.4201,16.885,22.9739,18.9098,19.8614,38.98,0
2026-01-08 15:00:00,18.908,16.8534,17.8333,17.3263,17.7582,18.129,16.4996,19.6197,25.8299,17.6333,27.8982,18.4196,21.2441,19.1558,17.8595,17.9066,18.3444,24.0765,21.9348,18.6191,16.3386,17.1861,18.9295,20.3629,19.1448,17.7454,22.2721,17.6129,16.7649,20.6992,21.1402,18.3971,17.7677,20.5509,31.0689,18.7259,20.1088,26.6701,24.2328,18.6615,20.5866,21.1382,18.3573,18.4327,21.769,18.9453,19.9414,20.0157,18.233,18.3707,33.54,0
2026-01-08 16:00:00,17.5068,17.411,19.3059,18.0943,18.0012,20.35,19.0051,19.5066,27.7836,16.376,29.8574,18.2856,23.748,19.3595,18.5485,19.0535,18.5318,29.0967,24.4291,16.6599,17.8737,18.2749,21.14,21.5484,19.2869,19.0385,21.7576,18.6532,17.3505,22.0783,24.606,19.2725,20.5678,16.8543,33.1934,17.7956,20.5103,26.3783,28.5842,17.6918,18.6567,23.3093,18.4342,19.7537,25.471,19.4435,19.0247,20.4366,20.3184,19.1273,27.59,0
2026-01-08 17:00:00,17.465,18.86,20.9955,17.7499,19.6147,22.2964,21.3924,21.5057,28.9075,18.0992,31.4756,17.6238,27.1786,21.1003,17.7169,16.5527,20.15,29.9708,26.871,19.559,17.5596,18.224,21.7002,23.9119,20.9601,17.5643,23.9827,19.0274,18.812,26.1037,25.8793,15.8693,19.8939,20.1015,32.2188,16.9584,22.8489,31.3249,28.4853,15.8184,21.2768,26.1416,19.3522,19.7588,28.8409,23.3982,19.9739,18.7359,19.788,24.9874,37.92,0
2026-01-08 18:00:00,17.3514,20.4845,23.3528,18.3708,20.4855,23.6601,22.1999,24.4271,30.7609,17.5966,32.9382,18.2546,29.7527,22.7864,17.8612,21.2674,22.7635,31.7548,28.7848,21.5668,17.9617,21.9174,23.675,23.9171,24.8357,20.0424,25.5052,19.7464,18.4035,26.2878,27.3321,20.3996,22.2368,19.5867,33.9596,20.6587,25.8751,31.4187,30.5448,21.0561,19.6794,28.4164,18.9675,20.3215,28.6177,25.406,21.7247,18.4002,23.0377,22.9621,25.77,0
2026-01-08 19:00:00,17.6192,22.1028,23.6849,19.6913,22.7471,27.2952,24.2912,26.8709,33.2133,18.4882,33.0739,18.1621,30.0328,25.8231,18.5616,21.0084,23.4835,31.1252,30.1959,19.5394,20.2064,24.714,24.8795,26.158,23.765,21.641,28.4778,23.1625,19.7638,29.303,28.5652,18.3301,24.954,22.7108,32.3923,20.3396,27.8848,34.3185,31.7483,20.0098,22.5645,29.7154,20.6946,22.0723,33.7533,24.4112,25.5293,19.6719,26.9436,27.3132,36.28,0
2026-01-08 20:00:00,18.271,23.5668,26.6793,21.5153,25.2621,27.8636,26.3561,28.0471,33.0528,19.9853,34.0038,19.3063,32.25,27.3211,21.9375,23.4596,25.4691,31.2749,31.3962,22.2488,21.8147,24.7044,28.1432,28.4892,27.7052,21.1051,30.2397,25.5413,21.6554,32.3655,30.2707,20.7979,26.7848,23.0568,32.569,24.2909,28.7546,35.6673,32.5374,21.0832,23.6964,29.7636,21.1588,21.5969,34.7918,26.7632,27.5728,23.3477,30.4452,28.2612,36.6,0
2026-01-08 21:00:00,19.4086,25.9319,29.082,23.1751,28.7837,29.5475,28.2797,29.4515,33.5323,20.5536,33.2286,21.8306,32.6637,28.1231,23.6633,26.4858,28.7629,33.2285,33.2422,25.3626,24.1975,29.4571,30.2848,30.1401,29.6648,25.8313,30.1087,27.6702,25.5289,33.7029,31.981,21.091,27.6207,26.2763,31.876,21.3864,29.23,33.3196,36.7121,24.1777,27.6372,33.7317,23.9964,24.7851,34.4369,28.36,28.5695,24.2701,30.388,33.9611,34.17,0
2026-01-08 22:00:00,21.7786,27.2072,31.3166,26.6535,29.3616,31.8472,30.4666,30.8941,32.8432,22.8811,31.538,23.3905,32.4895,31.235,25.024,25.8515,30.3493,33.7295,33.3886,26.0082,25.664,30.0238,30.8283,32.4937,34.2403,24.9124,32.396,28.455,26.6694,33.7854,33.9062,23.1683,28.7912,28.4712,31.0056,26.3659,32.6182,33.9368,34.8277,24.2499,27.4166,36.4981,25.3134,26.6017,35.0318,30.9788,30.2704,26.1789,32.4644,35.6605,36.66,0
2026-01-08 23:00:00,24.4765,29.5273,31.6719,26.8391,30.0754,33.3416,31.6513,31.1716,31.2411,26.2855,31.5522,24.849,34.5118,33.4057,28.4323,29.3092,32.0017,32.7559,35.1571,28.6621,28.5287,30.8561,31.7739,32.1159,31.2359,29.0141,35.2228,31.6392,30.357,32.6192,34.8623,26.6784,31.9261,28.8919,29.2167,26.41,33.5731,33.8328,33.8454,27.552,28.4817,36.7844,28.1105,27.474,33.4488,34.535,31.4993,28.651,35.4163,33.9408,43.59,1
2026-01-09 00:00:00,26.2311,30.3783,31.7323,30.2344,31.6677,34.4428,32.3052,32.4714,31.344,26.9657,27.8718,27.3336,32.4844,34.3297,29.1994,32.0023,33.1928,31.3587,33.6173,30.8467,30.0248,31.3802,35.9842,35.1963,32.6702,30.0027,34.0941,32.3604,29.9117,33.3194,32.2994,27.7466,31.9291,30.8801,27.37,29.1229,33.3462,32.5534,32.1896,28.1107,30.895,33.2188,27.343,32.1587,34.2827,34.663,36.9516,29.6362,35.6312,34.0453,48.4,0
2026-01-09 01:00:00,27.4864,32.2347,33.4422,30.9361,32.5269,33.4174,32.6068,33.313,29.3453,29.0612,26.8039,29.1676,33.178,33.073,31.078,31.9414,33.5208,28.8112,31.311,31.4845,32.474,35.1109,33.6513,35.4076,34.5845,33.0446,34.1547,32.8422,29.6884,35.943,31.1876,29.7726,35.7521,32.5801,22.6032,31.3663,35.6697,29.6332,32.8185,30.5095,32.3569,34.0411,32.1789,33.7963,31.3938,34.7185,33.0489,35.2247,35.7773,34.1823,58.31,1
2026-01-09 02:00:00,30.0272,32.9416,32.5062,32.2005,32.078,33.3872,33.03,32.7444,28.6119,30.4507,25.4836,31.0976,31.6025,32.6989,32.4327,33.9966,33.9984,27.9022,30.2818,33.1958,33.6822,34.8076,32.8164,34.239,33.498,33.4587,32.3419,33.1901,33.227,33.2476,31.2507,32.5736,35.0592,31.7904,23.944,33.7751,34.1929,29.2417,28.9397,33.2464,33.0152,35.7265,33.6715,30.3569,30.3347,32.8634,33.8477,32.3385,34.3652,34.3587,65.2,0
2026-01-09 03:00:00,31.6063,33.9831,31.4335,32.5329,32.769,30.5162,32.9209,32.3748,24.275,31.6915,22.2227,33.0468,29.3328,33.9874,32.9512,34.0751,33.0435,26.2455,28.9764,34.4624,33.875,32.92,33.3566,32.5922,32.6273,35.5632,29.1119,34.8561,35.6669,30.4459,30.378,33.1224,34.1562,34.6303,19.9504,34.1882,32.5489,26.7076,27.807,33.9507,33.4002,30.7588,34.631,34.3555,28.0172,32.0012,34.8405,33.9605,32.5684,34.3522,62.78,0
2026-01-09 04:00:00,31.9808,32.5445,30.5106,33.9084,32.6865,31.0529,31.5375,30.4773,23.4688,33.8055,21.1002,32.7462,28.2721,32.5133,33.6788,33.3871,30.2447,23.9436,28.0834,33.4822,33.3767,33.2585,31.3628,30.5011,32.9439,34.9724,29.1938,31.6486,33.903,27.4878,30.3635,34.252,33.836,35.675,18.704,33.5068,30.4146,24.6466,28.3922,33.7791,35.6863,29.2326,33.0313,33.8877,28.6599,32.3827,32.476,33.7885,32.5279,36.6825,82.11,0
2026-01-09 05:00:00,33.05,31.8136,29.1248,32.5543,30.2794,26.698,30.5171,28.4055,20.1239,31.5945,19.7081,32.9071,26.4952,30.0424,34.1244,32.9409,28.9973,21.9369,26.0976,32.0238,32.7706,30.82,28.7169,28.9969,30.1956,33.4811,28.4293,33.9446,31.8223,24.7592,26.6942,33.3384,32.2872,31.7602,18.839,33.1335,31.1741,21.0148,22.315,35.2248,35.4243,24.8456,33.328,32.9342,26.2714,30.5859,34.1748,35.2773,32.1248,28.2635,71.02,0
2026-01-09 06:00:00,32.989,30.5333,26.9759,31.9731,30.0695,25.497,28.8266,27.1417,19.5208,32.7596,17.5487,33.4212,22.6249,26.4417,31.4768,32.2411,30.2854,19.8991,22.4756,32.9153,31.1617,28.7197,28.2977,26.0546,27.7297,33.5989,24.0318,31.1995,30.4874,26.103,25.2104,34.5749,30.0836,32.8458,17.7586,31.1013,25.5653,20.9302,22.3857,32.7934,32.9517,26.1675,32.495,30.4614,21.2374,29.4451,29.0117,31.5433,30.9397,28.217,64.25,1
2026-01-09 07:00:00,31.813,28.4362,24.0149,30.8038,27.8381,24.0727,27.0825,26.489,18.8768,32.4605,17.4579,32.1229,20.2849,25.2457,31.4992,30.018,26.6547,20.568,20.1621,31.6024,29.6786,26.7021,24.9484,24.8656,27.3167,30.844,24.0035,28.6762,32.0447,24.1254,23.3848,33.178,29.2185,30.8919,18.7885,31.2151,24.3001,22.4918,20.5321,31.6345,30.0339,23.1782,33.013,31.3304,22.8375,28.6639,28.2563,28.8399,29.7514,25.5423,73.82,0
2026-01-09 08:00:00,31.5394,26.2786,23.6775,28.3441,25.0478,20.746,25.2843,22.5745,16.0856,32.2386,17.2745,30.662,17.933,22.7898,29.5815,28.3582,25.3673,18.753,18.5256,28.8499,29.2462,25.0181,25.2139,23.0296,24.8829,28.0711,19.6003,26.5641,28.0619,20.9455,19.9741,32.3009,26.3141,27.7946,19.7345,29.4283,22.3633,19.3748,19.7244,30.8112,28.2629,19.889,31.9292,29.4574,18.547,23.008,26.6739,30.8181,26.4101,22.9742,67.06,0
2026-01-09 09:00:00,30.1603,25.3313,21.9455,25.5433,23.3244,19.4183,22.4797,20.9933,17.1691,28.6148,17.4109,30.4828,19.9208,23.105,27.6333,24.8055,22.2612,18.473,18.5788,25.6061,24.9548,22.8157,22.2493,20.0929,22.2022,26.7225,19.8436,24.7703,28.5799,19.0977,21.2942,30.5931,26.7645,28.9685,19.3683,29.8813,21.5289,17.9198,18.0635,29.3315,24.2614,20.6545,28.243,26.8945,21.4236,22.4752,23.7273,30.8646,22.3359,21.2818,67.46,0
2026-01-09 10:00:00,28.6178,22.048,19.9164,24.0211,22.4092,17.9266,19.7504,19.8758,17.284,26.5764,20.4015,27.6505,17.2377,18.8073,26.1376,23.9378,20.691,17.9345,19.777,23.6155,24.4151,21.3758,19.8551,21.0257,20.3887,24.9891,19.2557,23.9542,25.5377,19.7997,17.888,29.5545,21.7447,25.8415,21.6715,25.8843,20.558,19.0564,17.5869,27.2061,25.4202,20.1325,28.9486,26.4497,20.7176,21.173,24.6901,29.5294,18.9147,20.2703,62.78,0
2026-01-09 11:00:00,26.5825,19.978,17.6127,21.698,20.1845,17.4642,18.841,17.7604,18.0686,24.8225,19.5825,24.4286,18.3276,20.0832,23.4138,21.9359,18.8764,17.1396,18.1548,20.2761,22.1903,21.259,18.9575,18.3233,18.4151,19.9058,17.7238,21.6886,21.9949,16.4359,19.8581,26.7815,21.4116,23.9823,23.607,23.825,17.105,20.7517,19.0948,25.0025,22.0388,17.5062,26.8512,24.3867,21.8219,19.9888,19.5458,24.1123,20.4143,19.6597,58.25,0
2026-01-09 12:00:00,23.2299,19.4779,17.3021,20.0209,18.4136,18.1089,17.9853,18.2847,20.1474,23.844,22.6004,24.3583,17.3382,17.7363,21.8382,20.8034,20.2768,20.0097,16.7511,20.0998,21.2574,20.7267,18.9234,16.8717,19.0803,22.6479,20.5147,19.337,22.2963,20.3132,17.9894,22.8145,18.5475,20.8529,27.005,22.6175,17.4477,19.1673,19.1933,24.7058,23.1379,16.3678,23.282,18.9729,19.9255,18.988,18.6518,21.4877,20.4616,19.3556,54.02,0
2026-01-09 13:00:00,21.4446,18.5572,17.1003,18.7711,17.3904,17.3526,16.1736,16.243,22.3565,21.5043,23.5772,21.4416,20.0211,16.5486,20.3828,17.6652,17.8687,22.046,18.4989,20.1607,17.9548,16.7806,17.965,17.6934,17.531,19.6151,17.8689,18.1331,18.5851,19.518,18.3123,21.523,17.6239,17.6694,27.3829,22.3535,18.9287,23.7184,18.211,23.6523,17.9872,19.4727,21.8427,21.1467,20.3642,18.5226,18.1105,21.0178,14.9085,19.5081,39.5,1
2026-01-09 14:00:00,20.3974,16.996,17.6734,17.6914,17.2242,17.7055,18.1664,17.4009,23.4658,18.738,25.1642,20.4764,19.7197,18.4615,18.1513,18.7006,17.1974,24.0057,20.0165,17.5969,18.2766,18.2033,20.0991,17.8592,17.1999,19.5957,18.7327,18.4163,17.0037,18.4183,18.508,20.7879,16.0774,18.7624,29.2978,21.031,18.1635,22.0889,21.9088,20.0125,18.0842,21.3937,17.6478,17.7621,21.9685,19.0809,19.8583,19.4562,16.8916,17.1625,36.05,0
2026-01-09 15:00:00,18.9283,16.8455,18.4757,17.4535,17.0612,17.3463,17.8407,18.3676,25.7776,18.5301,28.0684,19.499,21.0999,18.9227,18.0132,16.8316,16.791,25.2888,21.6167,16.8723,18.0881,18.373,19.9544,18.6837,17.3005,18.1707,20.9487,20.9056,17.121,22.1761,21.4651,19.6929,18.7761,18.0373,30.3969,21.4749,19.6012,24.9803,24.5574,19.8583,18.3138,22.4102,18.2523,18.1981,24.8362,20.3125,20.8382,19.7346,19.3159,19.2734,35.04,0
2026-01-09 16:00:00,17.8948,17.6192,18.9308,17.523,16.8273,20.9799,18.976,20.0327,27.7748,18.7282,30.3313,17.9439,23.8356,18.6645,17.3201,19.7492,20.8727,26.8442,23.9992,18.7157,16.0696,19.596,20.6065,22.5355,20.0905,16.3671,21.7067,21.3519,18.9189,22.3967,25.59,16.9051,18.3649,19.5599,31.8771,16.5421,21.8456,26.9648,25.6761,17.5369,19.1714,25.4909,16.8203,20.8842,24.9628,19.8203,20.1379,18.9741,20.2219,22.5523,25.72,0
2026-01-09 17:00:00,19.1011,17.9882,21.021,17.6483,20.52,23.0441,21.032,20.3559,29.5949,17.5342,32.0909,15.9223,25.6776,21.2505,17.7065,17.9052,20.5486,28.8496,26.7559,19.432,17.4218,20.0498,20.8989,22.8233,20.7224,18.4951,22.9836,20.538,19.8888,23.7132,25.5544,16.9852,21.4112,18.3588,32.2331,18.6885,22.2655,31.1091,29.2942,18.3112,21.5906,23.7027,17.3807,19.1243,25.0925,23.1273,18.6267,20.8434,20.7104,25.6934,18.34,1
2026-01-09 18:00:00,17.4062,19.3086,23.1457,18.9916,20.9931,23.5449,21.5275,24.5208,30.4579,17.7163,33.7051,16.145,28.5799,24.2486,18.3725,18.9527,23.1162,31.0856,29.069,19.0117,19.4129,22.7208,23.5903,25.8468,21.0671,19.2774,25.431,20.0187,19.3043,28.1362,27.4876,19.6094,22.2144,21.8193,33.3753,19.1288,25.8654,29.9686,29.9895,19.521,18.547,26.7276,19.9499,21.6772,29.8608,25.1114,21.1752,18.5514,25.6325,26.2644,27.48,0
2026-01-09 19:00:00,18.2516,21.9299,25.7705,19.9054,23.0354,26.6437,24.2968,25.985,33.1565,18.5385,35.3628,17.8031,29.9505,24.9191,20.2943,21.3321,25.227,30.6749,31.2765,21.474,21.4827,22.8916,26.2653,27.3332,23.916,20.1295,29.4082,23.4052,19.2146,28.0698,28.4567,21.3787,23.7888,21.1053,35.9517,18.2759,28.3742,34.1473,32.4489,18.8191,21.5171,30.364,21.4048,21.4125,32.1701,26.7863,26.1939,18.1808,28.9975,27.1949,23.59,1
2026-01-09 20:00:00,19.2114,23.7534,27.4255,22.7882,24.8205,28.7908,25.9475,28.5069,33.3246,19.9265,33.5491,19.4466,32.0206,28.6295,21.6524,24.3629,26.2104,33.6425,32.3073,22.0753,23.0122,29.4549,27.0902,29.4156,26.9769,22.2066,30.1682,23.8136,21.3778,29.6042,31.6729,18.503,24.0359,24.5615,34.1568,20.7144,29.6662,33.5786,36.4068,22.3242,21.8987,29.7153,23.0062,24.8844,34.2061,30.7744,26.0191,21.982,28.9425,30.391,25.82,0
2026-01-09 21:00:00,20.539,26.2162,29.4175,23.7115,26.4949,31.0193,27.9358,30.7155,33.5816,20.3942,32.4741,21.9692,32.4618,28.6946,23.8412,25.8679,29.1873,33.1745,31.2358,24.583,25.3921,28.602,31.0555,30.7422,29.0058,24.6335,33.8121,26.4509,23.9349,33.0551,32.6581,22.3258,28.4395,24.9065,33.6658,25.1678,33.1644,34.4802,35.8356,22.1861,26.8765,32.1596,24.1078,25.5488,34.8341,30.7965,25.9897,21.8925,28.6556,31.9019,32.8,0
2026-01-09 22:00:00,21.8509,26.8847,30.7035,26.8229,28.7852,31.3671,29.4041,30.7495,32.4091,23.0412,32.3451,23.1852,32.8248,29.709,25.5867,29.0269,29.9325,35.4493,32.6384,25.3442,25.9749,30.8948,30.5399,31.8054,30.7422,24.1946,32.7252,30.1846,25.7835,33.4158,33.4481,24.0083,28.9736,27.8304,29.3966,26.7709,33.7285,35.7523,35.1184,26.4651,27.0722,33.3863,26.5362,27.3482,34.8015,32.6979,33.2297,23.913,33.0111,31.4611,37.52,0
2026-01-09 23:00:00,24.4298,29.173,32.7492,27.2943,29.6446,32.2191,32.4922,30.7738,31.7693,25.1469,30.4433,26.9626,32.998,32.3351,26.3882,29.3346,31.0961,32.7088,33.5053,29.3109,27.5146,30.7356,32.1394,34.5415,32.0303,29.1043,34.5731,30.3352,29.4827,35.1418,34.6045,27.1782,29.8174,28.2772,26.3111,28.8432,33.7667,34.2799,36.2302,28.3359,29.7824,35.8549,25.757,29.9062,36.0229,32.1055,31.0172,29.874,32.2504,33.8571,47.52,1
2026-01-10 00:00:00,25.7219,31.1814,33.0247,29.7467,33.3082,32.9098,32.293,33.8724,30.6253,27.0093,29.5605,26.0058,34.5634,32.0229,29.622,30.8374,33.9638,32.0537,33.3069,30.6759,30.8428,32.3028,33.0153,34.4427,31.9204,31.201,34.4795,31.8383,33.0891,33.6564,32.0074,28.6709,33.3559,31.6628,26.9766,30.7065,33.8969,34.1982,32.8624,30.7215,31.449,36.0989,28.1644,29.9948,32.4156,35.8168,33.151,30.8013,33.1015,34.9688,45.0,0
2026-01-10 01:00:00,28.015,31.709,32.625,31.2636,32.0782,33.8766,33.5919,33.089,27.9959,29.7676,25.9803,29.1686,32.2342,33.6001,31.2966,31.9092,33.4078,30.5049,32.9577,31.6014,31.0815,32.2571,34.5466,33.6175,32.9941,32.627,33.0443,32.7285,33.3179,32.9763,33.3793,30.997,32.3194,31.7501,26.747,29.7929,36.4068,32.3961,31.4699,32.4492,33.2332,34.64,31.404,32.2918,31.47,37.3824,33.2371,30.6834,36.1822,35.8402,65.52,0
2026-01-10 02:00:00,29.6888,33.2482,33.6599,32.6756,32.5562,33.0789,32.0174,32.148,25.9323,30.5156,26.5366,30.4702,29.16,33.3023,32.7002,32.8798,33.9912,27.957,30.8162,33.1192,32.4241,35.1534,32.792,34.2223,34.9821,32.9394,31.6614,33.0308,32.2657,30.0849,31.0998,29.1331,31.759,34.4992,21.9848,31.8181,32.8083,32.5531,28.443,35.1592,33.8273,35.0166,33.9218,34.874,33.7431,34.6635,33.3037,35.5185,36.1612,36.4016,56.84,1
2026-01-10 03:00:00,31.4525,33.7224,32.5026,33.5696,32.7229,31.2785,33.5031,32.3758,24.5931,31.9982,23.4037,32.329,28.5228,31.9711,32.817,32.4388,33.3749,26.9199,29.0547,33.495,34.5774,32.3442,31.0424,33.6781,34.2266,35.844,29.3815,33.7147,33.2538,31.3728,30.9911,33.027,35.5509,35.0528,20.9864,33.3462,32.1923,28.6815,29.4446,34.4131,33.1908,32.8072,33.4755,35.7084,24.4294,30.7588,36.4594,35.2052,33.0618,35.9537,66.13,1
2026-01-10 04:00:00,33.648,32.3611,30.6242,32.3612,33.0397,30.3701,32.4412,32.2641,23.3008,32.1896,19.7089,34.3494,27.0077,32.8127,32.5938,32.7804,32.5348,24.7359,27.2252,32.8882,33.8513,32.2958,32.5482,31.0766,32.6645,34.4382,30.0109,34.3294,33.4425,28.9737,28.337,32.8361,32.723,34.0598,17.6468,35.3318,30.5019,25.3019,28.2335,32.4824,34.4818,30.118,32.6957,33.2739,28.3969,33.988,34.2524,35.2025,33.2204,29.3239,68.18,0
2026-01-10 05:00:00,32.0031,31.7938,28.9716,31.9182,31.0727,26.4075,30.4063,28.8449,20.6077,33.633,18.8504,34.7752,26.2532,29.7309,33.7629,31.5213,29.2261,23.3194,24.7075,33.3973,32.5734,30.9692,29.4247,30.4282,31.0517,33.0245,28.7003,33.3021,33.8406,28.2764,26.3978,33.1749,30.1889,32.611,18.6904,34.2543,29.6665,23.2278,24.8579,34.6023,32.6815,28.0337,33.5251,36.3498,25.5504,32.7835,33.3068,33.7513,28.8329,29.7693,74.37,1
2026-01-10 06:00:00,33.3196,31.1994,27.4926,30.7176,28.7187,26.3243,28.4283,27.5762,18.7571,33.7788,18.7999,33.3069,23.5919,28.5074,32.2319,31.8331,28.2423,21.2773,22.9768,31.6788,31.3737,29.8208,26.9003,26.4242,29.6264,31.2103,23.7195,31.4895,34.0547,25.7223,23.5557,32.5455,29.5264,32.6832,18.1532,34.4414,29.9414,23.5627,23.6731,33.369,33.6737,24.1536,32.5789,35.406,22.8204,29.2417,29.476,31.2979,29.2439,30.2979,75.08,0
2026-01-10 07:00:00,31.5727,29.6614,25.5214,30.8312,28.3181,23.0555,26.8333,24.2158,17.6948,32.09,18.4011,33.2055,20.2511,26.4991,31.3055,30.8018,26.4501,19.3778,22.0505,30.3115,31.0818,26.1893,25.1348,23.9258,25.5698,29.6611,22.9494,30.6681,30.3622,23.2523,24.2904,33.4393,27.9358,31.7448,15.9827,34.4919,25.3698,20.3488,16.8151,31.2089,31.1283,21.1045,30.3911,30.1467,22.3996,26.1415,29.0414,32.1041,25.8186,27.1346,74.81,0
2026-01-10 08:00:00,31.112,27.1227,23.2977,28.4379,25.947,22.8608,25.9561,21.7027,17.221,31.6561,16.5152,31.5436,21.2399,25.0725,29.2786,27.8422,23.9387,17.5117,19.462,27.2836,28.878,26.1324,25.4407,22.4609,24.6406,29.6941,20.7847,25.606,30.7119,20.3038,20.4856,32.3185,28.0553,28.5435,17.9729,28.5415,22.673,19.6178,22.1993,33.2222,27.8255,20.2956,34.2314,28.9785,20.8503,26.6178,26.5449,31.2371,22.3804,25.1883,72.7,0
2026-01-10 09:00:00,30.439,24.9584,21.4179,25.6238,23.7524,19.3573,21.3293,21.5368,17.1038,29.3466,18.3655,28.9999,18.2432,20.804,27.5655,25.0396,22.98,17.0437,18.4061,26.4567,25.5404,24.4487,21.2358,21.0382,21.4949,28.0294,20.5041,25.4079,29.303,19.213,19.0841,31.0258,22.721,26.1895,19.0841,28.427,21.5403,20.0077,18.4508,29.3931,30.3389,21.0211,31.0392,27.5488,16.9667,24.5724,24.1732,28.4572,21.1249,21.0411,72.9,1
2026-01-10 10:00:00,28.092,22.1247,20.5156,23.9081,21.8996,18.0952,21.1159,19.7093,19.1756,25.7612,17.3862,27.9217,18.5711,18.6825,25.1407,24.135,21.8048,19.197,17.7961,24.3242,22.7814,20.7857,20.0945,21.057,19.7462,25.337,18.4557,22.5665,24.5695,19.2763,20.471,27.9354,21.1272,23.133,20.1364,26.3736,18.2587,18.1499,21.5168,25.8605,27.2728,18.5702,24.6446,27.186,17.3349,21.5535,24.0522,28.4034,21.4974,19.6023,63.13,0
2026-01-10 11:00:00,25.4781,20.8971,18.8619,22.8299,21.201,18.0293,18.5064,17.8624,19.2991,25.4285,20.1117,25.4852,16.6392,20.0771,22.66,21.5665,20.4553,18.4348,18.8985,21.7447,24.3033,19.8008,18.5156,18.1286,19.7982,23.1222,19.5324,23.5739,22.5364,18.1259,18.8714,27.912,22.0908,22.9139,23.0622,23.4333,18.6776,18.0626,21.1776,24.8794,26.3295,19.423,22.6381,24.2982,18.2592,21.5164,21.141,23.1686,17.5282,20.5533,62.02,0
2026-01-10 12:00:00,23.5784,19.4192,17.5337,20.1676,19.7394,17.6601,17.9723,18.6028,20.6183,23.27,22.7216,23.7328,16.131,18.3279,21.893,20.778,17.9885,21.2325,17.2547,21.1911,19.6656,19.262,16.965,18.3524,19.402,20.9948,17.6517,19.6642,20.7624,19.7952,15.976,23.2024,19.0659,22.192,26.6057,23.0426,20.5579,21.0086,20.9218,26.6358,20.9075,16.3121,22.1703,21.2974,16.7257,18.0371,21.2243,26.0547,18.6179,18.2749,43.0,0
2026-01-10 13:00:00,22.2896,17.8264,17.6431,18.6465,17.141,17.0894,17.2179,16.1526,22.4251,21.5287,23.507,21.1833,17.8337,17.6373,19.3876,17.9036,17.9693,20.2549,20.7766,17.3847,19.8353,18.2394,17.1656,19.0697,17.7974,20.3207,17.2041,19.6046,19.7665,20.2726,20.366,20.6957,18.9405,21.2776,27.3214,24.3139,19.3426,21.194,20.9125,23.6352,18.868,20.159,19.4849,18.5264,20.9249,20.5939,20.3113,21.5972,20.4648,17.2562,34.79,0
2026-01-10 14:00:00,19.7537,16.9265,16.7719,17.332,18.1726,18.2469,17.0316,16.8902,22.9132,19.9651,24.9056,20.2117,17.8336,17.6439,18.746,17.166,18.0891,24.6795,19.6064,17.8586,19.739,16.9198,16.9049,19.0038,19.7189,17.925,18.9548,19.2526,18.2961,19.6412,21.7218,20.9075,17.7119,18.9765,31.4265,18.376,20.6629,25.5658,23.3228,21.2907,20.0949,19.4878,23.3445,16.5571,23.465,19.3845,18.2061,21.8082,18.5474,19.6202,38.01,1
2026-01-10 15:00:00,18.7776,16.3971,18.3363,16.636,17.6182,19.4658,17.7709,18.2468,24.8427,18.0217,28.1437,18.9715,23.6628,18.2455,18.1623,18.212,18.7682,24.0131,21.8404,18.0917,17.9924,18.9233,19.8737,19.1196,18.8979,18.0911,20.4712,17.7137,19.128,21.5343,23.1091,18.5865,20.7747,16.6678,31.3276,19.4365,21.5041,22.6069,22.6741,20.0691,20.0667,21.2444,18.0527,19.1452,26.1231,19.3294,19.5885,20.6714,17.9071,20.1939,33.63,0
2026-01-10 16:00:00,17.6547,16.5363,20.3671,17.9021,18.4096,20.9583,18.0341,19.7298,26.9804,18.7122,29.4726,18.3727,24.2091,20.3799,17.1113,17.8773,18.5452,26.5384,25.072,19.7638,17.3536,20.6073,20.3273,19.8386,19.0216,18.1377,23.1471,19.5519,16.532,22.3947,23.9375,19.1498,17.6186,17.9356,33.5001,17.1194,20.9007,27.1559,28.4033,17.4783,18.9812,26.3399,19.1874,21.2978,26.6717,21.1708,18.9083,17.1813,21.1461,23.242,26.21,0
2026-01-10 17:00:00,16.7629,17.3266,20.865,18.7129,18.2993,22.3274,20.8448,22.6562,30.5372,17.3428,31.9254,17.7059,25.4311,20.2001,16.9096,19.4578,22.2831,29.3035,27.4136,17.2468,17.1822,21.98,24.2739,24.1042,20.2443,19.1065,24.2022,20.6407,18.1985,25.1902,23.9813,17.4948,20.6138,20.5739,34.5909,16.4305,25.9996,30.1825,25.9866,17.3221,16.5979,29.048,18.1026,19.3653,27.5968,23.7919,19.572,16.3523,24.2908,24.3515,25.81,0
2026-01-10 18:00:00,18.2282,20.0517,22.427,18.2022,20.8177,24.9362,20.8106,23.6925,30.8626,17.5014,31.9869,18.8558,28.5227,23.604,20.631,19.2695,23.3374,31.5693,27.3098,19.6541,18.2566,22.8382,23.1429,23.9023,24.198,18.6691,27.1384,21.7889,20.2036,28.4404,27.2537,17.8309,23.6105,21.351,36.1997,18.6513,23.467,30.7972,30.733,19.804,19.2251,26.8163,17.8349,21.0083,30.9141,25.0028,20.7296,18.4132,23.3457,28.6506,29.3,0
2026-01-10 19:00:00,17.9947,21.5427,24.602,21.0549,22.3288,27.5812,24.3029,25.6163,31.5878,18.9424,32.7299,19.971,30.1855,26.0993,19.5553,21.9899,25.3763,32.7414,29.4302,21.5887,21.4403,24.9965,25.0732,26.655,25.3478,19.9085,27.9059,22.1644,22.2882,28.8067,27.7052,18.5132,23.3139,20.7546,33.3202,20.9776,28.175,34.8902,34.636,22.1377,22.6375,29.9259,21.9731,22.2298,32.1827,29.2436,24.2421,20.8626,29.1136,26.361,28.53,1
2026-01-10 20:00:00,17.6663,23.1723,26.4328,21.7589,25.3721,27.9353,25.8368,26.9596,32.8668,19.6894,31.9577,19.2373,32.0675,27.9551,22.1459,24.0154,27.6782,31.5201,32.1666,22.9934,24.2633,25.9979,29.4446,29.0778,27.9866,22.7596,30.287,23.198,25.5461,30.7907,30.1641,19.6825,24.9298,26.1973,33.9987,22.7692,27.2127,34.3917,34.7106,20.1881,23.0766,31.8043,22.9838,21.5068,34.7076,30.4434,25.0973,21.9281,30.5473,29.9465,27.03,0
2026-01-10 21:00:00,20.3013,25.3372,28.5482,24.365,27.5986,29.9245,27.3323,30.4001,33.1869,23.1173,33.1179,21.847,33.6542,29.2759,25.1372,24.3803,29.1392,33.172,35.0946,23.8624,24.5967,27.5547,30.9215,32.0899,26.6535,24.9217,31.3336,29.0723,23.8119,31.3566,31.3615,22.1573,28.7829,24.6467,31.1371,26.3701,29.4206,33.7721,32.4629,23.1659,24.196,34.3311,23.8702,27.9682,34.3946,29.0099,30.2444,25.1965,31.8269,32.5674,33.11,1
2026-01-10 22:00:00,21.6747,27.6828,30.4611,26.9625,27.6721,31.8574,30.0559,30.5202,33.1761,23.0966,31.9472,24.5825,33.162,31.0282,26.2927,27.7109,29.645,32.636,34.7416,26.6271,26.5407,30.232,31.9366,33.3025,31.3305,26.7967,32.4117,28.5409,26.5929,33.0301,32.9404,24.3545,31.0385,27.5521,32.7434,26.6123,34.1372,34.885,32.8018,25.6021,27.7501,33.6306,29.236,26.8081,36.0297,33.6767,32.5999,26.0652,33.7565,34.0256,40.54,0
2026-01-10 23:00:00,24.4824,29.3635,31.1843,28.0823,30.611,32.131,30.4578,31.6109,32.2883,25.559,29.8234,25.8109,32.8249,33.3587,27.4912,27.9917,31.8794,31.8514,33.5021,26.8694,29.702,34.0034,31.774,33.509,32.0014,26.0731,35.2681,31.7707,26.8644,34.8242,34.3581,25.3168,30.6838,30.5796,27.5409,28.3706,33.1083,32.1982,33.3058,26.7657,25.7973,33.5817,28.41,28.809,34.1998,35.1062,32.7097,28.2666,34.2776,34.7066,38.61,1
2026-01-11 00:00:00,25.7156,30.3137,32.816,29.7931,32.6351,32.0987,32.5868,32.8836,30.218,26.8634,29.0774,27.6883,33.6904,33.6722,29.6032,32.5085,31.6668,31.9445,31.1246,30.852,30.218,32.5452,35.3224,35.0862,32.1026,31.0282,33.3126,31.7577,29.9134,33.8419,33.6669,26.8986,34.6847,31.6193,27.1975,31.3209,35.9873,33.5619,33.2117,29.2028,31.0442,34.9093,29.4695,32.3586,35.6237,35.3978,33.7928,28.4544,35.2851,32.2974,46.78,0
2026-01-11 01:00:00,28.0825,32.7098,33.6245,31.9362,32.7269,33.782,32.2616,33.4177,29.5414,29.9367,27.6978,27.7787,32.7249,34.9278,30.6398,31.4951,33.9574,28.6366,32.3476,31.0119,32.5491,34.134,33.8554,35.2949,33.9061,34.84,33.2653,35.6004,30.6641,32.2588,33.0696,30.7484,33.9705,32.6918,26.5341,32.2949,31.6828,33.0681,32.8279,29.9412,32.6815,33.9468,34.4655,32.188,32.8395,33.4981,34.4381,31.1261,35.0637,32.0173,60.16,1
2026-01-11 02:00:00,30.2078,33.074,32.3777,31.886,33.6328,31.0739,33.5406,32.4526,26.6815,31.2156,24.7202,30.435,30.7962,31.9951,33.2715,33.2205,33.4816,29.4843,31.1731,33.6922,33.3427,34.2277,33.2434,32.8767,34.9903,34.2671,33.7698,33.4808,33.0373,32.6786,32.2387,32.3036,34.9069,33.9964,21.2715,33.2728,33.6669,29.3836,30.7236,33.2083,34.6075,33.8355,33.8306,32.4083,30.1334,36.2149,38.2861,32.7171,35.8878,32.8568,55.58,0
2026-01-11 03:00:00,31.8642,33.2127,32.9746,33.7511,33.2178,31.0663,32.1843,32.4941,24.9314,32.0529,23.0244,31.8985,30.6252,33.3264,33.8051,33.6445,33.0638,27.2392,28.7493,33.1805,33.4271,33.1235,33.9597,31.909,35.5567,31.9494,32.0707,34.211,33.8731,30.8838,32.7622,33.978,35.9047,35.5771,21.7185,33.9246,31.1702,27.5383,26.6095,34.1375,35.3605,30.1856,36.4699,36.0638,28.6005,34.2442,37.6072,35.0879,35.5995,34.2143,63.32,0
2026-01-11 04:00:00,31.8243,33.1364,31.1703,33.1847,32.4919,30.2324,31.5072,30.4835,23.4485,32.501,21.1622,34.1277,26.6534,30.7706,33.1987,32.5875,33.0783,25.9064,26.3434,33.0401,33.7471,33.956,31.5743,31.5481,32.4288,33.6076,31.2506,36.118,34.6048,30.3462,31.6956,32.8078,34.3973,36.4785,18.4791,35.2397,30.7508,24.0416,26.6767,35.3244,35.0325,28.953,34.6654,34.8844,28.0283,31.2096,33.8634,35.9273,31.1197,29.1823,66.8,1
2026-01-11 05:00:00,32.8041,31.3416,29.8293,32.2418,30.9212,28.0655,30.5601,29.6436,20.6514,32.4916,18.5378,32.9395,24.2188,29.7332,32.4895,34.0943,30.2178,21.5946,25.1481,33.2686,34.8023,32.6866,28.8243,30.667,29.9532,33.3556,28.0643,31.0025,33.2138,26.94,26.7517,33.3643,32.3443,33.8764,21.5907,34.8822,31.2413,22.5107,24.781,34.3295,35.0786,28.2249,30.5384,35.4721,23.1628,31.5297,32.7545,34.5939,29.5803,31.2433,77.82,0
2026-01-11 06:00:00,32.7198,31.0768,26.9702,31.1963,28.7505,25.6174,28.1072,27.3138,19.0987,33.4526,19.7371,33.2515,23.1799,28.9625,31.4539,30.7404,28.5902,19.8971,22.1472,32.2613,32.6562,31.9711,28.0568,26.307,28.0523,32.2507,24.8567,32.5687,32.9814,23.912,25.5497,35.0098,29.996,31.5996,16.1736,33.16,29.515,23.0177,22.6326,35.0507,32.5409,25.026,31.9006,32.5797,22.8211,30.7258,31.9775,34.204,28.078,27.7999,70.66,0
2026-01-11 07:00:00,32.0756,28.6222,25.7525,29.2791,26.9126,23.0927,26.5683,26.082,18.6872,31.412,17.2592,33.2378,20.4907,25.0489,32.0177,29.4308,26.8092,20.1938,22.7835,31.2966,31.5998,26.7418,25.2014,23.0982,27.7538,29.8938,25.5822,29.5065,31.1063,24.0667,22.2227,34.3285,32.0462,30.8833,16.8137,34.0083,25.8481,20.1118,23.6471,33.5836,29.2952,20.8919,34.381,30.9713,22.822,25.8653,27.9619,34.0579,25.6819,25.6707,77.32,0
2026-01-11 08:00:00,32.2794,27.2078,22.5877,27.9703,25.954,22.0025,23.5505,22.5562,16.9834,32.0469,17.9477,30.8581,19.8306,25.4051,29.6601,27.1591,23.1596,19.2578,20.9466,28.4431,27.9218,25.7951,20.9957,23.5297,23.7109,28.4794,22.1918,28.2962,28.0501,20.1612,22.2285,31.6001,25.9448,31.21,18.012,31.6518,21.2431,22.0778,20.2903,33.3258,29.4204,23.5979,30.5772,30.1325,20.7482,23.7977,25.0369,34.9685,26.2165,27.0696,70.24,1
2026-01-11 09:00:00,30.0873,25.0425,21.7541,26.1156,23.4611,19.4283,22.8896,21.5227,17.1188,28.6055,18.45,30.0502,17.6858,22.6658,27.8024,25.0839,22.4642,18.9548,19.0877,26.5547,27.7501,23.4498,21.1122,22.4309,23.3377,28.3497,19.8779,25.0954,25.3257,18.3584,19.3738,29.3487,25.1512,27.7908,19.2571,29.8909,19.9582,19.5088,19.9793,29.6068,26.1703,19.9486,29.8792,28.2521,17.5788,24.0904,23.6237,27.8575,20.4442,25.0166,74.79,1
2026-01-11 10:00:00,27.4069,22.0327,19.6718,23.5655,21.4071,18.8128,21.773,18.2016,18.1169,27.4456,18.7318,28.0692,17.3717,20.5612,24.9019,23.4993,18.7878,18.8366,17.9807,23.3179,25.2454,20.849,19.7984,19.7557,21.2429,26.0765,18.9654,25.1643,25.6939,17.6482,18.0844,27.7233,23.404,26.3367,22.7972,25.5437,20.2332,17.4048,21.0584,29.1841,23.4562,19.069,29.0457,24.8,19.3143,21.9015,23.133,27.066,21.8899,19.8265,63.01,1
2026-01-11 11:00:00,26.5198,20.9827,18.5836,22.1342,19.5301,17.792,20.9049,20.1102,20.0147,24.8875,20.6569,26.5561,19.0061,18.0614,22.3237,22.2393,18.9015,18.6204,17.2515,23.8714,21.2764,19.2971,17.9273,21.1794,19.7133,23.1701,18.451,20.7219,24.8364,17.6309,20.6011,25.3615,21.7321,23.7732,26.2318,23.9623,18.0593,22.3427,20.2053,25.5863,24.0326,22.1586,25.6684,22.6326,17.2335,21.2487,20.4549,25.0473,21.968,20.9275,60.74,0
2026-01-11 12:00:00,25.0579,19.3027,16.7807,20.6192,18.2652,17.3692,18.0715,18.0328,20.3692,23.4558,22.1419,24.3149,17.6974,17.7905,22.3442,20.1412,19.0599,19.1231,18.2876,19.9518,21.3709,18.918,18.7927,17.2516,16.9872,22.4118,17.9133,20.0871,24.0062,16.2759,16.8601,25.3027,22.1882,22.1873,27.5215,24.5,19.4088,18.7284,19.3839,24.6854,19.6593,21.7614,22.2698,23.1475,20.1368,19.3518,22.5101,22.3831,18.3744,19.2501,51.84,1
2026-01-11 13:00:00,22.4771,17.9643,16.6268,18.7342,18.2012,16.9932,17.909,17.1536,21.9879,21.5152,22.9274,22.3261,18.349,17.3153,19.9638,18.1209,18.1678,21.6628,20.7325,20.0142,18.9617,17.6483,17.2243,17.3595,17.7343,19.2523,17.1671,19.9221,20.8254,17.0473,16.1913,23.2696,18.8633,19.7816,28.502,22.2429,20.748,21.5652,23.0984,23.745,21.0325,20.8956,21.6675,20.9071,23.0489,22.5056,17.3458,21.2956,21.2584,20.4424,41.73,0
2026-01-11 14:00:00,19.3475,17.2048,17.6966,18.1856,17.0172,19.3023,16.1941,17.563,23.9894,20.1393,25.7954,20.2935,21.2456,16.8427,19.4007,17.9432,17.2831,22.4849,21.4821,19.0316,17.0111,17.0267,18.7053,17.9011,16.7118,18.4709,21.2422,17.438,20.3731,20.8957,20.8233,20.8788,18.3032,20.5327,30.2,17.9508,18.0661,24.109,22.7626,22.0299,17.4888,19.3465,20.4217,19.8126,22.8554,18.681,17.0976,21.4713,21.1858,19.0808,37.45,0
2026-01-11 15:00:00,18.4173,17.0506,17.5944,16.7784,16.6037,19.4048,18.7673,18.4741,24.9802,17.4721,27.6414,17.5532,21.3109,19.397,17.5852,16.5596,18.3487,24.9871,22.6714,18.2527,18.06,18.4683,17.8642,19.7847,18.198,17.8431,20.9295,18.3566,18.7876,21.3635,21.0806,18.7222,20.3636,15.1162,31.1754,19.2549,19.2858,26.3224,24.0173,19.1442,18.3847,24.2317,18.761,16.2014,23.0866,20.8969,16.4814,21.1825,19.8674,18.6818,32.36,0
2026-01-11 16:00:00,18.2938,17.9215,19.6253,17.8137,18.5763,20.5657,19.2848,21.2114,27.8477,17.1877,29.6196,18.003,23.5715,19.4489,17.4513,18.9282,18.4479,26.6592,25.3058,17.7416,18.486,18.2336,21.1954,21.2955,20.8156,16.5649,22.8989,17.592,18.647,23.207,22.5897,17.6671,19.0891,19.2978,33.718,19.7074,20.464,27.2414,26.2199,18.1295,18.1411,21.9015,16.9842,19.3179,26.4753,20.5439,18.8327,19.5116,22.964,22.0763,26.5,0
2026-01-11 17:00:00,16.7377,18.6985,20.2335,17.8287,19.2118,22.7661,19.9044,22.3142,29.6455,18.1085,30.5773,17.5656,26.624,21.2453,18.5034,18.3469,20.8199,29.2247,27.0631,18.2295,18.7178,20.2107,20.7572,22.2514,22.6622,18.3614,26.86,19.2219,19.0119,25.3607,28.3988,17.6709,21.4349,19.8936,33.8835,17.525,23.4616,30.0438,30.9893,20.017,21.0397,26.5157,18.4792,20.0498,29.0986,20.8403,20.3212,19.3928,22.2607,25.152,29.4,0
2026-01-11 18:00:00,17.3481,19.7632,23.3886,19.6859,20.9588,24.1668,22.7787,23.3995,31.4894,18.1421,33.4794,18.2614,28.9439,23.1902,19.3361,19.6665,25.0887,31.8517,28.9697,19.5967,19.5651,22.7256,21.6676,26.1307,23.4939,21.2785,26.0782,23.8458,19.8499,28.1362,28.2507,17.606,22.2247,19.4926,34.7265,20.7771,25.8822,33.4984,32.0654,18.6492,21.4688,27.8013,19.4682,20.1699,32.3096,24.575,22.33,18.1984,23.8318,25.7417,35.04,1
2026-01-11 19:00:00,18.0719,20.6653,24.289,21.6563,23.8011,26.4938,23.8226,24.958,32.554,16.7116,34.4837,18.0838,31.0212,25.1839,20.6756,20.1026,26.1946,31.9298,31.3308,19.4622,20.8737,24.2376,27.1775,27.3846,24.7491,22.5962,29.5178,24.252,22.1202,28.6241,29.386,19.6522,24.9494,22.5173,33.4305,20.8514,27.9376,34.9608,34.1746,21.5197,21.1559,29.4631,18.7581,22.8941,33.9894,26.4287,24.2563,16.6184,26.8665,29.2832,26.32,0
2026-01-11 20:00:00,18.2413,23.7085,27.3643,21.7849,24.883,30.2021,25.7807,28.6193,33.4541,19.9805,34.161,19.6157,31.0797,27.8452,21.4711,23.2158,26.7795,32.8062,32.4531,22.993,25.2817,26.2098,27.2426,28.1265,28.9988,22.9325,29.8775,25.5327,22.729,31.9308,30.4652,21.5142,26.7778,24.7026,32.1658,24.2632,31.0279,36.5639,34.7443,20.116,23.9041,32.4492,21.0168,22.9885,32.2637,31.4417,25.4585,22.468,31.6121,31.9919,31.22,0
2026-01-11 21:00:00,20.1774,25.915,29.35,23.8227,27.1495,29.9935,28.4139,30.2683,33.1733,20.6385,33.9544,21.2315,33.24,28.9019,24.1373,27.0843,28.8931,33.645,33.8631,26.3887,23.9567,30.2053,31.6846,31.5493,28.828,24.5915,32.592,27.3091,25.1609,32.8861,33.2291,23.1927,27.5576,24.0166,32.4437,24.1902,32.1805,33.6666,34.819,24.0674,27.9168,34.3329,23.1485,26.449,34.1846,31.4835,26.9325,25.634,30.8266,33.6871,34.44,0
2026-01-11 22:00:00,20.3374,28.8193,30.2904,26.0177,28.2295,31.8163,29.2738,31.7686,33.0695,22.8693,31.859,22.5384,33.0801,31.8806,26.6081,28.2792,29.7532,32.6793,33.8629,26.9392,27.9391,31.7032,32.2013,32.0089,30.0503,28.7105,33.6099,27.3015,26.141,32.7165,31.8259,23.2018,27.8669,28.5781,30.821,24.6533,33.0524,35.084,35.0806,24.979,30.2251,35.4826,23.6386,25.967,35.5158,31.4577,31.0498,27.0839,33.1599,34.1385,27.06,0
2026-01-11 23:00:00,23.5105,30.0411,32.3093,28.5279,30.5125,32.527,32.1361,32.4289,31.3188,25.1937,30.265,24.2684,33.0853,31.9471,27.7078,30.6184,31.3907,33.6825,33.5729,29.1175,29.1586,32.0404,33.6939,33.5592,33.3097,28.6936,34.8726,30.6201,29.9411,34.9393,33.7205,25.6,29.802,31.6559,28.2135,29.1428,34.1644,34.7001,34.9832,25.386,28.4402,34.7197,28.4369,31.337,33.8992,33.9547,30.9184,27.6409,32.799,32.5435,45.5,0
2026-01-12 00:00:00,26.0004,30.02,32.9651,30.7684,32.3477,32.5963,31.9136,32.9821,30.5996,28.518,28.4213,27.4886,34.0278,33.2521,29.3062,31.4629,33.426,32.1308,32.8471,30.0069,30.1471,32.179,34.7429,34.8633,34.0542,30.2643,35.4209,33.3399,30.1923,34.2898,34.2478,27.7306,30.9858,33.835,25.9574,29.0779,34.6978,30.7426,32.4963,28.5852,33.742,34.4032,30.5847,30.8254,34.6953,33.4349,34.7552,29.94,36.2692,32.15,51.77,0
2026-01-12 01:00:00,27.4973,32.2672,32.8294,31.109,31.9257,33.3893,32.5282,34.4543,30.057,28.6375,27.4661,29.9207,31.7495,32.5957,32.4401,30.4911,33.2359,30.4942,31.7646,32.5334,32.3361,34.5758,34.1249,34.966,33.5263,33.3005,33.1322,33.02,32.7271,32.4943,33.9792,31.4698,33.9374,33.953,25.473,31.4378,34.4555,31.1449,30.2105,30.9353,35.0443,35.151,31.2926,33.9549,30.8839,34.6878,32.4648,33.7401,36.3846,36.0446,51.48,1
2026-01-12 02:00:00,30.7981,33.8959,32.3333,32.7669,33.3359,32.5024,32.6912,34.1336,27.369,30.0568,25.083,30.4335,30.9832,34.2463,32.1026,33.4965,34.4513,28.979,29.5178,32.662,32.1068,36.3353,33.868,34.3382,34.0988,31.6893,34.2648,34.5033,34.257,31.4977,32.5291,30.4685,31.7198,34.0204,23.3933,31.2291,33.0851,30.4033,29.4855,35.4691,34.5976,34.018,31.5922,36.0988,31.5166,36.2935,33.9787,32.2262,33.7349,35.8416,55.35,1
2026-01-12 03:00:00,30.6743,33.4138,31.0367,33.023,33.0875,31.9046,33.29,32.482,25.0595,32.6454,22.8198,32.0903,29.1405,33.7093,33.9157,33.8776,34.4844,25.4031,28.3597,34.6136,33.34,34.8466,34.1846,32.4391,33.8327,33.9356,32.9457,33.1529,34.8686,31.5882,30.4305,33.288,34.1248,35.6564,23.3963,33.3029,31.3342,27.4906,28.8173,30.1794,34.6819,31.4529,34.9816,36.2667,30.6853,34.7407,37.9103,33.7166,30.453,33.6852,69.39,1
2026-01-12 04:00:00,32.2236,32.8696,31.0921,33.4764,32.3317,30.2885,31.4291,31.3423,24.3069,33.1322,21.942,33.7631,26.2244,32.0178,33.6236,34.175,32.4144,25.7904,26.3401,34.8201,33.8023,31.4273,31.7947,29.9547,32.4904,34.0582,29.3919,32.6157,35.0472,30.3494,30.4275,33.128,33.7928,33.3581,21.4676,36.247,31.4827,24.7336,25.2116,34.2506,33.9715,28.2358,35.6333,35.4782,27.2661,30.4948,37.4833,32.3916,31.9953,32.6259,78.23,0
2026-01-12 05:00:00,33.05,32.2751,28.3879,33.4684,31.7263,28.4826,29.5373,29.1366,20.1985,34.2931,19.7405,34.214,25.689,29.979,31.9101,32.6119,30.7552,22.1371,24.6376,34.4224,31.8372,31.0954,29.3364,28.7878,31.2213,34.1845,27.6634,35.2269,33.4221,27.5204,25.5307,34.2166,33.4699,34.594,17.5042,34.5615,28.8504,24.0712,26.7346,34.3015,32.4039,25.086,34.9443,35.4585,25.368,30.0899,31.2691,35.8046,31.4701,30.3098,72.67,0
2026-01-12 06:00:00,33.7202,30.0933,27.404,31.4233,29.7011,25.3122,28.242,26.1083,18.7675,32.9526,17.6966,33.5339,23.34,27.9171,33.4738,30.7387,27.4582,20.4795,24.4272,30.8079,32.6499,28.8631,28.6725,27.1067,28.4161,32.078,25.0751,33.6591,33.1149,26.1049,24.9861,34.9904,31.4923,32.437,18.3544,33.343,28.0924,23.3505,22.7282,33.0231,33.3741,26.1593,34.2492,35.3258,24.3647,28.1295,33.4336,33.9579,28.8337,28.5579,73.67,0
2026-01-12 07:00:00,31.6727,28.964,25.1385,29.129,28.4923,24.1946,26.6129,24.285,19.4855,33.2704,17.152,32.9706,19.5461,24.6682,29.0823,29.6348,27.4868,20.1049,21.0732,31.2429,29.7921,26.7098,24.0145,26.5148,27.417,31.0881,23.2332,29.5547,30.5737,24.4831,22.709,33.0668,30.0826,32.3019,17.1369,31.3246,25.4495,20.6356,20.7841,32.7989,31.1563,24.6134,33.8885,31.9409,20.8835,26.2731,32.1722,33.3005,26.8982,26.9469,83.38,0
2026-01-12 08:00:00,31.9702,26.6007,23.5915,28.7288,24.9522,22.2258,23.7915,23.6365,17.634,31.1824,18.0103,31.8739,19.7168,22.7543,28.0366,27.5079,23.8126,18.8856,19.9007,29.3406,27.5155,26.5675,25.2435,22.4736,24.8254,29.5898,20.4429,26.8333,27.1537,21.1001,22.6261,31.3358,27.4723,28.4693,17.2909,31.0213,23.3871,16.6733,18.7406,31.6877,30.1003,21.3168,31.4206,31.299,21.0755,25.5992,29.3478,33.3345,25.2519,25.7117,75.23,0
2026-01-12 09:00:00,29.8861,24.6433,21.0984,25.8018,23.551,19.4321,21.7768,21.8383,17.2516,29.8999,18.6903,30.4179,17.7835,22.4448,28.1123,26.1497,22.4046,19.586,18.8253,26.3564,25.832,24.5017,23.3376,21.3877,22.3435,27.2417,20.9555,24.5776,27.8357,20.0911,19.5175,31.415,24.5389,29.0101,23.339,28.5911,22.8233,20.4217,20.0687,29.2405,28.0957,20.7298,28.4586,26.3167,19.3273,24.7272,25.6422,29.4913,22.1035,22.7029,62.82,0
2026-01-12 10:00:00,27.5562,23.0491,19.4031,24.1141,21.5609,18.4744,22.0227,20.1086,16.9596,28.7472,19.2736,27.2143,18.5617,20.0244,26.0419,23.5732,21.7499,17.086,19.3749,25.7191,26.7434,23.2512,21.5474,18.5166,20.8034,25.2293,16.8814,23.9679,25.502,19.6486,19.4951,28.7992,22.8216,26.3384,24.0886,29.7171,18.4412,17.3523,17.2621,28.5832,28.735,21.0951,27.5802,24.8672,17.7874,21.0882,20.9765,29.3337,19.4249,21.0643,59.65,1
2026-01-12 11:00:00,26.2869,20.2187,18.6957,22.633,19.1629,16.8258,18.5951,18.4622,18.9584,25.4275,21.6299,27.3738,16.5226,17.7843,23.0445,20.9149,20.3264,17.6976,17.402,23.0209,20.9203,20.649,20.2422,19.0278,19.5324,24.2375,17.6477,23.7454,24.2687,17.1609,18.8565,27.1401,20.2298,23.3769,23.4565,24.7599,21.4006,18.0738,19.6775,28.0942,25.012,21.6349,25.0632,25.9388,20.5557,19.3749,22.1258,27.3312,21.2055,19.7492,65.19,0
2026-01-12 12:00:00,24.0619,19.8301,17.6386,20.5334,19.0421,17.7148,17.8344,18.261,20.3638,24.2042,23.1862,24.0781,17.7867,16.8906,21.7524,20.5388,18.0177,18.5624,18.1861,22.1087,21.3596,18.8071,18.2517,18.1235,17.2101,22.1414,18.2196,19.4191,21.3567,19.6131,16.4477,24.8229,20.1164,21.5644,27.7675,23.3473,16.0317,20.9756,19.6879,23.947,22.4104,18.5686,23.5151,21.73,22.0171,20.623,21.1958,23.9699,18.1175,19.7403,47.35,0
2026-01-12 13:00:00,21.6321,17.7277,17.3171,18.815,18.9879,17.8265,17.1975,17.3428,20.9582,21.1072,24.3097,22.45,19.2833,18.1461,17.9651,18.2011,17.5166,21.2176,19.2725,18.301,18.8265,18.3519,17.9603,18.0562,17.5547,20.5547,20.0579,19.2538,18.1998,20.5664,18.989,21.2002,17.1026,21.8885,30.0315,20.3438,20.617,22.513,21.8186,21.2854,17.478,19.6734,23.0573,19.8987,22.9192,19.573,19.993,23.8746,17.4975,16.3557,41.4,0
2026-01-12 14:00:00,20.1778,17.4045,17.6369,17.4832,17.2281,18.9515,17.0921,18.1762,23.5691,20.0272,25.4749,19.6292,20.4492,18.5417,19.3005,17.7533,17.2634,22.7043,21.7939,17.81,18.1952,17.1844,17.1577,19.5676,18.3349,17.2483,19.0915,18.5774,18.8161,19.3449,18.1725,22.4021,19.7822,21.5267,28.024,19.7999,19.6817,23.1894,24.0549,20.5197,19.8764,21.5789,18.8136,19.2154,24.196,18.6248,19.8956,20.9627,20.4092,21.238,40.18,0
2026-01-12 15:00:00,18.4727,16.3488,17.2775,15.5806,17.7313,19.0648,18.2313,18.534,25.5178,17.5693,27.1833,18.7039,22.7416,17.4034,18.1538,17.3642,17.3762,24.3707,23.7511,18.0572,18.5803,19.7281,20.8184,19.1234,17.5353,18.7576,21.5053,20.0993,19.3628,24.8285,22.0099,19.3963,17.5854,18.2071,33.0639,19.5545,19.8939,26.9731,23.9647,19.117,21.021,20.9289,19.7296,18.1205,25.5663,19.5798,18.1417,21.0382,18.9439,20.5971,31.27,1
2026-01-12 16:00:00,17.698,17.8794,19.8017,17.6528,18.2009,21.0425,19.4228,19.3316,27.9792,17.4093,29.7171,18.2266,22.9962,19.9389,17.6643,18.2165,18.8857,27.0031,24.9864,19.0906,18.5846,18.6648,19.949,22.6567,19.3786,17.394,22.732,19.0882,18.9511,24.3828,22.6194,19.7601,19.5573,18.4249,32.7988,17.5577,20.251,28.113,25.3854,20.3988,18.4862,21.5703,17.3364,18.9027,27.431,20.9631,19.2534,18.468,20.7375,21.1641,30.12,1
2026-01-12 17:00:00,17.454,19.1756,21.3541,17.6274,18.9266,23.2387,20.0464,22.3238,28.9407,16.7286,32.1025,16.2374,27.4934,21.7409,18.0095,17.7014,19.5349,28.1798,27.744,19.0454,18.0361,20.3531,22.401,22.3574,23.9158,20.7577,25.7897,18.2802,18.8496,25.3749,26.7925,18.1017,20.9237,21.0251,34.7339,19.6448,23.1816,28.1967,28.3768,18.3112,22.5948,24.7134,17.886,18.2648,28.8751,24.5905,17.6354,20.1325,26.0195,26.2006,27.0,0
2026-01-12 18:00:00,17.9461,19.4769,22.3563,19.6834,19.8675,24.2036,21.2236,24.5657,32.1581,18.5757,34.0276,17.0754,28.6819,22.8885,19.2049,20.1279,23.269,32.1851,28.8534,18.8809,18.5004,22.1881,24.2515,26.4646,22.2508,19.7025,27.2875,21.9736,18.2836,25.3507,27.3545,19.392,23.4801,17.8952,38.2512,19.8463,25.7626,30.656,32.553,20.0325,21.5663,28.2229,21.907,20.0036,30.0332,25.5602,23.9147,19.2139,28.0096,25.738,24.42,0
2026-01-12 19:00:00,17.0294,20.8794,24.8545,20.503,22.4331,26.1956,24.8291,27.4405,33.1336,19.7185,33.6749,17.9081,31.179,26.3739,20.0745,22.6484,25.0436,31.7011,30.3921,22.8544,21.8343,21.5659,24.795,25.654,25.0357,20.9411,29.8076,23.1234,20.4726,29.5442,28.7132,20.6743,22.063,19.257,36.3622,18.1559,28.3007,32.9842,33.4505,20.7686,22.7969,29.6012,21.5149,22.3996,29.761,29.6108,23.2019,21.1882,29.5121,26.6755,30.69,0
2026-01-12 20:00:00,19.8365,23.5996,27.045,21.7598,24.0801,28.295,26.0408,28.0362,32.985,19.5082,34.3423,18.6866,32.3641,27.2185,20.268,23.7739,27.2742,32.8183,33.1115,22.8313,23.6047,27.3554,26.4815,29.5364,26.677,24.4664,30.2369,24.0195,23.9228,31.8987,32.7261,21.7792,25.6908,23.2843,33.5942,23.5757,31.8555,34.4111,33.5846,21.9685,22.9684,31.2138,22.6564,26.2906,31.7745,29.8672,26.1834,22.6288,30.9337,31.3949,23.25,0
2026-01-12 21:00:00,19.1972,26.3178,28.9364,24.7063,28.0185,30.2768,29.2451,29.0554,33.274,20.8601,32.907,21.3037,32.8303,28.1045,25.4627,25.2216,28.0249,31.7556,33.6128,24.3069,24.8665,27.7022,30.0954,31.642,29.3948,26.1515,31.3117,28.1535,23.6379,33.2206,31.8774,22.5359,28.7951,26.6066,34.2593,25.0854,31.9323,34.1697,37.2527,22.1347,28.311,33.7479,22.04,26.0906,34.8389,29.7836,29.0007,23.2968,33.4125,31.4033,32.79,0
2026-01-12 22:00:00,21.9479,26.8022,30.8796,26.8442,28.8878,31.3488,28.5452,31.1176,32.9729,22.4039,32.5996,23.059,32.5104,30.9905,26.7415,27.542,29.6402,32.3502,33.1497,26.5249,27.6267,31.1209,31.3157,32.1644,30.4711,26.7683,33.8902,28.7417,27.1856,32.4483,34.8929,23.951,32.1694,27.0277,28.6506,26.8512,33.6697,32.4758,36.4746,24.8192,27.322,34.5773,26.0203,25.8668,33.3578,30.3651,29.8275,25.2518,36.199,33.0703,35.18,1
2026-01-12 23:00:00,24.3531,28.8709,32.797,28.0714,30.4567,32.4124,31.6354,32.4265,31.6605,25.578,31.3599,26.2234,33.1693,33.535,26.8237,30.0156,32.1772,32.6777,34.7503,28.028,28.8183,31.6293,32.9415,33.828,32.4701,27.8491,33.6512,31.2837,29.5858,33.6619,34.9463,24.804,31.8308,28.8339,29.6731,27.868,34.696,33.3284,35.7184,27.4645,29.6662,33.9839,25.6156,31.6535,35.5058,33.1621,30.8577,27.6611,36.101,36.0079,50.1,0
2026-01-13 00:00:00,26.2819,30.8083,33.437,30.7077,32.5355,33.811,33.8453,33.3099,30.5516,27.0463,27.6006,26.4243,34.3734,33.0609,29.5009,31.8908,33.2436,31.8399,33.2221,28.9861,30.2564,32.7905,34.8541,33.7335,32.978,29.0983,34.304,32.6276,32.5862,35.0951,34.0041,27.0783,32.5633,31.473,27.6503,33.6006,34.3337,33.9588,32.4967,28.2038,29.6858,32.6894,30.4853,33.1791,36.6241,32.5763,34.1869,30.1239,35.5546,36.7881,49.3,0
2026-01-13 01:00:00,27.8264,31.7899,32.4084,31.1815,32.2059,33.0925,33.0022,33.6849,28.9634,29.0233,26.7487,29.3967,33.2721,32.8543,31.2371,33.9369,33.6212,31.2153,32.1367,32.3414,32.4683,32.8579,34.3247,34.5218,35.2241,31.36,34.173,33.2843,33.4704,34.4175,32.3679,31.7089,36.5266,35.0144,25.7898,31.5629,34.4369,31.7002,33.3396,30.3249,34.7551,34.7213,30.5091,32.4357,28.4358,34.1113,32.2194,32.7204,36.6422,33.3421,64.16,0
2026-01-13 02:00:00,29.845,32.4845,33.2584,32.6544,32.7753,32.694,33.1571,33.2315,28.285,32.2202,25.6473,30.2927,30.3529,33.9565,33.5493,32.1704,33.5167,27.4822,31.7922,32.0431,33.9499,35.3539,34.5692,33.7814,34.1802,33.8661,34.1912,33.3728,34.8724,33.7219,34.2034,31.1785,35.512,33.8482,22.3773,29.9423,33.9403,30.9544,30.6987,32.5035,35.3017,34.4213,34.3843,35.6485,29.9693,35.0221,36.3485,33.7811,34.2853,34.7492,60.81,0
2026-01-13 03:00:00,31.1656,31.9543,32.892,33.4492,33.0879,31.0223,33.0211,32.6044,25.7534,32.1628,23.117,31.0288,26.9324,32.9328,31.7447,33.9927,34.671,27.1316,29.1601,34.2111,34.2565,35.1661,33.4741,34.6591,32.4877,34.0022,32.3249,34.9217,34.678,31.3112,31.8916,34.3363,36.036,36.006,21.743,35.064,33.751,28.7516,27.3524,34.6782,34.9793,30.6075,34.8196,34.8989,32.4874,32.3973,36.1087,30.1924,34.295,31.6961,68.11,0
2026-01-13 04:00:00,32.15,33.0182,31.1249,33.589,32.9442,29.4278,31.4942,30.8646,23.6891,33.6025,20.192,33.6323,26.9286,31.5132,33.3311,33.6566,32.5609,25.1947,27.5864,34.7588,34.398,33.6774,31.4762,29.6551,33.2276,33.2736,29.0517,32.5874,33.417,29.3187,28.6559,35.2958,32.3667,34.665,20.9778,34.5866,30.3224,23.4993,26.0637,36.6742,35.8393,29.0484,33.4089,37.0533,28.5386,34.1311,33.7427,36.4611,33.0092,31.786,76.0,0
2026-01-13 05:00:00,33.4278,31.9799,29.8871,32.9694,31.425,28.1252,30.2283,27.5441,21.4115,33.5254,17.7433,34.0725,24.7882,30.2743,32.0349,32.6513,32.3932,23.2382,25.7426,33.6178,32.6486,31.6184,29.1658,29.393,29.9042,33.363,26.5875,33.905,33.1058,27.8922,27.7786,35.0821,33.2133,35.6798,16.2894,32.7658,28.9895,22.8485,22.8356,35.2626,35.0752,28.6087,35.5013,37.7956,25.1458,30.6727,32.7058,35.9062,30.807,29.4668,70.33,0
2026-01-13 06:00:00,33.1604,29.52,28.4894,31.3858,29.6694,25.9837,28.4415,27.1944,18.7982,32.291,18.0811,33.8193,22.7764,27.4618,32.4029,31.7271,30.004,21.7645,22.4395,32.2268,33.7235,29.7678,28.4564,26.7677,27.4578,34.5375,27.473,30.6092,31.6988,25.3506,26.5484,34.7735,29.7827,32.3929,18.3441,33.4622,28.0312,22.7766,21.4063,34.6093,32.6084,26.8486,37.2118,33.9896,22.6181,30.6233,30.4606,36.5995,28.5834,30.2335,81.04,0
2026-01-13 07:00:00,32.063,29.5007,25.8713,30.7479,27.6724,24.3035,26.2599,25.0209,18.3287,31.1714,17.6347,31.7379,21.5094,25.4748,30.9706,29.592,28.3576,18.4338,21.6266,29.2858,30.4478,28.6898,26.2162,25.2177,26.9878,32.5076,22.013,28.5227,31.8534,21.5642,23.5386,32.2346,27.6547,31.5888,17.8308,32.4561,24.1735,21.1039,19.3227,33.5542,30.5089,22.8643,32.9771,33.0107,22.5056,26.0879,29.4865,35.1682,28.8812,24.9344,74.25,1
2026-01-13 08:00:00,31.8372,27.6518,23.3628,28.2412,25.8086,22.6443,25.3619,23.2753,18.2987,31.5523,16.9269,31.59,20.224,24.4345,29.7477,27.0335,23.9388,18.8974,20.9516,29.5999,28.8258,25.4704,24.9474,22.9521,26.8152,31.3862,21.332,29.2567,28.6489,23.1404,21.884,30.7844,27.7993,29.4802,20.4326,29.9905,23.6577,20.1061,20.8972,31.5968,27.4262,21.6177,32.9198,32.3482,21.7557,26.3899,27.7159,31.9136,23.5204,25.3726,73.3,0
2026-01-13 09:00:00,30.0445,24.2565,21.8648,25.9707,23.6104,19.6605,22.837,20.7911,16.5969,30.7625,18.0873,30.3818,19.1756,21.1617,27.2666,25.9595,23.322,19.4571,17.8192,28.5619,25.6968,24.7813,21.998,20.9445,21.0877,26.9018,20.926,25.7881,26.9536,21.0441,21.3114,29.9399,25.8025,27.0089,22.498,29.1399,21.0741,20.2578,18.9619,30.1477,27.4197,22.3745,27.0189,29.4461,17.773,22.7071,25.468,29.0774,23.2746,22.2885,69.86,1
2026-01-13 10:00:00,28.4933,23.2396,19.6807,23.8916,20.9123,19.2299,20.8599,19.5925,18.244,27.871,19.285,28.7598,18.1187,21.4811,25.0795,24.2492,20.6493,19.1924,18.4498,25.9932,24.6473,20.7655,20.2038,19.3084,19.8184,26.3456,20.8261,21.6359,25.32,19.4978,20.8508,30.6634,22.5175,26.0414,21.7182,27.38,20.9576,20.6661,17.7643,29.0111,23.8488,20.6696,28.484,26.6662,21.3274,21.4129,26.0298,31.4371,19.5708,18.8423,62.2,1
2026-01-13 11:00:00,26.378,20.4177,18.3112,23.3178,19.8521,17.0832,19.6914,18.6329,20.2694,26.0215,20.791,26.468,16.3045,19.8594,24.1103,21.7521,18.1322,20.2031,17.2547,21.5305,23.3139,21.0222,19.0006,19.4903,20.4829,24.2095,18.2835,21.7932,25.063,17.038,18.4736,28.2856,23.011,23.9481,23.046,24.8203,21.0584,17.4638,20.0917,27.4281,23.8113,17.5809,24.9943,23.8851,20.0304,19.5488,19.6734,28.5947,17.3366,18.9284,53.23,0
2026-01-13 12:00:00,23.5313,19.2404,17.2662,19.9466,17.8442,18.6094,17.9,17.4672,20.7516,22.8797,20.3567,24.6376,17.8504,17.1504,22.0579,21.0066,19.7342,19.8701,19.3569,20.8828,21.744,20.1453,17.5426,17.8985,18.1132,23.1506,18.4042,20.9199,22.2098,19.517,17.1292,24.6916,19.5558,21.6939,26.5561,21.8124,18.2138,20.2268,20.4034,20.9991,21.6408,16.9667,23.4171,20.6832,21.5494,19.4057,19.4838,25.7784,21.3922,17.6456,50.38,0
2026-01-13 13:00:00,21.657,17.5127,18.0276,19.6392,17.6618,16.9507,16.9651,17.8593,22.7001,22.2871,23.0899,22.7479,20.8113,18.8581,20.4914,18.6763,17.6815,20.6658,20.3325,19.2675,21.039,17.2311,19.5438,18.2577,18.9034,20.1422,17.9042,19.8317,19.2126,18.7043,17.7278,24.1887,18.7592,17.8063,27.1177,21.8343,19.9056,23.0923,23.1646,23.276,19.9322,19.5874,22.8362,20.4162,22.911,20.1292,20.8911,21.679,21.3752,18.3312,35.48,0
2026-01-13 14:00:00,20.5341,18.4674,16.9278,17.1747,16.97,18.5169,17.0041,17.8443,23.849,20.6097,25.9034,20.3186,20.7444,18.0347,18.6535,18.4541,17.0326,20.8329,20.558,18.1745,19.08,17.3351,19.5243,19.016,17.5326,18.2304,19.8983,17.7116,19.1952,21.1901,19.4746,19.9765,18.6359,17.79,30.197,17.9909,19.8296,25.1023,23.7593,20.4398,20.9041,19.844,20.2894,19.4601,23.5501,17.5913,22.356,19.404,19.1469,18.555,32.26,0
2026-01-13 15:00:00,18.9945,16.9532,19.0076,17.5615,18.972,18.5566,17.8628,18.8045,26.4402,18.1332,28.5825,19.2584,22.4933,19.736,17.5567,16.5116,18.1023,23.972,24.5888,18.0773,18.3636,18.4865,18.0678,19.1815,19.1284,17.5035,19.9722,17.7757,20.3048,22.393,20.6934,19.33,18.5454,17.7086,31.785,19.63,20.2159,28.3467,23.7477,20.3724,17.7945,23.3519,17.4606,19.3089,25.6552,23.4701,18.2551,19.5515,20.8516,20.5891,31.76,1
2026-01-13 16:00:00,17.6321,17.567,19.6699,17.4361,18.1462,20.6923,18.1662,18.1321,27.353,18.1841,30.3923,18.7355,24.4754,19.9804,17.6658,19.9249,18.8182,26.6798,25.6186,20.0639,17.7476,19.8474,21.2785,21.977,21.8431,18.342,22.144,19.0758,19.2174,23.255,21.6771,20.7373,20.9926,19.2492,34.2251,19.2033,22.2322,30.1213,27.0445,19.6017,16.7745,25.5678,21.2891,16.7848,27.8278,24.7303,21.5958,20.8152,21.7164,23.9771,34.54,0
2026-01-13 17:00:00,17.1747,18.031,20.2395,18.7304,18.5322,23.6087,19.95,21.0302,30.279,16.2727,31.944,17.9094,26.6056,21.3562,18.4538,18.7033,20.3753,28.8427,27.3572,18.8128,18.1376,20.2447,20.3955,22.2584,20.4367,18.9094,25.7094,20.973,17.3981,26.8201,27.6571,21.0254,19.4745,19.6263,34.7925,18.801,25.6826,31.697,28.2442,18.9035,19.5697,27.013,17.3346,19.3913,28.6867,22.4865,19.6149,15.9566,23.4498,23.0577,31.92,0
2026-01-13 18:00:00,17.7897,20.7679,23.1436,18.4421,20.8995,24.188,21.7126,23.003,31.7878,18.268,32.4804,18.6775,26.5237,23.1803,17.1289,19.7654,22.5772,30.2467,29.3456,19.4146,20.7263,22.6483,25.0455,25.7054,24.5039,20.0941,26.554,19.8939,19.2079,26.4447,28.2726,19.7548,21.3884,19.9785,34.9731,19.2092,25.9006,31.4436,32.3044,20.2423,20.0358,27.68,18.797,20.6064,32.0488,26.5321,22.2602,18.8635,25.1324,24.6509,28.92,0
2026-01-13 19:00:00,17.3695,22.5057,23.8272,19.7483,23.1882,28.1479,25.4012,25.9825,32.744,18.1406,33.1824,19.14,30.0157,23.5523,20.4729,21.6086,26.2341,32.6665,31.4859,21.6039,22.221,22.5985,25.5054,27.7082,26.1993,19.8214,30.0062,21.7206,20.6255,29.8271,29.1131,17.8382,22.7632,21.4841,36.5641,19.5792,29.8304,34.5605,34.5171,20.9239,22.7327,29.0371,21.2393,20.5452,32.47,25.491,24.6974,24.8005,28.6261,27.5392,19.7,0
2026-01-13 20:00:00,19.0158,24.3382,27.4293,22.0221,25.9394,28.7639,24.3546,28.7332,34.1629,18.9375,33.0205,19.2128,31.7229,28.2666,22.0746,22.9814,26.3117,33.5491,31.2741,21.9946,22.1898,27.347,28.5939,29.2024,26.1216,24.3408,30.758,26.5038,25.0795,33.3792,31.4699,22.4398,28.3854,25.162,34.2119,22.0654,30.0623,36.9919,32.2801,21.9409,23.2344,33.3607,22.7966,24.8573,34.1499,26.9446,25.7359,21.785,29.4419,30.0286,29.55,0
2026-01-13 21:00:00,20.1112,26.0567,29.5194,25.0691,26.6623,31.1223,28.0508,29.7008,33.0908,21.7231,33.6808,20.3068,33.8651,28.9481,23.8155,24.8748,30.2884,33.9157,33.431,24.5672,25.878,29.4445,28.3298,30.067,30.1706,23.643,31.0508,28.4326,26.9091,33.5377,30.9773,22.2385,27.913,25.5495,32.192,23.6416,30.238,36.8813,34.7302,23.6297,27.0454,34.9585,25.0497,27.6072,37.1881,33.9707,28.2206,24.1257,32.5114,31.1518,28.88,0
2026-01-13 22:00:00,21.9176,27.2557,30.3729,25.6798,28.0274,32.1624,31.1149,31.9263,32.9745,22.1235,31.5324,23.1761,33.5747,31.947,25.7215,27.9395,31.4252,34.5127,34.2103,28.1902,27.9025,31.9906,30.6927,32.6196,31.4589,28.4308,34.8316,28.1865,26.9704,35.0149,35.3111,25.2899,29.3787,25.5766,30.743,25.4747,33.2395,35.4192,36.4613,24.4945,27.2984,36.249,26.6943,28.4183,35.2745,34.0437,28.8593,26.0311,35.9587,31.8912,37.23,0
2026-01-13 23:00:00,24.6225,29.9234,32.0766,26.7132,31.1744,33.1412,31.6163,32.9761,32.2907,25.6725,31.4232,24.3439,32.3983,33.8297,25.8588,29.9307,32.5332,32.8516,33.5965,29.4766,28.2879,32.6784,33.5694,32.6401,32.9045,28.824,32.8986,30.6316,28.9621,34.5968,32.3632,26.6506,31.6747,30.653,28.2917,27.3171,32.562,36.1833,32.5432,27.8907,29.2768,34.7763,30.1686,28.7276,35.6851,34.4526,33.5613,30.6807,35.2544,36.0513,47.35,1
2026-01-14 00:00:00,26.569,31.0578,33.9376,30.066,31.1937,32.4047,33.1276,33.3362,30.1891,26.7153,29.2196,27.3631,33.5443,32.9359,29.4852,31.679,33.8863,33.1172,33.8906,32.9803,31.5985,32.9607,33.2505,34.0762,34.1331,32.8838,33.7547,34.8209,31.5086,34.4435,35.1088,29.7649,34.3698,31.5524,25.9351,32.3401,34.494,33.5587,33.023,27.3237,33.1466,34.8985,31.2735,32.1008,34.1132,36.1479,32.7134,29.7399,35.5636,36.3762,52.63,0
2026-01-14 01:00:00,28.5772,32.9495,32.872,32.0703,32.6373,32.8831,33.3202,33.7849,29.3376,28.5051,27.058,29.2655,31.6603,33.2303,32.9175,32.7399,33.8244,29.6335,33.5878,32.7673,31.5832,33.0364,33.3945,34.9522,33.9186,30.7517,33.7434,34.6459,33.0035,32.5431,31.9293,30.6175,35.0774,34.4496,23.4159,33.3567,34.3818,32.0655,32.174,32.133,33.675,35.4299,30.7646,34.7198,32.6192,34.4553,34.0199,29.4518,34.7006,35.4131,61.6,1
2026-01-14 02:00:00,30.6361,33.5363,32.3291,31.9898,33.1008,33.2693,32.9024,33.1863,26.0554,31.1614,24.5347,31.9547,29.9511,34.3086,32.7566,33.4994,34.9082,28.5794,30.7113,32.4011,31.3215,33.3725,35.2731,33.617,34.2688,34.8418,34.0537,34.293,32.9093,32.6341,32.4732,35.3567,34.0459,33.5692,24.4887,36.7137,36.4739,29.6615,31.7851,34.2611,33.1232,33.193,30.2644,35.6993,34.2111,35.3301,34.3064,35.1314,35.1483,37.3325,56.86,0
2026-01-14 03:00:00,31.4369,32.7425,32.9895,33.6256,33.0253,31.1743,31.4251,32.0296,25.8577,32.2895,21.9875,32.7213,28.4924,32.4226,33.2864,32.8542,33.7782,27.0888,29.2664,32.5823,33.9087,33.6561,35.2612,33.8115,33.8322,33.2055,31.0674,35.6517,34.199,32.0418,32.847,34.6479,34.1111,34.5683,20.5627,34.8647,35.1179,26.174,29.1303,32.5106,33.8736,30.8373,34.9778,35.1922,27.5571,34.7726,34.2964,33.2013,31.8023,37.7801,63.59,0
2026-01-14 04:00:00,32.815,33.22,32.0194,32.5491,32.7604,29.92,32.0114,31.0244,23.1213,34.2516,20.6312,33.969,27.5546,32.599,33.8039,33.169,30.8728,23.0799,26.5981,34.8545,34.2508,32.0296,32.7715,31.3914,33.2329,33.2089,28.9043,33.4815,32.8762,28.2703,27.8145,32.9474,32.2135,35.0149,20.4698,35.7749,31.7084,27.0434,27.3118,34.6438,34.5342,28.6076,37.2289,35.802,27.6238,31.152,34.9305,33.2254,35.2017,34.6228,77.68,1
2026-01-14 05:00:00,32.8287,32.1733,29.2902,32.5399,30.7339,27.0128,29.9597,29.9996,20.8417,32.629,19.2994,33.262,26.0155,29.419,33.7872,32.9024,31.0547,22.2947,23.6636,32.4215,33.3265,30.735,29.1714,30.05,29.4354,35.5563,28.0556,33.2002,35.2587,26.3904,27.4622,32.7778,32.9019,31.403,18.8572,34.5825,31.2678,23.7196,25.0921,36.9206,32.8779,28.6505,33.4513,33.8002,23.7997,33.2193,33.6957,37.7379,29.7896,27.6976,80.24,0
2026-01-14 06:00:00,33.1473,28.9477,27.941,32.0313,29.3762,25.5962,28.1735,27.3886,19.0266,34.2422,16.6828,34.5907,23.3853,29.1792,33.218,31.058,29.6647,21.558,23.89,31.2492,34.9899,29.6927,29.9873,27.9785,30.4129,33.6582,25.5829,31.2979,30.921,25.828,26.2487,32.5565,32.6589,32.1035,18.8285,35.7593,27.2443,22.2543,21.9981,37.4421,32.8749,25.2208,33.109,34.6442,25.2991,29.0384,35.698,36.1572,26.406,29.3224,74.94,0
2026-01-14 07:00:00,32.3597,29.1544,26.0612,29.4408,27.637,24.5415,26.3701,25.1395,18.2334,31.7065,17.5882,33.4215,21.6401,25.7604,31.2256,30.0838,26.7522,19.1376,21.3413,30.2891,31.1954,26.2416,24.7288,26.5707,25.9356,29.9623,23.281,30.6196,29.4183,24.2768,24.0571,34.3696,28.6258,30.3179,20.4394,32.6192,23.8867,21.2841,23.047,33.4981,31.3754,22.9167,33.9076,31.5629,21.7794,25.9514,29.8721,33.588,27.0166,25.5995,74.05,0
2026-01-14 08:00:00,31.4238,26.5188,22.8194,28.4346,25.6782,21.0661,25.7201,22.365,18.1428,31.8947,18.2729,31.8925,19.9696,24.1806,30.0839,27.8058,25.0154,16.9366,19.882,29.8151,29.1546,24.7454,23.8686,21.9023,25.7696,29.9085,22.1358,28.6266,29.9842,23.8046,21.8197,33.5479,27.9939,28.7838,19.9902,32.2454,24.3194,18.9212,18.9702,32.2815,28.644,22.5281,32.5516,29.2576,19.9086,27.9486,28.0486,34.409,25.6512,24.2189,76.34,1
2026-01-14 09:00:00,30.1982,24.1915,21.0198,27.0215,23.5681,20.5578,24.109,21.9962,17.8611,30.3839,18.4367,28.6509,18.552,22.7377,29.1519,25.7313,22.377,17.248,17.8686,26.5591,27.3893,23.8361,22.2875,20.8696,23.0949,29.1423,19.1113,26.0371,26.1594,19.8487,20.8349,27.8411,24.5032,26.6881,19.8775,29.3758,22.3469,20.2784,15.6525,30.339,28.6764,19.6114,31.5774,29.6091,17.1613,25.3671,28.0401,32.397,25.2123,20.5323,69.81,0
2026-01-14 10:00:00,27.6491,22.1624,20.3009,24.504,21.8119,18.8302,20.8665,18.5483,17.3674,27.9155,18.6072,28.9755,18.3617,20.6765,26.5454,23.9508,19.9228,16.9034,17.9667,24.0484,24.5037,22.0089,22.4284,19.9444,19.9683,26.1962,17.4392,24.3007,24.8708,18.8807,18.569,30.2993,21.9378,25.218,21.9156,29.3348,19.3166,19.0426,16.821,28.6346,24.3928,18.8881,30.252,26.3986,21.6258,21.6402,24.4557,27.9949,22.0374,21.8314,64.93,1
2026-01-14 11:00:00,27.1426,20.6621,19.2535,21.7906,20.3508,17.6304,18.9045,17.1718,18.1507,25.071,20.386,27.3634,15.8869,19.7917,25.5469,22.2527,18.2952,19.0748,19.0257,23.8994,23.7634,21.0005,20.1891,19.6709,20.3586,23.6278,20.8131,23.1238,23.4747,19.5778,20.8964,27.246,22.2711,23.475,25.5245,24.4328,18.3953,19.6917,19.4359,27.9644,25.405,19.3302,26.2618,24.3255,17.7938,18.861,22.238,27.1914,21.8739,22.9626,52.77,0
2026-01-14 12:00:00,23.4432,19.4098,17.7902,21.2738,18.744,17.1741,17.3438,17.85,20.5123,22.4869,21.6966,23.9798,18.2462,16.9632,21.2288,20.7826,17.2545,19.8358,18.5348,21.9708,21.4587,19.171,18.0714,18.5252,17.9102,22.9309,18.5922,20.8782,22.3456,19.3433,16.9473,26.621,22.8393,22.28,27.1355,24.4826,20.2023,16.9209,20.1333,24.3361,21.7283,18.8097,22.6947,23.1611,21.0976,20.563,20.7872,24.7249,21.1956,19.6956,54.6,0
2026-01-14 13:00:00,21.3209,17.2347,16.6714,19.2879,17.9053,17.1578,17.7885,16.864,21.2834,20.2505,24.1873,22.0295,18.3181,17.4454,21.4513,20.5612,18.5582,19.904,19.5438,21.1024,19.9761,18.3805,17.3397,18.3688,19.4603,20.6106,19.1034,19.5059,19.9246,19.0229,20.6123,21.7377,19.8349,20.7881,29.7486,21.2745,17.0266,22.6383,21.2896,20.7153,19.7563,22.0227,20.9803,20.8815,22.9621,19.6057,20.3054,22.0627,20.8996,21.2835,42.73,0
2026-01-14 14:00:00,20.7518,17.3823,18.5109,16.7702,16.329,17.8635,18.5589,18.5489,23.7773,21.2446,27.2756,19.9067,21.3958,18.0214,18.2225,18.8488,15.8951,21.6724,21.1285,19.829,18.1112,18.8106,19.4844,19.9398,17.7594,17.4401,19.0615,19.0962,21.0688,20.3659,20.5848,21.5018,18.3297,20.6976,30.3226,19.0889,20.4211,23.1126,23.937,21.3172,20.3988,22.0212,20.0534,18.6759,26.3366,22.8571,20.9888,21.5619,18.3837,20.7841,31.93,0
2026-01-14 15:00:00,19.0928,17.4325,17.8641,17.7958,17.4985,19.8312,17.7314,17.6219,25.9022,18.4528,28.9119,17.73,22.154,18.1149,18.357,16.6588,17.9587,24.4894,21.6324,19.086,16.7537,18.7952,18.8124,19.6566,17.5915,18.6254,22.2101,19.8428,18.637,21.221,22.5558,20.2019,18.554,20.0624,30.6482,19.2158,20.4501,25.8737,27.28,19.3893,19.3061,23.0633,21.2349,19.1453,24.4399,22.4151,21.6247,21.4996,21.729,22.429,29.2,0
2026-01-14 16:00:00,17.9715,18.5121,19.2143,16.9484,18.4779,20.5427,17.3495,20.7279,28.0894,17.0691,30.4591,17.6278,24.2778,20.6896,18.4069,17.2614,18.9119,27.2306,25.2708,17.5193,17.781,18.6239,20.8068,21.0994,21.7326,18.9536,22.4775,18.0353,19.9552,22.4773,24.5755,18.174,21.8578,20.7281,34.277,16.2285,23.066,27.4474,28.4176,17.8373,20.3811,26.6618,18.7041,17.4347,26.0855,21.1059,21.8119,18.3876,20.2909,19.3352,25.96,0
2026-01-14 17:00:00,17.4445,17.8291,21.2268,17.9201,19.8321,23.795,20.727,22.3591,30.3575,16.749,31.2934,18.8968,25.1981,21.1509,17.7043,18.7288,20.789,28.6337,25.7066,19.3893,19.0905,20.1617,20.9438,23.8044,21.9127,19.1616,22.1254,20.425,19.5412,25.6344,26.334,17.3104,21.1711,21.2368,34.8578,20.3497,25.4467,29.5368,30.7117,17.7795,17.39,26.9447,20.7868,21.6827,28.7686,25.4664,22.1315,20.864,27.0243,25.1827,31.76,0
2026-01-14 18:00:00,17.123,19.582,23.82,19.4223,20.5846,24.9047,22.7016,23.8661,30.52,17.9188,33.3404,18.6368,29.1597,22.8603,19.0007,19.6041,21.272,31.3009,28.0223,20.9877,19.5086,24.2257,24.7382,27.6642,24.4474,19.5073,26.5233,19.3999,22.6142,29.5508,26.8969,20.065,21.5071,20.3688,35.2544,20.789,25.1777,31.9317,30.3577,19.5761,21.8589,30.3776,18.0371,19.6094,30.4974,27.2356,23.3126,17.4045,27.0834,27.8224,22.21,0
2026-01-14 19:00:00,17.2145,21.6363,25.4935,19.9854,22.5012,26.4481,23.0546,24.486,31.2833,18.305,32.2478,17.9691,30.7265,26.2526,20.9461,22.2108,25.1876,32.7179,29.7728,23.0861,21.6984,27.6528,26.7351,27.3911,24.7682,21.8163,28.8677,22.8665,22.9559,29.0949,29.5032,20.0394,24.2052,22.2106,33.0819,23.5374,26.9414,34.2759,32.6202,21.5281,22.0509,29.5749,21.6278,25.3256,30.3764,24.9024,27.8058,21.4038,27.2167,31.2013,27.39,1
2026-01-14 20:00:00,18.7748,24.0851,27.3234,21.1512,24.6109,29.3947,26.2708,26.7886,32.9182,18.493,33.4072,19.3008,32.227,26.7841,21.3192,24.2307,25.8701,33.9114,32.0721,23.4107,23.0509,27.4079,27.1485,28.7956,25.8191,23.3125,30.8489,27.161,23.6865,30.0962,30.0046,21.4785,26.5822,24.1902,33.2601,21.685,32.1774,36.5486,35.309,22.8925,24.6541,31.796,21.7603,23.3841,36.6187,30.3003,26.2351,21.4221,30.7584,28.5226,19.91,0
2026-01-14 21:00:00,19.8682,25.384,29.2951,24.9928,27.3579,30.9282,28.4825,29.9693,34.7183,22.0865,33.592,22.9013,32.3253,28.7783,25.1613,25.5005,29.9139,32.737,33.0256,24.849,25.693,27.8213,31.2645,30.6805,31.387,23.0952,32.3755,26.4162,26.3476,32.0184,32.7678,24.2255,28.9658,27.9107,31.7075,23.8711,32.0666,35.3564,35.184,25.4994,26.538,32.732,25.3499,27.3551,34.5935,33.147,30.0179,26.5667,30.5977,34.9811,36.07,1
2026-01-14 22:00:00,22.5419,28.2484,30.741,26.8841,29.6172,30.911,29.9917,31.2448,34.5128,23.6382,32.7723,22.4549,33.0025,31.6509,24.7933,28.9455,30.2579,33.6722,33.948,26.587,26.4896,32.4339,32.468,32.3505,31.4798,25.8656,33.0539,27.5681,27.4798,34.715,34.5003,24.549,32.1562,28.3422,31.7166,25.3081,33.976,34.5328,35.7525,24.9541,30.5243,35.6092,26.3366,31.1916,35.2815,32.5337,32.7019,23.9079,31.3857,33.5384,34.33,0
2026-01-14 23:00:00,23.9787,28.4382,32.332,28.1798,30.4598,32.2405,31.0603,33.0603,33.507,26.7608,31.3375,24.7366,33.8716,33.6282,29.5235,31.0937,32.188,34.2524,33.2281,30.2686,29.5741,31.8227,33.9219,35.0475,33.4048,29.5738,33.6035,30.152,29.4839,35.1013,35.3508,27.0247,33.6201,31.5158,29.8696,29.3765,35.6874,34.1215,35.4806,27.5514,28.2835,33.2631,29.8636,30.9781,36.1648,32.6742,34.2823,28.0056,36.1716,35.4055,45.09,1
2026-01-15 00:00:00,25.7145,30.3928,31.4387,30.5424,32.5868,33.2413,33.3237,33.2309,30.794,28.3465,29.3263,27.0318,32.7416,33.5686,30.6982,30.0737,33.3291,31.6689,34.4425,30.5688,30.5957,33.796,33.6519,33.9233,34.5533,31.866,34.1788,33.4539,30.1688,35.9849,35.1,29.1473,33.747,30.0997,27.2454,30.3746,33.8441,34.6369,33.9486,30.898,34.6277,35.6147,30.1874,31.9749,36.4786,39.5503,33.0969,29.1882,34.1234,37.1272,51.56,0
2026-01-15 01:00:00,27.9911,32.4371,33.0011,31.3214,32.9931,32.2185,33.0262,33.3357,28.0074,27.3188,26.9935,28.3141,32.6538,32.5226,31.4743,31.6601,34.0861,30.0411,33.3139,32.703,31.2176,34.0588,34.4647,34.5737,34.0337,31.8431,32.3479,33.6857,32.166,35.1735,32.1467,31.1244,34.3914,31.2221,26.3843,31.562,36.09,32.4702,34.3553,32.8558,34.8329,33.8491,32.514,33.9286,31.6868,37.8597,39.2177,31.4382,35.4747,37.1491,59.0,0
2026-01-15 02:00:00,30.1759,32.1799,33.0692,32.65,33.2009,33.848,32.407,31.4546,25.667,32.1515,25.4389,30.6423,29.2856,34.1128,32.4842,34.5314,33.9271,28.4926,31.0056,32.8101,33.4886,34.3997,34.086,33.6381,34.525,34.4987,31.0799,33.3906,36.2906,33.253,32.4313,30.7678,35.3046,36.1347,25.0566,34.3664,35.1629,28.5184,29.8945,32.7702,35.0551,33.5203,35.0689,33.7173,32.1917,35.7796,38.0261,32.1576,35.6699,32.6854,63.83,0
2026-01-15 03:00:00,31.1369,32.4669,31.5272,33.0662,32.9603,31.9216,31.5763,32.6984,24.7643,33.2956,22.3214,32.0091,28.8079,32.3811,33.1866,34.618,33.0112,26.4454,28.9694,33.9459,35.5535,33.4138,33.0885,31.3917,35.2848,34.8715,31.825,35.833,33.2838,32.1363,30.8375,33.653,34.0012,35.592,21.9885,36.0658,35.0932,27.1932,27.5407,33.661,33.4019,31.7464,34.8059,32.6369,28.0854,31.6248,37.0603,35.2061,34.2008,34.4444,75.34,0
2026-01-15 04:00:00,32.0369,32.4311,31.1487,32.9751,32.8149,29.8497,32.7148,30.3699,22.9909,32.7564,20.5334,32.6257,28.5598,32.5017,33.7418,34.0449,32.6273,24.9064,26.8864,34.4282,32.7558,34.1337,32.1277,30.8771,32.5545,34.2446,30.0955,34.5579,33.8543,28.7695,28.3013,35.8302,35.1708,36.2513,21.0361,35.1698,33.5519,26.0138,24.25,35.7763,32.9833,30.644,35.4864,36.2352,28.1981,32.8537,33.4613,35.9282,31.5977,31.2427,72.49,0
2026-01-15 05:00:00,33.1208,32.2296,29.1857,32.8493,31.3594,27.7837,30.8788,28.814,22.1164,33.2655,19.6255,34.655,25.4449,29.7181,33.5247,32.8431,31.2655,22.3,25.0393,33.6813,33.6263,31.372,31.5178,26.9633,32.0047,34.4065,28.9091,31.919,33.8995,28.328,26.8166,34.6733,32.637,32.3518,18.7073,34.2301,29.9925,23.7109,25.4353,36.3785,33.8103,30.8524,36.3609,32.0565,26.0715,34.6139,35.2044,33.1777,31.4935,31.134,83.14,1
2026-01-15 06:00:00,33.1101,29.4296,28.3697,30.91,30.926,25.5818,28.77,26.4025,20.2201,33.6079,18.5572,32.6433,23.1971,29.0057,33.7552,31.4792,28.4315,19.2809,22.0484,33.0115,33.17,30.3923,29.4184,27.5438,27.2308,33.4071,25.6477,31.5036,32.873,25.3672,25.6711,34.0449,31.873,33.1879,18.1332,35.4884,28.8194,21.4617,21.9021,34.4558,34.2575,28.4858,34.6047,31.9037,23.0609,31.8231,28.9309,36.1742,29.6608,28.1427,77.55,1
2026-01-15 07:00:00,32.1677,28.8218,26.2029,29.9997,27.1542,22.6515,26.4357,24.011,18.5836,31.833,16.4599,32.7032,22.7206,25.729,33.0436,30.3483,27.4211,20.5965,20.5956,29.596,33.047,28.4002,25.1853,25.7676,28.3148,32.4679,22.6338,32.2422,31.8619,24.4233,25.2448,34.9236,31.4201,29.6494,20.4067,32.5163,25.8598,20.4858,22.72,34.3811,31.8652,24.9088,31.4418,32.3829,22.3725,27.4808,30.0788,31.998,28.6571,24.4848,75.25,1
2026-01-15 08:00:00,31.1325,27.3178,22.9864,28.5278,25.9193,20.811,24.2929,23.9477,17.1057,31.1212,17.9791,30.9753,17.8868,23.4419,29.9635,28.1254,25.9785,19.0116,20.6731,28.8937,28.6498,25.6609,25.199,22.4487,23.5861,30.7492,20.0015,27.6662,29.1238,22.1687,20.7977,32.5945,28.0298,30.5836,18.8686,30.8725,23.9931,20.0887,20.3025,32.3641,30.7819,21.6333,31.2903,29.578,21.0976,25.0821,28.535,32.958,28.9415,23.4363,75.22,1
2026-01-15 09:00:00,30.0134,24.5727,21.2191,27.3989,23.2119,21.3159,21.9094,21.6188,16.8713,30.3497,18.6287,29.8805,17.9074,20.5319,27.1941,26.9848,23.5528,18.2114,19.0786,26.547,26.4967,22.3044,23.4705,20.947,24.125,26.7508,19.5453,24.117,28.0923,19.7497,19.1395,30.2293,25.5782,27.5158,21.9613,29.9191,20.6472,19.7375,18.9313,29.7448,26.0508,20.9869,27.6073,29.1487,19.7961,25.9371,25.6561,33.738,20.5233,23.9769,68.46,0
2026-01-15 10:00:00,27.3256,22.4266,19.5822,23.5679,21.0487,19.7196,20.4794,20.0449,18.056,28.093,18.9528,27.4679,17.5792,19.8191,25.3638,23.2863,21.9313,18.0513,19.6442,24.0018,23.9204,21.0687,20.5282,18.6995,21.7401,24.9831,19.7774,24.3768,26.7617,18.0621,18.7058,28.0534,22.7407,25.2638,24.796,26.3979,20.3489,19.3651,17.9319,29.5548,25.9624,19.298,27.8523,28.5974,19.3127,21.8445,26.6,27.9279,20.6895,22.1581,64.3,0
2026-01-15 11:00:00,25.3267,20.9601,18.0689,22.5265,19.858,17.4437,17.8731,18.187,19.2361,25.198,22.1058,26.1553,18.4295,19.1509,23.5882,21.9337,19.81,18.4426,17.8735,22.2135,24.0416,20.9449,19.8931,16.8103,19.8346,25.2065,20.196,22.4365,24.8905,18.2329,19.2337,26.9132,21.5235,24.4762,25.4168,26.4149,17.4256,21.0723,20.8252,26.2227,25.3707,18.4586,26.7538,24.0348,17.9228,20.7167,22.7177,26.6689,21.0303,18.915,57.86,1
2026-01-15 12:00:00,23.5968,19.0548,17.5962,20.7745,18.6108,17.9346,17.6541,16.4898,20.3681,24.309,21.6493,24.2574,18.8793,18.2332,20.9902,20.9962,17.8274,19.119,18.292,20.3084,20.4126,19.4024,19.083,16.9802,18.8561,22.7616,18.6481,21.9087,21.4434,19.0388,20.2459,24.1513,18.9303,21.62,26.5986,22.1068,19.0149,21.5753,20.6448,22.5216,24.0973,16.986,24.2967,21.7618,19.0693,20.6765,19.7836,23.9215,21.5115,19.1318,50.99,0
2026-01-15 13:00:00,21.8453,18.7309,16.7514,17.8336,19.404,17.8002,17.3176,18.8646,21.1071,21.8688,23.8643,23.0917,18.5061,18.2961,19.2272,19.1339,17.3842,19.7042,19.2352,19.997,19.4292,17.6734,17.523,19.1101,18.2389,20.9899,17.7683,18.9636,20.9397,18.5294,19.338,23.997,19.9551,20.2301,27.1734,20.8065,20.8992,21.2442,22.475,21.8029,19.1359,19.9898,24.2679,23.5914,20.9778,20.5945,21.2987,22.2462,20.377,20.3314,52.0,0
2026-01-15 14:00:00,20.3152,16.6876,16.777,18.1034,17.1879,18.5238,17.8362,18.1408,24.215,20.1761,25.9263,19.9015,21.3225,18.9985,20.5928,18.7566,18.3237,24.5527,20.7411,19.053,17.0685,18.341,18.2477,18.7181,17.7496,20.0473,19.0677,19.2242,18.0256,20.349,18.8773,20.4312,16.4661,17.7762,30.9449,18.8471,20.8417,23.9426,24.6746,18.2193,19.3864,21.8444,22.7093,21.0813,22.0611,18.4307,20.347,22.1428,21.9197,20.9051,46.59,0
2026-01-15 15:00:00,19.4523,17.1012,18.5222,17.8211,16.8103,18.3951,17.8921,18.8555,26.1437,18.3402,28.2037,20.1827,22.0113,18.7904,18.3763,18.4769,19.3785,25.2028,22.2157,19.0011,19.0902,18.9015,20.1372,20.2889,18.9806,19.7923,20.5019,18.9313,17.9742,23.2286,20.6077,20.3246,20.2148,20.7015,33.6745,20.4755,21.1273,26.2301,26.2397,23.5649,18.9749,23.8808,20.3538,20.9064,24.5892,21.6393,17.3509,22.9256,18.9788,22.4991,33.63,0
2026-01-15 16:00:00,18.097,17.6258,19.7665,17.6372,18.374,19.7136,19.4089,19.8881,27.1852,17.8779,29.8915,17.4946,25.2271,20.0413,17.2145,17.8658,21.9633,25.8902,25.0354,18.5708,19.3919,20.1736,20.2148,23.5722,22.5069,18.7001,22.7182,19.1203,17.5176,25.1615,24.0205,19.6627,20.624,19.412,33.5944,20.7685,22.2697,28.302,26.9048,21.1423,18.7154,25.0991,16.303,20.8319,27.3567,20.5884,22.4413,19.8929,22.0667,23.2866,33.39,0
2026-01-15 17:00:00,17.0385,18.2141,20.5967,17.7735,18.17,23.4316,21.1897,20.4998,29.2766,17.0474,30.6794,17.5407,25.6092,22.4745,18.8263,18.1811,21.9188,28.4011,26.9129,19.0192,19.6927,22.7124,23.2874,24.3689,23.1337,18.652,26.2968,20.4394,19.307,26.4291,26.9504,19.6067,21.061,20.6046,35.9203,19.1672,23.6994,29.5115,30.7049,17.6797,21.3938,26.0758,20.5642,19.9006,29.6705,25.4879,21.7932,21.5961,26.4319,25.6221,30.66,1
2026-01-15 18:00:00,17.1234,18.2283,23.4631,19.0469,20.9648,23.5159,22.7762,24.5736,31.8831,16.4829,32.451,19.1923,28.3452,23.6921,18.0477,19.6806,21.9163,31.3336,28.4765,20.0456,18.5249,20.5919,25.5366,25.9424,22.8093,20.5965,28.468,22.1503,19.5006,29.4956,29.9629,20.9209,21.9094,19.5623,35.4977,20.6654,25.271,31.6052,32.9458,19.1125,25.1312,28.4283,19.2335,20.7974,32.2876,25.0835,24.616,19.2492,24.9739,26.6514,29.37,0
2026-01-15 19:00:00,17.1638,21.4161,24.6736,20.4187,22.9262,26.7375,24.3987,25.2057,32.4594,18.4255,33.4361,20.7371,29.9293,24.855,19.4009,21.0659,24.2718,32.7633,31.8731,22.104,22.0727,25.8549,27.456,27.0315,25.9874,21.4265,29.0893,23.8617,20.2866,28.6135,28.6237,18.3644,24.3906,24.4034,35.2297,21.8127,29.5185,34.8777,33.9024,21.1659,21.4304,32.3133,22.6079,21.5073,33.4133,28.0504,25.6502,22.8935,24.047,29.5958,28.03,0
2026-01-15 20:00:00,18.7297,23.9596,27.2448,21.1418,25.4521,28.5873,26.1935,28.3187,34.4207,19.791,34.5176,21.0245,32.6584,27.2483,21.305,22.3656,28.9215,32.8828,33.9714,21.4406,21.8099,27.0082,30.3332,31.0531,27.907,24.8095,31.3243,26.2481,23.3388,33.2221,31.9111,21.8505,24.4068,24.8418,33.7883,23.3649,28.6039,33.4998,35.3781,24.3895,25.3294,30.5202,23.3792,25.652,34.6759,25.6399,26.6214,25.1171,29.1895,33.2894,31.0,1
2026-01-15 21:00:00,20.0742,25.9764,29.5071,24.2477,27.6402,30.2801,27.5941,30.3518,33.87,21.6174,34.8014,21.2039,32.5979,27.9504,25.2094,26.8563,28.8507,33.0976,34.4384,25.3186,25.4343,27.8889,30.2791,32.5427,29.6696,26.796,31.8611,24.9498,23.9177,31.7467,32.0728,23.5103,29.5093,28.7321,31.2264,23.5101,30.3537,34.8695,36.1305,25.0336,27.2086,33.5013,25.7042,27.2125,36.1099,32.8645,29.8116,26.2343,32.9368,35.0772,34.61,1
2026-01-15 22:00:00,22.2066,27.8007,30.7098,26.0117,28.7147,32.1556,30.54,31.651,32.8428,24.2923,33.2448,23.6389,33.6103,30.5798,25.7587,26.4874,30.8882,33.4894,34.5163,27.7482,27.661,30.892,32.1977,33.6805,30.5835,28.2313,32.0543,27.8243,29.311,34.2614,33.2567,23.4839,30.3443,29.9695,30.8673,26.1942,34.8391,36.768,34.7911,26.3852,29.3293,35.1327,27.5396,29.6677,34.4016,34.7525,31.0541,27.5185,33.778,34.2891,34.63,0
2026-01-15 23:00:00,23.629,28.8995,32.2861,27.8377,30.634,32.4858,32.6694,32.9224,32.2909,25.0563,30.3409,25.8192,34.1389,31.3177,26.0784,31.4917,31.5297,31.7403,34.7711,31.0779,29.7661,33.6748,33.6114,33.8392,33.4595,28.0592,36.3426,31.4927,29.2905,33.8556,33.6936,27.091,34.0299,27.8752,28.9695,30.0018,34.9639,34.5152,34.2962,27.4273,32.6631,34.9517,32.2017,28.2111,34.3,33.9412,33.3854,29.4696,33.1686,33.567,43.27,1
2026-01-16 00:00:00,26.4178,31.2911,32.5781,31.5047,31.6024,33.5823,32.9204,34.1964,31.0044,27.3305,28.657,27.6533,33.7359,33.7723,30.9252,31.1907,34.7086,31.9097,35.2674,30.2485,31.7613,35.1257,34.0496,33.472,34.8428,30.0925,32.1814,32.9335,32.7567,35.52,34.4114,28.3954,34.1038,33.4018,28.1282,32.5092,35.2398,36.5344,36.7423,30.8538,33.1539,33.3228,31.6598,33.8801,34.1957,33.5758,35.2487,29.488,34.7034,37.9281,45.21,1
2026-01-16 01:00:00,28.9592,31.9472,33.0692,32.2782,32.2622,33.3118,34.5394,32.9472,28.76,30.0639,27.0638,28.6213,33.0494,34.784,31.361,32.6675,34.3693,30.4129,33.3251,31.6544,32.7095,33.2061,34.9055,35.8582,33.6353,31.3992,32.258,32.8594,32.6236,32.4034,33.2484,32.4187,34.8401,34.9254,25.3451,33.8707,35.3764,34.0501,34.1836,32.6483,31.2446,35.9319,30.9804,33.4259,32.5156,33.8543,35.5637,30.3054,33.9695,32.4372,58.78,0
2026-01-16 02:00:00,29.9087,33.1407,32.8308,31.9427,33.4814,33.8771,32.4092,33.1966,26.6757,30.6729,26.3805,31.2617,31.1404,32.9007,31.3868,32.4535,33.3134,30.2976,30.7196,31.6386,31.9192,33.5153,32.4745,34.6774,36.3544,34.0412,35.0921,34.2145,32.8903,31.1045,35.9614,31.8538,35.4424,35.4903,24.7077,34.0426,37.0098,27.4492,30.6693,33.6522,33.1218,35.0735,35.5991,32.19,29.4169,35.6293,36.4785,34.9818,33.7666,36.2502,64.22,1
2026-01-16 03:00:00,31.6429,33.1748,31.7657,33.3669,32.343,30.5769,32.1773,32.039,25.6948,32.598,22.9324,32.0693,28.9126,32.1945,33.399,34.2841,32.6033,26.5714,29.8116,32.9173,34.7165,32.7003,33.5195,32.5752,35.3129,35.4066,31.8484,33.7888,35.9698,30.8209,31.1885,33.5585,33.7073,35.3724,22.0426,35.8438,33.488,26.7877,29.6193,34.6106,34.0499,30.6179,34.5312,33.8161,30.774,33.2901,35.1863,33.9994,33.366,35.198,70.47,1
2026-01-16 04:00:00,32.8273,32.1969,30.8454,34.0276,32.1382,29.9001,32.4833,29.6162,23.7364,33.0261,20.2298,32.6248,26.9806,32.4193,34.3273,33.4828,32.6653,25.0915,28.0234,33.977,34.2716,33.2208,30.7338,31.0231,33.2352,34.2275,28.9133,34.8401,34.7741,28.9162,30.9991,34.2042,33.6429,34.736,19.7658,33.3086,32.2625,26.1576,25.4651,34.7427,34.3665,25.7691,37.4087,34.897,26.5135,33.5529,34.2759,34.7565,33.4714,33.1036,68.55,1
2026-01-16 05:00:00,32.7894,31.3391,28.445,31.7891,30.587,28.2877,30.6813,29.2979,21.6786,33.4378,19.2643,33.49,25.1824,29.7186,33.9467,32.9483,30.9791,24.2467,24.513,32.8674,32.7701,31.8989,29.4796,28.2872,29.931,33.416,28.8126,32.3121,36.1547,27.0618,27.1383,33.9919,33.1594,34.2336,18.5194,32.4941,32.614,23.6835,23.8667,37.0685,34.5307,30.7039,37.5971,34.0398,28.3788,32.1901,35.0974,33.7228,28.0655,31.8473,78.01,0
2026-01-16 06:00:00,33.1033,30.6531,27.1236,31.6714,29.9103,25.8186,29.5826,27.9664,20.6964,33.8904,19.0217,33.7882,23.3121,28.3698,34.2498,30.9824,29.8412,20.1722,23.1059,31.7565,31.0765,30.8326,29.1821,28.2134,29.7236,33.2043,26.8255,32.0782,32.5505,24.8645,28.295,32.9455,31.0847,34.7454,18.4198,32.5251,27.9549,23.1934,21.1919,32.7257,33.2999,25.3912,35.727,33.9859,24.1347,30.4451,34.5358,34.6177,31.6592,27.2746,76.89,0
2026-01-16 07:00:00,32.4419,28.6185,25.1745,30.2336,28.7664,23.0643,26.7356,25.9681,18.0966,32.3215,18.3151,33.5973,21.152,26.6906,30.8465,30.3666,27.5905,19.112,22.4845,30.9334,32.4318,28.3475,26.2208,25.551,27.5731,30.8783,22.5972,31.1803,31.0831,24.3636,24.1652,32.9982,28.8961,33.2476,19.528,36.4126,28.0933,21.6883,21.6213,34.345,29.6304,22.679,32.0317,33.1123,20.1234,30.107,29.8561,36.0918,27.4105,25.5992,83.08,0
2026-01-16 08:00:00,31.4322,26.3142,23.1158,27.6222,24.8475,22.6888,24.104,24.2341,18.8854,31.8846,17.5513,31.4844,19.7288,23.4828,29.9015,27.3691,24.8233,18.1843,18.3875,29.6027,30.3202,26.6927,25.0148,23.7633,25.7213,30.1819,21.5727,27.1833,30.8318,21.735,22.9266,32.871,27.193,29.4165,19.611,33.8801,21.3484,17.9775,20.5219,32.5424,28.0593,22.1119,31.613,30.5067,21.859,27.8544,29.0234,34.5035,23.8814,23.236,74.87,0
2026-01-16 09:00:00,29.4948,24.1876,21.1804,26.569,22.4377,20.3701,22.4892,19.9551,16.948,28.323,18.6084,30.0257,17.426,21.5465,27.371,26.0412,22.5712,16.7151,17.7887,27.0615,27.8117,22.5032,22.2071,22.486,24.8061,27.6695,21.4905,24.6038,28.8201,22.0945,19.8659,31.3971,25.4939,26.6545,19.9732,27.4885,20.7543,20.8656,20.9084,28.1929,25.3495,21.332,32.2188,27.9958,20.1372,24.2802,24.462,29.432,22.2036,21.5995,65.29,0
2026-01-16 10:00:00,28.0953,22.4697,19.6011,24.9085,21.5154,17.9825,19.8027,20.6159,17.2306,26.7699,17.4158,28.7942,18.4433,19.9946,24.6267,24.2878,21.0818,17.9794,18.1268,24.99,24.4556,23.5822,21.8276,20.8167,21.2736,25.1646,18.5965,23.1836,25.8097,19.6467,20.5949,30.0896,26.1627,26.9975,24.0808,27.107,19.9471,21.8824,19.1665,28.2674,24.0166,19.1561,31.083,26.7627,20.1867,23.3344,27.107,27.9643,21.1281,20.7829,57.1,1
2026-01-16 11:00:00,26.3215,21.5979,18.6024,23.1153,19.8939,18.0967,18.5357,18.4839,17.6013,24.082,20.515,26.1996,17.9669,17.8569,24.5031,23.1731,19.2711,19.7927,18.524,23.3314,20.7608,21.5831,19.2676,18.2209,22.0785,23.922,19.0985,21.2208,27.2408,19.8738,19.3549,28.2995,21.3687,24.6268,24.9555,24.7823,20.5234,18.331,21.2631,25.3536,25.3973,19.7873,26.3692,24.7793,19.3164,21.6522,24.4067,24.6691,20.9057,20.5002,57.34,0
2026-01-16 12:00:00,24.7289,18.8825,17.9888,20.2804,18.6796,18.4507,18.7756,18.7253,19.8345,22.817,22.8048,24.3499,19.0273,18.5905,22.245,20.991,18.5724,20.6062,17.4915,19.5437,21.9982,18.7041,16.8241,18.5743,19.4623,22.8705,20.1818,20.6509,21.5454,19.5936,18.575,25.4903,19.5944,22.0646,27.1655,24.9499,21.5333,20.6666,21.7056,23.3097,21.988,19.611,23.9256,24.5278,19.4727,22.3422,20.5152,25.7985,20.4358,21.6898,45.88,0
2026-01-16 13:00:00,22.4591,17.9804,16.8242,20.3891,17.4054,17.4878,18.1033,17.2488,21.5041,22.9966,23.5686,22.1598,19.2165,18.3438,20.4574,19.1369,18.1462,22.4077,19.5587,19.8783,20.1916,17.7876,18.6474,18.9718,18.3012,18.8932,16.6503,17.6876,19.0246,18.5591,18.3495,24.0056,19.2915,19.3259,27.9347,22.4937,18.6778,22.2564,25.4362,21.8002,19.6977,19.5419,20.9383,20.4842,19.9721,20.1598,19.8942,23.6913,19.7737,23.0944,40.59,1
2026-01-16 14:00:00,21.2772,17.3507,16.7484,16.6876,17.198,18.1594,17.7062,17.5438,24.1663,20.0158,25.6527,20.5351,19.2949,18.1463,19.3166,18.2621,17.3688,22.6801,22.1133,18.7055,18.5089,19.0894,16.6243,19.6007,21.0697,19.5125,19.736,20.5705,18.2967,20.0644,20.3547,22.0241,20.8159,17.5872,29.6391,19.9365,21.2382,26.0796,26.1909,22.9218,17.4839,19.4543,19.5498,20.1609,21.8586,21.5056,21.7028,22.28,19.3358,19.4262,33.64,1
2026-01-16 15:00:00,18.2901,16.5263,17.6019,17.5332,17.7289,20.2749,16.8442,17.9952,26.0559,18.2358,26.9588,18.2351,22.0975,19.8846,17.6459,18.2578,19.1844,24.2858,22.9329,18.2867,19.3958,17.3246,18.1139,18.6213,20.1166,16.5946,21.7648,17.4504,18.573,23.2458,21.7509,18.88,21.0483,20.0847,32.409,20.2527,23.9104,28.4463,27.9656,20.1329,18.252,25.0143,20.4933,22.0817,23.6567,24.0952,20.3171,20.1151,21.3489,21.5719,30.0,0
2026-01-16 16:00:00,18.1086,16.5708,19.1531,16.4927,18.8545,20.257,18.6988,20.6693,27.138,18.4704,31.3169,18.2303,24.2064,19.8408,17.1365,18.9069,19.38,29.288,25.6994,17.8299,19.1906,19.0228,19.9353,20.6822,19.9442,18.4081,21.3848,17.809,20.5416,22.0354,24.9071,19.747,22.1683,18.7049,31.5154,20.2027,24.6086,28.0876,29.2184,20.5821,20.5078,25.8727,20.6815,18.1596,27.1431,22.8097,21.614,21.0959,19.6635,23.2878,34.17,0
2026-01-16 17:00:00,17.2211,17.8721,20.862,17.8905,18.2618,23.7935,19.5703,22.2208,29.5789,18.2761,31.2178,18.8215,27.0107,22.1442,18.2632,18.4718,20.4549,29.5404,26.4423,18.7714,19.1606,20.1234,21.4756,24.1304,22.0157,19.8519,24.6884,20.2735,19.2713,26.5585,25.6997,19.0268,21.15,19.3764,35.7704,17.2257,24.0167,30.0631,29.0492,17.9923,20.9875,26.1449,17.8005,19.9133,29.6548,23.1702,20.4154,19.6226,22.6662,23.6015,21.98,1
2026-01-16 18:00:00,18.276,19.9202,22.5425,18.567,20.8187,25.3703,22.88,23.115,31.1983,17.0267,33.0621,18.0595,26.9176,23.9469,19.9794,21.0985,22.6721,29.7572,28.2885,20.4171,20.1181,22.7349,23.8526,26.1394,24.4156,21.171,28.4155,21.4939,22.236,27.92,25.9013,18.6156,23.404,21.7539,34.355,20.9137,27.6351,33.7084,32.4269,19.2343,21.1717,29.8079,21.5831,20.2304,29.5155,25.1512,24.2161,21.8985,25.4424,26.2562,23.3,0
2026-01-16 19:00:00,17.2688,21.5582,24.3134,20.6301,23.0649,26.2804,23.752,24.5074,31.4473,20.4102,33.9853,18.02,30.3851,25.0078,21.6243,21.2503,25.1879,34.7926,31.5952,23.0241,21.6451,24.3876,25.4497,29.1801,25.669,21.0223,28.6441,24.8441,22.5142,29.3062,30.7958,20.0483,23.3236,22.2053,34.699,21.486,29.0723,33.6098,36.4743,20.4806,22.7121,30.0791,23.4478,21.265,34.6376,26.7976,25.0332,19.8682,26.5472,31.5849,20.13,0
2026-01-16 20:00:00,18.3067,23.8609,26.8597,22.0641,24.4446,28.4249,25.5191,28.2641,32.709,20.11,34.7657,20.9176,32.2982,28.6124,22.6438,24.3258,27.1454,33.5203,32.7034,21.8946,24.0584,26.1538,27.1749,28.102,28.045,22.7872,29.6983,25.0968,25.0418,31.622,33.327,21.6929,26.1868,24.1452,34.8209,21.7496,29.8377,35.163,35.3737,22.678,22.5947,32.9279,23.9837,25.1362,34.8877,31.0098,27.725,24.1516,30.2708,32.8781,21.52,0
2026-01-16 21:00:00,19.9167,25.6165,29.1613,23.6725,28.1148,30.264,28.2689,30.2243,33.0411,21.843,33.149,21.9512,32.5445,29.7678,23.9692,26.4691,29.4534,31.5619,32.4446,25.9665,24.6761,28.1147,31.9385,32.3079,29.0948,25.1006,33.9747,27.176,26.3188,35.145,31.4843,22.6981,27.3923,25.9402,32.8442,24.3448,32.9636,36.5797,34.3061,24.9435,25.9583,35.1474,27.232,28.6928,38.937,32.3968,28.8164,25.2796,30.5054,34.9005,31.2,0
2026-01-16 22:00:00,20.9384,27.558,31.0739,25.7997,28.6557,30.8478,29.6848,30.8111,34.1846,23.8318,31.9389,23.874,33.7513,32.1267,26.2369,27.5474,31.6709,35.3045,33.3965,28.6389,27.9483,30.2243,31.4686,33.2701,30.0012,26.3021,34.403,30.2082,28.4033,32.4743,36.4085,25.9811,31.2154,29.6651,30.1155,27.4831,33.2783,36.2465,35.8842,26.6105,29.8084,35.8913,27.5129,31.8472,35.2983,33.0638,31.0836,27.6089,36.6143,35.2639,38.33,0
2026-01-16 23:00:00,23.7898,29.1742,31.7313,29.3833,30.7196,33.0914,32.572,31.8603,32.464,25.8996,31.0679,25.91,33.3292,31.6774,28.1011,28.7646,33.5006,31.4848,35.5537,28.4038,28.7178,31.2846,31.2541,32.9102,33.2201,29.6315,34.5192,32.3829,30.8216,33.5293,36.4833,27.3109,32.4489,29.6931,31.4361,29.3709,35.0085,35.1047,33.7406,27.3026,30.1769,35.125,29.6201,30.9116,38.7728,37.0758,33.3044,28.2653,33.1091,36.7951,38.93,0
2026-01-17 00:00:00,25.757,31.5633,32.648,30.3367,32.4157,32.816,32.2592,33.7728,31.4476,27.193,30.1266,26.6122,32.8191,33.6401,29.1965,31.4706,33.7018,32.6389,32.8962,31.1675,32.5832,34.0829,33.8531,32.742,34.2369,30.2909,34.6025,30.8613,31.1966,32.6955,34.2033,29.9984,34.0436,30.7919,25.7387,30.9381,33.6231,32.0033,32.9523,31.3544,34.9683,36.6192,31.5941,33.4684,35.9427,35.1746,33.7285,33.3488,38.204,36.657,43.92,0
2026-01-17 01:00:00,28.2444,31.7685,32.6723,30.5804,32.6043,33.4322,32.4449,34.7274,28.2723,31.0463,27.1,29.8945,32.117,33.5358,31.6859,30.8034,33.1188,31.6094,33.5543,33.0148,33.2905,35.3127,33.3973,35.3894,35.0964,33.4123,35.3448,34.1186,32.671,33.7642,33.1094,32.381,33.7222,32.7706,22.8196,32.4888,33.0817,32.9046,33.1712,31.4471,35.82,34.8613,34.7424,34.9834,30.9288,36.1925,38.8066,31.6075,33.1672,38.5595,48.99,0
2026-01-17 02:00:00,30.1469,32.3582,32.9405,32.9453,32.2075,31.7995,32.0357,32.7933,28.1444,31.04,24.4522,32.1608,30.4918,33.0265,31.8586,33.6135,33.806,29.6427,30.8898,35.5706,33.1755,34.7785,33.3598,32.9565,33.9228,33.224,33.6383,36.9659,34.6744,32.4788,34.4885,32.1788,36.0962,36.4965,24.5975,34.2343,34.3101,31.5692,31.8337,34.1139,34.5836,32.9755,35.0454,34.9795,30.3844,34.7257,34.478,37.5336,38.7256,31.293,63.08,0
2026-01-17 03:00:00,32.4136,33.4234,31.7207,33.069,32.87,32.0321,32.9243,31.6391,26.1386,33.2007,21.9862,32.1363,29.802,34.0548,33.6131,33.0093,32.6625,28.3692,29.5397,36.205,34.3824,35.3037,34.0968,31.5829,32.5504,34.2431,32.6106,34.1162,36.9128,31.8376,30.2934,33.4249,32.1788,34.4989,20.0937,33.0504,33.9612,29.2437,27.8801,33.0881,35.2721,34.3538,34.5683,37.5523,30.5929,34.9283,36.63,35.9911,35.7274,33.0288,71.42,0
2026-01-17 04:00:00,32.9667,32.0123,31.2773,33.2006,33.0246,30.3633,31.6043,31.0596,21.8388,33.0195,20.3503,31.9623,26.7398,31.892,35.2794,36.3137,33.9007,25.8208,27.8076,33.0496,33.4803,32.2997,31.718,31.8349,31.8218,35.155,29.4721,34.4884,33.1304,29.3066,29.2683,36.0846,34.0058,35.6065,22.0144,37.421,30.6484,24.4822,26.1052,35.1513,38.4532,28.7301,36.3272,35.5378,25.6447,32.7146,35.7228,37.6536,34.683,31.0144,65.94,0
2026-01-17 05:00:00,32.7021,33.133,28.3241,33.1485,31.0019,27.6066,29.6257,29.5602,20.8244,33.1918,20.2915,34.0389,24.5288,28.9743,34.3418,33.8304,32.6794,24.541,23.6155,33.3271,35.0684,31.0178,29.3893,29.5709,32.3184,34.8275,26.2166,34.4501,32.0414,28.306,26.5282,34.1982,33.0136,33.9705,20.0897,34.6599,30.8627,25.2494,22.9636,36.2283,35.9973,28.728,36.2604,36.7036,24.7679,32.0851,35.2655,38.2104,29.7753,30.4295,71.56,0
2026-01-17 06:00:00,32.5236,30.5126,27.2092,32.329,29.0926,26.2246,29.5309,26.9322,20.0392,34.731,18.2898,33.6271,24.518,27.8376,32.1326,31.7511,29.7566,21.0821,22.1456,32.687,34.0974,30.4082,28.999,28.1275,28.7556,33.8043,26.7764,32.4781,32.8856,24.8606,25.9245,34.7278,29.2227,32.9254,19.6236,34.9645,28.2349,21.5512,22.7786,35.2184,33.8402,28.0148,34.7646,33.6524,21.8541,28.838,29.0348,36.7861,29.3565,29.5346,79.33,1
2026-01-17 07:00:00,32.6952,28.9338,25.5147,29.6795,28.261,23.9687,27.2005,26.4283,18.9392,32.5471,17.425,31.759,22.0461,26.8995,31.5309,31.129,27.9202,19.3656,21.6681,31.4936,31.7396,28.5586,27.6079,25.902,26.9491,32.0509,25.2363,29.0919,32.793,26.0349,25.5506,33.52,30.1425,33.1975,18.7924,35.0885,26.9071,17.9818,18.9209,33.0409,32.4466,21.8698,35.3321,31.0644,25.4002,27.544,28.3603,37.4369,27.3789,27.1595,73.29,0
2026-01-17 08:00:00,30.6989,26.3394,23.3742,28.3601,25.45,22.8524,24.6694,23.6353,17.3215,31.3473,17.224,32.1683,18.3515,23.426,29.2566,28.6869,25.3243,18.4221,19.4309,29.3394,30.7036,25.9553,24.9525,26.7481,24.9958,28.9064,22.0014,28.1472,29.9182,22.6247,22.5333,31.7057,27.4517,29.8461,19.208,32.8734,25.2818,19.823,19.9145,33.3853,30.5435,24.6224,32.5356,29.3354,22.6435,25.1914,27.9679,34.6824,25.5663,24.0762,71.25,1
2026-01-17 09:00:00,30.8531,24.5237,22.8357,26.0481,23.2634,19.5451,23.5271,20.9062,17.3889,29.9282,18.2216,30.5243,18.0499,21.3948,27.9407,25.0865,23.4035,19.4087,19.8421,26.277,27.3859,23.8716,20.1557,22.3794,22.6965,27.9896,21.6106,24.8226,26.5806,21.0778,21.7922,31.7709,26.2257,29.6164,20.9535,29.9496,24.0092,18.0912,19.7791,29.901,28.2883,23.3346,31.5267,26.5904,19.7962,23.3243,28.0044,32.6213,25.724,23.7896,69.2,1
2026-01-17 10:00:00,28.6999,22.4113,19.8435,24.6233,21.7,18.6976,21.2356,18.522,17.549,29.6319,18.9241,27.1624,18.1724,20.331,26.7534,23.4602,19.9423,17.7265,16.9448,24.1529,25.8643,21.0205,19.7871,20.8517,20.8565,25.7613,19.2055,22.9697,25.8455,20.202,19.2314,28.9866,25.9249,27.8608,21.9602,27.3888,21.6716,19.5927,17.3466,26.6476,24.8184,19.539,29.2298,28.4866,22.0768,21.3015,24.3161,30.2555,23.2868,22.5568,60.73,0
2026-01-17 11:00:00,25.8226,20.4666,17.7836,22.1219,20.367,17.4515,18.7594,19.2647,18.9092,27.2629,20.2876,27.5933,18.1273,19.4907,24.3772,22.8912,19.7396,19.593,18.7863,21.6611,24.2872,17.9509,19.6347,18.3099,19.2596,23.4794,18.8188,23.4305,21.8832,17.8728,19.213,26.1735,22.2548,25.479,26.3621,25.4249,19.5812,18.6217,18.7647,28.1816,23.722,20.1687,25.4701,26.5029,21.9543,20.8002,22.5057,28.0498,20.8474,21.7592,53.36,0
2026-01-17 12:00:00,23.0875,19.5164,17.4576,20.458,19.9975,17.4475,17.5162,18.4876,20.9878,24.5717,23.2006,24.6714,17.1851,17.6989,23.9217,19.6066,18.0097,19.2116,17.5512,19.4547,21.3735,19.8137,18.5583,20.1796,20.5565,22.1448,20.6306,21.6278,22.6437,18.8045,17.7499,26.2164,21.6406,21.2806,26.0847,21.5279,19.7158,21.0244,20.9491,23.5076,20.6135,18.9525,23.1393,21.9673,22.791,16.8705,21.5668,27.0924,21.8866,21.5365,51.23,1
2026-01-17 13:00:00,22.6683,17.7532,16.2054,18.7974,18.1895,17.8649,18.0962,17.3415,21.3583,23.7344,25.3197,20.7514,20.1489,18.2359,21.2445,19.4514,18.4368,20.7391,19.4364,18.4346,20.0038,19.5386,18.2089,18.1681,19.3719,19.6677,18.9434,21.4962,20.1778,19.4434,19.5746,21.7157,21.2027,20.7507,29.6696,20.3508,22.4468,20.765,22.1929,24.0046,22.0762,19.5258,21.7427,20.03,21.415,21.0886,19.3795,22.3886,22.0078,19.4243,38.0,0
2026-01-17 14:00:00,20.102,17.8532,17.3891,17.8357,18.0343,17.7806,17.7556,18.1575,24.5252,19.4069,25.1396,21.0391,21.2953,18.1674,19.1984,18.886,18.141,24.3158,20.2374,19.8984,19.7966,18.0661,17.8551,18.3261,20.0183,19.4097,19.8344,19.9594,19.407,20.2382,19.9094,21.3863,19.7769,21.3991,32.2354,20.8345,21.3953,23.8008,24.0207,21.1552,20.0044,20.2942,21.1988,19.4189,23.4011,20.7665,20.8265,21.8533,19.8094,22.3709,31.05,1
2026-01-17 15:00:00,19.3368,18.5832,17.731,18.3313,17.2248,19.101,18.0824,18.73,25.3946,19.2398,28.5825,19.6661,22.7882,19.0021,18.796,17.8512,20.3581,25.7045,24.6227,19.0124,19.0399,18.3616,18.2513,20.0686,20.8361,18.5339,19.656,18.7436,19.4472,21.8905,22.0574,21.2785,18.3512,20.2136,31.6863,19.2494,21.3731,27.1127,26.5805,21.2091,20.7767,25.6681,22.5134,20.2295,24.2169,21.5537,20.5284,21.6984,20.6774,21.7763,29.55,1
2026-01-17 16:00:00,16.8299,17.3711,19.9506,18.7145,17.6347,21.4816,18.4144,20.5328,27.4089,18.0156,29.6569,19.235,25.4415,18.2249,17.8391,18.4672,20.5292,25.5626,23.7703,18.9336,17.7994,19.1827,22.8025,22.1955,18.1491,18.3054,24.0743,18.2762,19.2396,25.0215,23.8014,20.4834,18.1368,20.8166,34.5413,17.5759,22.6298,31.0128,26.1651,18.7531,18.1882,24.9729,19.8362,18.7272,27.6644,22.1226,21.6144,19.2696,26.1285,24.4695,31.2,1
2026-01-17 17:00:00,16.818,18.5167,20.7634,18.0729,19.4922,23.5879,20.7714,21.2368,30.4386,16.431,31.6016,17.3512,26.8419,21.731,17.3911,19.8282,21.4692,28.6934,26.932,18.836,17.0708,20.8249,22.5611,23.1296,22.3751,18.1081,24.609,21.8016,19.0041,26.0787,25.7318,19.6288,21.6456,21.6205,33.9021,19.9951,23.9238,30.4395,31.257,20.8268,22.4009,25.4853,20.5038,21.3519,28.7697,25.7849,24.207,21.6488,24.3061,24.1884,30.5,0
2026-01-17 18:00:00,17.1441,19.9997,22.9203,18.8277,21.1244,25.0971,21.6715,23.1137,32.1139,18.2455,33.1553,18.5991,28.8839,23.4285,20.1551,21.0648,22.8113,29.0049,27.5577,20.0974,20.0084,23.8598,25.0844,24.7474,23.2943,19.0666,27.5904,22.3998,21.7771,28.5657,30.538,18.3843,22.3276,22.8718,35.1317,21.33,25.2341,32.5627,31.8003,19.4908,23.3821,30.824,21.8146,21.2487,30.3578,24.9041,23.2421,20.3849,25.6878,29.7247,23.1,0
2026-01-17 19:00:00,17.7175,22.4972,24.6954,19.4267,22.3095,26.7919,24.0883,26.503,33.2699,18.3579,33.4413,18.5099,31.5897,25.9917,21.205,22.4502,26.4603,32.3397,32.3319,21.4142,19.7531,24.0144,26.5482,26.8188,27.0367,23.0307,29.157,24.3504,23.0218,28.3879,32.1758,20.3456,26.1627,21.7695,34.61,23.075,30.9176,35.03,32.9904,20.8377,21.1505,32.3143,21.2656,24.6674,35.1382,25.5775,25.594,19.7945,28.5012,30.0031,29.17,1
2026-01-17 20:00:00,18.5133,23.4449,28.1008,21.7127,24.9102,28.7188,27.168,28.6409,32.5174,21.0301,33.887,19.4612,32.7968,27.2577,21.8747,24.005,27.1185,33.4346,32.8076,22.0686,22.6051,27.587,28.6612,29.9187,27.2697,23.5545,30.8864,26.1068,22.0716,30.1119,33.5888,21.8192,26.1778,24.757,33.6142,23.9395,31.3969,35.5388,32.4939,19.8282,24.4292,33.651,22.7343,25.9322,35.8098,30.4482,26.0638,22.1906,32.3809,31.4514,33.88,0
2026-01-17 21:00:00,20.5562,25.1246,28.8918,24.0941,27.3357,30.9533,27.8549,29.5831,33.2845,21.3249,33.7884,20.8253,32.4597,29.4345,24.2251,26.5708,29.4455,33.761,33.6845,26.1149,24.7447,28.5656,30.4908,32.0734,28.9579,27.2877,32.7843,28.8477,25.7681,32.4444,35.4849,22.5526,28.8013,26.1198,33.4432,24.4406,31.0085,36.0977,35.1716,22.3059,26.6223,33.6381,26.5864,25.4845,34.4838,34.7236,27.7731,26.2432,33.7451,31.3009,32.47,0
2026-01-17 22:00:00,21.4917,26.9413,31.7789,25.8419,29.2732,32.1499,29.1158,31.0001,33.8054,23.2075,32.5834,21.9457,34.2278,31.8384,27.0739,26.5044,31.0199,35.1632,35.4747,28.3903,27.1173,29.0388,31.1361,33.6269,30.3524,29.4297,34.0063,28.0186,26.9431,36.2939,36.101,25.4079,29.4541,28.8325,30.2008,28.1161,33.8585,36.3561,36.2657,27.404,27.3411,34.8972,27.9743,27.389,37.3692,35.7585,31.5649,25.3157,34.0893,36.2644,40.05,0
2026-01-17 23:00:00,23.9932,29.4771,32.5114,27.9247,31.0669,31.9316,30.9768,33.4337,32.3981,26.6661,30.5216,25.81,33.353,33.8759,28.829,31.3034,32.133,33.899,34.3826,28.592,30.4037,32.1687,32.0338,32.5116,32.9111,30.824,35.922,30.204,28.7553,37.1994,35.0181,25.3655,32.1376,31.1943,30.8844,29.7059,36.5779,34.4099,35.3446,27.646,30.8888,38.615,28.5283,31.4323,36.2592,36.3174,33.4912,27.528,36.3676,34.0955,51.0,0
2026-01-18 00:00:00,26.2183,30.8515,33.1612,31.0092,32.2767,33.7398,33.3939,32.8999,30.3032,27.6222,28.7931,27.2917,33.8087,32.5774,28.9068,31.6429,33.5607,34.5835,33.9791,30.3729,32.3923,35.2019,34.6625,33.7563,35.1119,30.1102,36.394,32.1108,32.5027,36.0287,34.894,27.131,32.8196,32.7931,26.4201,30.185,34.9263,32.8136,34.423,28.0023,33.7262,36.2096,30.7345,32.6968,34.637,39.0837,35.752,31.7378,36.534,39.6377,47.18,1
2026-01-18 01:00:00,28.4377,33.3583,33.4097,31.6004,32.6749,32.7388,33.5315,33.5708,29.639,30.4216,26.23,27.4429,32.8416,34.3514,31.9211,32.4212,32.4371,31.4163,32.9241,33.1633,33.3531,33.6979,34.7495,35.476,34.9255,34.388,35.0602,34.5473,32.9344,33.9323,34.7484,30.3446,33.8481,33.3373,24.1231,31.8318,34.4059,32.6497,32.3649,31.588,33.7732,34.3068,33.1817,36.1705,36.0791,35.604,36.5569,30.9207,36.1206,37.4611,55.5,0
2026-01-18 02:00:00,30.3433,33.9215,33.1907,32.7104,33.0271,31.7454,33.3591,33.1049,26.8823,31.5767,24.5689,31.24,30.0325,34.6982,32.8524,34.3153,32.8001,29.6039,31.8827,34.1512,34.4746,34.2661,35.2021,33.6007,33.3964,33.9301,34.7625,34.3089,34.2588,33.7552,33.1973,33.5483,35.1803,33.4435,23.3854,35.3466,35.2559,27.5334,30.9658,34.6276,33.0857,34.846,34.9346,35.978,32.659,35.3123,36.5513,35.2229,35.5102,33.9135,68.9,1
2026-01-18 03:00:00,30.8572,32.5666,31.1283,32.8068,32.4278,30.4495,32.6462,31.2835,26.5102,32.8769,24.5523,33.3965,29.2419,33.5533,34.6628,34.5655,33.8679,27.337,29.1852,34.9885,34.9959,34.0995,34.2129,33.1655,36.1437,34.3901,32.9356,36.085,34.2092,33.1694,30.7867,35.0407,34.3991,33.5258,21.5382,35.5361,34.5309,25.858,27.64,33.4791,36.8062,33.4076,37.1527,35.3295,32.8164,34.8433,38.5246,32.524,35.2783,35.1905,63.92,1
2026-01-18 04:00:00,31.6787,32.3564,30.8122,33.8969,33.4979,29.796,32.3026,31.0212,24.2842,33.2211,20.7034,32.4703,27.552,32.6947,34.8554,33.0242,33.8606,24.7868,27.4359,35.5455,32.0528,33.3634,31.4641,34.0603,33.5367,34.3208,30.8148,34.4237,35.3103,31.994,30.4732,33.4357,37.4802,37.3237,21.0779,35.7869,31.6424,28.2483,26.9715,36.9912,34.6378,32.8343,36.647,38.2614,29.0637,30.4326,35.0257,36.8665,33.0917,36.3829,72.27,1
2026-01-18 05:00:00,33.6704,31.8769,29.8095,32.5657,31.2322,27.438,30.0247,29.2353,21.7509,34.04,18.854,33.2891,24.9354,29.7584,34.7985,33.0817,31.3706,22.4576,26.2535,32.7271,33.7781,33.2594,31.6752,27.467,32.1403,33.9259,29.8321,35.9392,35.0816,26.6651,26.3711,36.8769,34.239,35.937,19.8793,35.3239,29.6148,25.7982,24.3169,34.9999,34.1373,28.4483,34.5055,34.7896,27.1155,34.4279,34.0849,36.1423,32.0967,31.6329,71.64,0
2026-01-18 06:00:00,33.1676,31.2319,27.3952,31.3567,29.4856,24.5833,28.9934,27.4424,20.6636,33.3477,18.795,33.9772,23.4656,29.2463,32.0369,31.7865,28.6733,21.0321,23.7529,32.5137,31.0357,29.3352,29.3971,27.5338,30.8074,33.714,24.8769,33.8913,35.6304,26.0717,26.1962,35.0706,32.958,33.7001,17.4712,35.2256,28.9011,21.7364,21.6604,34.7445,36.1309,27.266,34.1562,32.4734,22.7573,30.444,33.2317,38.2266,29.9569,29.1181,80.45,0
2026-01-18 07:00:00,32.0541,28.7847,24.5712,29.2768,27.1683,23.719,26.3335,25.2282,18.5811,32.1003,17.827,31.0588,21.9804,25.658,31.0216,30.0775,26.0551,19.6307,21.5677,30.1724,31.6516,28.1188,27.2593,26.2698,25.851,34.2318,23.4876,30.4654,31.6004,23.4929,22.9195,32.4384,29.7004,28.3415,20.7992,32.6343,24.8541,19.6107,22.5339,33.2567,32.8892,25.0308,34.5348,32.5478,21.8062,27.493,29.2728,32.0435,25.8091,28.0421,69.41,0
2026-01-18 08:00:00,32.196,26.4345,23.2539,28.358,27.4299,21.6533,24.141,24.4818,18.3394,31.3382,17.6427,31.3735,19.795,24.1902,30.8755,29.5045,25.8406,18.7113,18.9119,28.4031,27.4298,26.7421,26.6886,22.6035,24.4969,28.4468,21.4893,26.891,28.4145,22.7131,22.1467,33.3093,27.9075,28.8661,20.0058,31.4777,23.59,20.8531,18.4375,30.3969,29.4431,21.6402,32.7775,29.905,23.326,26.0285,29.9365,32.5483,25.1282,24.4245,71.38,1
2026-01-18 09:00:00,29.9649,24.6702,22.2939,26.0607,22.9455,20.1163,22.274,21.9566,18.6376,30.6712,19.2189,30.4364,18.8539,21.8039,27.5775,26.0881,22.6876,18.8463,20.3595,26.8235,27.1644,23.3118,24.5654,21.6343,24.2388,30.1081,20.4819,26.9793,27.4154,20.6882,20.9902,32.7817,25.2086,28.3773,21.8349,30.6346,22.3421,20.5735,20.5044,30.6684,26.9053,19.4083,29.5919,30.3625,22.0776,23.0233,26.9703,32.4979,23.6543,25.737,63.49,1
2026-01-18 10:00:00,28.7038,22.3104,20.3579,25.2702,21.373,18.4261,20.5994,19.6307,18.1582,28.2259,19.536,27.8802,19.0916,20.1412,24.7634,23.9305,21.8925,18.6065,17.8521,26.4224,25.7499,22.1794,21.6119,19.1252,20.839,27.5822,20.3756,23.0347,26.791,18.5326,19.3543,28.8671,26.7815,26.7091,25.7956,27.7117,21.988,18.6232,20.5017,28.9528,27.6712,21.1679,30.1406,25.3607,19.6379,22.7611,25.0144,29.6897,25.2122,20.9537,56.63,0
2026-01-18 11:00:00,26.1057,21.0925,18.3232,23.3421,20.174,19.0069,19.2828,18.5119,18.6966,26.3227,20.1467,25.2828,18.293,17.8381,24.3409,21.5532,20.1973,18.4918,19.2337,24.1226,22.2162,21.463,20.2239,19.8368,19.9558,23.8313,17.8615,21.3342,23.0364,19.5778,17.3907,28.4728,21.8841,23.3802,26.5967,24.6832,19.5652,20.1864,19.5352,27.4644,25.6013,20.8769,23.5721,26.0882,18.4792,20.6604,23.9144,26.953,21.052,21.8141,48.88,1
2026-01-18 12:00:00,25.054,18.7997,18.0559,19.7406,18.9486,17.7645,18.36,18.8969,19.0506,23.7142,21.9675,23.2385,18.5225,16.785,21.5567,19.7819,19.2197,19.3884,18.993,21.286,22.3476,18.8891,19.9233,18.0869,19.1782,21.6657,19.4391,20.4147,20.4799,18.4298,17.917,26.9341,19.9441,22.6868,27.3688,22.8191,20.3283,19.1718,22.5011,23.952,22.0044,16.8483,25.1001,22.7697,23.4604,19.8952,22.2735,23.0676,21.0085,22.4699,49.34,0
2026-01-18 13:00:00,22.881,17.7284,17.0068,18.3193,18.2879,17.2486,15.2402,18.143,21.8621,20.4204,23.8945,21.0052,18.5923,18.9051,21.7824,19.5128,18.2967,21.728,18.6841,17.9818,20.4885,18.5409,18.0546,18.3373,17.5145,19.2769,18.7441,19.2775,19.8158,19.7484,20.3204,23.3998,18.8583,20.5689,27.5544,22.0378,21.1526,22.4098,21.8988,20.9876,19.6217,21.5097,20.7837,19.4924,23.8715,18.9899,21.3706,24.4162,23.6369,20.6447,45.46,0
2026-01-18 14:00:00,20.0361,17.9392,16.492,17.753,18.443,18.1693,17.013,17.1471,24.4406,19.2531,26.9727,20.0127,21.2302,16.793,19.3322,18.0115,18.5814,22.5723,22.3522,19.2866,19.3721,17.4816,18.3436,20.1931,18.5097,18.6229,19.9461,19.6781,19.0356,20.8913,20.2447,20.8334,19.7273,21.1261,29.5417,17.5318,19.6935,24.5068,23.587,23.8245,20.8524,21.8731,22.679,21.2548,22.4115,20.532,19.7766,25.5723,18.5089,23.0053,37.57,0
2026-01-18 15:00:00,19.2023,16.7382,17.6918,16.8853,17.8521,20.2279,17.7511,19.4876,26.6052,18.6184,28.1688,19.9116,22.7249,19.1315,18.4425,17.9748,18.6904,25.0339,23.2486,18.7859,19.1713,19.8588,20.3392,20.9169,20.4013,18.3244,21.9173,19.3532,17.9326,24.2482,22.9892,21.7259,21.1361,19.3667,34.2783,21.9909,25.4289,27.0459,24.8315,20.7382,20.7012,24.1496,20.1607,21.7973,24.3299,20.5256,22.7001,20.0702,19.4865,21.8021,33.26,0
2026-01-18 16:00:00,17.9986,16.7578,20.3252,17.47,17.6366,21.4998,19.9474,21.0414,28.3643,17.208,28.9692,19.9837,25.4381,19.1434,17.7658,18.5688,19.2936,27.035,26.2002,17.6755,18.2481,20.039,20.1448,22.8142,21.3285,18.7708,25.2132,18.3935,19.3684,24.5821,24.1928,20.8985,21.4324,19.4958,33.7473,19.3356,24.7249,31.7268,28.4501,19.8046,19.5426,24.8074,21.0897,20.3363,30.5707,24.4108,18.9736,20.631,21.9735,21.8507,26.61,0
2026-01-18 17:00:00,17.8454,18.4938,20.9297,17.6807,19.3206,21.9048,19.7191,23.013,29.5499,17.3423,31.7896,17.8877,26.5858,21.1127,19.6258,19.2624,20.4889,31.5862,26.9549,19.8641,19.3065,20.8657,23.1962,25.4007,23.2447,19.3208,24.7145,20.1191,19.6194,26.1653,25.9865,17.8349,20.4661,19.693,34.9128,20.378,25.1516,29.4585,29.279,21.2125,19.2318,29.4594,19.6359,20.506,29.3767,24.8843,21.2246,20.9445,24.3643,26.4494,29.79,0
2026-01-18 18:00:00,16.6436,19.6082,22.8614,19.0644,21.2648,24.211,22.2872,23.6513,30.1787,17.569,31.87,18.599,27.2147,24.2138,19.4574,20.5966,21.1002,30.1921,29.773,19.3573,20.2632,22.7122,24.7106,25.7746,24.9905,21.1128,27.4621,20.4071,21.6297,29.153,28.691,19.3997,22.0181,22.3617,34.1055,21.3302,26.6289,34.6245,31.3511,19.0613,21.8659,30.9806,22.6025,24.4096,31.356,24.1805,22.9661,20.3014,26.492,27.8556,27.91,1
2026-01-18 19:00:00,18.0538,21.8032,24.8954,20.9575,24.2176,26.4167,25.1385,25.6867,32.3903,18.3702,35.2112,18.0369,29.1658,25.8696,20.1311,22.2544,24.9684,32.0531,29.4493,22.4811,21.7548,24.9726,25.8123,29.8691,26.4259,22.43,28.4714,24.0407,21.7957,29.3932,29.5644,21.1124,26.2515,23.5545,35.8355,22.105,28.2591,33.4434,33.826,19.8428,24.0024,29.7187,19.3883,25.0039,32.7814,28.981,24.5857,21.7892,28.1699,28.0091,26.35,0
2026-01-18 20:00:00,19.3018,23.669,28.2054,21.5525,24.1967,28.6147,25.4297,27.4325,33.2412,21.0027,33.0698,18.3732,32.571,27.7246,21.4923,24.5919,28.488,33.264,32.0904,23.7939,22.9827,27.3824,28.7336,30.003,28.4379,23.785,30.7073,23.6394,24.7067,32.2662,32.5753,22.4267,29.2986,23.5889,35.9585,21.7687,33.0116,34.3193,35.007,23.5801,24.6181,32.0029,24.6665,26.2419,35.5474,30.6792,25.1559,21.7535,29.161,31.3528,29.17,0
2026-01-18 21:00:00,19.3218,25.563,29.9943,24.7608,27.8376,30.2683,28.558,30.1425,33.4246,21.6043,33.2313,22.8836,32.718,30.6727,24.0072,28.3189,29.8482,33.852,32.5198,24.2982,24.49,28.508,31.8954,32.9117,30.3655,25.4988,31.884,27.4535,25.6012,34.3007,33.1287,22.8547,28.7818,27.4707,35.2222,24.053,32.9911,36.9909,37.2778,26.8743,27.6566,34.7692,24.5017,24.4343,33.939,32.247,32.1326,23.0075,34.3195,31.8582,30.46,0
2026-01-18 22:00:00,21.4355,27.6002,32.0072,25.85,29.1849,32.0538,29.6371,32.0102,33.7024,24.2181,32.6013,22.9616,34.1306,31.2527,25.3591,29.2342,31.2437,35.0575,33.9236,27.3776,27.4146,30.4616,32.3829,33.0652,31.2595,28.8008,34.4115,29.0611,27.0059,35.2583,37.4761,24.0139,32.3304,29.3209,31.26,25.6083,32.3779,34.7481,36.9581,24.7073,29.8798,34.7766,27.8839,28.3417,36.5583,33.6144,32.6889,29.2245,33.7994,34.8252,45.28,0
2026-01-18 23:00:00,23.0108,29.119,31.9784,29.5406,31.2871,33.4341,31.3555,32.3695,33.7561,25.7478,30.8235,25.99,33.9967,33.7636,29.0351,29.8604,31.924,33.397,34.7442,29.8376,29.3723,32.3319,33.6629,34.9558,32.2839,30.5301,35.2493,32.181,29.6544,34.5275,33.8972,28.9688,30.9679,32.2119,30.6833,30.8427,33.0275,33.9195,36.0248,28.5877,32.908,37.455,30.0347,31.0272,34.0375,36.8214,32.622,28.9445,37.4115,39.3465,46.76,0
2026-01-19 00:00:00,26.0197,31.1466,33.0688,31.0516,32.0609,33.9686,32.2716,33.3104,31.1534,28.6991,29.0813,27.6591,33.3508,32.8325,28.6906,32.8124,34.4359,31.3962,33.3299,31.7592,30.8439,33.8909,34.6996,34.2479,33.6074,31.9756,35.6356,32.2895,30.2931,35.4679,34.7579,29.3599,33.067,32.6959,27.7439,29.5752,35.768,34.7245,34.1729,31.1068,32.5983,34.5051,29.5738,33.7631,33.299,34.4266,35.9513,31.9734,34.8545,37.9505,49.59,0
2026-01-19 01:00:00,28.5473,32.7568,32.3659,31.5341,32.4936,33.0938,32.9281,32.2108,29.216,30.3623,27.6143,30.2472,32.4582,33.0791,31.6746,32.2238,34.053,32.2596,33.6444,33.8566,33.753,35.9398,35.102,35.9721,34.4434,32.639,33.7078,33.3724,35.4346,35.2346,34.2539,31.0011,33.7969,33.015,26.84,32.3355,35.7307,33.0454,32.4379,33.0862,33.0531,36.6209,34.5943,35.825,32.1203,36.224,35.6854,33.6757,39.4276,37.5027,55.78,1
2026-01-19 02:00:00,30.7584,32.4481,33.8092,32.099,33.806,31.6344,35.2116,34.1803,27.2281,30.9057,26.3266,31.9383,30.4783,33.695,33.5346,33.4235,35.4911,29.4275,30.709,34.9646,32.8984,33.8226,34.0759,35.2405,34.0433,35.291,34.0764,35.3259,34.683,32.4105,32.0433,32.2157,35.8518,34.5364,23.8235,36.0488,33.8246,29.9547,31.1653,33.6234,35.422,30.7651,35.1939,34.1789,30.5536,33.7182,35.9541,33.1945,33.685,36.3236,60.94,0
2026-01-19 03:00:00,31.4845,33.1303,31.5659,32.5441,33.5598,30.8629,33.5405,31.2508,25.4105,33.9836,23.7362,32.7933,29.3746,33.0701,34.1062,34.7406,32.8181,27.5368,30.4736,34.1944,34.3186,32.6262,33.9353,32.8536,34.505,35.6289,32.273,35.4777,34.1895,31.2366,32.8886,33.9584,35.0276,37.6205,21.1363,33.9194,31.985,30.8615,28.5017,33.9356,38.1782,31.9028,35.7921,36.937,31.5194,36.1052,34.904,33.8177,35.2339,36.6446,66.48,0
2026-01-19 04:00:00,33.3273,33.3089,31.1018,33.7367,33.0302,29.6318,32.7251,31.1738,22.7065,33.1138,22.3822,33.7725,26.9583,31.1822,33.5168,34.4431,31.9814,25.6499,28.8531,34.8567,35.507,34.5819,31.3252,31.7357,33.1892,34.6029,30.3484,33.4443,34.6188,29.7196,29.7849,33.227,34.8386,35.0473,22.3755,35.7989,29.9089,25.8841,26.2365,33.0449,33.5197,32.4332,36.6195,34.5101,29.4634,34.0271,35.688,35.4645,32.4262,33.7487,72.64,0
2026-01-19 05:00:00,32.2924,32.118,28.7337,32.6873,31.2361,27.3204,30.9111,29.3622,21.4578,33.8685,19.0037,34.7618,25.0362,30.023,34.3319,33.5836,30.4344,22.0288,26.5084,35.2064,34.6891,31.0724,29.9128,28.8473,31.7723,32.4317,27.1358,34.2175,31.8186,30.6127,25.584,36.4705,34.8157,35.8265,20.0359,36.317,29.5648,22.5123,25.0008,38.4221,32.1541,28.4517,36.1855,36.5384,26.1552,31.1038,33.6356,36.7951,32.2409,29.1645,67.32,1
2026-01-19 06:00:00,32.113,31.1925,27.1049,32.2124,29.2806,26.757,27.7978,27.2669,20.0807,33.7437,18.8372,33.3958,23.0325,29.4022,32.2824,31.3359,28.1015,21.3003,23.282,31.7508,33.8915,31.5481,28.1104,28.668,29.9738,33.5076,26.5052,34.791,34.9517,25.1445,26.9447,34.7873,31.0743,31.8132,19.1424,34.5637,28.0283,21.2664,22.132,37.4146,33.9331,26.4898,36.5329,32.9746,23.5595,30.8539,31.612,34.8249,28.7767,27.847,74.0,0
2026-01-19 07:00:00,32.4185,28.4551,24.9012,31.4881,26.8103,23.234,27.0823,25.2012,18.7157,33.0449,18.0623,34.1515,21.2477,25.9715,31.691,29.6861,26.5481,20.5717,19.8739,30.6058,30.7237,29.3658,27.1391,26.4959,28.787,31.284,24.4999,29.9302,33.3554,24.3255,23.4453,31.9371,30.0702,32.3154,19.9688,33.5927,27.2549,19.7952,20.6784,33.4858,32.0291,25.5292,33.6446,34.7227,24.7008,30.4722,32.5419,34.3992,24.9771,26.9529,73.62,0
2026-01-19 08:00:00,31.5931,25.8034,22.9548,27.9626,26.1801,22.364,25.4302,22.4365,18.1661,32.0085,18.0804,31.2926,20.5712,22.6929,30.5657,28.3444,25.3364,18.3137,20.7327,27.8292,30.1611,26.6287,24.7751,22.4537,25.4999,30.9546,22.5569,27.1406,30.211,21.8001,22.2441,31.9686,26.365,28.1597,19.5948,32.4274,24.2439,19.8491,21.8319,32.9449,30.4002,23.4726,33.8927,31.544,22.4385,26.625,27.9499,30.7501,24.9523,25.1249,71.62,0
2026-01-19 09:00:00,29.8918,24.8183,21.0497,25.6834,23.8638,19.1905,22.1638,21.0054,17.9637,29.28,19.2394,30.2847,18.6366,20.892,28.4812,25.9618,22.6339,18.6352,19.0071,26.7221,26.4365,25.2137,22.5663,23.9906,24.5243,28.4501,21.3195,26.4198,28.4207,19.7195,21.6582,32.5511,27.189,28.0042,22.1835,32.0488,23.9588,21.6418,18.2235,30.3588,28.3149,21.2564,31.6901,28.6462,18.9809,22.2923,29.0781,31.8771,26.5951,23.9743,68.38,0
2026-01-19 10:00:00,27.0195,22.8535,19.3646,24.4209,21.0709,19.2475,21.4854,20.2766,16.8224,28.3893,19.0257,28.809,18.8703,22.1853,25.5006,24.8294,18.1809,18.8879,17.6493,25.3914,25.0762,20.4771,21.7048,20.7871,22.2664,24.4409,20.4927,22.8622,24.6232,20.5207,19.4652,29.3857,25.1412,24.9713,23.0575,26.6711,21.97,17.6112,18.5754,28.7681,27.8877,22.2698,28.6469,27.5143,20.8105,22.827,24.0436,30.0625,21.1759,24.2186,62.63,1
2026-01-19 11:00:00,26.0282,21.5141,18.8366,22.9526,19.6214,17.8104,19.7928,19.293,19.3393,26.2317,20.2804,25.0858,19.1541,20.3682,24.9329,21.9478,20.8402,17.7528,17.9515,21.3038,23.1614,19.3567,20.137,19.139,21.4605,24.4173,17.9873,22.205,22.6964,17.7117,18.9345,26.5878,22.5623,22.791,24.2394,25.2057,20.88,22.6403,21.996,26.8889,24.5253,20.2904,29.3123,24.1894,20.9721,21.974,21.1567,27.8683,22.2375,21.9508,58.09,1
2026-01-19 12:00:00,23.308,19.8322,16.9163,19.9276,18.3284,18.4055,19.4226,17.4872,19.7895,23.7535,22.7017,25.2342,19.0717,18.039,22.1239,20.2707,17.4713,19.2073,20.1767,21.8267,21.0171,19.7328,18.6986,20.0153,20.9706,24.0269,18.7989,20.4091,20.3636,20.904,22.1322,25.5688,20.9157,20.9355,30.1085,24.5746,20.9922,20.6984,20.8364,23.469,23.9192,21.0024,25.43,23.3365,22.3227,19.7406,22.6764,24.3695,20.8087,21.0611,49.46,0
2026-01-19 13:00:00,22.3205,18.3019,17.3476,19.0062,16.8434,16.8808,17.3614,16.5755,21.2095,21.6841,23.0201,22.5984,19.7787,18.6755,21.005,17.9221,18.8315,19.6423,18.8976,19.5773,19.7736,18.4282,17.7134,18.3438,19.4686,20.5991,19.9991,20.5611,20.5699,18.7642,17.5191,23.1413,19.2744,20.5629,28.1335,21.8871,18.1353,22.373,24.5181,23.1211,18.1774,22.2341,23.3249,20.4781,26.4069,23.5684,20.3235,22.5544,19.9762,19.1066,47.48,0
2026-01-19 14:00:00,20.3602,17.7331,18.1403,18.7239,16.8878,17.883,16.8555,17.4763,23.1657,19.5825,26.2164,22.9719,21.0206,18.4554,20.3786,19.1786,18.3534,23.6364,21.7383,18.9567,18.6519,17.9142,18.1958,20.6912,19.0744,19.6447,20.136,17.3427,20.8737,20.2655,19.5528,21.9369,17.8515,17.6789,31.7333,20.1454,19.8046,23.9393,23.0312,21.8478,19.8092,18.892,22.434,21.252,23.048,18.5953,18.2495,20.8645,24.0665,21.038,40.13,1
2026-01-19 15:00:00,18.2124,17.0575,17.9341,16.4275,16.8881,19.1452,17.7983,20.1161,26.293,19.197,28.3381,20.7174,23.1837,19.9832,19.2684,18.4573,20.6374,27.0942,23.2925,17.4813,17.7094,19.8162,18.3766,19.3153,19.6842,18.6979,22.8147,17.4447,18.8041,23.1416,21.262,20.8841,19.9743,17.8479,33.0922,21.2567,24.5584,26.3141,26.6185,18.4756,19.0052,22.77,20.5507,19.9876,26.8886,17.8086,20.995,20.7189,21.4881,21.3547,41.31,1
2026-01-19 16:00:00,17.3998,16.8884,19.06,17.4964,18.0428,20.8362,19.931,19.7786,27.906,17.5802,29.6417,18.2759,24.5824,19.3771,19.0173,16.5959,20.7328,26.9687,24.7867,18.5037,19.4505,20.2201,21.1941,21.7389,20.229,19.0536,23.6666,19.98,19.6251,25.1772,26.3098,18.7659,21.1808,19.8258,33.1389,16.9766,20.749,28.7518,29.605,19.0743,17.183,24.8303,21.8785,20.0862,30.2783,21.3336,19.3867,19.6727,23.5723,22.2065,31.16,1
2026-01-19 17:00:00,16.5869,18.5141,20.9661,17.5729,19.0516,22.5799,19.2682,21.9132,28.8103,17.9159,32.6295,19.2303,27.3505,21.0171,18.5673,19.6392,20.9424,29.4061,27.7587,20.7078,19.083,22.34,21.8916,23.6887,21.728,21.0259,23.5303,21.1197,20.8779,26.6402,25.6102,18.7409,23.818,18.3561,34.8502,21.3063,24.5926,30.9049,29.5025,18.1247,20.9885,28.5614,20.3107,20.8875,32.6731,21.5351,19.5356,22.6835,25.1802,20.9338,22.87,0
2026-01-19 18:00:00,17.1168,20.3414,23.6704,18.9897,20.1239,24.6366,20.8873,24.8828,31.8841,17.9305,32.2559,18.7055,29.1138,24.7652,19.8658,20.221,22.5819,32.2315,30.6658,19.9351,20.5234,22.7405,24.1766,25.2653,24.9828,21.5172,28.5265,19.6846,19.1389,27.8903,28.6948,18.8066,22.5996,19.8104,34.0091,22.6344,27.5929,33.2203,34.6636,19.0745,21.865,32.1046,22.086,20.7933,32.4746,27.5629,24.9248,23.7125,29.3627,25.7752,24.37,1
2026-01-19 19:00:00,18.1978,21.8894,25.184,20.7959,24.2102,26.7127,24.2669,25.6841,31.7841,17.8476,33.5847,18.9521,30.2365,24.6346,20.6888,22.8471,26.4509,33.0355,30.8159,19.8245,22.0011,25.0537,26.6039,27.1688,25.1564,21.2824,29.579,25.3388,24.3866,28.733,29.9134,19.6151,25.2513,25.3076,37.9203,21.6913,26.7684,31.6574,33.5661,21.1222,22.9405,29.248,20.6451,26.3916,32.0836,29.8016,27.9558,23.3649,26.9043,32.2643,23.82,1
2026-01-19 20:00:00,18.2428,23.9558,26.8536,22.3138,25.807,27.6272,26.0147,27.9768,33.5793,19.3833,34.0202,18.7411,32.7448,27.9342,21.2202,24.0576,26.0401,32.9765,32.3926,24.7494,23.7354,28.6036,29.8031,29.4321,29.8261,23.5714,29.7257,26.6515,25.47,32.1763,32.9265,20.954,28.2858,26.9439,34.4074,21.9743,30.1665,35.1288,35.8448,22.6672,25.2589,32.9261,21.2002,25.0719,32.717,28.0904,27.2908,23.6018,34.5044,33.431,28.38,1
2026-01-19 21:00:00,20.5025,25.3573,29.3667,23.6137,26.6687,31.2773,28.3388,30.4955,33.8356,21.9648,34.3664,20.5081,33.2729,29.8011,24.3682,25.5577,29.4633,35.6254,34.2635,26.1803,25.8026,28.0032,31.6262,31.1948,30.0605,25.6394,32.8605,27.1026,26.8039,32.7879,33.7084,22.9815,30.4098,26.1666,33.3147,25.7152,35.3532,36.4185,34.9584,24.459,27.6116,36.3228,26.0481,28.9016,37.2366,30.7852,31.698,24.7602,35.323,32.2401,36.71,0
2026-01-19 22:00:00,21.7791,27.4978,30.1594,25.9979,29.2604,33.8306,30.7836,32.6884,33.92,23.2369,32.4518,23.4533,33.77,32.1464,26.4063,29.708,31.0104,34.4394,35.1375,27.8676,27.5276,31.0083,32.3433,32.7298,34.8487,28.1587,32.9459,29.9592,29.34,37.384,35.043,24.5419,30.3407,29.6249,34.2722,28.1571,34.5215,35.6728,37.8318,29.3786,30.9047,33.4426,27.0239,27.8738,36.8854,32.2964,33.1068,25.9934,35.256,34.3097,36.2,1
2026-01-19 23:00:00,23.6629,29.7854,32.461,29.1379,31.0549,33.1869,31.3528,32.3143,33.6535,25.2822,31.7494,25.1396,33.6,32.9694,28.739,31.5105,32.3203,33.4882,34.2927,30.2987,31.1219,31.8456,34.8867,35.6338,32.7208,30.2166,35.6983,29.6258,31.4058,35.3765,36.7331,27.4886,32.4768,30.2387,29.0608,27.6493,34.5864,34.8294,35.864,29.1612,32.4082,36.6877,29.3776,28.3875,36.3665,35.3024,34.6801,29.4125,36.7697,39.8946,41.26,0
2026-01-20 00:00:00,26.1081,30.8145,33.1441,30.3182,32.8568,32.7288,31.6149,34.3548,30.1774,27.2133,29.8386,27.7565,33.6558,33.6197,30.095,31.7274,33.9631,32.4785,33.6692,31.6434,32.3056,35.4308,32.544,35.1871,34.6473,31.528,34.9918,34.0055,32.473,33.7695,35.7753,29.0286,33.5684,32.0156,29.5514,31.702,36.0377,33.4471,37.2011,31.2983,33.7514,36.6402,28.4553,33.6551,35.8345,36.8493,34.8912,31.1262,36.2183,40.2823,52.07,0
2026-01-20 01:00:00,27.6399,32.0104,33.0549,32.1031,32.5279,32.679,34.7329,33.4125,29.3637,29.1767,27.4435,30.5748,33.3408,33.7664,31.2371,33.4576,34.3805,31.6092,31.0088,34.4857,33.0701,36.7797,36.5554,34.6693,34.5177,31.8872,33.6389,33.4885,35.162,34.2409,33.9096,30.5274,34.054,30.6003,26.6348,35.6678,34.9975,33.9181,34.6203,32.8003,37.7667,36.0718,35.7228,36.2357,35.5822,38.6284,35.2463,31.7177,36.9455,37.0857,53.21,0
2026-01-20 02:00:00,29.6933,33.1427,32.5245,32.819,34.0308,33.0521,32.8594,32.6314,27.2525,32.5096,24.4873,31.9204,31.8637,33.0828,33.6318,33.5753,34.6205,28.7454,30.8542,34.6795,33.6496,34.8625,35.1503,34.9583,34.0061,34.1504,34.4995,34.6405,34.1563,34.36,34.031,30.8193,37.2129,37.0094,21.5936,36.1391,37.2333,31.355,32.4269,32.3023,34.7403,32.6796,34.9728,37.4692,33.3567,36.8862,37.0569,33.6244,36.9681,37.3928,59.0,0
2026-01-20 03:00:00,30.8271,33.5521,31.7353,33.6992,32.8585,31.7709,32.3503,32.4804,25.6569,31.8665,22.1948,32.1206,29.7072,32.994,32.8419,32.8257,33.827,28.5988,28.7681,34.0784,34.4511,34.7311,33.7898,33.0656,35.255,34.5118,32.7403,34.9967,35.6634,33.3,34.9087,33.2867,35.4401,36.2465,21.8201,36.0815,32.7822,28.4607,28.1473,35.1243,34.3198,32.5591,37.6202,37.602,31.2295,35.0536,37.4079,33.0743,34.1068,35.7187,69.21,1
2026-01-20 04:00:00,33.5061,32.6484,31.2919,33.0162,31.6655,29.8018,32.7544,30.1945,23.4524,34.5031,21.4384,34.218,27.9102,32.8166,35.3177,35.0335,33.0303,26.2447,28.379,35.7762,34.9022,33.2565,31.5687,30.9004,31.9818,34.0425,30.2714,35.9462,36.5701,29.854,31.0219,34.7346,34.6084,36.3104,21.4554,36.2597,31.843,27.3071,27.3972,35.9014,37.561,29.1302,34.3739,36.0018,27.8008,33.7603,34.0361,35.0736,36.3487,33.3615,64.48,1
2026-01-20 05:00:00,33.0324,31.225,30.0485,32.2758,31.6986,28.5834,30.3781,29.5485,21.1724,33.537,19.4105,33.2361,26.3376,30.0714,33.6786,32.5003,31.2926,23.1677,25.4779,35.4773,35.3168,31.852,30.3515,28.2951,30.887,35.2958,27.2395,34.2009,31.6747,28.0398,28.5435,36.5514,33.8209,35.3714,20.1004,35.5822,28.8041,25.8253,24.8524,36.9266,37.8357,30.1805,36.3215,36.5283,28.0184,32.8192,34.2673,37.2445,32.7162,32.4682,72.22,0
2026-01-20 06:00:00,32.6389,30.0961,27.0897,32.1337,30.435,24.794,28.8133,29.3475,19.5103,33.0622,19.3146,32.9017,23.2166,29.4906,33.2477,32.9283,28.8606,21.4313,23.4119,33.567,31.5934,30.3352,29.4318,28.8217,30.3088,33.5344,25.5778,31.9179,33.9917,26.7087,24.7552,35.1445,32.0264,33.3314,19.7502,34.9635,28.2599,21.158,23.446,34.0561,33.4014,25.1947,36.1241,33.7945,23.8156,31.0,32.9275,37.7331,30.6321,31.0013,78.42,1
2026-01-20 07:00:00,32.5626,28.8799,25.6388,30.8795,29.3184,24.4568,27.1665,25.9175,17.8499,33.0117,18.5315,33.3308,20.6243,26.9053,32.2158,30.8003,27.4066,19.2099,21.8124,31.5993,31.9583,27.0169,27.387,23.587,28.4364,31.0408,23.5238,29.9175,32.8106,23.0587,25.0932,32.7348,29.8369,31.4112,19.167,33.431,26.3287,22.0863,22.0693,33.7795,34.5126,24.7052,34.64,32.3396,24.3013,28.545,30.9476,36.0444,27.0657,29.5552,66.81,1
2026-01-20 08:00:00,31.339,26.9034,22.1385,27.8951,24.9887,22.1529,25.465,23.067,18.5627,31.5284,17.7387,31.2617,20.9112,24.6311,30.5768,28.5364,24.7176,18.3883,19.5307,28.6302,30.5602,26.8258,25.355,22.2793,24.2166,32.3466,23.3356,28.7939,28.3659,22.6906,23.4626,33.3312,27.1657,30.0643,19.7634,32.1709,26.0362,19.4016,19.6129,31.6813,30.1352,25.7355,33.2452,31.6715,21.0962,26.7892,28.35,33.1413,28.0351,26.4495,64.61,0
2026-01-20 09:00:00,29.7979,24.8483,21.0363,26.0788,24.0489,19.6398,22.5246,21.9484,18.017,29.7116,17.459,29.8011,18.3846,22.1816,27.0437,26.1992,22.6447,17.4671,20.5602,27.9876,26.1307,23.233,22.088,22.4531,24.1977,28.7588,19.2634,26.3825,28.4962,21.1851,21.3746,31.0717,27.7868,29.787,21.4553,28.0233,21.5268,21.6079,19.9452,30.4571,29.575,23.0859,29.1937,29.6795,21.6364,24.679,25.3247,29.6968,24.3611,24.6067,61.94,0
2026-01-20 10:00:00,28.418,22.9473,19.6663,24.2305,21.4245,17.9754,21.8684,19.0543,18.6874,28.0846,19.5964,29.127,17.6197,20.1236,26.7599,24.7404,21.206,18.3171,19.7287,25.6354,25.2474,21.9543,20.2411,20.4766,21.9788,27.0589,19.8293,24.1826,25.2512,20.4601,20.1255,30.3268,23.3399,26.0083,25.7868,25.3138,21.9676,18.8368,19.9391,28.9481,27.5697,18.3018,29.4841,26.5399,22.969,20.9761,24.8227,28.3979,22.0749,20.741,51.58,1
2026-01-20 11:00:00,26.4725,20.7863,17.8725,23.2442,20.4346,17.996,18.0032,17.986,18.7312,25.8909,19.8835,26.826,16.6723,20.6045,24.2774,21.4763,19.9056,19.1341,19.941,23.2643,22.4333,20.7472,20.0528,20.8927,19.5132,25.2898,18.9771,22.5977,24.5316,19.3409,22.6487,25.948,21.1952,26.3085,24.244,24.9694,20.4993,20.6061,19.2293,25.6966,23.9125,19.8783,25.8275,25.5206,21.6584,21.9498,23.1092,28.7105,20.0738,20.3285,64.06,0
2026-01-20 12:00:00,23.7145,19.3418,17.0226,20.8157,17.7462,18.3643,18.7516,17.7461,19.8351,23.6423,21.8151,23.9845,18.9082,19.0541,21.6064,21.6806,18.9836,18.7998,19.5919,22.1428,22.0271,18.8374,19.8082,18.3054,18.6672,21.9367,20.2093,20.7699,22.2102,17.7152,20.4539,26.9267,20.8152,21.3856,26.8177,25.2062,17.5793,22.0824,22.519,26.3013,25.4392,20.5319,24.1478,25.0567,23.4799,19.6663,21.4277,26.6279,20.7574,18.2771,50.48,0
2026-01-20 13:00:00,21.6768,17.9957,16.8622,18.2342,16.9956,17.465,17.1195,17.6954,21.2575,22.5119,23.6393,21.0917,18.1922,17.9906,19.8709,19.4368,19.1743,22.2717,19.9485,20.1608,19.8609,19.4418,18.8024,19.7056,16.9586,21.4136,19.8129,18.2802,19.8379,20.2781,21.4442,24.1195,22.4999,19.1931,29.517,22.9956,19.1036,20.9176,23.1977,22.1108,24.2011,20.8813,23.2543,20.8079,22.2185,20.8937,22.09,23.2367,19.1141,21.6709,40.85,1
2026-01-20 14:00:00,20.0305,17.9481,17.6339,17.8914,16.9329,17.7281,18.4642,17.1687,24.1968,19.1753,26.3313,20.0332,20.2541,19.6337,18.9481,19.7508,17.9766,22.7645,22.8232,19.5871,19.0701,18.2934,20.497,19.3336,20.7881,17.7889,21.0799,19.2554,21.0423,20.154,21.1921,21.701,18.6495,18.9697,29.6937,22.0062,19.669,22.4709,25.7225,22.7747,19.3237,22.8357,21.347,21.9476,24.5086,21.5325,18.7433,22.0578,21.7503,20.6126,32.34,0
2026-01-20 15:00:00,17.5081,17.9425,18.1286,17.248,17.6358,19.5174,18.1487,18.7231,25.3272,18.2605,29.3213,20.6629,23.0251,19.5389,17.3954,18.1568,19.0923,25.8993,22.5775,19.5456,18.3191,20.1464,19.9087,21.1023,20.7024,20.1335,21.3786,19.2073,18.8823,24.5311,22.4619,18.8879,20.5751,19.4936,33.6825,20.2592,23.8157,26.6066,27.3038,20.2056,20.5109,24.7271,20.4649,18.6297,25.7961,23.2758,21.2201,24.3428,23.2959,22.1865,41.13,0
2026-01-20 16:00:00,16.8831,16.9127,18.2206,16.6954,17.9256,22.0837,18.6096,20.1898,29.3505,17.5308,30.3447,19.0472,25.1152,19.1607,19.5591,18.6513,20.0625,28.3303,24.4106,17.4779,19.4092,19.2472,21.1505,22.219,19.5101,19.0147,22.4007,19.8285,19.6573,26.3995,25.1381,18.1591,20.15,21.4902,32.9642,21.3182,23.9375,31.3446,26.5798,19.5791,21.57,28.2454,21.9457,18.2276,26.0405,22.801,18.8724,18.3329,22.936,24.0697,30.97,0
2026-01-20 17:00:00,17.8525,18.3207,19.9196,17.8414,19.9103,23.0859,20.8906,23.0271,29.1008,17.0489,31.5934,19.0105,26.1589,21.554,19.6622,19.5547,20.9231,30.768,26.7382,18.3544,19.5456,21.2849,23.455,24.3644,23.1308,20.0964,25.333,19.5932,21.3561,25.2443,26.3078,20.307,21.8917,19.9819,34.0904,21.6995,25.2894,31.0071,29.7517,21.2469,18.5312,27.2207,20.2997,21.5393,31.9439,23.5798,22.4928,20.8303,25.599,26.1886,25.34,0
2026-01-20 18:00:00,18.0087,19.8365,22.6819,18.7655,21.7362,25.1976,22.8107,23.1267,31.7811,18.1016,31.9663,18.316,28.5972,24.3593,19.652,21.0864,23.3017,32.3755,29.7657,19.554,20.6346,22.1706,25.9146,26.1052,23.6067,20.473,28.5698,21.2248,20.019,27.656,28.4933,20.6876,24.2579,20.0215,34.3979,22.2987,21.8243,33.632,34.7927,21.4495,22.1961,30.9327,20.604,22.1077,33.1985,27.6052,20.8899,19.4966,29.0337,24.8945,29.88,1
2026-01-20 19:00:00,17.5756,21.3989,25.3436,20.1905,23.3764,27.7076,24.6485,25.1491,33.8645,19.1754,34.1241,18.5694,29.8988,27.0312,20.3993,23.7598,26.0989,34.3036,30.4818,23.6423,22.0822,26.0808,25.5232,28.2745,27.135,23.8279,30.6148,25.5764,22.5181,28.0673,31.0873,21.7343,23.0752,23.3509,33.612,21.254,26.8777,30.5428,35.2268,22.2198,21.539,31.6729,22.1028,23.8594,34.7915,28.5684,24.7184,20.5529,29.0626,30.426,27.41,1
2026-01-20 20:00:00,19.0592,24.4818,25.6245,21.9655,26.0467,29.2283,25.667,28.2341,33.9276,18.7029,33.2913,20.6869,31.6992,29.7776,22.09,23.8486,27.5045,34.5873,32.546,24.3072,24.2958,26.9522,27.8197,28.9386,27.8154,24.9983,31.2265,25.0504,23.8012,33.2043,31.8007,23.6987,26.0855,26.6677,36.391,23.7905,32.1504,36.5306,33.2736,20.8174,26.4704,35.7534,22.303,25.6666,37.1345,33.35,28.0157,24.2592,31.2231,31.2911,26.34,1
2026-01-20 21:00:00,20.4062,25.7172,28.8279,25.0691,27.4056,30.2013,28.0521,30.7627,33.8289,21.3897,33.5205,22.5581,33.4577,29.9119,24.7925,26.1764,29.5614,34.5291,32.3825,26.4261,25.5602,28.774,30.5259,31.8867,29.9489,23.0883,32.3358,28.4663,26.0711,33.2126,34.0936,24.2946,30.2675,27.2797,34.3001,25.0776,33.996,36.5953,36.5841,26.4392,27.7527,35.5489,25.8938,28.8806,34.6701,30.5014,28.0894,27.8934,33.2785,35.0415,29.9,0
2026-01-20 22:00:00,23.6599,27.2143,30.494,26.0937,28.3868,30.9991,30.204,31.9547,32.6953,23.4188,32.2484,23.1431,33.5215,32.0714,27.6676,28.3385,30.5961,33.9353,34.8289,28.8796,29.4574,30.9988,35.5205,33.8762,31.7983,28.4068,33.2742,29.1254,30.7867,35.1485,34.9734,25.8275,31.3079,29.6107,33.1849,29.5133,33.5379,36.7572,35.0138,28.7649,29.2382,35.9967,28.6997,30.391,34.6605,33.3821,30.0973,28.3161,34.2116,34.7549,35.14,1
2026-01-20 23:00:00,24.6614,29.8545,32.869,28.3553,31.6424,32.4546,31.7081,32.9722,31.5383,25.513,31.7229,25.0264,33.8284,32.4393,27.8757,28.3869,34.3305,33.6572,33.1461,28.9256,28.765,32.6526,33.5129,34.2738,32.8566,29.5943,34.8811,29.8224,30.9664,34.7572,36.4985,30.1573,33.1785,31.3152,31.1872,31.1649,35.4811,35.3957,32.9483,28.6081,29.6559,35.9918,30.2388,32.3206,38.1052,34.5061,35.3213,31.7901,35.5305,35.4066,39.47,1
2026-01-21 00:00:00,26.1012,31.264,32.7117,30.1094,31.7991,32.7721,33.3214,33.2776,31.665,26.8886,29.265,26.5122,32.4685,33.0866,29.3633,31.4887,33.1896,34.0804,33.1937,29.8148,30.102,34.3061,34.451,34.7588,35.8965,32.334,35.2792,33.261,32.6117,33.5454,34.7216,28.8924,35.1349,32.8257,27.9365,32.3038,35.8712,32.6497,36.7939,29.7369,32.6917,35.0318,31.8616,35.3854,35.5204,38.9844,33.0261,28.7357,35.6143,38.6228,54.45,0
2026-01-21 01:00:00,27.6853,32.4612,33.4538,31.3388,33.5854,33.7532,32.163,34.0765,30.4596,29.5084,27.3562,29.0609,33.4966,32.8043,33.1445,32.8144,32.8884,31.003,34.1075,33.0303,31.4732,35.1132,35.439,33.0064,35.8681,33.851,36.2398,35.1472,34.3015,34.9581,32.6171,31.3462,34.2003,37.2687,26.0285,34.274,36.0704,31.7994,33.3637,31.2617,35.5706,36.6809,34.4001,36.1871,34.6932,37.3349,36.1218,34.1373,37.5552,35.5151,54.4,1
2026-01-21 02:00:00,29.1499,33.9661,33.0853,32.736,34.3398,33.191,33.7396,33.7939,27.178,30.762,25.6656,31.8233,31.6278,34.219,31.7369,36.1792,35.0269,29.3405,32.6536,34.8906,32.2317,34.6108,35.5155,35.8081,35.0092,33.6135,33.8926,34.7762,35.226,35.064,33.4577,31.3854,36.8618,36.8917,25.3249,35.0989,34.7966,29.7775,31.7894,33.9723,35.785,33.2544,34.2492,36.2161,30.718,33.8105,38.875,36.2942,36.4368,35.701,67.91,1
2026-01-21 03:00:00,31.5598,33.3386,31.0508,33.2838,33.4812,31.6648,32.8705,32.1779,24.6234,32.4565,24.7887,32.2426,30.0933,34.1659,33.1457,34.501,33.6819,28.5888,30.1761,34.3915,35.2638,34.3194,33.9462,31.9148,35.3159,34.8674,33.0099,33.1093,33.3089,32.1105,32.7688,35.1563,36.4504,37.9395,24.3716,34.4476,35.1702,29.5857,27.9173,34.05,37.8531,30.2807,36.0307,37.9464,32.9293,33.1694,36.868,35.7505,36.534,34.0823,64.36,1
2026-01-21 04:00:00,32.0951,32.6002,31.4346,33.3082,31.5893,29.2155,31.5394,30.3644,21.6703,32.3083,22.0455,34.2711,28.4873,32.569,34.0133,34.4217,32.493,25.0337,28.0952,33.2805,35.1094,30.5216,33.6343,31.1689,31.5604,34.0222,29.813,32.4103,37.7393,29.1848,31.5931,35.0464,35.1031,38.9744,19.5618,37.2129,34.011,26.525,25.97,35.7913,37.6639,29.6216,38.3416,36.0888,29.7517,35.7068,36.0812,37.9622,35.8083,33.3309,69.25,0
2026-01-21 05:00:00,32.2785,30.8052,29.4929,32.2386,30.7332,29.248,30.1771,28.6472,20.7812,33.5793,19.7815,35.4163,24.796,30.4185,32.6754,32.0142,30.824,22.549,25.3014,33.1047,35.132,31.6489,29.7179,29.1921,30.4347,36.1115,28.6864,35.0404,33.1158,28.1274,27.7215,34.8809,34.2087,36.3974,23.2218,38.1405,29.6127,25.8655,23.3766,35.4263,36.9682,29.0698,35.9596,35.5655,25.9375,31.3625,33.8949,40.6204,31.0257,34.7771,72.34,0
2026-01-21 06:00:00,32.6706,30.4121,27.7433,31.5873,30.4742,25.8396,28.7445,27.8807,19.7689,33.0565,18.6991,33.8134,23.1102,29.4041,34.0011,31.8967,31.0548,22.4249,23.0569,31.7664,31.9686,31.6896,28.2034,28.2395,30.2971,33.9527,26.7077,32.396,35.506,26.7721,27.0215,34.669,33.4476,33.1471,18.2656,35.5403,27.2934,23.8323,25.3823,33.9416,33.6941,25.1518,36.5687,36.6632,27.724,30.9675,32.3657,36.6361,29.3803,28.4388,71.4,0
2026-01-21 07:00:00,31.893,29.4831,27.5928,30.6826,27.6842,24.3875,24.5809,24.2006,19.7325,32.5994,17.6607,33.0844,20.084,28.6928,32.5145,31.0602,27.7692,19.2979,21.5776,30.762,32.1212,28.7948,27.9883,26.1994,28.527,32.6394,24.3775,31.2978,32.8116,23.9861,25.6774,33.6818,29.5365,33.1623,19.4813,33.5441,25.7061,23.8283,19.9328,33.8217,33.2474,23.7443,35.4907,33.0467,21.2178,28.6099,31.3005,34.8937,29.5685,27.7951,71.8,1
2026-01-21 08:00:00,32.2787,26.7588,22.1522,28.3371,25.7763,22.06,24.3508,24.2752,18.3847,31.7418,17.2316,32.3185,22.3611,23.6667,29.7045,30.4286,25.8476,19.3558,19.0405,28.4355,29.66,25.2844,24.816,24.5,25.988,30.7412,22.6446,28.9126,30.5223,21.2203,23.4512,33.155,28.9483,32.4965,20.8479,31.1785,24.7621,20.7601,22.9914,33.3882,29.7294,20.5682,32.0693,32.1041,21.3649,29.6442,26.6353,35.7268,26.1236,27.3379,73.85,1
2026-01-21 09:00:00,30.3752,23.5164,22.3415,26.5227,24.1048,20.4107,22.2055,20.9849,17.9483,29.8585,17.9386,29.899,18.7256,20.4735,29.2546,25.7357,23.5048,18.7124,19.4915,27.5826,27.7358,23.883,21.6675,22.7444,21.8334,27.3571,21.2509,25.3658,27.978,23.2128,20.2629,30.072,28.1267,28.8234,22.1646,29.8445,23.3767,19.8582,19.0387,30.321,27.3042,20.6343,32.1917,30.0139,22.3731,24.5606,28.8902,33.9365,24.7447,24.0009,72.49,1
2026-01-21 10:00:00,28.0985,22.4046,19.5347,24.4381,22.1082,19.2404,21.2647,19.9054,17.8273,28.5261,18.7167,27.9605,18.9858,20.9369,27.3202,22.7405,21.7832,18.8362,18.7054,24.8735,26.0737,21.814,19.9562,22.2786,20.8877,27.0007,20.4868,24.2799,29.038,18.3294,19.3566,28.263,24.8767,25.71,25.9299,26.544,22.4937,20.3214,18.6469,29.0567,28.4487,23.1334,28.3998,27.6616,22.2947,22.6223,25.7479,29.9425,23.172,23.4258,63.7,0
2026-01-21 11:00:00,26.8522,21.3273,18.5548,22.5628,20.1519,17.5133,18.8826,18.9851,18.5817,25.6524,21.1308,25.9304,17.1484,20.1932,24.0044,21.6675,21.2488,17.0715,17.7717,23.9386,22.801,21.81,19.179,19.2595,20.9476,26.1457,20.5613,20.9046,24.872,22.0058,20.0876,26.4811,22.1487,25.7751,26.6876,24.9134,21.7444,17.4378,20.6076,28.5967,23.3434,19.6051,27.7292,27.9298,18.8234,22.7252,21.1804,27.4514,20.4742,20.966,51.71,0
2026-01-21 12:00:00,24.0346,19.5014,17.5336,20.8291,18.5233,18.3251,18.1557,17.3778,21.2736,24.2665,21.634,23.46,19.2833,17.2842,21.8141,20.0179,18.8113,20.9105,20.447,20.7147,24.0953,20.5524,19.1632,18.2181,21.9827,20.8984,16.8843,22.1712,22.448,19.4542,21.4403,24.9672,23.7299,20.9355,28.0319,23.8867,20.5236,21.4275,20.7748,24.4306,21.4576,20.4667,24.3128,23.4878,21.2804,22.6716,23.7741,27.842,21.9415,21.0341,47.6,1
2026-01-21 13:00:00,21.5324,17.5745,17.0105,18.9172,17.5856,16.6511,18.6718,17.3659,22.1633,22.6845,25.3484,23.0082,20.8883,18.8049,22.3384,18.7586,17.2488,21.7001,20.5846,20.3923,21.4999,18.2338,19.3401,18.8175,20.31,21.045,20.8372,20.39,20.398,21.1346,20.1954,23.2091,20.397,21.2544,30.8651,22.8015,20.4358,24.1851,23.1936,22.3677,21.9148,24.3077,23.7863,24.6549,23.9628,20.9586,22.3212,23.7413,21.4098,20.7757,41.22,1
2026-01-21 14:00:00,20.9696,17.0305,17.1631,17.4328,17.9332,17.6369,18.2504,18.1414,22.559,20.4199,27.0165,20.2578,20.8305,18.1015,19.8523,19.333,19.1925,24.1155,22.0872,19.1394,18.7847,18.8376,18.8509,18.5195,20.7481,20.6363,18.8521,20.2136,19.2524,21.4745,21.0561,19.7315,21.357,21.0891,32.0045,19.3178,22.8104,24.8823,23.7149,22.2166,20.4785,22.9273,22.1735,19.7107,26.6164,17.7617,21.5345,22.7637,19.9421,21.3901,44.3,0
2026-01-21 15:00:00,18.9894,16.9553,18.4301,16.6998,17.9406,20.2242,18.6633,18.3939,25.6122,18.9263,28.5375,20.0962,21.8618,19.367,18.6995,18.6022,19.4122,26.0479,22.824,19.0499,17.7779,18.1671,20.3385,20.3218,20.1268,18.4925,22.3542,20.7106,19.5049,21.7873,21.1994,20.1887,19.3951,19.6913,32.4937,20.5218,21.8831,26.9771,26.4351,22.4778,20.1664,24.4613,21.1897,20.623,28.4172,22.9367,24.2247,22.168,22.1015,24.446,36.26,0
2026-01-21 16:00:00,17.1357,17.2049,18.6364,17.9822,18.1759,21.3445,18.7483,19.6126,27.5458,18.4127,30.3926,18.7717,24.5131,19.6079,19.3321,17.6732,20.1222,27.9798,25.2521,19.2389,18.7499,19.5652,20.8237,20.6285,21.2318,19.9352,26.2388,19.4218,18.4768,26.0514,24.1463,18.9937,21.8065,20.7256,35.2326,21.9107,24.1406,29.003,27.9586,20.9333,23.5704,24.6777,20.9591,20.3924,29.5248,21.1056,21.7823,20.8256,23.5525,23.2313,33.21,0
2026-01-21 17:00:00,17.0468,17.3705,21.5395,18.365,20.1841,24.4175,20.8419,21.3961,29.6546,18.0458,31.5553,17.9882,25.0139,21.1779,18.7748,20.5637,21.8978,29.3744,27.8957,19.936,19.5867,20.9755,24.0783,23.1475,21.3985,19.7091,25.7354,19.983,20.787,27.3013,25.7793,20.5462,21.1059,21.4599,35.6163,20.7492,25.6552,33.3871,32.0768,19.4398,19.8676,28.3186,19.9624,22.3669,30.7534,22.4899,24.9797,21.0376,26.5521,26.4015,23.02,1
2026-01-21 18:00:00,16.702,20.2392,22.8007,19.3264,21.0627,24.9295,22.1174,24.8104,32.0138,18.7824,33.3032,18.7737,28.7224,22.9866,18.9462,22.2304,22.9963,31.172,29.516,21.2027,21.4866,22.6061,27.286,24.3369,25.2326,19.9219,28.0569,22.0725,20.4279,28.6114,28.7044,18.8741,23.6954,22.539,34.8889,21.5896,27.0839,33.5207,33.4889,19.9196,22.9791,32.4256,19.7297,20.5001,32.3311,25.8913,24.3629,20.2562,29.1602,29.3908,19.91,0
2026-01-21 19:00:00,16.99,22.2298,24.4665,20.8867,22.5257,28.0278,24.1402,26.3585,32.762,19.4173,34.554,18.179,31.238,26.432,20.7022,20.9408,25.3421,32.9042,32.6382,22.4644,20.9433,25.5896,26.5336,29.2673,26.2471,19.5182,29.5943,25.2946,23.7109,31.5265,28.9982,21.8195,24.4983,23.2492,37.2361,22.7251,29.1855,34.424,34.6951,21.1566,23.9997,30.4653,22.5532,24.4032,34.9719,28.84,26.8395,23.25,29.5022,30.8751,28.15,1
2026-01-21 20:00:00,19.245,22.7016,26.9231,22.1241,24.6401,27.8077,26.6163,27.6266,33.504,20.6808,33.3909,19.4876,32.1409,27.5049,23.1386,25.2375,27.3053,34.1055,32.5794,24.0852,24.1158,28.6007,29.4458,30.2103,29.1042,23.7524,32.4764,24.2873,25.5134,32.3644,32.1311,23.9119,29.4627,24.8866,34.9438,21.9151,33.0353,38.6769,36.854,22.8002,27.0858,33.571,25.4866,26.9822,37.5978,32.8173,27.4387,23.2511,29.0879,31.6777,26.51,1
2026-01-21 21:00:00,21.2413,26.276,29.8238,23.8692,26.5889,29.8331,28.0078,30.6112,34.6386,21.7923,32.3759,22.1856,33.0915,30.1585,22.6524,26.2059,28.9423,34.0923,33.4242,25.2522,24.4786,29.3291,31.3012,33.7513,30.4431,25.7807,33.7158,28.0605,26.4212,31.5419,32.8409,24.8989,29.0898,27.285,32.4697,23.9423,33.0625,34.463,36.4755,28.2554,26.7661,33.6196,26.638,27.286,36.1402,29.8064,27.6147,27.8464,34.5412,35.9455,33.49,1
2026-01-21 22:00:00,21.3356,27.6015,30.5009,25.7521,28.9735,32.66,31.1901,31.1357,32.9163,23.9228,33.0538,21.9213,34.3557,31.6698,26.0909,27.6459,32.2555,35.2248,35.0397,28.7088,28.3782,30.2738,32.7132,34.47,32.4659,29.2875,33.7781,30.9354,29.2009,33.0892,36.0608,24.3718,30.0418,27.8902,31.063,28.5875,34.1691,35.21,36.4637,27.179,29.5994,38.2764,28.4984,28.9757,36.3837,34.6096,29.6979,27.7783,38.313,35.6772,39.15,1
2026-01-21 23:00:00,24.376,30.202,32.3042,27.7107,31.5847,31.971,31.6601,31.5171,33.7816,25.9789,31.397,25.6131,34.5251,32.0519,29.4985,29.1563,31.5585,33.55,33.4443,29.3204,29.8862,33.0393,34.4831,35.6055,33.5263,30.3317,35.0123,32.2655,31.27,35.4461,34.5773,28.1547,33.1752,33.1071,30.9718,30.8058,34.681,34.1188,35.6344,31.4775,32.039,34.9293,29.2891,31.0032,38.1508,37.8013,33.974,31.2031,37.3096,37.8291,41.95,1
2026-01-22 00:00:00,25.8334,31.1461,32.53,30.8625,31.6991,33.3587,33.2654,33.96,30.721,26.983,28.6157,28.1229,32.3722,33.8941,29.908,31.6365,35.7854,31.9085,34.9035,31.4666,33.5556,34.2101,35.1197,34.8177,34.8219,31.2934,34.0821,34.6208,30.8098,35.0784,34.8893,28.5428,35.0648,33.8488,29.5377,33.1647,36.5969,33.429,33.912,32.2583,31.7534,35.4231,32.2375,34.3346,37.2853,36.4055,35.1702,32.667,36.5444,36.3203,54.02,1
2026-01-22 01:00:00,27.9329,32.3781,33.6757,31.3617,33.1722,34.0921,34.4121,34.7488,29.5321,30.516,26.9147,30.6254,32.7551,34.3601,33.2033,32.8522,35.0944,31.7571,31.9678,32.3914,31.799,34.517,34.4852,35.428,36.0698,31.7624,34.6921,32.9826,35.7219,34.748,35.2971,30.648,35.3335,34.7715,26.782,35.2248,35.3733,34.4615,32.5094,29.7485,32.6661,34.1342,32.6248,32.9287,33.8728,37.9678,34.7819,35.2484,37.7093,38.0416,50.63,0
2026-01-22 02:00:00,29.6812,33.1989,33.4021,33.3177,33.0215,33.0307,34.2139,33.6485,27.3213,30.2713,24.7413,32.4978,33.1435,34.7997,34.3585,34.2009,32.8789,31.0348,32.2529,33.3686,35.49,36.589,35.9336,33.5223,33.7331,35.3675,33.4363,36.3945,34.6012,33.3923,33.4215,32.406,34.8265,34.6783,24.8321,34.2569,35.8174,29.7943,31.8561,33.9013,35.9758,32.6699,34.5989,34.3389,31.1058,37.6266,36.5385,34.5102,37.9232,37.6799,62.94,1
2026-01-22 03:00:00,31.0087,32.7306,33.2911,33.1535,33.0711,31.5868,32.1824,31.1341,25.5179,33.2291,22.7941,32.6355,28.5281,34.4012,33.9602,36.1129,33.6581,26.3872,29.3523,34.3641,33.161,34.6737,34.0689,32.8295,32.8985,35.2094,32.6216,34.6757,36.1481,31.0276,35.0906,34.7277,36.8348,36.0164,21.5732,36.9143,34.5277,29.0737,30.985,35.5806,38.2088,33.0731,36.6352,36.7808,28.6497,35.0916,37.4992,34.5707,36.0111,34.5221,70.39,1
2026-01-22 04:00:00,32.5177,33.4173,30.9181,32.8858,31.601,29.7477,32.3888,31.007,23.6802,33.739,21.2168,34.1996,27.4937,31.2247,33.816,33.6646,32.674,25.1986,28.3481,34.3838,33.4651,34.0696,32.2392,31.8845,33.7134,34.7641,29.9945,32.6688,36.1564,28.9136,31.6796,34.4101,36.4194,35.8349,21.3231,37.2164,32.2576,27.5509,28.3322,36.4962,35.8745,30.6081,34.1414,37.4518,29.1743,35.5332,38.0866,35.6302,36.4384,36.2693,78.46,1
2026-01-22 05:00:00,32.59,31.2635,29.7587,32.1183,31.1718,28.2897,31.2247,29.1198,21.7792,33.6496,19.6974,33.4134,26.9509,30.6833,33.7539,32.1292,31.6795,24.2195,26.6432,33.2673,32.562,30.0542,33.3017,28.3564,33.2038,34.1478,28.5281,33.5833,32.1247,27.4801,28.6409,35.7601,31.8862,34.5016,19.9419,37.6972,29.2202,25.8284,26.2927,36.439,35.4158,29.5033,38.8838,36.4656,25.377,33.2154,34.1139,35.628,31.1009,34.1475,74.69,0
2026-01-22 06:00:00,33.1514,30.2923,27.5256,31.3817,29.5844,26.4796,29.4807,27.5824,19.3701,33.8737,18.2722,33.5149,24.2738,26.7763,35.3031,31.7414,28.7195,22.0125,23.9481,32.9275,33.2551,29.5277,28.9194,27.5484,31.6154,34.9913,26.6792,31.6339,33.0414,27.1573,26.9507,36.9197,31.211,35.0777,19.7506,37.0236,27.6463,22.3516,22.3088,33.6421,36.087,27.7896,34.0997,35.8549,26.2389,30.6929,34.1422,35.4149,30.2169,29.6475,80.03,1
2026-01-22 07:00:00,32.4332,29.069,26.1318,31.0802,28.1298,23.6276,26.2011,24.6927,17.9176,33.1161,17.5367,34.1566,21.1859,27.1112,33.3886,31.2111,27.5663,20.6159,20.9168,31.5342,30.4396,28.9442,27.2091,26.7375,26.6672,33.7215,24.7133,30.5924,33.1678,23.4294,21.892,33.4601,30.1726,30.9225,20.0416,33.3597,25.7603,22.4576,22.8617,32.6113,32.8257,22.738,37.3708,32.0916,20.9033,31.3541,34.2348,33.9434,29.4202,26.2544,78.92,1
2026-01-22 08:00:00,31.2812,26.5411,22.9287,27.8286,25.8825,22.284,24.4071,22.9802,19.6652,30.6559,17.795,31.931,20.1831,25.2273,30.3247,28.226,25.3521,19.1067,19.6594,29.0686,28.4513,26.648,25.066,23.4696,25.4058,29.896,23.0606,27.168,30.5104,23.6952,24.1134,31.6424,27.6974,29.3029,20.1072,32.1125,23.6048,20.1786,20.567,33.4195,32.1931,23.6745,32.131,29.3089,24.2653,26.7714,30.7785,34.0911,27.7298,26.0913,81.0,0
2026-01-22 09:00:00,29.4488,25.1539,21.8049,27.6726,22.9505,20.974,23.4306,20.3807,17.4477,30.9212,18.5013,30.4903,18.8898,20.336,27.8045,26.8951,22.8167,16.3017,18.7042,29.5913,27.8532,23.9796,22.8468,21.4293,22.3369,26.1979,21.0466,26.5667,29.1681,19.9708,21.8458,31.114,26.8454,29.6413,23.0076,30.5557,23.6483,20.2898,20.6828,31.1812,32.6512,20.688,30.2739,30.923,20.7,27.2257,26.512,33.6011,24.0116,24.3876,68.97,0
2026-01-22 10:00:00,27.8067,23.4247,19.5987,23.8697,22.3609,18.7742,20.4642,19.8795,18.6108,28.0613,19.089,27.723,17.6799,20.4613,26.3144,24.4327,20.888,18.8584,17.0708,25.7458,25.9979,22.8894,21.7486,20.309,21.4995,26.2416,19.2765,24.0538,26.4403,21.417,20.164,31.5601,26.3994,28.0282,22.5025,27.2342,24.3043,18.9826,21.0813,31.3714,26.291,21.2005,28.8565,25.8743,19.742,22.9219,25.7831,28.6413,22.5745,22.1362,70.71,1
2026-01-22 11:00:00,26.4794,21.346,18.37,22.7717,20.1308,18.0111,19.2343,17.6413,17.9211,27.5653,21.5387,26.7481,18.0851,18.7052,24.3501,22.4175,20.9138,19.5458,19.6614,23.555,23.6175,21.7638,19.2384,20.388,21.754,24.6596,19.5389,24.9227,25.663,19.0567,20.3582,28.6563,22.097,24.6195,24.0551,27.5255,20.0543,19.2835,19.3547,27.6423,24.8401,21.0689,26.7202,26.3317,20.3363,21.9266,24.1515,27.4682,21.0869,21.2624,59.71,1
2026-01-22 12:00:00,24.2589,18.1691,17.6225,20.4368,18.7876,17.8398,19.3299,18.1497,20.1637,24.4261,22.8151,24.9138,18.3653,18.2806,21.24,22.016,17.665,21.2796,19.2395,21.0652,21.6499,19.2855,19.8259,19.4826,19.6434,22.6636,19.1625,21.465,22.6682,19.3376,20.5144,24.828,23.0019,21.4096,26.7343,23.9762,19.7458,22.4768,22.0082,26.6089,23.8528,20.433,24.5094,21.3099,20.6466,20.9462,23.4027,27.9117,20.2867,22.6401,43.86,1
2026-01-22 13:00:00,21.476,18.104,17.4014,18.8483,17.7877,17.9962,17.6822,17.2061,21.9763,21.9716,23.2871,22.9254,19.6143,17.7902,20.6548,18.6536,18.9421,21.1775,19.1274,20.3666,22.0413,18.4704,17.2955,18.9229,18.8183,19.4614,20.8527,20.4056,22.6302,19.9384,19.8373,22.6743,18.5581,22.7839,30.8227,23.986,19.5743,26.5612,23.5276,24.6203,23.9091,23.2364,23.0722,23.318,25.2194,22.4593,21.5875,22.3116,22.0057,23.7619,43.64,0
2026-01-22 14:00:00,20.2332,17.8993,17.4292,17.2399,17.1278,18.8495,17.1769,16.013,24.3463,19.7852,26.8961,19.7769,20.3596,18.3864,20.3934,17.7996,19.2013,25.1048,22.8354,19.4701,19.4921,18.6758,18.0128,19.7159,19.816,21.5293,21.9362,19.2988,19.0176,21.9982,21.7912,22.5643,20.3954,20.5794,32.1367,23.1078,21.9775,24.9824,26.272,22.1708,20.848,20.7316,22.2946,21.3687,25.6746,19.9781,21.7868,23.0338,21.5753,23.0423,33.83,0
2026-01-22 15:00:00,19.1039,16.4741,18.3778,17.3656,17.7592,18.818,17.5522,19.5133,24.255,18.9033,29.0028,20.0618,21.7119,19.9304,17.115,17.6399,18.8794,25.4223,22.7117,18.7704,19.6067,19.7892,21.8137,21.5961,19.0921,17.4624,20.7142,20.777,19.4284,23.1501,24.032,21.0154,19.3263,20.0998,31.3045,20.0868,22.5537,27.396,26.3309,22.6028,21.5364,22.7297,19.9891,22.301,26.7885,22.6277,22.661,22.7756,24.4621,24.7632,38.44,0
2026-01-22 16:00:00,16.8109,17.9615,20.3818,16.7361,18.6357,20.6748,19.3092,20.6754,28.2784,18.2675,30.1234,17.6895,24.6392,20.1361,18.9626,18.9457,20.1435,27.3651,25.5499,20.1128,19.0463,19.7041,20.1294,23.5259,22.5924,18.5284,24.5389,20.4261,18.957,24.8629,25.1879,20.7908,21.2538,21.9465,35.5067,17.9946,23.5365,30.3038,29.0071,19.9674,21.1503,26.4518,21.9048,21.9928,27.0403,23.7782,20.3171,24.3351,22.2915,24.3485,29.02,0
2026-01-22 17:00:00,17.4323,18.835,21.683,16.9589,18.5067,22.5615,19.6692,22.9664,29.2803,18.8953,30.924,18.0336,28.0618,21.2286,19.6932,19.5102,22.5478,29.1682,26.6935,17.9054,18.493,22.4197,21.1139,23.5974,22.5393,18.7249,26.7382,22.4849,20.5888,26.6548,26.4216,18.4649,19.834,21.8111,35.6171,20.3272,23.902,32.8805,31.3481,20.4444,21.2491,31.013,22.7768,20.9977,30.7309,25.4241,21.0628,17.7533,25.4092,23.8312,20.57,0
2026-01-22 18:00:00,16.8168,19.1803,23.5325,19.0351,20.8369,24.3508,22.1368,22.6649,31.8876,18.9802,33.1586,17.0252,28.8657,23.7501,18.9623,21.3245,22.7838,32.476,27.6816,20.1927,21.0962,22.9012,23.7462,26.0059,23.9791,19.6565,26.5781,23.4144,20.9403,28.2104,29.1303,19.9326,21.9614,21.5797,35.5396,22.7607,26.2468,34.7321,32.3274,21.0866,21.9348,29.0115,18.8432,21.7938,31.6835,29.6841,25.391,19.7298,28.7092,27.3239,28.53,1
2026-01-22 19:00:00,18.0098,22.0095,24.8562,20.0637,22.9038,25.8825,24.507,25.6959,32.1664,19.2177,33.8091,18.7924,30.4141,25.7699,22.0534,22.3406,24.8874,32.0804,30.1039,22.6988,21.4993,24.8074,28.673,29.399,27.0072,19.9557,30.6278,23.6547,22.4938,32.0527,32.3648,21.8245,25.8856,21.7546,35.5705,23.9895,29.7576,35.4572,33.8493,20.8924,23.2453,32.1653,25.1377,24.4888,30.7714,28.5449,26.1554,23.0476,30.2202,29.1622,31.14,1
2026-01-22 20:00:00,18.3705,23.6769,26.6892,23.2107,25.2692,26.9656,27.2135,28.269,33.0105,21.3952,33.1337,19.3705,32.7932,27.9804,21.8155,24.1755,27.0678,34.5735,32.4401,23.0902,23.8535,29.6262,27.3569,30.7099,29.4509,24.0197,32.8223,26.8329,23.8072,32.7301,33.5013,23.3409,26.6587,25.1256,33.5489,23.8891,31.821,35.5677,34.9273,21.9206,29.9641,35.5839,25.2096,25.19,34.7992,34.8095,29.6665,23.4889,30.1461,33.7605,26.74,1
2026-01-22 21:00:00,19.3138,25.9635,29.6667,24.8277,27.9121,31.4747,28.8452,30.4445,33.5954,20.3902,32.4791,21.3735,33.2392,29.5143,24.659,26.6793,30.486,33.8345,34.7348,24.5403,26.2504,28.3133,30.0932,30.6298,32.1084,27.4024,32.4595,29.0137,26.0996,34.7148,32.7923,22.2846,29.1036,28.1164,34.1623,26.0798,33.3026,37.1397,36.1313,23.5357,25.9333,36.5885,26.3673,23.3917,37.4673,34.4758,32.084,21.7995,35.3679,30.9697,30.53,1
2026-01-22 22:00:00,21.2205,27.1434,31.3033,27.3212,28.694,31.1653,29.8056,30.6892,32.7104,24.0479,32.5285,23.6385,35.4265,31.9857,26.136,29.8735,32.4102,34.4479,34.8626,27.5562,26.2747,32.0883,31.2722,32.6024,32.0769,27.8831,34.3435,31.1956,28.6792,35.3112,35.789,25.5218,33.5892,30.3972,30.8372,27.8158,35.5791,36.729,38.6272,25.8568,28.1507,37.1025,27.2813,29.6218,36.3497,32.5195,29.8518,27.1484,35.3979,35.8641,38.31,0
2026-01-22 23:00:00,24.1122,29.6295,32.9402,27.9636,30.5657,34.0453,32.5447,33.1212,32.2266,26.6721,31.0397,26.2624,34.1151,34.0373,28.2066,29.4606,31.6403,32.5928,34.7566,30.9672,28.5885,31.2337,33.6849,33.6717,34.8002,29.0624,35.4331,32.4767,28.5222,35.1267,36.1723,27.3646,33.3565,30.1726,30.0499,29.3592,34.2271,35.5741,35.8262,29.1341,32.3756,35.7144,30.3827,30.839,36.5246,34.2694,33.0784,28.5685,39.2805,36.4935,36.29,1
2026-01-23 00:00:00,26.3108,30.213,32.6131,30.2545,31.8947,33.9635,32.706,33.1547,30.402,28.2514,29.1658,28.3207,34.2182,32.901,29.8837,31.3173,34.7156,33.4986,32.3973,31.0237,32.6946,34.7199,34.3335,34.6433,34.7986,33.3759,35.9467,32.1712,30.0193,38.1828,36.9583,28.8165,35.6196,32.5801,28.0,29.941,36.5976,35.7163,35.609,31.75,34.0785,36.5001,33.3766,33.09,37.4366,38.1928,35.5198,29.5332,36.9488,37.855,52.84,0
2026-01-23 01:00:00,27.72,31.0833,33.1348,30.1437,32.5982,33.1409,32.7177,32.47,28.261,28.8748,27.4267,27.9738,32.1661,34.5829,32.5853,33.3779,35.1133,31.1882,34.3062,32.9262,32.6947,37.3128,34.568,35.4062,34.5584,34.3253,33.8959,34.6908,34.0316,36.3198,35.142,30.8788,34.6157,31.2222,27.2681,34.3556,36.464,33.5968,33.62,31.562,35.7763,35.8957,37.4759,35.7032,35.9595,36.0003,35.1951,33.2487,39.0257,35.9313,63.24,1
2026-01-23 02:00:00,30.3253,33.0819,32.1121,32.5585,33.2273,33.1262,33.4716,32.8167,28.2407,32.4525,24.6099,31.9264,31.7265,34.7755,33.9658,35.8107,35.7454,29.9684,31.9639,34.6222,33.7461,35.9231,36.5437,36.3444,34.3226,33.7181,35.1838,35.4719,32.0028,33.2924,33.6401,34.0451,34.3463,36.0226,24.4364,34.4412,34.3663,30.3485,31.4303,34.7977,35.013,36.0884,38.3281,38.0334,35.8775,37.1851,36.4447,33.4211,36.4046,38.6186,59.9,1
2026-01-23 03:00:00,30.598,33.7595,32.0481,33.3351,33.7097,31.8676,34.0326,32.7513,24.5887,33.3035,23.0467,32.9326,29.8038,32.9532,34.0211,33.5384,34.238,27.3095,29.8938,34.2081,34.9658,35.7901,32.8162,33.3659,33.3945,35.5225,30.4772,35.5248,35.3043,34.6394,31.0397,33.8274,35.67,33.9778,23.5329,36.136,33.7053,27.864,29.8072,35.5015,35.2523,32.9395,34.2427,39.3778,28.1577,35.1002,35.1979,35.228,35.6906,36.1377,75.05,0
2026-01-23 04:00:00,32.4621,32.9168,31.5865,33.3833,31.8948,29.367,32.2378,29.8578,23.2924,33.8322,21.8778,33.2631,27.5677,33.0526,33.2429,34.1369,32.8465,25.8323,29.0013,34.2777,34.4154,33.5279,32.6026,32.6132,32.6459,36.3707,32.2176,36.218,35.0837,31.5747,29.9835,35.394,33.3619,35.3018,19.9169,37.0202,33.7951,25.1202,28.743,37.6502,36.1267,33.0622,36.5016,37.4974,27.993,34.1985,35.7843,39.0303,35.4196,32.745,75.63,1
2026-01-23 05:00:00,32.3963,31.8428,29.135,32.7444,31.5809,28.1791,30.7163,29.7535,22.0322,33.9505,19.6814,33.4052,25.1459,30.4153,34.3664,32.6271,32.3803,23.337,27.0186,33.4927,34.5732,33.1357,31.3733,31.268,32.979,33.8819,29.4315,33.36,35.5149,27.3283,30.0986,36.399,33.1196,34.0924,20.3488,37.0696,29.687,23.9414,25.6577,35.8595,37.0619,29.1279,36.8092,35.4408,28.375,32.871,33.9077,39.9614,30.4537,31.1827,73.84,1
2026-01-23 06:00:00,32.6758,30.4162,27.8413,31.7775,28.6995,25.5382,29.9857,27.5518,19.5001,35.0355,17.581,33.8449,23.0018,27.6836,33.569,32.4027,30.2057,22.2314,24.9052,32.4768,33.0618,30.7547,28.182,29.5979,30.7295,33.9512,26.1316,32.7795,33.1412,27.4179,26.8842,37.6063,32.6362,34.7688,20.761,34.3723,32.1257,23.3921,23.6748,38.1057,33.3888,27.312,37.9135,36.539,25.7682,32.7279,34.2608,35.4841,28.0228,30.0117,77.54,0
2026-01-23 07:00:00,32.488,28.2849,25.3114,28.7,27.4889,24.4669,26.0256,25.1164,18.1561,33.1743,17.7863,33.3632,21.8427,25.5115,31.7757,28.728,29.4931,20.6127,21.8311,30.4266,31.7862,30.4536,27.5236,27.1686,26.7505,32.0102,25.6389,30.8046,34.0714,24.9061,24.5424,35.1856,30.3605,32.8456,21.8067,32.7877,27.6787,23.2128,22.048,36.0549,33.3857,24.9877,34.8602,31.6274,23.6262,28.9514,33.2179,36.0196,27.9349,29.3782,80.54,1
2026-01-23 08:00:00,30.962,26.7042,23.5248,28.6221,25.5709,21.6341,24.0328,22.1531,18.1529,31.442,17.2332,32.2882,20.5565,25.0396,31.7782,27.6434,26.3272,19.3214,19.6416,29.4075,29.1301,25.4291,24.6058,23.314,24.1624,29.423,21.7938,29.6157,31.4753,22.851,24.3091,34.4255,28.8334,29.6477,19.6722,33.0717,24.9269,20.7837,19.9625,33.2085,30.6556,23.2004,32.4169,30.9445,21.3396,29.2297,30.4752,35.3623,24.9691,25.4173,72.22,1
2026-01-23 09:00:00,29.7248,24.9697,20.757,26.7413,24.6945,20.2694,21.788,20.3237,18.5731,29.4019,18.617,30.2742,18.8468,23.0164,27.0999,27.4732,23.6333,17.8856,20.2918,28.5685,27.9288,25.5397,23.4229,20.8252,22.8039,28.8158,21.4554,28.7282,26.9068,22.3474,22.617,32.2717,27.0638,28.6478,21.2366,31.2528,22.9193,20.8201,21.9453,31.1599,27.2832,21.984,31.6735,29.5639,21.6687,23.8807,31.5489,31.4674,21.6792,25.6447,69.25,0
2026-01-23 10:00:00,28.6339,22.4548,19.7674,25.1493,21.5655,18.8495,21.2182,19.5022,17.3763,28.5811,19.5903,26.6677,18.5188,22.0021,24.507,24.365,20.7063,18.3326,17.6133,26.9509,26.683,22.9531,21.3063,20.1658,21.3734,27.0044,20.4508,25.4351,26.1496,20.6083,19.546,29.8259,23.0107,27.1865,24.4599,27.6999,22.7896,21.2659,19.9588,31.0317,25.5254,21.2218,29.0453,25.143,21.2768,24.7183,27.1772,29.3046,24.5395,23.1727,60.36,1
2026-01-23 11:00:00,25.7906,21.2125,16.7429,22.5666,18.7039,18.0682,19.5607,17.8436,18.9482,26.6754,19.5542,26.117,18.1647,19.9841,23.6304,21.8202,19.7221,18.6325,20.4588,24.6534,23.1426,20.1222,18.1731,19.9161,20.428,24.5779,19.8072,23.5172,26.1007,17.5331,21.1937,27.7447,21.5783,24.7847,27.6875,27.5315,20.326,19.5747,22.8716,27.3646,26.4396,18.6172,28.8316,26.138,18.6813,22.5959,25.3715,29.5715,21.0988,24.3972,55.99,1
2026-01-23 12:00:00,24.4369,19.3285,17.4784,20.4613,17.4892,18.5946,19.3367,17.6728,19.2118,23.9529,23.0398,23.5279,18.705,18.5257,22.8631,20.7409,17.952,21.6121,19.2433,21.8776,22.7253,19.5601,20.5992,18.4968,20.9292,21.8612,18.5833,20.3118,21.9077,18.3078,18.0105,25.7977,18.7779,18.7275,28.1598,24.3328,19.9112,21.6585,22.276,25.8224,22.6969,20.5731,28.7515,22.8753,22.3365,19.7071,22.5547,26.2762,21.0763,20.7146,52.8,0
2026-01-23 13:00:00,21.4008,18.2152,16.3591,19.6911,17.8337,17.529,17.8967,18.3316,21.8314,21.5866,23.6758,23.9593,19.4283,18.6436,19.8061,19.4596,18.4281,22.5665,19.2691,21.8156,20.3953,17.6392,21.0632,17.6472,18.7446,23.3141,19.3792,18.6395,21.1511,19.4467,20.9424,21.5551,19.9637,24.0838,28.5708,21.7972,22.2485,22.2579,25.1808,23.2749,23.7461,23.9032,24.9867,22.8984,22.5551,20.3153,21.2776,24.4483,21.6397,21.4775,42.81,0
2026-01-23 14:00:00,20.4611,17.8317,18.1816,16.6261,17.8268,19.084,17.4114,17.9381,24.0841,21.2393,27.6857,20.7653,20.9941,18.5327,18.6107,19.1769,19.3773,23.7621,20.5464,21.406,20.1178,15.9355,19.1813,18.6037,21.0514,19.5702,20.9793,19.9238,21.7086,23.6731,21.8718,21.9506,20.8534,21.1005,30.5613,20.2068,20.4773,25.1405,24.894,21.7005,21.1149,20.3897,23.6352,21.1806,26.0919,21.2228,23.1118,21.5189,22.5736,23.386,35.49,1
2026-01-23 15:00:00,19.4667,16.9087,18.7049,17.14,17.8738,19.7685,18.143,18.8231,25.5612,18.3997,28.5757,19.9183,24.7847,18.957,19.3754,16.7471,19.128,25.2779,22.2807,19.0167,19.068,18.2814,19.291,23.7988,18.307,20.0337,21.4935,19.369,19.0985,23.7098,24.2693,21.5319,21.8782,21.4162,33.7463,21.171,22.3419,27.9357,26.2101,19.7406,18.9324,24.0785,23.0622,19.8797,27.3156,23.9168,21.0165,20.6141,23.157,21.8232,36.93,0
2026-01-23 16:00:00,16.3978,17.9348,19.7714,16.9798,18.4709,21.9062,19.1996,20.1836,27.8907,19.5813,29.5831,18.9461,24.9595,20.0083,18.7314,17.8765,21.0258,27.173,25.5289,18.0245,18.9682,19.9656,22.8732,22.1258,20.7508,20.2199,24.2875,20.5117,20.9268,25.4251,25.2292,19.3688,21.0531,19.4072,35.3592,20.5613,22.7625,29.7946,30.5769,22.5139,21.4852,25.541,21.5517,19.6967,31.6428,23.222,22.0701,21.5731,24.4053,23.1585,30.28,0
2026-01-23 17:00:00,16.7394,18.2738,21.995,17.9302,20.2723,22.6807,19.4805,22.7743,29.1405,17.3954,31.2224,18.3308,27.3008,20.7109,18.955,18.7475,21.9221,29.9654,27.4901,20.6976,19.9089,21.7823,24.9023,25.9228,23.4177,17.3306,25.3571,20.3434,19.3024,26.9826,26.5547,21.5662,23.597,19.8602,35.5499,20.9696,25.8756,30.6675,30.5686,20.1625,20.4508,28.789,20.486,21.5832,30.988,27.9749,22.9047,20.7554,26.5329,24.5977,23.93,0
2026-01-23 18:00:00,17.4654,20.0262,22.5264,17.7065,20.8564,25.3668,24.0578,24.93,31.7555,17.2668,33.4474,17.9627,29.1882,23.3814,20.096,21.3223,23.1053,33.2334,28.4461,19.532,21.7908,22.2112,24.8584,25.9527,25.3282,21.7028,29.1259,23.896,18.2387,27.9431,28.7367,20.299,24.0298,21.5247,34.8857,19.9242,28.3149,34.1797,34.7905,21.3353,22.1565,31.1248,21.2519,23.7256,31.4146,26.5063,25.48,21.9799,27.0768,29.2317,32.01,0
2026-01-23 19:00:00,17.6115,21.2183,26.1019,21.2136,23.6137,26.9848,24.6545,26.4384,33.625,18.1364,33.577,18.5708,30.5184,26.0081,20.418,22.4619,25.5344,33.1002,31.067,21.3386,22.4039,25.1239,26.8847,29.0519,26.1847,22.2952,31.7584,22.9072,24.1845,29.3672,33.9572,20.7816,25.591,26.104,37.3227,19.8034,31.7751,35.2683,35.4311,22.7929,25.7088,32.6164,24.2771,25.1864,31.1507,29.1705,27.8481,24.1859,28.8521,28.2795,34.31,0
2026-01-23 20:00:00,18.9644,23.0458,27.7212,22.1049,24.1563,27.154,26.5445,28.3043,32.8822,19.42,33.9157,18.666,33.2556,25.9932,22.1246,25.5813,27.9486,35.1358,31.7071,22.103,24.4616,27.7309,29.0925,30.1533,29.6134,23.7936,31.6892,25.9639,25.1583,33.851,32.8399,23.1353,26.8125,25.2592,34.8709,24.9009,30.53,36.4809,37.6922,25.3551,24.3794,31.4595,24.7241,26.4633,34.6369,32.9919,30.1444,24.4433,28.5385,32.913,32.41,1
2026-01-23 21:00:00,19.9423,25.6699,29.0113,24.4486,26.6732,30.0818,28.8397,30.2507,33.3941,21.676,34.7292,21.8589,33.1903,29.6585,25.0141,27.1534,29.6922,34.8381,34.5389,26.667,25.7145,29.0201,29.4953,32.1079,31.4247,25.9382,34.5123,27.848,27.2582,36.0331,34.8878,24.468,26.8437,27.6182,34.7269,27.5402,31.6753,36.6317,35.201,24.6465,27.5381,32.8117,24.8532,28.88,37.3284,31.2793,30.2685,25.0436,34.8035,33.2737,27.54,0
2026-01-23 22:00:00,22.1159,26.6552,31.4607,26.4821,28.0928,32.5139,30.7447,32.6291,33.8037,23.4363,32.1321,23.8645,34.8607,32.4769,25.3655,28.2628,31.5193,35.0418,34.5856,26.0194,29.5901,30.4256,32.4847,34.3367,31.7048,28.7497,34.4766,31.4699,27.626,35.9564,32.9923,27.0387,33.0101,31.9715,30.3706,26.1706,34.5719,35.4417,37.7714,24.3852,28.7937,32.8766,30.0149,30.288,38.0125,36.4645,32.9668,29.3126,34.4375,34.7959,39.13,0
2026-01-23 23:00:00,24.0103,29.3964,31.508,29.1068,30.7196,33.4182,31.7286,33.1828,33.4103,26.5504,31.2947,25.6629,33.9161,34.1322,26.798,30.4371,32.2349,33.5668,34.3763,31.0013,30.7424,32.3323,35.6865,34.2183,34.1292,27.866,34.3736,31.9183,29.727,35.1707,34.8611,29.3322,33.2673,31.3296,32.0514,29.7141,35.126,34.2736,35.1495,29.5915,30.6454,36.6646,29.2754,31.295,36.0604,35.148,34.9491,30.0358,39.5751,34.089,45.88,0
2026-01-24 00:00:00,26.787,30.2742,32.5016,29.1116,32.1945,32.7262,32.5217,34.569,30.2341,28.5257,30.5326,27.8882,33.0083,33.5355,30.0909,33.1969,33.5747,32.7258,33.1087,33.5179,32.0135,35.4457,34.6822,33.9764,35.5011,32.0747,35.0187,33.0947,33.8638,35.2181,36.3596,31.569,36.3164,33.501,27.7368,35.3981,36.3501,35.2083,32.0737,32.162,33.3497,34.4999,30.7949,35.9428,35.5572,36.5869,37.9966,34.0467,38.4325,37.3602,43.66,0
2026-01-24 01:00:00,28.3265,32.7417,32.9345,31.7449,33.1676,33.5531,33.9202,33.4498,29.4288,29.6913,27.7255,28.8587,33.0694,33.8467,32.8312,34.5835,36.3906,30.6748,33.0004,34.8821,33.2766,33.2475,34.1232,34.3508,34.6593,34.013,35.121,34.9194,34.3465,35.8492,33.4211,32.3661,34.527,33.2805,28.0979,34.5528,36.9519,33.745,34.8824,32.6568,34.2457,32.8774,32.906,34.5651,35.0308,37.5972,34.2853,32.9575,38.9142,36.4426,61.24,1
2026-01-24 02:00:00,30.1728,33.5809,32.746,33.4027,33.4927,33.0801,33.8566,32.4627,27.7771,33.6923,24.2912,31.2549,30.5567,33.5214,33.5512,34.1296,35.5404,29.8231,31.4781,33.1837,35.2968,36.1026,35.3307,33.7985,36.8939,36.8879,32.2301,34.6299,34.9827,33.8784,34.7932,32.3446,38.8516,38.0451,25.2641,36.7706,38.5109,31.4792,31.9718,35.6014,35.97,33.6262,35.9359,38.6716,33.8445,35.8731,37.3304,35.3797,38.1757,36.7461,63.34,0
2026-01-24 03:00:00,31.2518,32.7067,31.6882,33.2371,32.7107,31.6065,32.6219,32.0022,25.4367,32.6449,23.7677,32.3471,30.0539,32.9122,34.8185,33.6735,32.7445,27.3261,30.3545,33.1322,34.339,35.9038,33.4189,33.6254,33.7562,33.9206,33.3465,35.538,35.8676,32.3286,31.884,34.557,35.6072,35.2407,21.1114,38.0063,34.0437,32.0098,31.2262,35.996,37.6146,32.371,37.8167,37.8961,32.8369,40.0478,36.3013,36.186,37.0216,35.7643,72.17,0
2026-01-24 04:00:00,32.2469,33.0195,31.7254,32.7583,32.433,30.526,33.0683,30.7151,21.7657,33.5597,20.7005,34.2178,26.7551,33.0232,32.7779,32.4865,30.9634,25.76,28.2278,34.1754,33.2141,33.3715,32.7289,30.2049,33.6318,35.8265,31.0384,34.9763,37.2363,30.0824,29.7277,37.5311,34.42,35.7754,21.7865,35.7465,30.3429,26.6988,28.0321,36.1482,35.6765,31.3033,37.3028,36.6487,28.5298,35.356,35.8372,37.479,35.5891,37.2269,70.43,0
2026-01-24 05:00:00,32.8051,32.3706,29.2633,32.4348,30.4457,28.5798,30.9241,30.4241,21.897,33.0345,20.9903,34.135,25.3368,31.7894,34.3563,31.6877,31.5504,22.6014,26.6938,34.9509,34.3397,32.7706,29.9222,30.5521,30.7136,34.4143,30.0079,37.2165,35.8272,27.921,28.0535,36.2679,33.8132,31.3437,22.6061,38.9675,30.9519,25.7131,25.9098,38.4007,34.09,29.379,36.1186,34.6651,26.2441,33.6128,34.2622,37.7689,34.0114,31.4803,76.09,0
2026-01-24 06:00:00,33.2239,31.0128,27.6921,31.5269,30.5586,26.1479,29.433,27.8829,20.9874,33.6236,18.2364,33.4657,22.4506,27.3009,33.8146,32.5274,30.4372,22.0584,23.5388,34.1513,34.2877,29.8749,28.22,29.4779,30.2262,34.4253,27.5187,32.2571,33.4705,26.4354,28.4975,35.2417,32.6903,33.9095,19.5473,33.2357,29.6534,23.6467,25.954,35.789,35.7431,27.3745,35.1596,35.8423,28.1791,30.6752,34.7291,36.9821,31.4661,31.6125,77.13,0
2026-01-24 07:00:00,32.2485,28.9177,25.1107,29.8715,27.6635,23.7687,27.8605,24.8952,18.8326,33.1114,20.3087,33.1222,23.8266,25.9264,30.9285,30.8554,27.2387,20.371,20.4875,32.1513,33.1516,28.8889,27.8567,25.6547,27.0247,33.3945,24.9727,30.8957,30.9766,22.8263,25.1517,34.3512,30.5406,32.4377,22.446,34.7442,25.9354,22.0313,22.6561,37.379,32.3504,26.4263,36.1951,33.8231,26.1636,27.5502,28.5775,37.2196,28.2207,28.2597,74.9,1
2026-01-24 08:00:00,31.5641,27.2286,22.3358,28.4009,25.4953,22.7479,24.8977,23.7979,17.3339,30.8224,19.1043,31.2874,18.8735,23.03,31.0341,28.0033,26.4481,19.3424,21.4729,30.1944,29.7612,28.6503,25.1929,23.5006,25.7147,29.9935,22.6215,29.2345,31.3105,23.4702,21.9624,32.5036,27.9797,30.1581,21.6422,32.9191,25.4358,19.7409,20.7816,33.8446,33.9085,23.2134,33.4901,33.7483,21.6253,29.0008,29.8754,35.241,25.3441,27.6325,73.62,0
2026-01-24 09:00:00,31.008,24.3994,21.5629,27.3517,24.663,20.6405,23.053,21.2965,17.5,29.6609,17.8951,30.2253,19.0029,22.5097,28.3219,27.5562,23.6225,19.0666,18.6739,29.8156,27.8749,25.7064,22.4107,24.2709,22.4297,30.7446,23.0277,27.211,27.6583,19.2974,22.3891,33.1481,24.4076,26.5503,23.9943,29.2443,23.5505,20.2603,20.657,30.9517,28.9198,23.251,32.2363,28.6238,23.1314,25.0649,25.3733,36.4635,25.8395,24.6594,67.13,0
2026-01-24 10:00:00,28.5676,22.7427,18.6609,24.0428,21.0051,18.1037,21.5262,20.876,19.411,28.3198,19.4192,29.0148,19.2214,20.4571,28.7979,24.2517,21.6236,18.5765,17.9165,25.1762,26.2283,22.1659,21.6168,22.3204,23.0501,28.0155,22.5675,25.9931,25.2958,21.5254,21.4235,29.6734,23.5968,27.1691,24.1851,27.6263,22.2826,21.8741,20.8887,27.5627,27.2016,20.875,29.5508,29.4346,24.3071,24.2441,25.0162,34.7156,25.5482,26.1045,57.77,0
2026-01-24 11:00:00,25.9251,20.563,18.3915,22.0859,19.3693,18.1538,19.0183,18.3979,19.7051,25.6576,21.3352,25.5456,19.0332,19.797,22.5333,22.013,20.9132,22.6425,18.7834,22.9085,23.5058,19.8282,19.6509,20.2661,21.1876,25.4411,19.317,25.0763,25.9885,19.2836,19.5456,27.0072,24.0494,22.3202,25.7449,25.7137,21.9654,22.0019,17.5057,29.5076,22.3607,20.4244,28.0694,28.0087,23.298,21.0902,23.9539,27.8074,22.2802,22.2778,48.3,0
2026-01-24 12:00:00,24.631,18.8344,16.8289,20.8198,18.0508,16.8742,18.412,16.9094,20.8611,23.4394,23.1016,24.4066,19.3292,19.1766,23.4501,21.8029,18.7795,20.8584,19.5607,20.7635,22.4423,19.6301,18.685,18.5884,20.9438,22.434,20.6487,20.6558,23.7194,19.7858,21.0665,25.0668,20.4166,20.8918,30.1614,22.7603,20.416,23.4292,22.7476,27.1741,22.1246,20.3506,26.2072,23.1934,21.1495,22.8007,22.277,26.0319,22.0052,21.9467,47.53,0
2026-01-24 13:00:00,21.7801,18.0715,18.397,18.9648,17.7926,17.1044,17.8492,17.6423,22.3772,22.5646,24.8391,21.9315,19.3916,18.7542,20.3955,20.4272,18.436,22.0579,19.8116,20.7924,20.4483,19.4891,20.2851,19.908,19.0446,20.7098,19.2682,20.8528,21.7409,21.1218,21.6794,21.1477,18.5339,21.1889,30.9085,21.1236,21.2744,23.1091,25.2768,25.1338,19.2599,21.7597,27.219,23.7547,23.6058,20.8901,22.8885,23.078,19.6799,23.5446,46.69,1
2026-01-24 14:00:00,19.1298,17.5475,18.0286,17.2384,17.7375,17.9487,17.0862,17.9305,23.6473,19.4509,27.5087,19.784,22.0593,17.2487,18.1618,18.7387,19.2304,24.4398,21.2325,19.2519,20.4566,19.7709,20.1946,18.9025,20.6049,20.6221,20.3444,19.5905,18.9708,21.2814,22.5671,23.2565,18.9065,22.0317,31.7276,21.1586,18.9795,26.8828,25.2433,24.2541,21.7164,23.872,23.0615,23.6604,22.6421,19.2275,23.2662,25.7746,21.3512,21.7307,33.34,1
2026-01-24 15:00:00,18.1969,17.8294,18.3408,17.4192,18.1123,19.5228,19.6532,18.1669,26.0419,18.2994,28.5664,20.7982,23.4804,19.2524,18.2531,18.9376,19.1727,25.3851,23.1369,19.6761,19.6987,19.3944,20.2247,19.6519,20.1266,19.1662,21.9557,20.0289,21.7309,22.3008,22.3511,20.8897,20.1776,20.1702,34.2333,20.1274,21.1279,26.3744,26.7662,23.827,20.7941,25.432,21.0271,23.0951,25.6623,21.9297,24.3887,21.6566,21.1157,24.8339,36.57,0
2026-01-24 16:00:00,16.7142,17.73,20.2297,17.3826,19.9335,21.283,18.2517,20.8001,28.1845,18.3669,30.2605,19.4519,24.936,19.1702,18.6434,19.3185,21.839,27.4475,26.728,18.5906,19.8284,22.0973,21.6581,22.8799,21.3127,18.9663,24.8253,21.3128,20.9413,25.265,23.6061,18.9363,20.0835,20.7474,34.3924,19.6115,23.4298,29.6009,29.8941,18.1133,21.8512,27.2777,21.3445,22.7042,29.0632,24.691,22.1972,22.0421,22.5865,26.5319,33.91,0
2026-01-24 17:00:00,16.975,18.8372,20.6813,18.5322,18.2453,22.661,19.7477,23.0778,30.5079,18.5419,31.8389,17.7066,27.0453,23.4656,19.5434,21.3782,22.2894,30.6205,27.5695,20.1628,19.4823,21.8247,23.1715,23.7861,24.8462,21.929,24.986,22.8305,20.0732,29.4022,25.0567,21.6195,21.8115,20.306,36.085,21.6656,24.4561,30.5735,33.6746,18.5355,22.7385,28.9354,19.909,24.1995,31.4759,26.0575,25.0127,19.8205,26.1803,25.7052,27.74,1
2026-01-24 18:00:00,17.1789,20.2036,23.3741,18.4339,21.5654,24.7328,23.1923,23.3676,32.7652,18.4155,33.8589,18.1043,28.6763,23.7397,20.9084,20.7628,24.0401,32.485,28.758,20.3498,22.5303,23.0836,25.58,24.296,24.0964,21.5194,29.8059,23.4481,20.9169,29.9435,28.3121,20.3374,22.7904,21.4918,37.7555,20.5016,27.7512,35.8795,33.9017,20.955,24.0872,29.065,20.5289,22.9935,32.1524,27.6877,26.9987,22.2153,27.9273,29.7591,24.34,1
2026-01-24 19:00:00,18.5929,23.0263,25.2472,21.034,22.7625,26.7335,24.8063,26.834,33.7037,18.825,34.1657,17.5249,30.0788,25.0137,21.9557,21.5636,25.4873,34.192,30.6139,22.0701,22.7159,26.0026,26.4192,28.9463,27.848,23.2302,31.2167,24.6215,23.0586,30.2526,30.6529,18.504,26.7698,24.9198,35.9469,22.9891,29.4102,35.2924,35.1208,23.5867,24.0807,36.2837,24.6582,24.343,30.9627,29.165,26.0666,20.425,31.2688,29.2079,29.95,0
2026-01-24 20:00:00,18.9454,22.5682,27.359,22.2091,24.8037,29.6809,25.7815,27.8458,32.6991,20.0231,34.239,19.0308,33.2644,27.7355,21.7156,24.9769,28.3549,32.9485,32.7662,23.9961,24.3329,28.2548,30.0893,31.8206,29.1914,26.0802,32.7947,27.3717,24.2838,32.4885,32.5507,23.1333,28.2231,27.2245,34.3801,24.2986,31.276,37.2854,35.4739,24.1266,26.3586,32.5376,24.9169,28.4,36.4016,31.3529,30.5756,26.162,33.2978,32.9991,32.98,0
2026-01-24 21:00:00,20.1464,25.2568,29.8683,23.6371,26.8643,29.0127,28.8626,30.1149,34.0058,22.5889,34.1846,20.967,34.4609,30.2783,25.3304,26.5885,29.3723,34.5644,34.3057,24.5621,25.4375,28.9329,31.5344,32.8433,30.1407,26.2525,33.3578,27.483,29.2182,33.7984,34.2903,22.8008,32.3155,29.14,33.0744,25.8345,34.7147,37.0941,35.2381,25.9114,29.06,35.8611,27.8831,25.0098,37.9997,32.4624,27.7611,28.8616,32.7615,33.5378,31.42,1
2026-01-24 22:00:00,22.5062,28.4772,31.247,25.6096,28.6518,31.9854,31.2581,31.6331,33.999,24.4054,31.2028,23.6654,33.439,32.3868,26.8145,28.7026,31.698,34.9135,35.1357,28.0574,28.1396,30.6474,32.6037,33.1811,31.1713,27.6141,35.6681,29.6491,28.5061,34.1964,37.321,26.5542,31.2805,30.6447,32.7269,26.6211,35.1547,37.2127,36.7332,26.9604,29.3391,40.6316,26.1967,29.9686,38.3792,36.5916,33.3213,29.2022,32.7836,35.9342,37.84,1
2026-01-24 23:00:00,22.9454,29.3743,32.3012,29.5125,31.9152,34.08,31.8272,32.8842,33.0429,25.9081,31.5188,25.6615,34.1053,34.1548,28.0486,30.5162,32.1792,34.6676,34.8946,30.6937,30.3426,31.5644,33.664,32.6112,32.8812,29.2067,32.4215,32.4539,29.7842,36.4905,35.5315,28.5227,33.1307,32.2784,29.7811,30.1633,34.6955,34.6386,36.3095,28.5334,31.1426,38.1971,29.1736,31.2523,36.7997,36.1836,36.9719,28.8913,35.4319,38.1525,40.28,0
2026-01-25 00:00:00,26.3063,31.628,32.0486,30.1148,32.7476,33.8738,34.6169,33.9084,30.8577,27.7539,29.7117,28.0755,33.6809,34.052,30.3281,30.8951,34.8796,33.4202,33.5774,31.0802,31.3014,34.0058,35.7437,35.3862,36.0282,33.5278,36.0281,35.0531,34.4529,35.4295,35.848,30.1832,36.211,31.9254,26.9794,31.5396,35.7692,34.7905,32.8241,31.5468,36.1713,35.9321,32.9059,34.2386,36.1503,36.3555,36.2193,33.1342,36.485,39.402,51.14,0
2026-01-25 01:00:00,28.5991,32.4531,32.7497,32.2389,33.1331,34.2259,32.4612,33.0824,31.5612,29.9125,28.7764,30.3016,32.8189,34.083,31.5787,33.6866,34.8057,30.7295,32.9675,35.1262,33.2046,36.1024,35.0692,34.5922,37.1043,33.2971,35.3066,34.6326,33.5853,35.5564,33.3177,30.5465,36.2142,34.3106,25.1861,35.1829,37.3868,32.0005,32.9615,33.1893,33.1577,37.8249,33.1496,36.2208,35.4582,39.9692,36.7714,34.4765,38.5212,34.2623,48.2,0
2026-01-25 02:00:00,29.2324,34.1586,32.9855,31.7632,34.2862,31.5308,34.0818,34.2298,26.7522,31.0509,24.3914,31.7262,31.4972,34.6734,33.4365,33.9776,36.2418,30.0759,32.565,34.4074,34.3287,35.7318,34.275,33.8058,35.3911,31.7743,32.235,35.3765,36.075,31.2504,36.7973,32.2497,35.0742,35.0438,26.079,36.0984,36.098,30.9457,33.6195,34.4646,37.1557,35.2883,33.7548,37.4832,34.065,38.9621,37.2207,37.7695,38.2337,35.9635,61.33,0
2026-01-25 03:00:00,32.0648,32.5802,32.3442,34.8398,32.3798,30.8818,33.9148,32.8082,24.8055,32.7455,24.569,32.0758,30.4184,33.9168,33.609,34.2918,36.0601,27.8838,29.1424,34.3254,35.0322,35.7648,33.7823,31.7316,34.8355,32.6869,33.2264,33.5723,36.4745,33.3808,31.3465,34.901,36.6733,36.3571,22.7951,35.4449,36.2346,29.5409,29.8202,36.9732,37.3859,32.3601,35.1986,37.3024,31.4581,36.5905,39.5301,38.1114,36.3634,38.3064,64.26,1
2026-01-25 04:00:00,32.6805,33.456,30.4195,33.8441,31.7687,30.4169,32.7586,31.6701,23.6448,33.3295,21.6362,34.0135,27.1468,32.2807,33.6285,33.9467,33.6609,25.7965,27.747,34.2422,33.3167,33.1793,33.6232,33.9985,34.3642,33.9733,31.6716,37.7576,35.6599,30.1436,30.218,34.7176,35.815,37.0334,21.7013,35.3915,34.2816,26.2467,24.927,36.7522,35.349,31.8737,36.6917,37.4119,26.2804,34.7252,34.5001,35.9499,36.1762,34.8336,71.3,1
2026-01-25 05:00:00,32.8181,32.8379,30.7708,32.6529,30.0574,29.1978,30.6335,28.8823,23.0317,33.8981,20.3735,34.6229,24.9881,31.2062,34.5473,33.4426,31.6119,22.5778,26.5986,35.4731,34.2327,32.2725,29.6863,29.2738,32.1368,34.6288,27.1475,34.0223,34.1108,27.665,29.7731,37.4903,32.1134,35.0258,19.5984,35.1645,30.9127,23.7942,28.0879,37.4118,35.3106,29.0513,37.6099,37.9518,29.4198,33.146,35.112,39.3206,37.1575,33.0068,70.97,1
2026-01-25 06:00:00,33.3518,29.9857,28.3559,31.5933,29.341,25.4862,28.8081,26.6931,19.4217,33.4024,20.0796,33.671,24.5306,28.1979,33.8545,32.4179,28.9601,20.9349,24.8115,32.4057,32.9298,28.9057,28.966,26.5479,31.3226,33.8042,25.7601,29.9538,34.0472,25.2165,27.1865,35.7491,31.8691,31.305,19.7071,35.1997,31.1469,22.1146,23.052,36.2207,34.5895,27.1738,38.7632,34.7651,24.8745,30.3287,35.3538,37.0679,31.228,32.5458,67.35,1
2026-01-25 07:00:00,33.6521,29.2327,25.7793,30.7318,27.9627,23.869,27.2819,26.1286,18.6085,33.31,18.6184,31.9222,21.3806,26.5967,31.9191,30.5248,28.5035,21.8563,22.0309,31.9016,31.7524,29.6727,28.2684,27.9094,28.4835,33.1512,27.103,31.2797,31.345,23.6766,26.7428,33.955,30.9746,34.1542,19.8596,35.5472,29.1679,23.0014,22.0589,36.2774,33.8005,25.5526,33.887,33.5893,22.1338,30.9928,32.7525,38.1565,28.9841,25.3013,71.53,1
2026-01-25 08:00:00,31.512,26.3187,23.4077,28.8983,25.8703,22.3745,25.4338,22.5323,18.8037,32.2643,18.3801,32.9809,19.2227,22.9539,31.4987,29.5682,25.8346,20.1448,20.3149,30.594,30.8965,27.9077,25.0123,24.2686,26.2445,29.6878,22.9058,29.6166,30.7658,22.4385,23.9126,34.9984,30.3873,29.7268,20.9873,34.0819,23.0803,20.8135,22.9061,32.5261,32.1242,24.7119,32.4271,30.9868,21.997,30.183,31.972,32.5516,26.0406,25.4638,69.75,1
2026-01-25 09:00:00,30.0619,24.7743,21.3049,26.5988,23.8192,19.4768,23.2637,21.5126,17.8728,29.7842,18.6871,30.5816,18.6788,23.6722,28.2628,27.1731,24.0924,18.7497,18.4102,28.2696,29.8071,23.597,23.5097,22.3175,23.4172,29.0772,22.5667,26.7898,29.6069,22.449,21.5538,30.0499,27.4413,27.744,20.5359,27.4814,23.5676,19.1041,19.9764,30.3546,29.583,23.6238,29.9714,30.2153,21.8684,26.4475,29.167,33.8556,25.8817,26.6218,71.94,1
2026-01-25 10:00:00,27.8798,22.5672,19.2107,24.4116,20.9238,19.3076,21.7014,20.5018,18.0159,27.5626,19.1007,26.5798,18.1537,20.5105,26.1587,24.4255,23.2816,18.8134,19.4292,25.1801,26.4585,24.2554,22.6374,21.2772,21.4051,27.6734,21.5908,24.0346,28.5441,19.9855,21.7876,30.1662,24.0077,27.4226,25.4414,30.5282,21.4267,20.71,18.3215,29.7625,27.7939,20.5361,30.6931,25.9144,20.548,26.1618,25.5221,30.6749,25.5163,21.1181,59.94,0
2026-01-25 11:00:00,25.6567,19.5257,18.4853,22.7101,20.5465,16.382,18.8581,18.5664,19.507,26.5632,20.8161,28.1115,19.4794,20.6616,24.8636,21.7105,19.6536,21.3524,20.0579,24.444,22.6974,20.9359,21.1824,20.3701,17.7723,24.5944,20.1875,24.1035,23.5087,21.0652,21.3975,28.8897,22.1136,24.0898,26.0141,26.4622,20.8093,22.2803,21.5815,29.1135,26.4367,21.6087,28.004,27.9431,20.8783,23.8832,25.2872,29.1664,21.9239,22.6212,53.08,1
2026-01-25 12:00:00,24.4422,19.4677,17.7515,19.5589,18.8724,17.9171,18.2597,18.7294,20.6472,24.1227,22.0663,24.1456,19.4371,18.2035,22.3089,21.3827,18.5179,20.5666,21.6281,22.054,21.7335,18.9759,19.107,19.6261,21.1906,22.4279,20.7307,22.4471,22.6228,20.3581,19.377,25.0135,22.4946,23.0111,28.3394,22.9895,19.6546,22.3215,23.295,25.6223,24.6317,20.9257,24.5365,25.4604,21.9433,19.7421,21.1491,26.0039,21.3984,18.9027,45.23,1
2026-01-25 13:00:00,21.5511,18.1375,16.6008,18.8669,18.2931,17.1095,17.1953,17.6183,22.8716,21.8004,24.5325,24.3394,20.5568,18.6152,20.8387,19.3814,18.5463,21.9391,20.6949,18.9348,21.1592,19.0232,19.1345,17.9553,19.3459,20.4955,17.9139,21.0575,20.8737,22.6293,21.7545,23.7575,17.8432,22.0248,31.2802,22.9295,19.5762,22.1906,23.0931,26.9038,24.4578,23.0046,22.9627,21.5574,24.1458,23.5993,19.191,25.8788,21.0541,21.1529,48.1,0
2026-01-25 14:00:00,20.2308,18.1665,17.7174,17.0702,16.3629,18.0994,17.479,17.3393,25.0111,21.3513,24.9693,21.0967,21.7077,18.6313,17.4993,18.7051,19.4254,23.1914,21.7378,20.5945,20.0548,19.7713,20.4037,18.4343,19.1707,21.4467,20.824,19.0668,20.72,21.1671,21.4888,21.8108,19.3262,20.9149,33.1554,20.6859,22.4758,25.5962,25.3049,21.4197,22.8693,21.7874,22.5177,23.6042,24.1562,21.4396,20.7743,22.2445,20.5161,24.1613,36.61,1
2026-01-25 15:00:00,18.4768,17.5391,18.2066,17.8213,17.8754,19.9231,18.8477,19.3324,26.4231,18.7054,29.0078,19.316,23.5574,18.8589,18.748,17.496,19.7333,25.7045,22.7477,18.4615,20.026,19.5345,21.2391,20.3301,18.2357,18.275,19.2617,19.1456,18.271,23.6882,23.1139,20.0066,22.0473,20.067,33.1746,22.8794,21.021,26.8378,25.9507,21.3993,21.0896,24.715,21.6344,21.0258,27.6658,22.8361,21.8722,20.2068,23.3292,20.6952,33.41,0
2026-01-25 16:00:00,17.9401,18.8319,18.4657,17.064,17.6977,21.3521,19.2495,20.5763,28.4719,16.8877,30.4809,18.708,24.3038,20.923,17.0197,19.1938,19.5513,26.5491,23.9042,18.9181,19.0775,19.9632,21.5271,22.033,20.6595,21.2131,22.4054,19.8764,18.9432,26.4438,25.2108,20.5523,21.4406,20.6785,35.9357,19.8496,24.1172,30.2557,28.2797,18.6673,22.0292,24.1784,19.8639,20.4603,27.3324,22.4773,21.2274,20.7706,24.7501,24.4621,22.17,1
2026-01-25 17:00:00,17.3353,18.5564,20.6854,17.0708,19.3765,22.9336,22.2749,23.9436,30.3158,17.494,31.8906,17.6724,26.7635,23.1629,17.7967,21.7852,22.4101,30.4521,27.8036,19.9555,19.4208,22.4389,23.2203,23.998,22.0606,20.0565,25.6441,20.7779,18.69,27.7975,26.6503,21.1364,21.3882,23.9777,36.8087,19.6276,24.1777,31.4803,31.1872,22.9177,22.3963,29.6312,21.6136,22.5179,34.1567,22.915,23.78,20.6965,26.1692,28.068,18.83,0
2026-01-25 18:00:00,17.7129,19.8019,22.8502,18.5534,21.5408,25.584,22.503,23.5167,32.1078,19.3745,33.4431,18.4121,28.207,25.4684,18.5227,20.5192,22.571,32.8753,31.7541,20.2966,22.4547,24.2619,25.4615,26.5989,23.8864,20.0056,27.61,23.296,20.0362,29.0097,28.6836,22.6967,22.4543,23.9513,36.84,24.1226,29.4652,34.003,34.2875,21.324,23.1992,33.1915,20.1328,20.799,34.804,26.4433,25.1631,21.7706,30.9305,27.4568,21.39,0
2026-01-25 19:00:00,17.4599,21.4835,26.2045,20.5669,23.1714,26.0155,24.416,26.0578,33.0167,18.7993,32.9146,20.5572,30.6623,26.7149,20.0442,23.1057,24.8932,34.3317,32.6511,22.9778,22.4088,25.4341,28.591,28.1933,27.0534,23.3518,30.3924,23.9808,22.3767,30.6701,32.2919,22.056,26.7047,25.1493,37.5546,23.2941,30.0218,33.0004,35.1277,19.4143,23.3953,34.8298,23.1975,24.103,34.6106,29.7885,24.2621,24.2374,30.8914,31.3403,32.34,0
2026-01-25 20:00:00,18.6391,23.3162,27.5348,22.1628,24.6646,29.1822,26.5341,27.7959,33.6999,19.9161,35.4624,19.5923,32.8962,27.2722,22.1088,25.5497,27.5911,33.6421,34.0456,23.1439,23.2541,27.3494,30.3782,29.8187,28.9341,24.7884,32.1933,25.3889,26.7212,30.8578,31.2832,22.1315,27.8761,26.4735,36.5291,23.8218,32.9127,36.2656,37.4356,23.5011,26.6242,35.6149,24.4339,26.9253,36.7794,31.6655,28.211,23.2484,30.7077,35.6068,23.98,1
2026-01-25 21:00:00,19.7554,24.4441,28.4199,23.6153,27.26,30.3157,28.0938,30.0692,34.7033,21.9403,33.5821,22.2444,33.6179,29.0759,24.0971,26.1727,29.2465,32.7717,34.3886,25.6555,27.5787,29.2252,31.9527,32.6797,29.4514,26.6959,33.9105,28.9356,27.3209,34.18,33.2782,25.3518,29.6211,29.9615,35.2476,28.624,34.0088,36.3328,38.8798,22.3484,25.7338,36.6357,27.0789,30.9021,35.525,34.5675,32.4373,27.5303,35.187,35.8116,29.82,0
2026-01-25 22:00:00,21.8478,27.5703,31.1209,25.3959,28.2981,32.77,30.3097,31.6301,34.565,24.5518,32.6186,23.2057,35.1597,32.7593,27.093,26.6859,32.2763,34.9939,35.1022,29.3666,26.9366,32.0676,31.9128,34.4655,31.2893,29.0815,35.0953,33.0497,29.1088,34.4366,36.2599,24.7163,32.2893,31.1946,34.417,30.0311,34.8849,35.5018,37.9941,29.2847,31.9677,39.5513,30.2261,28.7815,38.2733,35.5385,33.7814,29.2215,35.3421,36.5528,37.55,1
2026-01-25 23:00:00,24.2954,28.4558,31.285,28.4495,31.6147,33.5721,32.5964,32.3568,31.633,25.8552,30.6445,25.67,33.4067,32.4187,28.8102,31.1761,33.2575,35.2543,32.7285,30.2906,27.106,31.688,33.9605,34.0122,32.7147,30.5676,35.9099,31.5534,32.5082,35.3549,35.9543,27.4636,33.7842,33.6723,30.9247,29.7658,36.2722,36.1103,34.3773,28.6094,33.0074,36.4369,30.1684,30.9092,38.4516,36.6568,33.8453,31.9411,36.5451,39.7315,41.03,0
2026-01-26 00:00:00,26.5814,31.4018,33.5937,29.8867,32.1391,34.0256,33.0547,33.9372,31.3284,28.4022,29.6156,29.3408,34.2221,34.5394,29.0368,32.3291,35.5576,31.6598,35.0654,31.0984,32.818,33.6486,34.8149,33.9983,36.8081,32.7183,34.6803,33.1795,33.2678,35.9651,37.1373,31.2408,35.0722,35.441,28.9082,31.4841,38.5346,34.5542,35.0901,31.8861,34.0924,36.6992,32.673,34.0257,36.8925,36.5141,37.1557,31.98,37.4761,38.1327,51.91,0
2026-01-26 01:00:00,27.7227,31.6673,33.0355,31.5621,33.8103,34.4847,33.0848,33.6491,29.1473,29.7954,28.6175,30.2371,31.9471,34.5039,32.2732,33.7916,34.422,31.2121,32.9069,33.5581,34.3954,34.8944,36.6675,35.5086,36.9627,35.1694,34.4944,34.9284,34.8318,33.6097,35.8784,31.3514,34.3567,36.0255,27.7476,34.2744,35.4881,33.3509,35.1705,32.7176,35.1506,38.2533,31.7491,35.3752,36.5564,40.4842,39.7611,36.6569,37.4781,37.7629,53.15,0
2026-01-26 02:00:00,30.4574,32.5469,33.0138,32.6773,33.1797,33.5144,33.0737,34.2963,27.4451,32.0194,26.2819,32.1203,31.5719,35.2237,33.7215,34.3812,34.5419,30.0126,31.3777,34.8446,34.9462,34.4527,34.8087,34.3728,34.5474,35.0984,34.2664,36.4921,34.8309,33.1547,32.9323,33.8488,35.1078,36.7566,24.5949,35.2657,32.8373,30.364,32.1393,34.949,37.5237,35.0082,38.545,37.9312,33.6629,40.1848,37.079,35.498,37.923,35.8887,58.1,1
2026-01-26 03:00:00,32.179,32.8277,33.0464,33.5754,32.9932,31.5784,32.9081,32.0798,25.8518,33.0169,24.1071,32.9765,30.3135,33.8576,33.99,35.5604,35.1354,26.9562,29.9426,33.5422,33.8666,35.0352,35.4469,34.5549,32.8151,36.342,32.8898,36.3854,35.1729,33.1679,33.0148,34.2856,37.028,36.1336,23.684,35.4382,33.9241,29.7706,28.2339,37.36,39.5252,32.3824,34.3077,39.472,31.6272,37.0174,38.6713,38.3778,39.7593,37.7466,78.55,1
2026-01-26 04:00:00,32.7235,32.6936,30.3436,33.8333,32.1286,30.1214,32.2634,32.3791,23.9772,33.4336,22.0194,35.8165,27.6037,32.2202,34.4623,34.2573,33.0114,24.1084,27.9188,36.4027,34.9683,34.0361,32.429,31.2896,33.8159,33.3388,30.0399,35.2128,34.4233,29.5234,31.7325,35.673,36.1358,38.6425,21.1,36.6012,31.8808,25.1676,27.5201,36.3983,37.4911,29.7125,37.188,38.7676,28.7889,33.4407,37.8207,40.1536,34.7318,38.098,67.9,1
2026-01-26 05:00:00,34.014,31.9048,28.6499,32.902,31.9099,28.633,31.5563,29.6112,21.5521,34.1894,19.8073,33.498,26.1022,32.2385,34.3763,35.3189,32.8775,22.9532,25.5174,35.9302,34.1853,34.846,30.8532,29.2634,32.2105,35.4469,30.3083,33.9158,34.6286,28.8411,29.3802,36.1495,34.7695,35.5949,18.1631,38.5323,32.7436,25.2509,23.2858,37.7213,38.8672,28.5804,33.7541,36.1814,28.4223,34.31,35.1758,39.5757,33.6933,30.0505,77.33,1
2026-01-26 06:00:00,32.6244,31.1271,27.1919,31.601,29.355,26.3022,28.1641,28.3,18.7253,33.3803,17.8728,32.8665,22.9134,29.3721,34.0233,32.8408,30.2771,21.3212,24.1295,33.336,32.8667,30.0696,29.8615,27.8084,30.6399,36.7126,27.8563,35.1968,33.9123,25.2662,26.5104,36.5302,32.0764,33.1644,21.2625,36.921,29.2971,23.6727,23.994,32.8689,36.26,29.9855,35.4798,37.7327,24.5335,30.0917,32.6978,37.2092,31.9463,29.9951,71.23,0
2026-01-26 07:00:00,31.8282,28.5061,26.0356,30.3361,28.2725,24.5706,26.821,25.4562,18.1691,32.0185,18.114,34.5843,20.5199,27.1041,30.8694,31.4423,25.8353,18.7477,21.7855,31.5333,33.1548,28.8029,28.8381,26.8541,29.0333,30.8962,24.17,32.4273,33.0969,25.3875,24.7197,35.4175,31.7736,33.3289,18.8778,34.8853,28.46,24.3979,21.9403,33.8903,32.6155,25.5253,37.8509,34.135,24.6075,27.8398,34.8599,34.8076,28.7666,29.0505,67.98,1
2026-01-26 08:00:00,30.4965,27.1073,22.5285,28.3248,25.5992,20.7668,25.0321,22.8132,18.7168,31.7175,17.966,31.8703,20.658,24.0632,30.2691,28.6907,26.7152,20.2903,20.8411,29.8999,29.0651,25.834,25.0625,23.9897,26.6607,32.992,22.991,31.0668,30.8679,23.752,22.603,34.8032,28.4117,30.783,20.6206,32.3702,25.4819,20.9471,21.2409,34.1898,32.468,22.9235,35.5173,33.1419,23.1513,29.1753,32.0187,33.6313,26.8868,25.8462,71.29,0
2026-01-26 09:00:00,30.7147,26.2407,19.8497,25.5563,22.5641,21.5675,21.7326,21.2721,16.0575,29.1875,19.3119,30.8679,20.425,21.7497,29.7379,26.872,24.4752,20.2122,18.341,28.6546,28.2937,26.5111,20.8796,22.4483,23.1,29.694,23.75,27.8907,28.4941,22.9499,20.2847,32.8033,28.2736,27.7661,23.6501,30.7234,23.6871,22.8049,22.5947,31.4191,30.3029,22.4651,33.4564,30.9876,23.7737,24.6051,27.9723,31.8342,27.0764,26.535,62.31,1
2026-01-26 10:00:00,28.4629,22.9176,19.5031,25.0546,21.4483,19.046,20.5303,18.946,19.0869,28.5891,19.7156,29.9498,17.6996,20.7477,27.5943,23.164,22.6958,18.9503,18.8543,26.174,27.017,24.4145,20.1846,20.5847,22.7445,25.1445,20.694,25.0125,25.8203,21.9634,19.1041,30.2167,23.9278,25.7586,25.272,29.6545,22.4599,22.2862,19.295,31.8865,26.6454,22.1161,29.8237,28.9457,22.3977,23.4437,28.1373,30.2941,23.2739,24.7669,60.93,0
2026-01-26 11:00:00,26.0737,20.7338,18.7629,22.9247,19.3772,17.059,19.1031,18.6085,19.5129,26.0788,22.0415,26.941,19.2785,18.46,25.076,22.1504,18.809,20.1402,18.0087,23.9841,24.268,19.7706,20.7039,21.0344,21.8853,24.8865,20.2974,23.6866,25.2307,20.4058,20.6577,27.6892,22.4579,24.9576,27.5843,27.4866,23.1157,21.2979,20.5398,29.3678,25.1921,18.8037,30.2517,27.5317,19.355,24.1481,25.437,29.1687,21.5438,23.3732,53.29,1
2026-01-26 12:00:00,24.16,18.8259,18.2913,21.7384,18.7689,17.0693,17.924,18.1027,21.393,25.0297,23.4877,26.1987,18.8193,18.5203,22.9043,21.8543,18.8054,19.3275,18.8824,23.2379,23.2772,19.9277,18.2058,19.9866,19.3326,23.4163,19.1476,23.6442,22.4718,18.219,19.2644,25.272,21.5257,23.3141,25.8134,24.8913,21.0461,22.5674,20.9698,28.0257,23.422,20.259,26.3708,25.6501,21.649,22.6871,24.9744,28.1265,24.8121,24.9503,55.01,0
2026-01-26 13:00:00,21.415,17.9631,17.0488,20.4209,17.1591,16.4303,17.9477,17.8598,22.0719,21.866,24.28,22.6833,18.7216,19.0603,22.1546,19.6489,18.3184,21.9898,20.5571,21.5807,21.2136,19.4422,18.5209,18.0359,19.8925,22.4131,19.8937,21.1567,21.9386,20.7504,21.4447,21.269,21.7727,20.1625,30.6783,24.4607,22.2671,22.7083,25.221,24.5479,22.729,20.1512,25.2029,24.09,22.8541,22.7002,19.7027,26.4775,20.2385,22.6473,37.36,0
2026-01-26 14:00:00,21.4694,16.8973,17.3119,17.3593,18.0741,17.725,17.6513,19.0923,22.7672,20.4144,25.4027,20.3415,20.2766,19.4104,21.1099,17.9868,18.0971,23.4479,20.4471,18.7097,20.0893,18.9489,19.6391,20.9661,19.1184,19.9379,22.7436,18.1676,18.4741,22.342,21.1953,22.5765,20.3545,20.4687,31.981,20.4177,22.8024,25.1696,27.0663,21.938,21.2868,25.2849,26.4582,21.3517,24.4303,24.4981,21.2551,25.2071,23.7228,21.8639,40.2,0
2026-01-26 15:00:00,18.7963,17.3622,18.9518,17.2922,17.6539,19.4548,17.8706,19.0191,26.543,18.1123,29.7406,17.7724,22.9023,19.1178,18.6915,18.0803,20.7984,26.3314,22.9094,19.8924,19.5392,19.2184,18.0779,21.7192,22.2837,20.4866,22.6914,21.3894,20.394,23.4863,21.8831,20.1135,20.5883,21.682,35.1907,22.2085,22.415,28.2403,28.0779,22.6074,21.5849,24.7529,23.381,20.37,28.7267,21.9515,24.211,24.0001,23.0287,21.9622,33.46,0
2026-01-26 16:00:00,17.7519,17.6587,18.499,18.9287,18.3238,22.038,19.4823,19.2274,29.1763,17.5499,31.5913,18.8426,24.5714,22.895,17.766,18.3511,20.3619,25.7481,26.1343,20.1927,19.8155,21.3192,21.3391,23.692,20.0729,21.1217,24.2557,21.9467,20.869,27.0192,24.7179,19.5944,20.7742,17.658,37.1221,21.4582,24.0579,29.6397,30.1046,19.8438,21.9162,26.5627,21.3609,22.6312,26.3602,24.4369,26.4032,21.8783,22.8961,25.8578,27.43,0
2026-01-26 17:00:00,17.5432,17.339,20.9617,17.9748,20.0285,23.2172,21.7373,24.5406,30.835,16.8545,31.193,16.5903,25.9687,23.2162,18.6173,19.6907,21.812,29.8148,26.4804,20.0074,19.4846,23.6508,22.2455,23.9288,24.0883,21.0878,26.328,22.6409,21.3026,28.6517,29.5466,19.9517,22.7113,21.084,34.6651,19.1981,25.5302,33.1672,30.2187,20.7791,23.6743,28.614,22.2389,22.6404,33.5228,27.725,23.1558,22.919,25.8689,25.254,22.82,0
2026-01-26 18:00:00,17.4275,19.8569,23.2004,19.1715,21.8185,25.1516,23.4563,23.7167,31.3606,19.0359,34.4156,18.655,27.7239,24.105,22.1283,20.3143,24.1117,32.4048,31.3264,21.3945,19.7288,24.4652,23.8574,25.5508,23.1104,22.3862,31.0573,21.3219,21.4932,29.3459,29.1874,19.9465,23.8988,22.5959,36.62,20.9046,29.6304,34.6677,33.8684,22.1713,23.8712,29.4449,24.0862,24.4662,34.8809,26.2004,24.6806,22.0347,28.0709,30.0643,25.69,0
2026-01-26 19:00:00,17.8455,22.1722,25.4109,19.614,23.1247,26.3898,23.1752,26.8954,33.0742,18.7401,34.2659,20.1975,30.2308,27.0819,19.6828,23.8261,26.1432,33.5161,32.6687,22.1,23.3166,26.498,26.6008,28.4824,28.6137,22.1439,30.4989,24.9215,24.1946,32.1469,32.0365,21.9398,24.9529,24.9326,37.4205,24.778,28.9658,35.6568,33.7227,21.718,23.7794,33.6196,24.1495,24.1189,35.4354,29.396,28.1124,23.8328,28.0828,30.33,26.75,0
2026-01-26 20:00:00,18.3724,23.3461,26.9497,22.385,24.7328,28.5683,26.8635,27.3175,33.3741,21.2459,34.2331,20.2927,32.5756,27.8201,22.2315,24.7629,24.9549,34.9916,32.7039,23.1335,25.3423,27.4393,28.419,30.7416,27.7704,25.0732,31.4596,27.5949,23.6579,31.5029,33.3087,22.3767,28.0656,25.7964,35.3041,25.2297,31.2401,37.1506,36.3388,27.177,29.3608,37.1198,25.9125,27.6102,36.9798,32.8929,29.672,24.4709,33.1894,30.0201,29.92,1
2026-01-26 21:00:00,20.5135,25.2918,29.1991,25.4323,26.2118,30.3665,28.4161,30.3571,33.3685,20.0853,34.8628,22.0385,33.5628,30.4263,23.4162,25.5213,29.2365,34.3026,33.5558,27.9511,26.5375,30.7824,31.8298,33.5506,31.1025,28.7217,33.198,28.616,26.9652,34.7718,33.0176,26.0638,30.1818,27.6446,36.6098,26.3668,33.5725,37.321,36.4798,26.7905,27.706,35.2058,28.4571,28.1997,37.4456,31.8707,32.0383,26.5361,34.9315,36.4445,31.25,1
2026-01-26 22:00:00,23.0615,26.9533,29.4673,27.147,28.8254,31.787,30.474,31.2584,34.2197,24.9678,33.7358,24.4639,33.8341,31.6458,26.7214,29.9982,30.4102,32.3461,35.0396,27.138,27.8926,32.659,34.1891,34.4859,31.058,27.3659,35.8336,31.0464,28.9458,34.1812,37.2511,28.6328,34.7133,30.9104,32.437,28.9797,33.9233,36.8283,36.2549,26.6646,30.2048,38.1413,32.1919,30.2101,37.8889,35.6374,30.1553,28.0633,35.5251,37.2902,32.92,0
2026-01-26 23:00:00,24.8028,28.5771,31.7949,28.0688,30.5742,32.9522,31.6477,31.1016,31.8798,25.9057,31.8526,26.3379,34.4797,32.3074,27.7302,30.6323,33.4213,35.1373,33.6637,31.8611,28.9724,32.8379,33.9666,35.047,32.7645,30.937,34.1861,33.0931,32.289,35.8739,35.8825,27.8541,33.0166,32.1034,30.6702,30.6751,35.6024,35.2843,36.6048,31.1994,33.4977,37.2013,29.5733,34.3507,39.0251,36.2153,34.6926,28.0628,37.9286,38.7217,47.04,0
2026-01-27 00:00:00,27.0202,31.6146,33.2533,30.0097,32.3465,33.43,33.085,33.4736,30.7498,28.2662,29.9831,28.7849,34.6844,34.5305,30.5307,32.743,33.8999,33.7643,32.7085,32.0709,32.2732,34.2344,34.5481,35.31,35.9954,31.2171,36.2544,33.1677,30.7875,35.2817,34.6831,29.3173,34.1287,35.9767,27.691,33.0502,38.2223,37.4577,36.4764,34.1164,38.2885,36.1836,33.7994,36.0508,36.3866,36.1831,37.6123,32.3158,38.2311,35.783,49.99,1
2026-01-27 01:00:00,27.9404,32.2469,32.7613,31.0719,32.9521,33.2783,33.7175,33.7894,28.9009,29.2238,28.1067,29.8814,33.2473,34.4509,30.7066,33.8519,34.7106,32.9546,33.0885,34.69,32.4006,33.6541,35.0002,35.4431,36.5983,35.1654,34.6035,35.6684,33.2893,34.7307,35.0279,30.2196,36.3486,35.9867,27.0893,35.4402,37.5567,34.45,36.4766,31.8799,36.4002,37.7419,35.24,36.2993,36.3138,39.5025,34.0315,35.4529,40.0112,40.1622,54.02,1
2026-01-27 02:00:00,29.4947,33.4547,33.1113,32.2923,33.9284,32.4239,33.3232,33.2958,26.6793,32.0091,25.292,29.9507,31.4602,34.3044,34.021,34.7426,32.9667,29.8412,31.9533,34.5838,33.2795,34.0103,34.0662,34.4947,35.7391,32.9795,32.4797,34.7577,37.3449,33.4733,34.3192,35.9948,35.2789,37.119,21.3273,37.8169,35.6249,32.2534,33.1537,37.0328,35.977,33.1909,35.5111,36.5472,32.6331,38.8764,35.5494,37.5111,36.1243,40.4579,58.49,0
2026-01-27 03:00:00,31.4126,34.0241,32.5662,32.2341,32.9595,31.7838,32.6506,32.7003,25.7137,32.669,23.4963,33.8423,30.5083,33.4947,35.2907,34.3917,33.9264,28.1096,30.3862,35.8934,35.1298,34.4769,33.0985,34.4969,35.6329,35.0308,32.0008,35.789,33.3523,32.4218,33.9079,34.3877,35.0473,36.6339,22.9489,35.2599,36.0434,28.8012,33.3786,34.8351,35.0999,31.8842,36.1298,37.4319,32.6948,37.5797,35.2374,37.9759,36.3916,35.2066,71.37,0
2026-01-27 04:00:00,32.5414,33.3097,30.8846,33.3089,32.5729,29.9513,31.957,31.0048,24.3478,32.9165,21.0203,33.6931,27.0893,31.5996,34.2639,34.6726,34.0926,27.6699,27.768,35.3979,34.4039,32.965,31.4892,30.9281,34.8328,38.0396,31.3019,34.8391,36.835,30.406,30.4954,35.431,33.9525,38.6058,23.435,38.1909,36.1097,30.7441,28.6399,37.0741,34.9084,34.2864,39.7196,37.73,29.511,36.5966,38.1055,36.5057,36.9548,35.8216,77.19,0
2026-01-27 05:00:00,33.6111,31.6162,29.5398,33.7089,32.1146,27.2952,30.9703,29.5068,21.5386,33.2034,19.8697,33.5986,25.5645,31.9257,34.176,33.4804,32.8745,22.073,27.3461,33.7973,34.843,33.3584,30.1402,30.5497,31.5795,34.7157,30.7426,35.4181,34.6375,29.7076,32.1769,35.5589,33.5599,35.0353,19.3625,36.0907,32.0796,24.8164,28.634,37.3845,36.5349,29.3334,36.0021,36.4317,28.4234,33.4018,34.7127,37.2754,34.5588,32.8681,76.45,1
2026-01-27 06:00:00,32.1507,30.6277,26.9916,32.009,30.0058,26.2631,29.4333,27.6052,19.0384,32.9423,18.697,34.3319,23.542,28.98,33.3409,32.6293,30.4947,22.2651,22.8777,33.4288,33.2986,30.7238,31.0581,29.5484,29.0241,34.1811,28.1604,33.7926,34.6065,26.6373,26.1093,35.7486,32.019,33.1632,18.7432,34.2898,31.4244,23.9988,25.0629,35.8296,36.1079,29.3944,34.8585,36.3501,24.6745,32.1409,32.7878,35.2273,28.3893,30.8401,77.57,1
2026-01-27 07:00:00,33.2748,28.494,25.3504,31.1302,27.8697,24.0851,27.5999,25.3888,19.4325,33.2895,17.8454,33.5227,20.8962,26.5193,32.334,30.5246,26.7579,21.4892,21.3511,31.6649,31.3817,29.4021,26.762,25.3278,28.3783,34.0942,24.8668,31.9282,34.3676,24.8785,25.8361,34.813,29.5295,32.8265,22.2158,36.153,28.638,22.615,23.28,34.8447,31.9687,25.6743,34.8972,33.7194,24.8365,28.8416,32.7502,37.6102,27.251,29.7862,78.84,1
2026-01-27 08:00:00,31.3433,26.4736,23.7331,29.16,25.4875,21.1942,24.6514,23.2477,19.2895,31.3265,18.2783,31.6462,19.9675,23.6305,30.4941,28.5115,26.852,19.6236,21.2571,30.538,28.5436,25.6741,22.534,26.3361,25.7319,30.9143,24.3269,29.6384,31.3403,23.4695,21.1435,35.0588,28.6835,30.7481,23.1017,32.0872,25.2254,19.8219,21.6433,33.1692,32.2813,20.7104,31.7092,34.746,22.8415,29.0378,28.8528,33.9187,27.6782,26.4755,70.2,0
2026-01-27 09:00:00,29.7188,24.9592,21.5356,26.2078,23.3897,20.0588,23.1159,20.8883,17.5175,28.982,18.3675,29.661,17.5746,23.7948,29.2057,25.4823,24.3847,19.005,18.7035,28.0583,27.3023,25.9965,22.8683,21.5754,24.7052,26.9896,21.3971,27.7199,30.5538,22.0282,21.7545,29.3541,24.1513,28.847,21.1794,32.2403,24.0691,21.6063,21.6214,31.8111,28.2182,23.6632,31.1386,27.8488,24.2631,24.7175,29.2111,34.0148,28.2291,25.2791,76.21,0
2026-01-27 10:00:00,27.6003,22.2724,19.4393,23.9968,21.3001,19.4024,21.7078,20.2856,17.9901,28.4695,19.8985,29.0744,19.9619,21.7216,27.5075,24.6093,21.8663,17.7211,18.0625,26.1042,25.2517,23.3636,20.2515,20.6715,23.0985,25.8881,19.1099,27.353,26.3893,19.5381,21.2778,30.3588,25.4966,29.2675,26.4933,30.2802,23.0573,21.5346,21.7078,29.2283,26.6532,22.3414,28.8265,27.63,22.1235,23.6185,30.054,32.1444,23.5863,27.012,58.26,1
2026-01-27 11:00:00,25.2461,19.6463,18.5915,21.9985,19.7801,17.3843,20.3122,18.5274,19.5451,24.6242,19.7566,26.0467,17.6893,19.6863,23.804,22.8718,18.7812,20.8467,19.1581,22.9256,22.8739,21.7127,20.5671,21.1407,20.4499,26.2939,20.0159,24.7798,24.5267,19.9336,19.0911,29.3304,22.5535,24.0374,26.833,29.2653,20.5048,20.3589,19.8009,29.8869,26.7284,20.4607,28.2956,27.5686,22.6852,21.5765,24.2953,28.114,24.0147,21.0376,55.5,1
2026-01-27 12:00:00,24.4464,18.7751,18.0313,19.6053,19.222,16.8898,18.4238,17.7811,21.6369,25.0038,22.5879,24.6806,20.0438,17.8258,22.2874,22.5508,20.2314,21.591,18.5958,20.9236,21.9167,21.0604,19.6672,21.0322,20.8608,24.611,18.3228,20.8219,23.9753,20.5379,22.0435,25.6557,21.3581,23.1829,29.6357,26.4628,17.7274,23.7272,23.4834,24.5019,23.1636,23.0895,28.1588,26.8907,22.1399,22.5053,20.6276,27.775,22.4918,22.9025,46.91,1
2026-01-27 13:00:00,22.0424,17.9104,16.1722,19.133,17.7602,17.5731,17.7115,18.1997,21.8895,23.5277,24.7474,22.9069,19.8178,19.7856,21.6123,20.1608,18.3836,23.2867,20.3898,20.7065,19.7236,19.796,19.4975,19.9744,20.3468,19.5403,21.1505,20.1579,21.1981,19.8993,21.4107,25.1773,21.6027,19.9772,29.5129,24.8703,20.0056,23.1045,22.1063,26.9171,24.4901,23.5661,23.6355,22.439,24.4365,21.5216,21.8199,28.1751,23.0752,25.8077,43.78,0
2026-01-27 14:00:00,19.5308,18.2054,18.2034,16.3728,16.7287,18.8112,17.9044,18.3863,23.2989,19.5497,26.5156,21.63,21.6179,18.4161,18.4984,18.379,19.1625,23.9993,21.3189,19.8171,19.6277,18.4042,19.6802,20.5036,20.4946,19.5175,22.118,19.88,21.3017,20.8651,21.6302,22.9379,20.9585,23.2441,34.2172,23.4219,18.9785,25.7625,26.6719,22.8911,21.0492,22.4806,24.2071,21.9339,26.2987,22.6982,22.7367,23.4839,24.1963,22.9469,44.42,1
2026-01-27 15:00:00,18.0597,16.96,18.1293,17.8457,18.7895,20.6894,17.5182,18.6887,26.7158,19.9178,28.6629,21.1302,22.5709,18.9168,17.2782,17.8734,19.4607,25.7737,22.951,18.2274,19.507,20.3506,20.1636,22.9888,19.9798,19.1947,21.7665,19.7582,21.4253,22.1829,23.9525,20.7264,19.946,17.893,33.8233,21.4271,21.8338,27.2224,28.5398,19.2481,22.8589,26.53,23.0921,22.3795,27.0577,21.9513,22.6951,24.4596,24.9203,24.9639,31.37,0
2026-01-27 16:00:00,17.5244,17.8872,19.7963,17.5297,18.6424,21.5314,19.1125,21.3349,28.889,18.6072,29.5152,18.8438,25.0888,20.6227,18.7827,19.2021,21.7321,28.1347,23.8597,19.7507,18.5751,19.9425,20.3981,21.3843,22.2797,19.4244,24.589,19.5955,21.1162,25.5325,24.6344,18.6554,21.8846,20.9747,35.1161,22.4983,22.1805,31.0642,31.6853,22.3796,24.5019,27.2604,18.6023,22.4694,29.02,23.0654,23.9798,22.6389,26.2362,24.2044,30.04,1
2026-01-27 17:00:00,18.0376,18.4237,21.8617,18.2877,18.8108,23.6592,21.1391,21.4487,30.2464,17.7197,32.4774,17.9785,27.5129,22.5716,19.2907,19.1758,21.8054,31.6097,27.9228,20.3906,20.3148,22.2565,23.3842,22.8527,23.5524,19.3402,26.5697,22.0633,19.0444,27.0211,28.7266,20.8859,24.3292,19.9239,36.9548,20.7624,27.2382,32.9402,30.8077,20.8119,21.1809,29.1162,20.9663,22.542,30.5795,26.3964,23.0502,22.6071,25.7126,25.8265,14.22,1
2026-01-27 18:00:00,17.0464,20.5371,22.3377,19.6589,20.9951,25.2462,22.8461,23.5237,31.4677,18.0043,33.8392,19.6901,29.5685,24.0529,19.1332,20.5963,23.7034,31.7126,28.7404,21.0759,19.7582,23.0682,26.3669,24.6812,25.5215,21.3812,29.4251,22.7926,21.453,29.2707,30.5557,21.0315,22.9388,21.0522,36.2706,21.0892,26.721,32.6726,32.506,20.2502,26.5656,30.1258,21.8374,24.5072,33.5566,27.5046,25.0518,22.4808,28.3772,27.1411,26.71,0
2026-01-27 19:00:00,16.9515,22.2239,24.7741,20.6276,23.2233,26.6928,24.2609,26.7292,33.7275,19.5599,34.3902,19.941,31.5151,23.6056,20.5354,22.1098,27.0591,34.6578,31.5368,22.4709,21.4997,27.3363,29.2041,27.8252,28.5985,22.118,29.2707,24.8541,23.6265,29.4884,31.8554,20.5993,26.8692,23.2457,34.7366,23.8203,30.9555,34.7919,36.7321,22.3513,24.8879,31.866,23.9939,25.3416,34.441,33.8023,23.7861,24.9428,31.4589,31.3866,29.85,1
2026-01-27 20:00:00,18.6596,24.2048,27.0856,23.2602,26.2383,29.5075,26.6615,29.498,34.1315,20.329,34.9093,20.478,32.2004,28.5229,22.0599,24.3867,27.2713,34.2639,32.7645,23.1568,24.2534,28.4904,29.309,29.9761,29.3398,24.0412,33.0544,24.8082,24.8854,33.314,33.9289,23.5611,26.7588,24.8776,36.008,26.2441,33.2354,35.8142,35.0664,23.2253,25.9033,36.7302,25.795,27.1991,37.0802,32.777,30.2486,24.7658,33.4663,36.0321,28.84,1
2026-01-27 21:00:00,20.1306,24.716,28.7529,24.6885,26.6314,30.8006,28.0303,29.8462,33.4391,20.1858,33.8893,22.1208,33.2547,31.0039,23.9129,27.3333,30.5315,34.152,34.1429,25.1768,27.0218,30.8612,31.3467,32.858,30.4059,25.3246,32.6182,27.044,27.2634,34.8164,33.061,23.7844,31.5025,28.5556,34.2731,26.443,34.933,37.8583,35.5737,27.6873,28.3974,36.7153,27.3276,30.9587,36.4141,34.0043,29.5719,27.6378,35.5237,36.0773,28.06,0
2026-01-27 22:00:00,20.6845,27.8169,31.8443,25.9776,29.8427,32.4826,30.853,32.0873,33.6395,25.3753,33.1564,23.8543,33.0555,31.288,27.2364,27.171,31.4981,33.0598,34.8062,28.7788,29.2792,31.0802,33.6129,34.9457,31.6768,29.371,35.938,30.181,29.5894,35.9813,37.3954,27.4389,31.2938,28.8209,32.1374,28.241,33.1784,36.0964,37.4386,27.005,30.348,38.3845,27.7058,30.661,37.6756,37.3371,33.7452,30.1237,33.619,36.8922,32.7,1
2026-01-27 23:00:00,24.079,29.9983,31.6958,28.3008,31.8042,32.6076,31.8809,32.2096,31.811,26.2965,31.54,26.0105,34.7759,34.5259,27.808,31.7955,32.311,34.7581,35.1839,29.6828,31.9729,33.6531,35.842,35.8874,35.3425,29.1957,36.885,33.2561,30.7171,37.7773,36.1729,28.6766,32.9874,33.5276,32.6592,29.0523,37.8758,36.2535,36.6649,28.3922,34.7235,36.8764,30.1555,32.5742,36.3043,38.2308,33.9699,32.3357,39.1958,37.1036,41.31,0
2026-01-28 00:00:00,26.0757,31.3797,32.7003,28.944,31.9251,33.9144,32.8612,33.0791,31.86,28.0319,30.1815,27.8988,34.7686,34.8535,30.4653,32.2247,34.2116,33.8441,33.9061,31.5277,31.9318,34.7204,34.7456,36.3928,35.5551,32.8479,35.1975,34.6625,32.8768,35.3128,37.423,32.0982,36.5675,35.5996,31.9899,31.7515,37.4829,35.0314,35.9645,31.2321,36.3704,38.0502,30.9723,34.2897,38.4821,37.9152,36.5157,33.7253,35.6043,37.5752,45.16,1
2026-01-28 01:00:00,28.5722,32.6967,33.4378,31.2205,33.0127,33.4378,33.4172,34.6017,29.5094,29.505,26.5713,29.2222,34.228,34.8772,31.6024,33.1445,35.3468,30.6881,34.6624,33.8982,33.6084,35.3266,36.1549,34.5853,37.3402,35.013,36.7323,36.3502,33.2727,36.1037,36.5656,32.7716,36.994,37.3412,25.9418,33.5926,37.8944,33.4054,35.0485,32.7103,37.7581,36.2296,34.8774,35.3598,35.6883,42.3033,38.9901,35.8738,37.1814,37.1106,62.77,1
2026-01-28 02:00:00,30.9747,33.0774,32.417,32.581,32.9139,33.0075,33.6815,33.7137,27.4324,31.5477,24.9807,31.6712,31.8363,33.5162,32.4227,35.1923,35.9178,31.1195,30.5216,36.4771,33.7834,33.5486,34.4323,35.3543,33.5703,37.1308,32.8839,35.1718,35.0579,34.8549,35.8052,34.0712,35.7749,34.4886,25.3262,37.2473,38.5638,34.1588,33.3,36.9296,35.2728,36.4248,35.7084,37.0423,34.0553,39.3976,37.437,36.3602,38.2049,36.7994,64.37,1
2026-01-28 03:00:00,32.0678,32.803,32.1064,33.6749,33.2253,31.6713,32.9656,33.3396,25.6278,33.8592,24.7225,34.3205,29.2724,33.7895,35.069,34.5683,35.4935,26.6357,30.1798,34.7721,34.0795,36.8191,34.7444,33.2085,35.9026,36.2247,34.2718,36.7368,34.4446,33.4829,32.0191,33.1927,36.5719,35.758,22.9082,36.1009,36.181,29.113,30.5192,36.8974,37.6778,32.0786,37.9068,36.8735,32.9631,35.4236,36.9149,36.8326,36.9773,37.6339,73.46,1
2026-01-28 04:00:00,32.3767,31.9038,31.2662,32.9389,32.6052,29.9984,32.6934,31.9316,23.6214,33.9754,19.9425,33.314,26.5811,32.633,34.2152,33.607,32.9763,26.348,29.1209,36.9196,35.4009,34.0225,34.0928,33.0362,33.6269,36.0213,32.8773,37.1843,36.1973,30.8137,30.351,36.2362,34.9278,35.955,24.7985,37.5009,32.2098,27.5981,28.6005,35.339,35.2786,30.2296,38.5927,38.3395,32.5583,35.3021,37.3603,38.5763,37.769,39.0811,70.49,1
2026-01-28 05:00:00,32.4707,31.5685,29.2699,32.1263,31.8201,28.609,30.5954,28.1141,22.3089,34.3515,20.0526,34.0961,26.5791,30.6789,34.4949,32.419,30.9293,24.3884,26.7206,34.4112,33.8956,33.162,30.2694,30.6791,32.0102,33.6002,29.7593,35.5845,35.3013,29.9709,31.8843,36.2119,32.7429,35.1656,21.7688,34.8569,32.6496,26.3462,26.421,35.9443,38.0192,28.5602,37.1106,37.7983,28.1179,31.6111,35.3144,38.6955,32.221,34.9507,71.09,0
2026-01-28 06:00:00,34.373,32.0037,27.4904,30.7241,30.4748,26.014,30.0975,26.7356,20.5003,32.9657,19.8491,33.4713,22.3817,29.5373,32.3252,32.9667,29.6912,22.8777,23.4116,33.8956,34.663,29.7254,29.0793,29.4885,29.7584,35.8497,27.1153,31.8258,33.4584,26.2459,25.5814,38.0904,33.2405,35.6015,21.9376,37.519,27.9468,23.5785,24.7066,36.2675,34.9145,27.9496,37.3306,36.4157,23.9778,30.1695,33.3492,38.2506,31.453,30.8862,72.19,1
2026-01-28 07:00:00,32.5142,28.5717,25.1817,30.0078,27.4769,23.1965,28.0195,25.6252,18.791,32.8186,18.2797,34.2891,21.6295,26.5022,31.6558,31.364,26.9552,18.8191,21.7176,32.7373,30.6784,30.3655,28.4334,28.8656,29.3917,33.0727,25.6052,32.6132,34.8849,24.5321,24.0454,35.7282,30.7367,33.4484,22.4347,34.9872,27.6521,21.941,21.3533,33.4702,34.671,23.0267,35.5415,35.1434,26.0424,34.4287,35.5471,38.4392,27.0031,28.4286,72.3,1
2026-01-28 08:00:00,31.4367,25.806,22.5552,29.685,24.6883,21.0357,24.4252,22.2724,18.6985,31.8473,17.9323,32.8628,20.1682,24.4958,31.1896,28.4747,25.6796,20.4304,20.019,30.9687,30.6437,28.2063,26.0415,24.4943,27.0227,31.4753,22.796,29.7975,30.8747,23.0657,23.5269,35.1364,28.0088,30.0991,21.896,31.425,25.1146,22.1184,22.983,33.0021,31.49,24.8962,32.7904,33.8991,21.1868,30.0436,28.1564,35.4632,28.068,26.3066,69.67,1
2026-01-28 09:00:00,29.9323,25.1777,21.6398,26.6982,23.7769,20.5638,23.0068,20.8143,18.2655,30.6577,18.738,29.7144,19.1508,22.2364,30.7211,27.8287,23.5576,18.8954,20.3291,28.3162,27.2458,25.6669,24.5185,21.646,23.2743,29.57,24.6059,27.8513,29.43,21.5793,22.0675,34.2129,28.5415,28.8132,22.7226,30.5344,23.9851,22.1954,22.7374,33.095,27.7985,23.7415,31.3729,29.3465,21.5574,23.7946,29.6905,31.688,25.6904,29.1715,72.56,0
2026-01-28 10:00:00,28.2336,23.1918,20.7625,24.9982,22.0066,18.779,20.7034,20.8671,18.0615,27.9599,19.3267,27.2821,18.5879,20.7102,25.0001,24.707,22.6439,18.7763,18.5437,25.72,25.3318,23.2479,22.6849,19.6636,22.8155,27.2004,20.1332,27.981,26.3474,21.2449,20.3857,32.2278,24.0004,27.0309,26.3769,28.1622,20.681,22.91,22.1274,33.0397,29.206,19.6751,27.3444,29.0571,23.6106,24.5031,26.5708,28.7104,22.5862,25.609,66.15,0
2026-01-28 11:00:00,26.0355,21.5424,18.4883,21.9107,20.2744,17.0409,19.3852,18.3888,19.1457,26.8347,20.9909,27.3643,18.5587,19.6242,24.3544,23.8406,18.6973,20.3664,19.3501,24.6742,24.5812,23.616,20.2746,19.3525,21.9377,25.0615,21.4722,23.7495,24.5843,20.6308,21.1591,28.5408,23.4985,24.9044,27.3876,27.321,19.8477,21.6178,22.4888,26.211,27.329,21.086,27.8125,28.8949,21.7055,22.708,23.8252,29.8783,25.188,23.7855,57.55,0
2026-01-28 12:00:00,23.7241,19.517,17.7693,19.7046,18.5926,17.75,19.7711,18.522,20.4692,23.3124,22.2215,23.6529,17.0547,18.7383,22.9248,20.3137,18.8822,21.57,19.8316,22.5356,21.6817,21.1825,21.9169,20.7508,20.4348,22.8424,19.2262,22.6224,23.5919,20.6927,21.499,28.9978,23.2183,22.5225,27.5022,24.6638,20.5538,21.9932,21.4755,30.1182,24.4986,24.2767,25.5578,24.1569,22.137,26.1469,24.114,29.0712,24.1641,24.3145,43.36,1
2026-01-28 13:00:00,21.7239,18.5407,17.7201,18.422,17.9882,17.7403,17.6841,17.875,22.6225,22.2259,25.495,23.2915,19.852,18.3674,20.4582,18.9464,18.3396,20.5455,22.6672,20.3307,20.3886,18.3003,19.6674,20.195,20.9005,22.4333,22.0962,20.9356,21.4299,22.4423,21.0279,24.0578,20.757,20.7309,29.7342,23.0607,20.912,23.5046,22.3504,25.2274,20.1379,21.8925,23.1196,26.8995,24.5735,18.7296,22.7098,25.4179,22.5212,23.6211,44.71,1
2026-01-28 14:00:00,20.1886,18.3856,16.8555,18.0171,18.4679,18.1392,18.0407,17.8297,23.9914,20.4401,27.808,20.4894,19.5461,19.4775,20.3754,18.6161,19.9369,22.9807,22.2865,21.0019,19.1152,19.6559,16.8779,20.5008,19.5813,19.0598,23.4808,19.9553,20.7762,21.8497,21.8093,24.4807,19.8077,22.0332,32.1029,21.1055,21.2747,28.093,26.9941,21.75,22.9752,22.3101,24.3168,22.0104,25.8288,21.4093,24.1209,26.9305,24.4927,19.8138,36.26,1
2026-01-28 15:00:00,18.4546,16.8306,19.283,16.3621,17.9776,19.744,18.6284,18.0832,26.057,18.1602,28.735,20.1244,23.5509,20.6687,18.2214,18.4418,18.5357,27.1529,23.0715,19.6656,21.0121,20.3981,20.3424,21.7065,18.2333,18.4325,23.1912,20.5136,21.1342,24.7553,23.5771,20.8217,21.1542,19.3757,35.6761,19.7976,24.7123,28.7719,27.9658,24.1169,20.585,24.7442,22.9582,22.264,26.7631,22.1908,20.6879,23.3085,23.5823,22.5305,37.95,0
2026-01-28 16:00:00,17.3324,17.1091,19.6834,16.9202,18.2464,21.9622,18.624,20.6954,29.7204,18.3695,29.7024,19.0449,24.561,19.7172,18.7847,19.9908,20.6982,28.621,24.5008,18.6421,18.8512,20.8695,21.4374,23.5261,21.7866,19.0528,24.8437,20.1208,19.735,24.2594,24.866,21.8299,22.0213,21.7755,37.3988,21.9901,24.9711,29.424,30.2393,22.079,22.3578,28.7041,22.5473,22.3596,31.0339,23.309,22.2174,25.9535,26.1434,27.277,31.93,0
2026-01-28 17:00:00,17.2291,17.9315,22.1171,17.6902,19.3749,23.8071,20.1433,23.2256,30.9173,17.7019,31.8876,17.9444,25.4312,23.489,18.536,20.0913,21.8712,30.3767,27.6333,19.1376,20.0549,22.6851,24.3113,23.1132,23.3131,21.6655,25.5414,21.7078,19.4269,27.3233,25.5471,19.4518,23.6814,21.9233,39.0981,22.4428,26.7862,31.6094,32.3419,22.5765,21.6817,27.6523,22.8297,20.5558,33.608,26.3253,25.5501,22.2276,28.0962,30.601,26.42,1
2026-01-28 18:00:00,17.0528,19.7394,22.7073,18.2957,21.1783,25.1444,21.6914,23.8065,31.3661,19.3514,33.2845,17.8604,28.4967,24.7666,20.7466,20.5039,24.6603,31.1609,29.8092,22.7785,20.9089,25.2375,25.0477,27.6297,25.2926,21.8315,27.5076,22.6496,20.2895,29.4836,29.8797,21.5021,26.4157,21.8209,36.0307,21.1817,27.8615,32.8534,34.2547,23.034,22.9625,32.022,22.5185,22.5027,35.7863,29.1408,25.3481,25.117,27.2156,31.3632,16.61,1
2026-01-28 19:00:00,18.5192,22.3811,26.2015,19.2966,24.1589,27.0891,23.8948,26.3654,33.4755,18.8547,34.4429,19.6396,30.5451,25.6071,20.5173,22.7965,26.3016,33.8328,29.8155,22.0934,22.8107,25.6845,28.6101,29.1372,28.1278,22.1592,30.9835,22.5326,24.9917,30.1276,32.419,20.5982,25.5964,25.0265,36.8699,23.8474,28.7031,35.5981,36.2985,24.353,25.6911,33.8287,23.6308,26.0209,36.3081,29.2115,28.2924,23.1771,31.5277,31.3863,25.31,1
2026-01-28 20:00:00,17.4129,23.8628,27.6933,22.4979,25.1256,29.2253,24.7262,27.3713,33.8889,20.6426,33.4797,19.8889,33.4373,28.1269,22.4466,24.3692,27.9941,35.5107,32.663,25.0552,23.8761,27.5919,30.1653,29.3621,27.1596,23.7658,34.0556,26.2109,26.2706,33.4056,33.1955,21.641,28.4093,25.4698,35.5097,23.7867,32.4278,37.3092,36.4762,22.7657,25.8188,34.9826,26.3209,26.619,35.8697,31.9257,31.3019,26.7541,33.1977,34.2709,25.74,1
2026-01-28 21:00:00,20.844,25.9242,29.5135,24.3704,27.3044,31.0692,28.9346,29.8157,34.2639,21.18,33.2344,22.8145,33.8212,30.5619,25.423,26.1347,29.4496,36.9548,34.6623,26.7519,26.2891,28.9819,30.6032,32.9099,30.8745,26.5031,33.5256,29.8362,28.002,34.9312,32.3027,23.3639,28.7988,29.0409,34.5763,27.7536,36.4523,39.1439,34.793,27.223,28.7323,35.8638,27.9573,27.7705,35.9435,32.6326,32.4562,27.8282,33.324,33.9046,33.94,0
2026-01-28 22:00:00,22.7388,26.7308,31.0158,26.8846,28.9877,32.1065,31.7455,32.0718,33.7355,24.1298,33.2234,23.2665,34.5809,30.7482,25.9193,28.8013,30.177,34.6137,34.5455,29.1507,28.9277,30.128,33.0898,32.7779,31.9647,29.0839,37.5341,31.4177,28.9159,36.4687,35.2362,26.9555,33.0248,29.5326,34.3148,28.7015,35.9215,38.5156,38.2089,28.2494,31.7173,38.5299,30.4925,32.7439,34.7835,34.4383,32.7652,29.4752,34.5423,37.4943,32.93,0
2026-01-28 23:00:00,23.0331,29.2221,32.0484,27.8106,31.6439,33.3264,32.0533,33.5195,33.5751,25.7428,32.1477,26.1978,35.328,33.2971,28.8675,30.6415,33.4287,35.0907,35.942,32.2287,29.7797,33.1667,33.756,35.593,33.1066,32.1028,35.2533,32.4754,29.9621,36.8414,37.4227,29.023,34.2027,32.5647,31.2556,30.046,38.0122,36.6092,37.6201,31.0292,35.897,36.1601,31.1296,33.5095,39.2548,37.5759,34.9072,31.5631,38.3572,38.3205,44.58,1
2026-01-29 00:00:00,26.0216,30.1904,33.6957,30.7123,33.4982,32.6735,32.1594,34.0912,31.6647,27.565,29.283,27.7335,33.925,34.637,29.2798,31.8283,34.7243,34.8508,33.2512,33.1873,33.3645,33.993,35.4819,35.7446,35.2256,34.6564,36.2405,34.3724,32.8969,34.8633,34.7882,31.0979,35.1593,34.1054,30.8382,31.652,38.6467,34.6072,34.2646,31.4358,34.6967,38.0838,31.8474,34.6905,37.3325,38.6595,38.5905,35.1805,37.9041,38.5318,41.13,0
2026-01-29 01:00:00,28.0211,32.9934,33.414,32.6468,33.4696,33.587,33.2653,32.5457,29.6815,32.0317,26.791,29.9959,33.6251,33.987,31.5164,33.0919,33.5109,30.5037,34.2405,34.4796,34.9004,35.1167,34.8318,34.6313,36.4721,33.9653,35.8137,34.5406,34.5635,37.0028,36.6292,32.7382,35.5721,34.7952,26.5653,35.9177,37.7391,34.5496,33.0238,33.3198,37.3065,34.7869,35.2817,39.5025,35.2472,35.5434,38.0217,34.7255,36.3208,39.5861,50.93,1
2026-01-29 02:00:00,29.2854,33.9101,32.0007,32.9701,33.6053,33.1838,33.4561,33.2028,28.4734,31.4726,28.0327,31.1943,32.1762,33.2089,33.9527,35.1963,33.8125,31.4687,33.0276,34.5461,35.3755,34.9078,35.3857,35.4785,36.0009,37.4502,34.5234,35.287,34.468,34.0984,34.2995,33.6155,36.2906,36.0589,26.1191,34.1991,36.716,29.9129,33.8909,34.9362,35.6054,36.992,35.5935,35.998,31.5065,36.9059,37.9614,36.6948,38.9696,38.3227,58.98,0
2026-01-29 03:00:00,31.0816,33.6342,31.7143,33.0203,33.3894,31.4444,32.6291,31.9655,25.8449,32.8624,24.188,32.936,28.9293,33.7829,33.6404,35.1487,34.5348,28.0683,31.297,34.6117,35.3813,34.0507,34.2584,34.8166,34.4045,35.8995,31.1107,36.1291,34.6223,32.4368,33.2957,34.6468,36.8304,36.0578,22.9951,36.6429,34.1194,29.126,32.2074,37.7466,39.829,35.1411,38.2433,36.4734,30.6532,36.731,38.7205,41.6585,38.6006,32.8185,65.49,1
2026-01-29 04:00:00,31.943,32.2954,30.9964,33.4742,31.2166,30.135,32.8507,31.0427,23.7127,34.4637,21.5658,32.0702,29.0424,34.1346,34.2555,35.3032,33.5769,25.8752,27.0832,37.3315,32.5233,33.6292,33.107,31.9813,33.8426,36.203,30.8456,35.4456,34.3188,31.8145,30.7379,35.1232,34.7627,38.041,19.9878,34.7166,33.5659,28.8377,25.2856,37.2962,36.4218,31.6952,38.2085,37.3295,27.7814,35.4131,35.6955,39.1066,34.1323,34.734,73.21,1
2026-01-29 05:00:00,33.9613,32.7254,29.6419,32.4836,31.8914,27.6434,31.395,29.4519,21.9499,33.5909,20.8233,33.7433,24.7601,30.2426,34.7986,33.4982,30.9945,23.3431,26.6539,34.5223,35.0838,33.2607,33.5696,31.5,33.3937,36.4267,29.7154,33.9156,36.3361,30.1873,28.2185,35.3645,34.3663,35.1418,20.0931,35.6559,31.5401,27.1447,27.2272,36.7764,36.6742,29.8974,37.8066,37.7038,30.2032,33.963,36.0868,40.2201,34.1477,32.8454,67.53,1
2026-01-29 06:00:00,33.5254,30.4287,27.523,31.3568,29.9212,25.5146,28.3665,28.2607,20.0708,34.1624,18.9595,33.7445,24.4961,28.3622,33.1284,31.5686,29.5448,21.7139,23.757,33.3722,33.2532,30.5462,29.3294,28.4444,31.3064,35.5979,27.3269,33.2371,33.2618,26.649,29.0135,37.76,33.1724,34.7074,21.1143,34.5257,30.3686,25.9148,24.5352,36.5681,36.3919,28.7743,36.586,36.882,27.1352,28.8704,34.7804,37.6234,34.4353,31.6371,72.44,0
2026-01-29 07:00:00,33.1486,28.1862,26.1728,30.7661,28.2028,24.3362,27.5738,25.6709,18.9397,33.4606,19.0152,33.4276,20.7874,26.6832,32.9677,30.3344,26.4731,19.9453,21.2675,32.2135,31.8813,28.9003,25.7519,27.4898,28.0394,34.6379,26.0501,30.3715,33.407,25.1201,26.3126,34.4059,29.4963,30.7422,23.4624,31.8551,26.1249,22.6916,23.3803,37.6517,33.1416,24.3513,37.368,33.7658,22.7395,31.8993,32.9107,36.2492,28.765,30.2481,71.69,1
2026-01-29 08:00:00,31.8087,26.3513,22.3227,28.4889,25.4618,21.7693,26.0009,24.3603,17.8163,32.0228,18.3827,33.2538,20.8477,25.9881,30.8173,29.7198,27.0871,18.7653,20.6168,30.2918,28.5347,28.9667,26.5173,24.5285,25.8918,29.9524,24.3191,31.2324,30.8262,24.3918,24.3247,33.3098,28.0185,30.5192,21.3284,32.5656,25.2205,23.4764,22.339,35.2446,33.7434,24.0474,35.7334,31.0335,25.5563,28.1988,30.4478,36.7577,30.596,28.3956,74.4,1
2026-01-29 09:00:00,29.3617,24.5578,21.5521,27.256,23.579,19.3718,24.2079,21.0805,17.5182,31.8176,18.7546,30.1921,20.6707,21.5234,29.0599,25.4969,22.8208,19.4787,19.0815,29.5246,28.7092,25.9625,24.5837,23.973,22.8002,29.3954,21.7347,28.4313,29.8735,20.9281,23.1588,31.6026,26.3945,30.0316,22.8834,30.9043,24.6216,20.8769,20.5752,33.4296,29.4068,23.0852,31.871,31.7437,21.4216,30.3577,28.4925,34.204,25.7153,25.6224,66.91,1
2026-01-29 10:00:00,27.8619,22.7646,18.7737,24.2127,21.6039,18.3909,22.9816,19.0221,17.7085,27.728,19.5432,29.8702,18.4508,21.7187,27.6339,25.9263,22.5564,20.098,20.0812,26.4925,24.838,23.2937,20.0626,20.4629,22.3213,28.4682,19.8503,23.1459,27.5159,17.8756,21.6777,29.3165,27.0096,27.7665,25.2819,27.8223,21.8304,20.8373,22.303,31.1872,29.2981,19.8981,28.9316,28.2472,22.6103,25.5872,26.7901,31.6097,24.5137,24.2688,58.63,0
2026-01-29 11:00:00,26.3691,20.7681,18.9154,22.2509,20.7577,17.5378,19.045,19.7387,18.32,27.3015,19.9706,26.1343,18.311,19.4299,24.8312,21.9054,20.589,18.8279,19.6531,22.8301,24.2783,21.754,20.0212,19.4605,19.5959,24.0682,21.8204,24.4891,24.8974,21.0561,21.6506,29.1154,22.4999,25.758,25.875,26.4379,20.5895,22.4066,21.0467,30.1535,27.6321,23.0015,28.7669,26.8652,22.8473,23.9405,27.3053,27.3586,21.3825,19.8407,52.16,1
2026-01-29 12:00:00,23.3909,18.5078,17.6023,20.3046,18.5814,18.1882,20.325,18.3713,20.0078,24.484,24.153,23.872,19.4063,18.6395,23.8861,21.8022,20.6498,20.218,18.6609,21.6404,23.2199,19.6788,20.3162,19.0292,22.4239,21.4088,18.6955,21.6702,23.4986,21.5236,19.8692,26.088,22.033,23.4934,28.0769,24.96,20.2778,24.5555,23.8558,25.3587,25.2423,24.7445,28.15,25.1859,22.9869,21.3486,20.6294,25.1781,20.7518,24.3967,47.79,0
2026-01-29 13:00:00,22.3831,18.7473,17.5792,18.4966,19.183,17.9336,17.6823,17.4351,22.1965,22.8539,24.0629,21.3323,19.6426,17.8158,21.7401,19.0591,18.3516,22.5482,20.0217,20.8127,20.5154,19.2778,20.1313,19.9404,19.0377,20.2799,19.9245,20.3688,21.7857,19.3547,22.7153,24.5761,19.9791,22.4735,30.83,21.2571,20.9983,25.8196,25.5584,26.052,24.0242,25.8716,23.0651,24.9368,23.9355,21.4319,23.8549,23.1075,21.6399,23.0249,36.94,1
2026-01-29 14:00:00,20.0846,17.3185,17.0945,18.5618,17.8371,17.9326,17.459,18.5995,24.3471,20.7874,25.8481,21.4586,22.6746,18.6186,19.337,18.6133,19.0592,23.2035,21.7518,20.7369,21.0652,19.2723,19.8989,20.222,21.0804,20.57,20.6121,21.1235,20.2242,22.1763,23.6772,22.9592,19.8908,22.9859,32.1867,22.3098,18.9987,27.7797,24.9703,23.4842,25.4896,21.2135,24.0146,21.8966,26.0429,23.6345,22.2825,24.9024,24.3147,23.0164,44.0,0
2026-01-29 15:00:00,18.5462,16.8557,19.0581,18.8024,17.0032,19.2506,18.5193,19.7649,26.174,20.5759,28.7218,19.7218,23.1925,18.7872,20.0094,17.1464,18.1127,26.4036,23.7976,17.9656,18.7667,20.0362,20.7226,21.7096,22.4059,22.1507,23.6742,20.0876,21.4375,23.1657,24.1523,22.1299,19.2694,19.8166,32.2856,22.1758,22.1366,29.1781,27.0003,21.0788,22.2725,26.9704,21.2981,24.29,27.522,22.8687,22.4208,21.7157,27.3793,23.8378,32.3,1
2026-01-29 16:00:00,18.0767,18.2264,20.1655,17.2983,18.4133,21.9844,18.9199,20.6521,26.8158,18.2188,30.0524,19.1695,24.7916,20.3501,18.9328,20.631,18.9476,28.0527,26.7474,19.8409,20.0557,20.8173,21.0789,21.7763,21.9162,18.4823,26.0234,20.2859,19.9537,25.692,25.2246,21.093,22.4023,22.5235,34.9906,21.4916,25.7754,31.8169,30.3239,21.6703,21.9851,26.4563,20.5834,21.9301,30.3341,23.5214,22.5639,20.1128,29.1399,23.5166,24.7,1
2026-01-29 17:00:00,17.4088,17.8915,21.542,17.6516,19.304,23.615,20.974,21.8164,31.385,18.4978,32.2716,18.4868,26.712,20.468,18.6979,20.3862,22.5478,28.8838,28.56,20.6554,18.8911,21.1737,21.3361,24.0321,23.1326,19.3068,26.4637,20.2573,20.888,25.3092,26.2029,22.0282,21.259,20.7385,37.3941,21.7538,26.8447,32.6529,34.1482,21.28,22.9373,29.2116,23.3276,20.8547,32.4733,28.8262,25.0042,21.2785,26.8326,30.4992,21.63,1
2026-01-29 18:00:00,17.0017,19.0113,23.0573,18.6456,19.9836,24.3861,21.6464,23.9773,32.6581,19.3156,33.9562,18.5521,28.4585,22.9441,20.0538,21.7102,22.3528,32.4862,30.0353,21.8897,22.1274,24.5311,27.5404,28.0045,23.7591,20.968,28.9734,24.052,20.5256,28.2834,29.9229,20.1635,25.4293,23.3242,37.7965,21.9509,29.0045,34.8029,33.3231,22.5648,25.3169,30.1341,23.5775,22.3911,33.2895,28.5928,27.1997,20.2213,28.4658,28.5806,20.17,0
2026-01-29 19:00:00,18.344,22.3022,25.5201,20.1501,24.1565,27.887,24.3371,26.5439,33.4265,18.7907,34.8395,19.472,30.5533,26.6224,22.0083,22.4472,25.6774,33.0449,31.6077,22.5448,23.497,25.4108,26.7172,29.2158,26.6163,21.8974,31.2277,25.9464,23.8503,32.1804,33.5725,21.0248,26.8018,23.5498,38.4452,23.8084,28.3107,39.3616,35.111,24.286,28.273,34.2436,23.6123,23.8325,37.2575,31.2632,24.9627,23.0791,29.6272,29.2645,27.34,1
2026-01-29 20:00:00,18.2333,24.607,26.8754,23.3028,25.6775,29.1015,27.401,28.5376,35.1416,21.1373,34.8361,22.0423,32.3179,29.4248,23.1522,24.0211,28.8098,35.416,31.8067,25.402,24.9566,29.8441,29.8911,31.4812,30.8161,23.4886,34.5233,27.0152,24.7216,33.3297,32.1918,22.8496,28.2268,27.4512,37.6367,26.323,32.0674,37.9607,37.1655,23.0835,26.8468,31.8115,26.4377,26.1101,35.8595,31.7828,32.756,24.421,34.7944,33.4184,21.74,0
2026-01-29 21:00:00,20.6007,25.4188,29.695,23.9431,27.6562,31.3974,28.5776,31.0915,33.3691,22.0687,33.6122,21.6912,33.3532,32.9157,26.1844,27.4946,30.6108,34.8653,35.6137,25.7592,26.1961,31.265,31.5028,32.4271,31.5643,24.6088,32.3593,27.6996,26.8949,36.5789,36.1039,24.51,31.4936,26.99,33.855,30.0069,34.2157,37.3736,38.2283,28.5667,27.9121,34.9303,28.1516,29.503,38.4273,35.9045,32.0424,27.8869,33.9613,35.573,31.61,1
2026-01-29 22:00:00,22.4033,27.6964,31.8205,26.1093,29.3964,32.1956,30.5494,31.6967,34.9617,23.1398,32.9355,25.4507,33.8709,32.8163,27.671,27.9442,31.2428,34.3786,34.6966,29.4346,27.3595,30.4082,34.1779,34.4392,33.0158,28.241,36.1199,31.2996,28.5962,36.5791,35.4726,24.8253,35.9836,29.4121,32.4446,27.7487,36.3672,38.3132,38.1584,26.1552,32.7434,34.4288,27.246,32.6308,37.7322,35.11,33.9914,29.3819,36.2781,38.7265,39.79,1
2026-01-29 23:00:00,23.9543,28.9853,32.7991,27.7512,30.1754,33.9774,32.2909,32.4245,32.1459,25.0573,31.8094,26.6173,36.0775,33.0193,29.291,30.725,31.9549,34.3799,36.5339,30.5327,30.2983,33.3102,34.7029,34.7237,35.7269,32.8181,36.3876,33.5154,31.384,35.3719,36.1,26.79,34.6757,32.4396,30.6092,30.08,38.1574,35.3853,37.0783,29.4716,31.4022,37.0806,31.4757,30.1941,36.772,38.8667,33.5932,30.5352,38.552,37.9085,41.19,1
2026-01-30 00:00:00,26.3734,31.1927,32.6268,30.4579,32.0521,32.9542,33.843,35.4572,31.628,28.0848,28.5089,28.3405,33.2672,32.7359,29.977,31.4946,34.7747,34.3957,34.8712,32.4084,33.4679,36.2295,35.5439,33.9099,36.0942,33.2326,35.7243,34.3518,31.1509,37.18,35.2067,30.5067,34.1994,33.3695,29.2168,31.8586,38.4418,35.2262,35.6868,35.0362,35.2994,37.2913,35.2825,36.2967,36.8519,37.3865,36.1949,34.2496,39.1855,38.3294,45.95,1
2026-01-30 01:00:00,27.5676,32.1121,33.5498,31.7368,33.7243,33.4022,32.6454,34.0337,28.8935,30.7816,28.2058,30.45,33.2154,35.0447,32.303,33.8942,36.0293,33.4057,35.5032,33.8361,34.0134,36.022,33.1451,36.7311,35.7225,35.3977,36.0198,36.4409,35.5173,37.6866,35.1312,34.1938,38.1485,34.8233,26.5771,36.2852,36.4675,33.8679,35.0972,32.3904,36.7646,34.9241,35.7758,38.4764,35.0886,40.6679,39.9434,33.338,37.7815,37.6152,59.82,1
2026-01-30 02:00:00,30.5018,33.0067,32.3901,32.1744,32.945,33.6664,34.1519,34.087,27.8107,30.3048,24.6629,29.3959,32.1588,33.2863,33.7644,33.0206,34.3605,30.5035,32.833,35.3885,33.4728,35.6297,34.6063,35.3479,36.0163,34.6913,35.5076,36.3185,35.7644,34.6477,35.6469,35.988,37.0428,36.4273,25.1601,37.9368,35.8935,31.3914,28.8201,35.0802,37.1747,36.5663,32.9946,40.3845,35.3155,39.986,38.5418,36.0056,38.1674,36.0269,57.97,1
2026-01-30 03:00:00,31.3939,33.4422,32.6725,32.8722,31.8683,30.2887,33.1367,32.9804,25.9848,33.1911,25.1371,32.9226,30.4379,33.0544,35.0503,33.6515,33.7161,27.4612,29.2711,34.2956,34.3664,32.9631,35.3267,33.4024,34.424,35.0629,33.9509,36.5565,35.8209,33.6653,34.3045,34.3237,39.1373,35.4769,22.6199,37.8116,37.2432,32.5011,33.3238,35.9444,37.6921,34.8753,36.0706,38.6541,32.3573,36.7784,38.955,36.6864,36.5491,35.2841,66.57,1
2026-01-30 04:00:00,32.2527,32.2433,31.3648,34.2952,32.5309,30.1897,32.4349,31.4019,23.5609,34.497,21.5109,33.518,27.9304,33.1594,35.2611,33.8884,32.9191,25.9109,27.9965,36.0308,36.5116,34.0303,33.9737,32.6407,33.5271,36.5306,33.8423,37.3557,34.6316,32.3032,31.8944,35.9405,35.4286,36.9465,23.2739,35.5811,33.526,28.7869,28.6133,34.4202,35.4712,33.5824,39.3435,35.6007,32.3502,39.3752,37.0688,38.3941,34.8295,36.6636,72.11,1
2026-01-30 05:00:00,33.5996,31.7378,28.4332,32.9001,31.3792,28.1125,31.5828,29.407,22.2579,33.2743,20.1085,35.9561,25.7086,31.0844,34.5998,34.2991,32.3749,23.7964,26.3044,35.4238,35.2264,33.0642,30.7792,30.3726,32.3576,35.6181,29.7484,34.3051,36.2099,29.1878,29.0535,36.9261,36.3418,36.5388,20.3213,36.6084,30.7933,26.9303,27.0524,37.4942,35.8667,32.2625,37.151,35.6405,27.0327,34.7282,39.4538,35.5626,32.8288,34.74,71.73,1
2026-01-30 06:00:00,32.6766,29.5994,26.9161,31.9099,29.9421,26.7383,28.3698,25.7385,20.2378,33.4764,18.5389,33.9748,24.1942,28.2295,33.7481,32.0889,31.127,21.9697,23.6526,33.277,32.562,29.2048,28.2527,30.2819,31.2808,34.499,27.5628,31.7578,33.9946,24.9617,26.2953,36.8518,33.285,33.0696,19.9084,36.6465,29.8506,24.287,27.661,37.7437,37.1182,27.9455,38.8163,37.6658,23.3497,35.0648,34.861,41.48,30.2062,33.5057,70.21,1
2026-01-30 07:00:00,31.759,28.6583,25.3436,30.4471,28.4029,24.8929,26.4897,24.8064,18.6142,33.5441,17.9813,33.5067,22.195,25.5646,32.9458,31.6756,27.0426,20.4393,22.2492,32.0359,30.5674,29.7422,27.8225,27.3872,27.4449,34.8459,25.308,31.4839,34.5995,25.9005,25.5921,34.6311,34.4962,33.6336,21.921,35.4048,29.6996,21.5337,22.4926,36.759,31.6407,26.6346,38.962,35.0744,25.3006,28.9711,34.8635,37.7119,30.8456,29.7215,71.91,1
2026-01-30 08:00:00,30.628,26.8296,23.2589,29.3944,26.2913,22.6984,23.8131,23.6738,17.8658,32.4856,19.9493,32.3108,20.246,24.9854,30.0179,30.172,24.7397,18.8267,19.8542,29.4261,29.7893,26.4261,22.8436,23.5937,26.6856,30.5466,24.2152,29.0783,31.8972,24.3893,23.318,36.4414,29.0435,31.706,22.8868,35.7252,24.9128,21.9158,25.3122,33.989,32.3672,23.2447,34.3254,32.2613,25.8591,29.4942,30.9859,36.3623,27.9094,30.2259,73.01,1
2026-01-30 09:00:00,30.2679,24.9217,20.8064,25.9668,23.985,20.6469,22.6668,19.7796,18.6165,31.373,19.4099,29.7896,18.1207,23.1301,30.1278,26.6202,25.9463,20.0031,19.959,27.1268,26.636,25.3231,22.6054,21.6617,24.227,28.4126,22.0591,26.0869,31.0102,23.6814,22.5019,32.2186,30.7742,29.934,22.9564,32.7507,23.737,20.9805,22.6537,30.4159,30.0319,23.3464,31.9651,29.0547,23.2971,27.125,29.6257,31.0793,24.7101,24.7525,64.76,1
2026-01-30 10:00:00,27.4728,22.8752,20.0216,24.2554,22.5878,19.1294,22.0274,20.0366,17.9791,27.9206,18.5536,28.4573,18.3091,22.3473,25.0634,23.5934,22.02,19.9534,19.5559,26.2646,26.1114,23.2915,23.7443,21.6999,21.9498,28.1606,20.9731,26.2191,27.4173,19.8639,20.879,31.3775,25.8327,27.4788,25.8772,30.6331,21.7784,20.2928,22.1953,30.0873,25.7358,22.504,29.406,27.5473,20.982,24.3301,27.6495,32.388,22.9965,23.9841,64.32,0
2026-01-30 11:00:00,27.0311,21.3514,18.6428,22.3668,19.2534,17.9485,19.5731,19.2467,19.925,25.6943,22.1398,27.4243,17.6865,17.9094,25.7997,23.6716,20.8989,19.821,18.3941,24.2726,26.5089,21.3566,22.1734,20.5552,21.0473,25.993,20.3368,23.7132,26.4281,19.4252,20.3862,28.5208,24.5782,25.7942,27.6905,26.8127,23.0589,23.1283,22.9078,27.7381,28.6208,24.0105,29.7262,27.7546,21.1031,24.9499,26.722,29.6612,21.8023,23.4104,55.45,1
2026-01-30 12:00:00,22.9478,18.4473,17.5584,19.6509,19.1314,17.8622,17.6879,18.6672,21.4735,25.3504,23.6607,23.1625,18.4874,19.0878,22.6789,19.9628,19.0533,21.9704,21.4585,22.0107,21.0025,21.1786,20.4576,20.4051,18.1355,22.3574,20.0733,20.247,23.9736,19.8792,20.9149,26.4573,24.2022,24.0746,31.0765,25.8953,21.7642,22.9326,21.9786,27.215,23.2829,22.8434,25.8897,25.9042,26.1347,24.6043,25.0539,29.5877,22.0521,22.8239,47.58,0
2026-01-30 13:00:00,22.8985,17.2975,16.933,18.6309,18.3293,18.7516,17.6262,18.3525,21.2163,21.7288,24.5823,23.0051,19.9702,19.3748,21.8732,19.2192,19.4967,22.9081,20.791,19.7583,20.8601,20.025,20.0151,19.7719,19.2353,21.9805,20.0187,22.6993,21.5339,21.0438,21.6909,25.7536,20.4045,22.6021,31.763,21.7075,22.6323,22.5454,22.3635,24.3081,23.9778,23.5619,24.4063,25.1267,24.0089,23.2076,22.3539,25.6864,24.4729,21.7266,40.63,1
2026-01-30 14:00:00,20.3233,17.6935,18.1776,18.7125,16.8549,17.9821,16.914,18.9751,25.0834,20.9436,27.0922,20.3906,21.6173,18.541,20.1069,17.7705,19.8823,23.2739,21.4442,20.3052,21.2375,22.1739,18.1234,19.8329,18.972,18.9689,22.039,19.6658,21.207,22.9109,23.729,24.3431,22.0477,21.8582,34.8993,22.5166,24.0395,26.6307,24.7318,24.0507,21.6941,23.5918,22.0393,24.6016,24.7546,23.2413,24.2647,24.0553,22.1918,21.9807,38.43,1
2026-01-30 15:00:00,18.6949,16.1481,19.2807,17.9917,16.8869,19.3898,17.6179,20.3053,27.7956,20.8293,28.9084,20.6681,24.4516,18.3633,19.3118,19.6874,19.8593,25.9609,22.5034,19.0889,20.2271,21.6968,20.0866,22.0243,20.4079,20.4967,22.7095,19.6985,19.5944,22.6004,23.4728,22.705,20.7335,22.8619,34.6396,21.8006,21.335,28.6908,29.6334,19.9214,20.7716,21.2065,21.9985,21.0625,29.7607,23.8266,21.2721,23.3713,24.9367,20.9602,36.83,0
2026-01-30 16:00:00,17.4277,17.7338,19.3233,18.0795,18.0629,21.1481,19.5693,21.3289,28.625,19.0098,32.209,19.1046,24.6785,20.1078,19.2252,19.6441,22.1063,29.6298,25.9906,18.8021,19.4505,19.9952,21.7886,23.5955,19.5203,19.6474,25.4,21.8065,22.761,26.7148,26.2822,20.0989,21.9322,22.7579,37.5905,19.7497,23.8007,31.7106,29.137,22.6452,21.6927,27.5019,21.1774,23.5821,29.9594,25.4381,21.6326,24.8485,27.7889,28.2941,28.84,0
2026-01-30 17:00:00,17.3893,17.9012,20.8845,17.7207,19.3181,23.6792,19.9953,22.4595,30.7577,18.7381,31.7795,17.3128,27.7634,22.4763,19.721,21.3058,21.8405,30.0543,27.799,21.2256,20.041,23.4381,23.0414,26.0636,23.5236,20.3491,26.8676,22.2316,20.9889,28.6933,29.7174,19.2728,23.0251,21.7808,38.5012,21.1503,26.0536,32.921,30.2624,22.4273,22.1872,28.8894,19.5378,21.8592,29.4109,27.4677,24.0501,20.4398,27.4605,27.7625,21.99,0
2026-01-30 18:00:00,17.1738,20.7482,23.4169,18.8238,21.7723,25.2418,23.2314,24.2117,32.6605,19.3364,33.6102,18.299,29.4521,23.9727,19.6281,20.8927,23.6995,31.5564,30.7552,20.298,20.1994,23.3665,25.3287,27.5751,26.091,20.4227,28.4405,24.351,22.1983,30.8176,30.4316,24.0858,25.1733,22.367,36.9903,24.074,28.7172,33.7851,34.1364,20.8119,23.5564,30.1284,21.7246,23.7858,37.1196,29.3164,26.5861,20.6485,28.0575,29.2103,29.37,1
2026-01-30 19:00:00,18.3188,21.7583,25.0069,19.5233,22.8481,27.7994,24.4724,26.4598,32.972,19.5893,33.8587,19.6452,32.0674,26.6528,22.0063,22.2397,26.1316,34.2207,31.7869,23.2026,22.5289,24.9341,28.9865,28.1276,27.1037,24.2334,32.5172,22.649,24.0916,31.4656,33.1135,22.1779,27.0061,26.1958,36.1556,23.4807,31.3525,36.6292,36.5188,22.2988,24.3237,34.5905,25.0064,24.4508,36.7141,31.1848,26.4093,20.878,31.1476,30.6585,22.31,0
2026-01-30 20:00:00,18.8588,23.4753,27.2052,22.9024,24.7618,29.8167,26.661,28.2565,34.0045,21.0287,33.2617,20.2726,33.0744,29.4942,21.9806,24.418,28.419,34.3656,32.3928,23.1881,24.8338,26.7376,29.2936,31.2175,29.8111,25.0581,32.6488,26.6532,24.3232,31.1378,32.921,22.0556,27.7791,29.2873,35.655,25.9261,32.1197,36.1881,36.9601,24.2484,25.8923,36.6561,27.3707,28.354,35.0952,31.7765,29.8168,27.1502,33.2766,34.0225,35.27,1
2026-01-30 21:00:00,20.3625,26.3393,29.6421,25.0118,26.9893,31.2928,28.464,31.061,33.1761,21.882,35.4543,22.1973,33.0094,30.141,24.7823,25.829,30.2431,35.5877,36.023,25.2802,27.6587,29.8418,31.4201,32.4932,30.8004,27.8058,34.9596,29.1894,28.9531,36.8055,34.281,25.7958,30.6801,28.6128,35.5735,29.9995,33.6495,38.3892,38.32,27.8554,30.6065,35.3571,27.249,28.523,40.0153,35.794,30.0289,28.7445,37.7889,35.4833,31.68,1
2026-01-30 22:00:00,21.9098,27.155,29.8396,27.0935,29.9883,31.6612,30.9814,32.2885,33.8084,24.8562,32.0931,23.9643,33.1136,33.1026,27.5306,30.1663,30.7902,35.0313,35.5495,29.0981,28.1628,33.0036,34.1187,33.3203,31.5329,28.7768,34.726,32.4706,28.5117,35.3996,35.9462,25.6113,29.8082,31.3235,32.0996,28.6001,37.1258,38.9095,39.1184,28.0735,31.3821,37.6745,29.4853,32.3122,36.9205,36.8682,33.6334,27.5724,34.2613,39.8325,33.99,1
2026-01-30 23:00:00,24.0896,29.1408,32.9498,29.417,31.0324,34.2961,32.516,32.8411,33.177,26.4029,31.7183,26.6761,34.771,33.3866,29.7286,33.6949,33.6198,33.7954,35.0181,30.3657,30.5671,33.7852,33.322,33.5321,34.5165,32.1364,33.9975,32.0526,30.2825,37.3407,36.5972,30.9595,35.4024,32.3239,31.0464,32.2739,37.6052,33.7428,37.9243,30.9866,33.286,37.8791,31.9221,34.0965,36.6175,37.9143,37.1884,29.3522,39.6637,37.5961,45.76,1
2026-01-31 00:00:00,26.3679,30.5165,33.0881,30.5484,32.2548,34.5729,33.3363,34.6622,31.8527,27.1538,28.5653,28.4436,33.7005,34.6036,31.2265,31.9908,34.1005,32.8036,34.9196,31.3979,31.6572,35.2838,34.6821,38.0221,36.1784,30.8655,35.6284,34.131,33.2541,36.6426,37.8466,30.3305,37.5957,35.0619,30.9761,32.9601,37.7978,34.8394,36.0368,32.5873,33.9465,39.4016,36.2023,36.8094,36.172,37.8971,35.9905,34.8777,36.134,38.4428,48.75,1
2026-01-31 01:00:00,27.3329,31.9098,33.129,32.6948,33.1733,33.624,34.0942,33.7579,30.5202,30.2981,27.5517,30.052,32.4109,34.5884,32.1921,34.3426,34.4819,30.444,34.2141,34.7425,34.1852,32.4537,35.0579,35.2647,34.646,34.3079,33.5657,35.7678,33.5149,37.169,35.2808,33.7212,36.7744,33.4584,28.2653,36.2243,34.6808,34.8613,34.1318,35.6221,38.6048,37.7871,33.9302,37.5088,38.9093,39.9372,36.4153,33.2305,40.0825,40.1102,58.24,1
2026-01-31 02:00:00,29.3242,33.1029,33.0763,32.7337,34.3709,32.0795,33.6701,32.9442,27.3099,30.2814,26.06,31.822,30.7972,34.7599,34.4845,34.529,35.0122,29.1151,31.1181,35.2176,35.7067,35.4188,35.5518,35.1418,35.4349,36.6313,34.5989,37.0579,37.6092,34.7909,34.9473,34.3724,35.096,36.0839,22.6865,36.1308,38.2354,32.5635,34.0596,36.1857,37.3651,36.9907,35.0077,40.3093,37.437,35.4142,39.1763,36.4747,37.8986,39.467,62.87,1
2026-01-31 03:00:00,31.8805,33.496,32.3429,32.3812,32.9579,30.8286,33.6834,32.6609,25.3961,33.5906,23.1183,32.363,30.1334,34.1603,34.0176,35.2918,33.6512,28.5803,30.7462,33.4549,36.0645,34.2475,34.3728,34.4313,35.045,34.0058,34.9799,35.1704,36.1926,33.418,34.7687,33.9879,37.6823,37.9432,22.2075,38.3153,35.8685,32.0574,31.4397,35.4602,35.418,33.9685,37.6286,37.3643,31.9027,37.4799,37.4103,37.226,40.3116,35.6655,62.16,1
2026-01-31 04:00:00,32.6173,33.3634,30.155,33.9213,33.4765,30.4,32.14,30.7668,24.9911,33.7489,22.2686,35.1479,29.1728,33.0249,36.2124,35.5265,32.4744,26.9919,28.2171,36.1776,34.3662,32.8377,33.1365,32.845,37.0397,36.2347,30.7641,36.7589,32.9409,31.7133,31.9957,35.4377,35.2617,35.8991,25.0634,39.0217,33.9198,29.9178,27.9055,37.3473,38.1807,33.1441,38.6975,39.3279,33.0013,35.7784,41.41,43.4199,37.2548,36.8323,71.37,1
2026-01-31 05:00:00,32.9624,30.9558,30.3295,31.8509,31.6106,27.9455,30.9339,30.2072,21.7062,35.5428,20.092,36.633,25.633,30.9135,34.4565,32.9217,29.7658,23.4281,26.9757,33.7626,34.9967,31.8229,31.1466,28.4544,32.8873,36.2253,27.5337,34.3131,36.0742,29.9507,29.7264,35.9939,35.1983,36.8949,23.0145,36.8719,31.2679,27.5122,28.642,39.0634,36.1682,31.715,38.0355,38.2248,25.343,34.0321,37.0805,38.5357,35.391,36.0717,76.15,1
2026-01-31 06:00:00,33.0564,30.4887,27.6019,31.9657,29.7845,25.2732,28.9863,27.063,20.3425,34.3029,19.9724,34.031,24.3516,26.4122,32.4801,32.1962,31.6308,20.9885,23.8463,32.0913,33.1583,31.2922,28.8317,28.7471,28.9179,34.2676,29.2032,33.9299,35.3936,26.0497,27.9225,35.8527,34.2125,35.6774,20.5461,37.6507,29.4708,22.4452,25.4655,37.7132,37.2476,31.5735,35.6076,35.5692,27.8852,32.4306,36.7453,40.1987,31.1865,34.4241,75.45,1
2026-01-31 07:00:00,32.6761,28.2596,25.7623,30.9559,29.4863,23.2743,26.8732,25.464,18.9599,33.8304,19.4594,33.6121,21.9668,27.4162,31.4738,31.9197,28.6187,21.7087,22.1249,31.3752,33.2062,29.872,28.3779,28.5608,26.6395,34.2536,25.1102,31.5706,32.8499,27.4723,24.3842,36.0829,32.1804,34.1649,19.6507,33.0362,27.0698,22.933,24.4333,34.7209,35.8701,25.7794,37.5548,36.442,26.838,29.28,31.5306,38.0602,33.178,28.3313,79.17,1
2026-01-31 08:00:00,31.1608,26.7772,23.9722,28.7896,25.2953,21.9783,24.6388,24.1088,17.7286,31.1972,17.9336,33.144,19.5149,23.339,30.7998,29.4228,25.9682,20.7331,22.5965,30.242,30.3,26.3181,25.4019,24.6071,27.4399,32.4968,23.7318,30.0794,30.0237,23.552,22.5698,31.8564,30.7561,31.0037,20.6607,33.6641,23.706,22.9543,21.9814,37.1992,33.8631,24.2941,34.6333,34.4812,25.7366,28.1873,32.0505,35.2993,32.628,28.1095,72.9,1
2026-01-31 09:00:00,29.5521,26.0665,20.9239,27.9104,23.6375,20.6424,23.3456,21.1361,19.2051,30.7694,18.8322,31.5515,19.9182,22.451,28.9433,27.2058,23.4883,19.8579,21.1132,28.3208,27.0253,25.6817,24.3945,24.6179,27.2019,28.8484,23.0204,27.931,29.3573,22.8246,20.6106,33.2182,27.5941,30.4577,23.9776,33.1958,23.4032,21.6318,23.3104,32.3328,29.9996,22.4345,33.7315,30.3998,22.9005,25.0688,27.8647,33.3943,29.5638,24.7044,66.71,1
2026-01-31 10:00:00,28.2445,22.9114,20.0809,23.3611,21.1511,19.9998,22.0427,20.2928,18.1008,27.9226,19.8451,29.0519,17.8848,19.3651,28.337,25.2877,19.8211,18.0374,16.5229,24.6956,26.1366,24.0231,21.0794,21.5812,22.6699,27.0016,21.6115,27.0256,26.8652,22.8617,21.5944,28.8327,25.6557,29.6595,27.3468,32.4445,21.0144,21.566,19.7506,32.3371,28.381,21.9217,33.0583,26.9022,23.2741,25.6519,27.0726,32.372,23.5253,26.1291,63.34,0
2026-01-31 11:00:00,25.6139,21.357,18.3641,22.4327,20.7562,18.4852,20.4278,18.1998,18.572,27.0686,21.5467,26.1454,18.6263,21.2342,23.8647,23.4423,20.1425,20.3161,20.3717,22.8974,24.7593,21.9946,20.2396,20.1755,21.1911,24.181,21.2069,23.5746,24.3265,20.6961,21.8705,29.4324,24.5825,24.9362,29.1704,25.9308,21.9461,23.8829,24.3844,30.8907,26.8792,23.9868,26.8771,27.0624,21.7113,25.1032,24.4956,30.308,23.5579,23.9999,54.5,1
2026-01-31 12:00:00,24.2467,20.3455,18.1534,20.6753,19.8622,17.5195,17.7694,18.3106,20.3716,23.4507,22.856,26.1336,18.7869,19.3771,22.8067,22.2403,20.304,21.4343,19.7623,21.7093,22.7802,19.7159,19.8696,20.1351,20.9878,23.8505,21.2578,21.9691,22.4409,19.6617,21.7184,26.0425,22.2791,23.0091,27.0468,24.1558,20.1284,23.8717,20.7301,28.4063,25.9853,21.1825,24.5445,24.4728,23.5139,24.427,25.6754,27.4096,21.3952,24.9988,51.44,1
2026-01-31 13:00:00,21.135,18.7169,16.177,18.3987,18.9754,18.1062,18.7901,18.3641,21.0259,22.3742,24.9658,23.3268,20.6757,18.4617,20.2837,20.6421,19.9446,23.2464,20.188,20.3359,20.6445,19.3812,19.6894,20.0452,19.2947,22.2105,18.9439,22.3049,22.3058,20.218,22.7014,25.1725,20.6524,22.2476,30.6687,23.2169,22.5374,24.6227,22.8683,24.0524,22.0475,23.5076,25.8946,24.1941,24.4902,23.4052,23.6872,27.1147,22.101,23.9647,44.97,1
2026-01-31 14:00:00,20.7528,17.174,17.5468,17.4523,18.353,18.7012,17.6906,18.3467,23.9062,19.8181,26.7401,21.2689,20.5926,20.0316,19.4818,19.1878,19.6834,24.436,21.3527,20.6596,19.5762,20.0172,20.8118,20.5784,17.6275,20.9047,20.2413,22.0338,22.0962,21.944,24.1111,21.8276,21.58,21.8795,31.9623,22.7598,20.1833,25.2881,26.7213,25.106,22.6005,25.502,20.9523,22.9715,26.0452,22.0667,22.9529,24.8183,23.8159,22.3072,32.54,1
2026-01-31 15:00:00,18.9949,16.5682,18.0281,17.0766,17.6901,20.1216,18.7505,19.2998,25.7722,19.4292,29.0461,19.2193,23.4476,20.0797,20.4422,19.2511,19.8086,25.6926,23.1782,19.1221,18.7135,19.4409,20.4764,21.0505,21.8252,20.3995,24.332,20.0434,21.1096,24.3204,24.1364,21.3396,19.8957,19.964,34.8697,20.9375,24.8396,30.9864,27.7183,22.9085,24.5166,27.3584,22.2151,24.9084,29.8628,22.06,24.846,22.6243,25.3874,24.8101,35.41,1
2026-01-31 16:00:00,17.8482,17.6265,19.8482,16.9142,18.3113,21.1942,18.7685,20.9306,28.9096,19.9387,31.7673,18.9033,24.5007,20.9824,17.9327,19.1837,21.8073,28.0808,25.4156,20.2249,19.3083,21.6428,22.8809,21.7727,21.287,19.3548,24.0569,21.6544,18.7765,26.2724,25.723,18.9009,21.7951,20.8124,34.4538,22.5107,25.9276,31.2938,30.0704,20.2864,21.4616,29.5871,21.5337,21.4668,30.6466,23.9496,23.548,22.492,26.4645,25.0195,37.28,1
2026-01-31 17:00:00,17.6968,18.24,21.5025,18.0157,18.7323,23.7251,20.8655,22.1765,29.9285,18.7347,32.8621,17.1428,26.8383,22.8114,19.6034,19.4311,21.907,31.4488,27.1124,21.1436,19.4725,21.3691,24.1841,25.4774,24.4829,19.2466,26.161,20.9847,21.8787,29.0676,29.4745,19.5142,21.4627,23.7688,36.2814,21.3154,25.4172,32.3339,31.856,21.8383,22.7873,30.3269,22.8949,23.8757,34.7998,26.0618,26.1416,23.6718,24.8606,26.3277,28.04,0
2026-01-31 18:00:00,18.0634,19.0837,22.7576,18.7602,22.5618,25.6385,22.7481,24.9197,32.5951,18.459,34.054,19.2033,26.5089,24.1106,20.2655,21.2763,24.8999,32.5511,28.9502,21.7558,22.2394,24.5051,25.6544,27.0443,24.5207,22.1426,27.6372,24.0457,23.1204,28.2273,29.1298,22.7787,23.9978,24.5797,36.2608,21.5571,28.663,35.8828,33.3917,21.1359,27.4168,32.286,22.1314,22.269,34.7308,27.5366,28.8006,21.8377,29.3319,29.1838,16.88,1
2026-01-31 19:00:00,18.2766,21.7612,24.8206,20.7607,23.5183,27.265,23.5958,27.3211,34.1464,17.5384,34.7316,20.0863,32.7245,25.5049,21.2192,22.8861,25.6822,32.5466,31.0736,20.0103,22.0302,26.9786,26.918,30.6749,27.4429,22.9167,30.5768,26.0472,25.2917,32.1709,30.6137,23.5838,25.9278,23.6636,37.7503,22.3987,29.8139,34.1336,36.3451,23.9389,25.2082,33.0045,24.8328,24.2868,39.1439,33.9529,28.2714,22.8029,32.2422,32.337,24.14,0
2026-01-31 20:00:00,17.8462,23.7452,27.2333,22.7546,25.0005,29.1256,27.0236,27.8594,34.4477,20.1421,34.2268,20.7156,33.1069,29.3018,23.3238,23.52,27.3563,36.1462,33.804,24.3442,24.8064,28.3932,30.6324,31.0295,30.2672,23.8429,32.5,26.7767,24.5873,34.3937,33.3606,21.7889,27.4368,28.925,35.7925,25.3759,33.5947,39.3654,37.0046,25.8928,25.3636,32.8625,24.2571,26.8568,39.1097,33.5884,30.4908,23.8964,34.941,32.6337,23.23,1
2026-01-31 21:00:00,19.623,26.6397,28.7377,24.7292,28.1731,31.52,29.5315,31.5217,33.9593,22.4941,34.1499,21.4274,33.2447,30.4532,23.9186,27.6213,29.2749,36.1713,34.6729,26.5032,26.776,29.3354,30.9502,31.3858,32.4836,26.1568,33.445,30.3371,27.5809,35.8001,34.7015,24.4638,31.944,28.2749,34.7701,27.7896,36.8875,38.4226,38.8325,28.1134,29.369,36.0762,25.877,28.3324,38.1198,35.3632,33.5857,27.0022,36.0618,36.1065,31.16,0
2026-01-31 22:00:00,21.778,27.5419,31.3923,26.243,28.7535,31.9026,30.4031,31.7426,33.8462,23.7267,32.2065,24.3609,33.6205,30.8351,28.2469,29.8333,31.043,36.5642,35.7313,28.6948,29.6874,30.6136,33.4804,34.6584,33.4206,29.9248,34.4669,30.9246,30.3481,33.5134,36.3029,27.2946,33.829,31.2658,34.2324,30.4064,37.5522,40.3702,37.8987,28.5572,33.7453,38.005,29.6378,32.1968,38.8121,36.6727,36.2787,29.164,37.7447,35.4133,40.24,0
2026-01-31 23:00:00,24.1368,29.7717,32.0168,28.6677,31.2886,32.3561,32.9133,34.441,31.8373,27.1525,32.5173,26.6653,34.2098,33.9286,30.5325,31.4361,33.9789,35.5281,35.2594,28.8743,31.828,32.6836,34.725,35.4557,34.7981,31.9056,36.5436,33.0855,31.1804,36.2622,35.8286,28.9353,35.9102,32.8935,33.702,30.9103,36.2234,37.8172,36.8157,29.5579,34.9246,39.5499,31.8485,33.5733,37.1729,36.8306,36.1618,29.9993,37.8563,35.6745,40.66,1
2026-02-01 00:00:00,26.481,30.8464,31.4315,30.92,32.2788,32.7836,33.0285,33.629,31.4468,28.2786,27.8589,27.6164,34.699,34.4271,30.9557,33.3738,33.859,32.6733,33.7009,31.8423,33.2549,35.352,35.382,35.4931,36.2178,33.5511,35.4862,35.0188,34.1461,37.5239,37.1855,30.2669,35.545,35.6554,32.2185,33.909,37.6964,36.2364,37.3815,31.226,33.9942,40.0592,34.1068,36.5519,37.8249,38.5869,36.4755,33.6691,39.3122,41.7915,57.54,0
2026-02-01 01:00:00,27.8488,32.8565,33.1615,32.0663,33.6425,33.1149,34.3045,34.4495,29.2467,30.9231,27.8203,30.8269,31.77,36.0616,34.5054,33.7764,34.1702,32.2496,34.3082,32.7416,34.3867,35.3816,35.4845,36.5146,36.5347,34.3639,35.2662,34.7129,34.9866,35.1538,35.5848,31.0951,36.1824,34.5845,28.1524,36.941,39.3772,33.6663,32.6394,35.5184,37.2391,37.378,37.4879,35.4622,34.9986,39.7041,39.6105,35.5445,42.9026,38.5529,44.95,1
2026-02-01 02:00:00,30.1264,33.0106,32.5567,33.9442,33.5776,33.3692,32.414,34.0638,28.3449,31.9836,26.6217,32.2449,31.705,34.7408,33.508,34.299,35.6525,30.6566,31.5675,34.1296,34.105,35.1576,34.8013,35.8492,34.709,34.8207,32.6796,34.9225,35.1242,33.6625,36.5463,35.5514,38.0233,36.2168,25.5435,37.8284,37.5373,32.0471,29.9244,37.4317,37.4125,37.7105,38.638,38.1526,36.6161,39.8624,39.6424,38.4418,40.4868,38.3692,61.51,1
2026-02-01 03:00:00,31.1052,32.6041,31.4625,33.9917,32.5568,31.558,34.9124,32.4444,27.5438,32.9377,22.7741,33.0095,31.4088,32.8749,34.9335,35.7718,34.8025,26.9558,31.2525,35.2172,34.5859,35.6988,33.2438,33.139,34.1202,37.4792,35.5763,36.7549,35.7357,34.0827,32.3511,35.2746,37.1016,36.1438,25.5263,36.6614,37.0411,29.0119,29.211,37.9845,39.1563,34.8553,38.4851,37.4004,32.369,38.1638,39.9666,39.5306,38.3453,37.1248,69.19,1
2026-02-01 04:00:00,32.2145,32.845,30.4435,34.4348,32.7526,30.3931,33.3414,31.3907,24.078,33.6225,22.178,33.6974,27.2172,31.184,36.0168,33.8534,34.3047,25.0188,27.6633,34.7268,34.7488,32.5441,34.877,32.3731,32.1793,35.877,32.7932,35.2242,37.8851,31.9646,31.7222,34.8117,36.4231,35.8212,24.0134,38.3201,35.0763,30.9853,28.7237,36.7719,37.1685,33.0373,39.4343,40.1628,31.2915,37.5959,39.1154,35.9428,37.5324,36.9992,66.77,0
2026-02-01 05:00:00,32.3306,32.16,29.5656,31.4676,32.1337,28.0975,30.7783,30.5717,20.4905,33.5404,19.8396,34.3566,26.0567,31.9532,34.2171,33.0265,32.4614,24.6645,26.0003,34.0324,35.6374,32.7962,31.4049,32.0941,33.5306,36.0167,29.3174,33.7567,34.8982,29.865,29.4875,36.9455,32.1681,35.5,22.7973,37.0424,32.5265,26.6645,27.6324,37.1229,37.9939,30.3134,38.6096,36.4312,25.5311,34.2091,37.2899,39.3892,34.8507,34.6988,69.8,0
2026-02-01 06:00:00,32.5707,30.7274,28.3348,31.939,29.8832,26.0597,27.928,27.4404,19.9969,34.7679,18.9156,33.6052,25.6296,29.0166,32.6666,33.0202,29.5986,22.9505,24.2557,33.5303,33.9329,30.2733,29.8287,28.0454,30.5278,33.8963,26.816,34.4593,33.6504,26.8177,28.038,36.3698,34.427,34.2134,19.4905,35.9755,30.3176,25.8191,21.8669,36.74,38.731,28.0012,39.2397,34.361,26.4116,30.7551,35.839,35.6544,32.8815,33.7947,78.03,0
2026-02-01 07:00:00,31.7965,29.4308,25.7016,30.2299,28.4709,23.6418,27.3782,25.2966,19.1248,32.9239,19.204,33.8175,22.577,26.3324,31.2002,31.3422,28.2839,22.8389,23.3266,31.7508,33.1593,28.0723,27.7563,26.7523,29.7126,33.1002,25.724,33.4951,33.7931,24.083,26.809,35.4174,32.4024,34.3744,23.0268,34.1417,26.8212,24.5878,23.7389,34.5503,31.2152,25.893,37.0184,34.488,24.5879,32.7963,34.6231,38.4109,32.109,30.7994,81.86,1
2026-02-01 08:00:00,30.938,26.1141,23.1117,28.5451,25.3214,22.2367,24.1837,22.7593,18.3827,32.3373,18.5426,32.8542,20.6426,24.3706,32.4735,29.8322,26.2395,19.5772,21.3641,30.5394,31.4551,26.7783,26.8701,25.1334,27.2132,28.8563,23.8391,30.8087,31.5711,24.7942,24.2731,34.901,29.6281,31.2814,22.7301,35.8145,25.3815,22.0171,22.1855,35.7353,33.5916,24.214,34.2423,31.9354,25.097,28.0161,29.4927,36.9828,27.7714,28.3254,79.83,1
2026-02-01 09:00:00,30.5087,24.359,21.7631,26.1382,23.854,20.4369,23.359,22.6728,17.6402,29.9622,17.3562,31.7173,19.7968,23.9931,28.4683,25.5989,23.3448,17.8609,20.1237,27.9534,27.8395,27.5399,25.7482,21.9808,23.8146,28.9417,20.9816,26.5626,28.1684,25.9832,22.3695,32.8822,28.5028,29.3913,22.4343,30.8839,23.4468,20.8065,22.1945,33.1263,32.514,22.6889,32.1263,31.6637,23.7045,26.0722,31.4163,32.9663,26.5914,28.0542,66.29,1
2026-02-01 10:00:00,27.653,23.1073,19.5707,24.7471,21.5358,19.4082,21.4953,19.7361,18.6625,27.653,19.0541,29.1881,18.4642,21.6544,26.6727,24.8537,21.3771,19.2273,21.1585,24.8362,26.4524,23.938,22.3921,21.5501,22.9307,25.9461,18.523,25.973,26.9406,19.5321,22.2612,32.4915,26.2847,25.449,24.3084,29.4923,22.7097,20.9743,19.4943,33.1799,26.6398,23.8283,32.684,30.1882,24.0873,24.0008,28.1667,32.9417,23.1783,24.4815,67.91,0
2026-02-01 11:00:00,27.4955,20.4876,18.1371,21.448,20.653,18.3874,19.1039,19.6663,18.5297,26.7339,21.8471,27.2054,19.6496,20.8212,23.8653,22.081,20.2508,20.6705,17.8133,23.3212,24.4096,20.7101,20.8196,20.4871,21.1771,25.6914,19.9873,23.6084,24.6141,21.9471,21.9097,28.1113,23.0518,26.8175,27.7131,25.2902,22.2926,20.5261,25.7435,27.9742,25.764,24.0033,28.7903,28.3897,23.5152,24.3879,24.5485,28.8622,25.184,23.8877,56.2,0
2026-02-01 12:00:00,24.2949,19.4246,17.0448,20.9152,18.8876,17.6578,19.319,17.7844,20.0716,23.7509,23.2129,24.6378,18.795,19.2989,23.5938,22.0563,21.4814,20.7189,18.9895,22.179,22.3382,21.749,19.0955,19.7726,20.0479,23.0229,18.8035,21.4977,23.013,20.6891,21.2866,26.2045,22.2391,21.9149,26.0638,27.0182,21.5697,22.1626,23.4096,27.0222,24.4515,21.4441,29.6605,22.6483,25.3816,22.3538,24.6329,28.1452,24.9334,23.0182,53.67,1
2026-02-01 13:00:00,22.1204,16.8095,16.3992,18.7467,18.4075,16.9608,18.5086,18.793,22.8622,22.057,26.1315,22.2239,18.56,18.1193,20.566,21.1817,18.8746,22.6315,19.9358,20.6401,20.7073,18.7085,18.5184,18.6045,21.1083,21.8004,21.0462,21.3748,24.9801,21.8176,21.9787,26.0267,20.4134,22.6974,31.0132,23.9606,22.0481,25.767,23.2285,23.7586,22.6167,21.9575,23.7956,25.1422,25.4871,24.9233,25.3116,26.6083,24.0918,25.4157,42.69,1
2026-02-01 14:00:00,19.7753,18.8905,17.396,17.8473,18.2913,19.2088,18.5468,18.939,23.6945,19.7945,28.1709,20.8356,21.1514,20.3744,19.5429,19.7072,20.2476,23.826,20.7569,18.7819,21.2887,21.2234,18.4767,20.6592,22.7824,23.1794,22.0055,20.59,20.9102,22.4932,23.3307,26.3211,22.884,23.2588,32.3448,24.1526,23.2188,28.2231,26.7208,23.3681,21.5776,24.0833,25.5933,23.446,24.6091,25.1227,23.39,24.5701,23.2457,24.3728,32.96,1
2026-02-01 15:00:00,19.1173,17.1195,18.4662,17.8371,18.2436,19.6344,18.3998,19.1589,26.8326,19.036,28.7608,20.859,22.4679,19.4158,19.3946,18.5683,19.3499,27.4359,23.4564,20.1831,19.7539,19.373,20.2178,21.1108,22.0042,19.3591,22.21,20.3289,19.7755,26.4886,22.2573,24.8515,22.4708,23.1297,33.9372,22.3034,22.9909,28.9778,30.4672,23.7974,21.7205,24.7504,22.351,23.5941,28.328,24.3647,22.0201,24.92,24.4384,24.9863,38.73,1
2026-02-01 16:00:00,17.4197,18.2956,19.564,17.6137,18.7144,21.2923,18.4706,20.1849,27.5945,18.5799,32.6791,19.3777,24.9773,21.5687,18.0506,18.6893,21.5267,29.1411,26.6952,19.9176,19.7676,21.226,20.2489,24.2499,21.9733,20.4576,24.422,22.08,22.9424,25.0285,25.5265,22.1963,21.0769,19.8523,35.6425,21.7294,25.9534,32.2286,28.9999,22.248,23.4567,26.4429,23.0367,23.8745,30.4715,24.0658,21.878,22.0657,26.0891,23.0769,35.8,1
2026-02-01 17:00:00,17.2532,18.3727,21.0183,18.7056,19.1561,24.099,21.4285,21.9627,31.6225,18.0686,32.4586,18.835,27.0819,23.4049,19.051,19.7693,23.0091,29.8034,27.6597,19.6967,19.6052,24.4591,24.9519,25.4308,24.7924,21.0319,28.8022,23.3798,22.2894,27.2832,28.3669,20.6634,23.9109,21.9758,35.3012,22.8282,28.2988,34.2674,30.7785,20.8602,24.9495,29.3971,20.8073,22.3838,28.0382,29.3362,28.3955,23.8531,29.224,28.6747,24.17,1
2026-02-01 18:00:00,18.5326,20.1389,22.6363,18.5636,21.3586,25.7145,22.4023,23.9252,31.5009,19.0946,32.9,17.3597,30.2337,24.4696,21.133,20.693,24.8566,31.8479,29.9252,21.1884,22.0522,23.9057,26.2553,26.286,27.0946,20.8248,29.8648,23.0751,23.185,30.1215,29.7125,20.7004,25.0967,24.2841,38.7046,22.5571,29.4428,34.4656,34.3991,20.6524,25.8506,32.2807,20.7091,23.062,33.1407,30.2551,23.8918,21.7786,31.1158,31.2055,28.75,1
2026-02-01 19:00:00,17.7032,22.4447,25.572,20.5456,22.937,27.5145,23.6845,27.1512,33.0793,19.4038,33.7988,19.6371,31.7149,25.6596,21.6412,22.9129,26.3991,33.1592,30.5494,21.8924,22.0186,27.9416,27.6818,28.7523,26.0288,24.3484,30.6357,24.9938,23.0029,32.6713,31.735,21.6429,25.8596,24.4909,34.7086,21.5707,30.3462,37.6762,36.0536,23.1599,27.0026,34.2439,26.3486,26.266,39.1146,29.7427,28.7429,21.4633,29.549,33.6235,25.27,1
2026-02-01 20:00:00,19.405,24.2392,26.5696,22.9094,25.1092,29.2221,27.5276,28.6082,34.1774,22.7182,32.7568,19.6096,32.9406,28.0794,23.0727,24.3607,29.3215,33.1514,32.8945,25.4656,25.1964,28.2335,31.0629,31.2809,30.7373,26.678,35.355,26.9182,27.0161,35.3049,34.2842,21.3503,28.8548,28.1347,36.7536,25.7761,34.1993,37.105,38.1309,25.2997,29.9774,35.2494,25.2838,28.9751,37.1874,33.3731,29.4606,23.4528,32.4333,33.9821,37.07,0
2026-02-01 21:00:00,19.9267,25.5819,29.6864,24.6173,27.1716,30.9665,30.0418,29.6515,33.7573,22.4989,35.1214,21.2548,33.8777,31.0928,25.0786,25.917,30.5056,34.5943,34.2986,28.595,27.2537,30.2727,30.9032,32.5764,32.283,28.2239,33.2832,29.8175,28.6397,35.8251,35.7814,25.7564,31.7953,26.5139,34.3386,28.7287,35.4023,37.2645,39.7444,27.8805,32.2902,36.3395,29.0785,27.9478,38.274,35.1333,33.9004,26.2757,36.2673,37.0992,26.35,1
2026-02-01 22:00:00,22.0887,27.6722,30.3716,26.7437,28.7692,32.5178,30.5165,31.8085,33.8838,22.9095,34.1801,23.2263,33.7225,32.6797,26.6706,29.435,33.4446,33.6819,35.8836,28.2437,28.522,31.4013,32.8057,32.9537,34.4758,28.1191,34.825,31.6665,30.0101,36.5401,36.896,28.4066,33.8705,31.1855,36.1397,28.3901,37.0031,37.8661,38.9506,27.8498,31.9204,38.7756,28.891,31.858,35.6981,37.2523,32.6464,30.6759,35.2366,38.321,36.79,0
2026-02-01 23:00:00,25.0481,30.1704,31.8142,29.1614,29.8902,33.5665,33.4526,33.0702,33.3015,26.0445,30.9167,25.5588,32.9808,34.6034,30.6496,31.4296,32.1326,35.4275,33.9199,31.9299,31.2021,35.1401,33.0124,35.7639,35.5283,30.4141,36.2053,32.4199,30.0126,36.3055,36.0174,28.8177,37.2232,33.5101,31.8983,28.9546,39.1279,35.3958,35.7291,29.9108,35.5827,38.8804,33.2194,33.0721,36.6429,37.9389,38.4814,32.6126,39.7645,35.6815,37.74,0
2026-02-02 00:00:00,25.8898,32.4737,32.25,30.1,32.0015,34.8063,33.2363,32.4407,32.227,28.1801,29.7426,28.8311,34.2922,35.3399,30.3283,34.1059,34.8435,34.4149,34.5264,31.8353,32.8695,34.5161,36.4162,36.5271,35.4705,30.9115,34.842,34.5798,33.6447,37.3126,35.3076,33.4374,36.0044,33.3554,27.2717,32.5984,38.582,36.0416,35.1753,35.7147,36.0111,38.4464,33.2945,34.8692,38.4588,38.6084,37.4015,33.5398,38.6985,40.9974,43.65,1
2026-02-02 01:00:00,29.1727,32.4968,33.1026,31.4661,33.3953,35.1661,33.5453,33.8849,30.406,29.7786,27.9959,30.3515,33.864,34.0485,32.7957,33.6295,35.344,31.7809,34.9055,33.5689,34.1099,37.4541,35.1724,36.7307,38.2035,34.3248,37.8667,34.256,36.997,35.3827,37.2472,36.106,36.5417,37.0148,28.4015,35.5639,39.5898,31.6714,34.119,34.7699,36.5694,36.7812,34.0016,36.5167,35.9036,43.0718,38.2338,32.6707,40.3201,39.1196,56.01,1
2026-02-02 02:00:00,30.4013,34.1427,33.6965,33.2161,32.8268,33.1642,33.4584,34.1098,27.792,31.931,25.1528,31.2069,31.7823,35.7134,33.9792,33.2346,34.3343,30.3857,32.136,36.3339,35.1657,35.2201,35.6976,36.3776,36.4399,35.5081,35.2519,34.8093,36.3925,35.3098,34.4633,35.6887,37.8753,35.7661,24.4788,35.0355,36.8512,33.6024,34.3806,37.5696,37.7431,38.1583,37.9477,38.9861,33.3813,39.5256,38.5563,39.9382,38.9473,39.2276,60.7,1
2026-02-02 03:00:00,31.2096,33.1149,32.6767,33.3514,33.4568,30.5092,34.4401,32.6412,25.7306,32.7205,22.5365,32.8306,29.7087,33.0518,35.4802,35.7263,35.0819,29.105,28.8978,35.4222,35.7102,34.985,35.8506,33.5963,35.058,37.0296,32.8471,35.3188,36.2673,33.3428,32.9042,35.2174,36.8725,39.2773,25.2688,37.1741,35.4017,29.0968,32.1761,35.7912,39.5851,33.0427,39.3277,39.4021,34.8465,37.0045,38.0674,36.1874,37.8555,36.9383,63.63,1
2026-02-02 04:00:00,32.8653,33.3743,31.6964,34.105,33.8674,29.7002,31.913,31.5427,25.3716,34.2254,21.7828,34.5268,28.4841,33.1003,35.8139,35.5464,32.3125,26.7731,29.8911,36.0926,35.7305,35.4427,34.9374,33.6968,34.8944,38.1096,32.3875,35.8562,36.4052,30.6748,30.9926,35.8372,35.7335,36.8228,23.4942,38.1339,35.8416,28.6377,30.9343,38.4646,40.0795,32.1773,39.3767,37.3577,29.9921,36.1468,37.7665,39.5769,35.0413,37.4831,75.0,1
2026-02-02 05:00:00,33.5718,32.5518,29.8088,33.1436,32.1382,29.5517,31.4591,29.9731,22.5264,32.9529,20.1426,35.0534,25.9843,32.9118,34.6187,34.9236,31.5494,25.8213,27.3281,34.6377,35.0851,33.0287,31.941,29.9987,33.8365,34.5608,30.092,35.8106,35.9185,31.4461,31.2759,38.0076,34.1771,36.3246,23.6464,36.3383,31.3578,28.5198,28.0018,39.0776,38.2714,29.5604,38.2284,36.1276,27.0838,37.7671,38.2147,38.5641,34.1244,35.1995,79.34,0
2026-02-02 06:00:00,33.3782,30.3761,26.9847,31.5374,30.9069,26.8315,28.8603,27.4589,19.6517,34.8412,18.9456,34.4704,25.2883,29.366,34.0645,33.9232,28.62,22.5382,25.4148,32.1661,32.934,31.6728,30.4127,29.4517,31.1184,35.0091,27.5423,32.9268,34.1644,26.5711,28.141,38.0904,29.7054,34.1162,21.7503,38.2287,32.8935,24.9645,24.639,37.7221,35.8508,28.8089,35.4293,38.4455,27.0224,32.7697,33.1669,39.31,32.802,30.1549,77.05,0
2026-02-02 07:00:00,31.6869,28.4706,25.353,30.6301,28.2605,24.5657,26.9273,26.0865,19.1455,32.1587,18.7273,32.8238,23.0855,25.6763,32.8124,32.2794,29.5972,22.1235,21.2747,34.3776,32.3042,28.1994,27.1095,26.3227,29.3856,33.2169,24.5639,31.8657,33.4927,25.2159,26.2789,35.3766,32.6631,33.3407,22.7,36.2477,30.0852,21.0568,23.658,34.4035,34.1815,25.9466,35.2419,36.5814,24.1475,29.8731,32.7215,39.7007,30.6787,29.55,66.64,1
2026-02-02 08:00:00,31.0713,27.5226,23.0265,28.11,26.6693,22.2143,25.7952,24.5146,18.1315,31.8272,19.4733,32.1837,21.3281,24.7337,29.0672,28.3327,26.0079,19.955,22.6162,30.2447,30.8603,27.4537,27.5264,25.4168,26.998,31.5258,22.4707,30.244,33.2784,22.1265,24.8713,33.563,27.8664,31.0405,22.4917,32.568,26.5878,22.6145,20.9248,34.0626,30.5268,25.2457,34.2107,35.3684,22.8451,29.2181,33.9212,36.6475,29.9259,30.6852,73.01,1
2026-02-02 09:00:00,29.8361,24.535,22.2649,27.1703,23.4554,19.8324,22.8591,20.6645,18.0811,29.8574,18.6468,32.6625,20.0397,24.7328,27.6803,28.3349,26.0051,19.2775,19.5017,28.5518,28.6809,25.653,23.8249,21.73,24.257,31.2827,24.691,29.5585,31.1369,22.2474,22.5902,31.3028,26.6679,30.1832,22.9393,32.7365,26.2027,21.6473,22.9793,33.9519,31.4134,24.4623,32.9706,32.3982,23.0676,26.9432,29.5595,35.6607,26.0279,27.9345,69.0,1
2026-02-02 10:00:00,28.112,22.2869,19.1696,23.723,21.544,20.2166,21.0009,19.8579,17.6956,28.6653,19.9239,28.12,17.8403,21.1809,26.3973,24.7289,23.0476,20.013,19.1268,25.6678,27.3845,25.0527,22.4078,22.2745,22.3292,27.7019,19.8768,25.9554,26.803,21.9114,22.7453,30.1516,26.0581,28.0559,26.5336,28.8209,24.1148,23.2033,21.2908,29.4038,29.2449,24.552,32.8287,31.401,21.9409,27.5238,26.8825,37.1314,25.3584,24.7456,59.13,1
2026-02-02 11:00:00,26.4534,20.5179,19.0385,23.2216,18.5813,17.7226,20.4594,20.4439,19.1305,26.2571,21.7122,27.2413,19.2178,21.0565,24.3663,23.7266,21.267,20.4921,18.8874,25.0314,25.0761,21.4112,20.6718,19.9408,20.3292,26.1346,22.4084,24.155,26.9903,19.9476,19.7492,28.8038,23.6191,25.6834,25.6782,27.1307,20.7177,22.4851,24.1191,32.6935,25.5004,22.7586,29.0518,24.3627,20.7419,26.4974,24.1194,32.0466,26.4579,23.6923,57.85,1
2026-02-02 12:00:00,24.1348,19.0135,18.2033,20.8833,19.6004,18.2562,19.652,18.3259,21.982,24.4898,23.3327,26.4536,19.4366,18.4176,21.9358,21.6318,19.3463,20.5813,20.8126,23.1902,21.9231,21.016,21.4174,20.6589,22.2752,24.2181,19.659,21.8721,24.6441,18.9966,19.8933,28.4545,25.1193,24.2723,29.1743,25.8725,20.8394,25.1297,24.2925,28.8559,25.7598,22.8963,24.3608,25.6113,24.6209,22.9932,22.8694,26.1529,24.7625,22.2664,47.97,1
2026-02-02 13:00:00,21.3339,18.5867,18.4168,19.1149,18.9376,17.1122,18.4337,18.0308,22.8529,23.1552,24.4745,22.7164,20.562,18.5505,21.851,19.3544,18.4104,21.9073,20.8051,19.7218,21.1302,21.1624,20.1879,20.5659,20.0697,22.4346,21.7976,23.3435,23.0532,21.1763,20.3911,24.6224,19.9639,21.4301,30.6216,25.1505,22.2829,25.7939,27.4232,23.5816,24.348,23.8982,21.9461,23.3639,26.2927,24.2844,25.0154,22.6678,23.5506,22.3157,40.25,1
2026-02-02 14:00:00,20.4233,17.71,17.3969,18.5962,17.3268,18.4356,17.5312,18.2683,22.7271,21.2467,27.0728,22.5588,21.8752,18.8687,19.9977,20.309,19.7193,24.5145,22.815,20.2881,19.9963,19.9253,21.0022,21.1333,16.9442,20.3281,22.4125,21.5841,21.8196,22.5066,23.2028,20.1075,23.9168,20.6081,34.2815,22.7937,22.7411,28.1885,27.2485,24.3667,20.8469,21.4393,23.1186,26.0483,26.3651,23.1622,21.9755,25.9266,21.6306,24.3728,32.77,0
2026-02-02 15:00:00,19.0747,17.6596,18.7886,17.8954,17.6963,20.3267,18.0953,20.1828,27.33,19.4467,29.4455,19.3414,23.5987,21.2986,19.0433,18.7157,19.7516,24.8565,24.2324,20.4436,19.7862,21.3108,21.4136,21.8598,21.3846,22.4142,24.0222,19.5098,19.8386,23.9352,24.7898,21.5663,23.0709,22.8742,33.8496,22.521,25.2764,29.0054,29.2233,23.0307,21.9546,26.165,22.4051,21.1472,29.5028,22.973,24.4209,23.3517,22.6668,27.5486,35.66,0
2026-02-02 16:00:00,18.0142,17.8864,20.9079,18.3557,18.1182,21.1122,19.4557,20.0819,29.3027,18.9247,30.1084,17.4951,27.2957,20.7587,17.957,20.8913,19.7232,28.3084,26.0824,20.7971,19.8369,23.5595,22.1366,22.1577,22.4761,20.4026,25.8474,22.7326,20.437,27.7746,25.5142,21.1102,23.2077,20.7409,35.8407,23.4584,25.561,32.8342,30.5693,23.7514,24.3566,26.4906,23.1386,20.9833,30.1895,27.9107,22.4895,24.5678,27.0112,26.0705,33.52,1
2026-02-02 17:00:00,17.7558,18.2419,20.9174,18.8766,20.0047,22.9023,21.0361,23.037,30.2141,19.6819,33.3947,18.1529,27.2729,21.1447,19.2183,19.5451,21.0449,29.7359,27.4232,20.8993,20.9904,22.6145,24.9006,26.58,21.7664,21.454,25.4007,22.8738,22.3457,28.4333,27.8093,20.7863,24.9947,22.674,37.2693,22.2662,25.4624,32.5814,32.3558,19.0315,22.3142,29.1629,20.7744,22.546,30.1157,29.7782,24.8531,19.5933,28.8946,28.385,25.29,1
2026-02-02 18:00:00,17.639,20.2994,22.3183,19.3462,22.0553,25.182,21.9712,24.214,32.5512,19.1249,34.6679,18.1904,30.0873,26.3787,17.97,20.6231,23.3191,31.8732,31.889,22.0767,21.6782,25.5673,26.2727,27.0162,24.6494,22.1566,28.4634,23.7779,21.2149,30.4399,31.5834,18.4922,25.375,20.7939,39.367,21.9449,28.4,32.7042,34.3752,22.9823,24.3186,31.9618,21.5012,23.7621,35.999,29.4294,26.4845,25.4696,26.8993,29.2589,28.94,0
2026-02-02 19:00:00,17.9959,22.2856,24.1906,20.1028,22.2313,26.4334,25.0647,25.9853,32.6831,19.1365,33.7787,18.2178,30.8806,26.7614,21.2283,22.564,27.671,33.1459,30.8535,22.451,24.1595,26.7862,27.0929,29.1061,26.645,21.1731,29.7913,25.996,22.8947,32.5302,31.4041,21.8233,24.8117,25.6073,36.7632,24.8104,32.091,35.0781,37.5305,22.193,26.0667,35.3786,25.1248,25.4708,36.2975,30.1152,27.3606,24.5856,32.9042,32.3069,31.96,1
2026-02-02 20:00:00,18.7749,23.9333,27.7184,22.0959,25.5813,28.3026,26.7451,28.3819,33.6688,21.4917,34.5651,20.3327,33.3935,29.1751,23.0789,26.2666,30.0917,35.4831,34.0343,23.6718,25.0837,29.1954,29.1403,32.6115,28.8702,24.0398,33.2764,28.4966,26.1761,34.3126,34.3193,24.9683,29.4399,28.367,36.2095,24.9302,30.9135,37.6141,35.6528,25.763,27.6884,33.4692,27.8671,29.0667,37.9633,31.7003,30.6042,29.199,33.0974,34.9986,28.87,1
2026-02-02 21:00:00,19.4327,25.9432,28.2093,24.3823,27.2503,31.4406,27.6281,30.3889,35.1968,22.5158,34.4708,22.9674,34.6459,29.3673,25.1603,25.8289,30.428,35.7058,35.1124,26.5332,26.13,31.1054,32.1665,32.1904,32.8262,27.2208,33.2599,28.5855,27.0216,34.9168,34.6921,24.5746,29.2141,29.1971,33.8779,27.1654,33.2018,38.2981,38.0932,25.5605,30.6821,37.5308,25.2401,31.8964,38.4527,35.987,29.5406,27.9091,35.2205,39.1687,32.01,1
2026-02-02 22:00:00,22.3343,27.339,30.7363,27.1403,29.4452,32.1312,29.9764,31.6784,33.6375,23.4904,32.6831,23.683,34.8563,32.5204,25.7907,29.9357,32.1984,35.3241,36.4102,27.7773,28.5557,33.3248,34.5561,34.4881,33.2389,28.3295,33.718,31.0142,30.8572,35.383,37.7245,26.259,32.2994,31.3428,32.72,30.2748,35.9218,38.1054,35.9755,30.7605,33.0998,38.2668,28.9101,33.2856,38.6737,38.6324,34.4586,30.6936,38.7293,39.5977,39.38,1
2026-02-02 23:00:00,24.2392,29.7509,32.4925,28.27,31.36,33.7763,31.7762,33.9232,31.6749,26.107,32.0386,25.9005,35.9592,33.6598,29.2926,32.6208,33.2789,34.367,36.6914,30.2433,31.5495,34.8408,36.5348,35.7398,34.3878,31.6462,36.1814,33.2435,31.1678,39.6301,37.7326,28.2195,34.5596,34.9671,32.5068,32.3834,38.5215,38.8594,38.1389,31.4766,35.5272,39.1056,33.5609,37.3842,38.9081,38.2716,36.9945,31.4544,39.685,40.6858,40.18,1
2026-02-03 00:00:00,26.361,30.7788,33.1871,30.1353,32.3095,34.4625,33.1593,33.3946,31.5668,27.278,30.0682,29.2766,33.5862,33.7537,30.2049,32.6376,33.834,34.5057,34.882,32.0115,31.2977,35.004,34.0588,35.8804,36.9207,32.1547,34.2449,33.514,34.0462,36.7082,35.4528,31.3543,34.9703,35.1787,29.9983,33.3984,37.5817,36.478,36.1155,30.7715,35.2018,41.381,35.3186,37.5379,38.1866,40.4762,36.5674,33.3901,39.1561,38.8346,52.19,0
2026-02-03 01:00:00,27.5703,32.388,33.6337,32.9119,33.2372,34.3998,35.0259,34.1391,29.8504,28.6486,26.9142,29.6781,32.9418,35.3689,32.037,33.7264,36.3292,32.8845,34.4919,33.2811,32.9919,35.2287,36.067,36.3685,36.766,34.6314,36.382,36.728,35.5991,36.3115,36.1783,31.3898,38.0471,35.3984,27.9432,34.9253,38.3574,35.1472,35.9416,31.6441,37.7105,39.7912,34.5611,36.3573,38.5033,38.9439,39.0457,36.3457,40.4882,38.1932,57.07,0
2026-02-03 02:00:00,29.4751,32.2081,33.2868,32.8376,33.5274,32.0032,34.0424,34.0192,28.7597,31.2559,26.2189,32.4109,32.0781,33.3125,34.5216,34.9142,36.7628,30.1861,34.1568,35.6027,35.2477,36.2981,36.2447,34.984,34.4594,33.9829,33.8615,36.2952,35.7499,35.2574,33.0904,33.5157,37.1074,36.5931,28.0194,38.8455,37.1895,34.1384,32.5909,37.1378,39.0815,36.9302,38.8181,38.1031,35.7273,38.2348,39.4165,37.019,38.5548,39.0737,57.27,1
2026-02-03 03:00:00,32.0537,32.3717,33.1162,33.0859,34.0496,31.4356,32.8823,32.8497,25.8761,33.2968,23.0521,32.0449,30.8366,33.149,36.3445,34.2014,33.9126,29.4211,30.7782,34.6987,36.6123,34.1352,35.264,34.4373,34.9758,37.1913,32.9025,36.2737,36.5312,32.8699,34.9457,37.3889,37.6916,36.7805,22.2203,34.7846,35.9101,28.7669,31.2267,36.6933,38.2565,35.7185,38.2763,39.8709,34.8575,38.6466,39.3878,37.7416,37.0289,37.1615,62.5,1
2026-02-03 04:00:00,32.5199,32.7651,30.6272,33.9206,32.9985,30.6476,32.5815,31.9165,23.5235,34.1204,22.6545,33.4912,28.3195,33.6378,35.0325,37.0213,33.5627,26.0081,27.903,37.2064,36.8975,35.1686,34.6825,33.1524,34.8105,36.8751,29.6582,35.5533,36.0336,32.072,34.4196,37.7087,36.5331,38.4902,25.6745,38.2235,33.7543,29.7089,30.2851,38.9521,37.3598,33.0456,39.5755,37.1634,33.2637,34.2025,36.549,39.7874,38.711,35.972,67.71,1
2026-02-03 05:00:00,33.4245,31.669,29.1492,32.9126,31.6767,28.7955,30.7912,29.3992,22.6272,33.3409,19.9345,34.4272,27.0769,30.513,34.0507,34.6004,31.7891,24.3453,26.4191,35.8505,34.9141,33.9199,32.6904,32.5534,32.0303,36.4565,31.7643,35.2387,36.1865,28.4448,27.6688,36.6349,35.5295,38.1698,23.4333,37.5732,33.7696,28.4602,27.6047,37.4203,37.8589,32.0683,37.6399,37.7694,26.8293,34.7478,37.5055,38.5123,37.0929,35.2697,76.2,1
2026-02-03 06:00:00,33.0735,30.6632,27.1821,31.109,29.1782,27.8046,29.454,28.128,20.3967,32.4152,19.1531,35.3143,23.5563,28.7935,34.0429,31.78,30.0143,21.8933,23.5777,34.9391,35.0096,31.3216,29.1898,30.8208,33.1532,34.8795,26.4458,34.0334,34.1054,28.5563,26.4293,37.5721,32.7849,36.7314,21.275,36.2822,29.1447,25.9309,27.573,39.3717,35.7382,29.0223,38.3775,38.0369,28.9333,34.6993,33.3542,39.5026,32.2163,33.82,73.65,1
2026-02-03 07:00:00,32.5229,28.8092,26.0151,31.0536,27.8187,23.7629,27.6215,26.0667,18.6035,34.3331,19.5991,33.0457,21.3338,27.19,33.3609,30.4634,29.3522,20.6082,23.2124,31.7337,32.5947,29.5595,27.0951,27.2795,29.2055,32.8404,25.5503,33.1672,33.412,25.4876,26.2067,35.2051,30.5809,33.0303,22.3267,35.9162,28.3292,23.9917,23.4496,38.1384,34.0622,27.5815,35.2823,38.2889,26.3829,28.033,33.0818,35.6707,30.3047,32.5853,74.05,1
2026-02-03 08:00:00,31.9414,26.9284,23.9796,28.2163,26.528,23.066,25.9378,24.2236,19.1808,32.1184,18.8455,31.8529,20.8851,24.7539,31.4418,29.3446,25.1685,19.406,22.2981,30.7001,29.2917,28.2953,26.3024,26.2782,26.2563,33.3938,22.2091,31.2098,32.6447,25.2311,24.2024,33.9504,29.7202,32.0959,21.7611,32.7494,28.0485,23.6153,22.2246,35.9645,33.4278,24.3974,34.5932,33.8813,24.8518,27.5905,31.9508,36.5796,30.3694,29.5304,77.12,1
2026-02-03 09:00:00,29.7005,25.1587,21.7845,26.6623,23.9324,20.8244,23.1148,20.4577,18.3409,31.4993,18.1318,31.1501,19.4572,23.6314,31.2061,26.0681,24.6448,20.0437,20.1517,27.5528,28.6681,26.0945,25.0273,22.5932,23.8942,31.491,21.6557,26.8407,28.5895,23.1214,22.3016,32.2953,26.7,30.7901,24.1701,30.4424,23.9136,19.4173,23.9145,32.4654,30.8525,24.2377,33.0902,32.0847,24.7187,27.2881,30.1779,34.5389,26.149,27.1613,69.45,1
2026-02-03 10:00:00,28.2046,22.5277,20.5146,24.5098,22.3463,18.1834,22.3369,20.4535,18.5697,29.5402,19.1144,29.3844,19.2855,21.5357,26.3691,23.8284,23.0529,19.825,18.2248,26.6028,26.0217,24.3911,22.5605,24.045,24.1786,27.6355,23.2136,26.4965,27.2077,21.9877,19.7891,29.6799,27.4675,26.509,27.9747,31.2429,21.5117,22.0181,21.7783,30.8796,29.2541,24.8504,31.6535,30.45,22.6513,24.11,26.1536,29.559,26.7836,24.2194,59.93,1
2026-02-03 11:00:00,25.8943,20.7768,17.8903,22.6623,21.3047,17.9174,20.3435,19.5332,19.5676,26.9397,20.8014,26.2456,18.7452,18.9023,25.0774,23.3769,20.8393,19.1839,20.481,22.8184,25.4345,22.6794,19.6397,20.568,21.1843,25.0952,21.06,25.4644,26.2881,20.1919,21.576,29.3006,22.5275,26.9962,26.5193,27.0821,19.8406,21.144,22.1792,29.2241,24.9958,23.4002,32.6564,25.3418,24.0994,23.8315,25.7341,28.9642,22.9112,26.1852,52.52,0
2026-02-03 12:00:00,23.8205,20.0964,18.6489,19.4424,19.5319,17.9908,18.2049,17.9738,20.0581,24.3951,23.2619,24.546,18.9442,18.6466,24.1944,22.308,20.657,21.6633,18.4922,23.5904,22.7843,20.8868,19.3529,20.2496,21.2372,22.0757,19.893,22.3899,21.6943,21.1948,22.2273,29.6083,25.4691,25.2126,29.0796,25.8151,22.8259,24.3595,24.1706,26.1697,25.0677,22.9538,30.8793,25.4494,22.5382,20.7865,25.8868,24.9827,23.3185,24.9669,51.22,1
2026-02-03 13:00:00,21.8715,18.1338,18.2573,19.032,18.0893,16.8859,19.4634,17.7242,22.1363,22.1391,25.2189,23.771,20.0962,18.2264,22.5003,20.9666,19.4814,24.23,19.6789,20.623,20.1918,20.0989,20.7523,20.8181,19.2417,22.5459,21.0486,21.3286,24.4894,22.5401,24.9815,23.1261,22.197,23.5651,30.5359,21.5374,22.9864,24.1319,24.889,26.5607,20.9262,19.6019,25.1143,23.3182,23.2837,24.2785,22.3784,27.0256,25.0398,23.1248,39.65,0
2026-02-03 14:00:00,20.3451,17.3431,18.0503,18.8219,17.3721,17.3073,18.1876,18.0077,24.4596,21.2517,26.4405,20.3766,21.5748,18.7315,18.496,19.3726,20.3705,23.9546,22.3102,20.4867,18.9871,20.3703,20.0291,21.6871,20.5421,20.5327,21.4535,20.4652,22.5981,22.9273,24.3188,25.6546,21.5324,22.9325,32.6958,20.8757,22.2646,28.3091,26.4686,23.762,21.5895,25.1834,26.2478,24.5577,27.6405,25.1597,20.247,24.1768,22.5505,25.5458,42.51,1
2026-02-03 15:00:00,18.5122,17.3257,19.3995,18.3488,16.3365,18.6432,17.9156,18.6926,26.4063,19.3494,28.2549,20.151,23.0749,19.9202,19.2724,18.9287,18.601,25.9371,24.4632,20.1739,19.855,21.7441,21.2792,21.7412,20.4523,20.1199,23.3422,21.3702,19.2981,22.8207,22.8921,19.3462,20.9748,21.4905,34.6425,22.469,22.2264,28.7508,27.979,22.8559,22.426,26.1392,21.7669,22.373,28.7174,22.217,24.2131,23.7499,24.0259,25.4554,33.31,0
2026-02-03 16:00:00,18.3801,17.5797,18.7144,17.0251,18.4895,21.4517,20.4904,21.173,29.4631,18.2303,31.1676,18.6216,25.1407,21.2923,20.2096,19.4736,20.6232,28.6518,26.6137,19.2982,17.6971,21.5476,23.4631,21.4295,21.885,21.5247,25.9678,21.5613,18.7185,27.235,26.1543,22.1871,23.0473,20.7709,35.1575,23.1755,25.1534,29.7474,32.7028,21.8196,24.2621,26.7048,23.3701,24.6914,30.8821,25.9207,22.7328,25.5387,26.8208,28.4441,28.87,1
2026-02-03 17:00:00,16.7326,18.1874,20.9816,18.6603,19.5995,22.8543,22.1885,23.9638,30.6423,16.8814,32.3981,19.6675,27.0761,20.8244,21.6265,21.0486,22.3268,31.838,28.2743,19.6791,20.0352,23.9016,22.9462,25.8583,22.9367,20.0347,26.8405,23.2645,21.5942,29.0165,28.8569,19.202,23.2203,23.8404,37.0404,21.2545,28.6445,32.1881,32.8113,22.4142,24.0228,30.1108,21.9894,24.1892,31.8531,26.971,24.3021,23.5048,25.3345,28.1818,22.03,1
2026-02-03 18:00:00,17.1122,19.392,22.7781,18.7163,21.6346,24.815,22.6103,24.0617,32.6808,18.5438,35.2344,19.2286,30.0788,25.3763,20.6944,20.4802,21.9479,32.064,31.9193,21.3877,21.8116,22.5004,25.6356,26.3477,26.6075,23.959,29.5036,23.5241,21.4245,28.6272,29.5164,22.1482,25.3863,23.7016,37.787,24.8499,27.6504,33.5111,34.1429,23.1499,24.5786,32.2071,22.9405,24.443,35.4718,29.8315,26.9603,24.3857,30.082,30.2504,27.48,1
2026-02-03 19:00:00,17.5325,21.2429,25.6595,20.4072,23.2046,26.9227,24.3077,26.2043,33.3099,20.1497,34.3695,20.1533,31.4381,26.5691,21.1244,22.5341,25.2972,35.4717,32.2747,23.7399,22.139,26.6926,27.6056,30.0907,27.1303,22.3937,31.5681,26.7438,25.1732,32.4258,33.1795,21.4136,27.8961,24.6252,37.0585,25.6726,32.6298,36.5659,36.0277,23.2037,25.5218,34.2785,28.2987,25.3904,36.0196,33.3409,28.7453,24.2199,33.7833,30.269,30.37,1
2026-02-03 20:00:00,19.5679,24.0971,26.7432,22.2392,25.1635,28.3887,26.608,28.5766,34.7429,21.5187,35.7759,20.2918,34.5598,27.8466,22.281,24.7948,27.6172,33.9857,34.6581,24.7257,25.8605,28.5551,30.5232,32.0877,29.5691,23.119,32.8484,28.0381,26.387,34.9735,34.9003,24.4102,29.7512,27.2832,34.0718,26.8213,31.2196,38.391,37.9895,25.0451,27.5565,37.004,25.6984,27.011,37.8669,31.7078,32.1525,25.268,35.4054,33.9958,27.8,1
2026-02-03 21:00:00,20.4026,25.3682,29.7001,24.5029,26.3687,30.7388,29.2116,29.3942,34.4841,22.3193,33.2098,22.8922,34.1062,31.4195,26.8018,26.9794,31.1203,35.5554,35.5496,27.4357,28.074,28.9649,32.8577,33.3464,31.6183,26.5374,33.9789,30.7428,28.1236,34.8649,36.97,24.3167,32.502,29.3338,35.4507,28.9829,33.6902,37.2964,40.0388,26.5292,31.6608,37.0954,27.1989,32.2524,38.1004,37.0723,32.4274,26.0092,35.9432,39.0201,36.04,0
2026-02-03 22:00:00,22.6515,27.6776,31.7244,27.1097,28.8332,31.2884,31.4167,31.5799,33.8674,23.5823,31.9873,24.7615,34.2127,30.733,27.685,29.2063,31.5476,33.8876,34.3327,29.6987,28.1343,30.9861,32.356,35.5169,35.1001,29.6641,35.3402,30.9078,29.4676,35.0747,37.5196,27.7187,33.6683,30.7318,33.983,31.3351,36.6675,36.2235,38.048,28.5387,30.5691,37.9674,28.7676,29.3139,37.9852,39.3756,34.8726,31.1577,37.6405,42.041,35.88,1
2026-02-03 23:00:00,23.3628,30.0229,32.6489,28.7042,31.3906,34.0986,32.4919,33.1832,32.9733,26.9055,30.9294,26.6112,36.7723,32.4719,28.4943,31.1619,32.9423,33.9637,35.3966,30.8153,30.8038,34.4223,35.0477,35.189,35.8055,31.4785,37.2636,35.058,33.8265,35.8495,37.4723,28.9812,33.6788,33.8948,34.4284,31.1782,38.6956,37.4586,36.7132,31.2616,33.0644,38.223,31.1756,34.0249,38.5996,35.826,34.1038,34.4528,41.0052,39.7951,43.28,1
2026-02-04 00:00:00,26.3627,31.0794,33.2544,30.2945,33.4719,34.8425,33.299,33.3264,30.9968,28.3378,30.8509,28.1013,34.6247,36.2241,30.9356,33.3932,35.3737,33.5044,36.9474,32.6687,33.7819,35.2588,36.6916,37.5509,36.689,33.3738,37.4642,34.3516,34.7121,36.8694,36.4292,32.685,33.7467,37.2408,30.1321,33.187,39.8234,36.347,39.3147,29.9494,37.1879,38.8793,32.2881,36.0605,39.8008,40.5402,38.8625,35.9561,41.5268,38.9754,58.34,1
2026-02-04 01:00:00,28.7008,32.751,32.8542,32.4169,33.2608,32.2385,34.8035,34.869,30.2846,30.0322,29.2796,30.4002,34.1166,35.018,32.9952,32.6673,33.8831,32.4144,33.6574,34.3327,34.313,36.5824,34.3538,36.3564,34.7929,34.4357,35.0377,35.5278,36.0123,37.4315,35.1462,33.0331,37.3266,34.8751,29.1483,36.3005,39.1638,34.2554,35.6266,36.9449,36.7292,38.5996,36.2952,34.2894,36.2524,38.2388,37.9315,34.376,39.5259,39.3539,54.98,0
2026-02-04 02:00:00,30.0841,32.2699,32.7001,32.4485,33.8725,32.7414,33.7177,32.8426,27.9535,30.9411,25.3692,30.6299,32.4187,34.1244,34.4424,33.5995,33.5173,31.4208,32.0861,36.2319,34.039,33.5453,35.8049,35.4682,35.6441,35.3175,35.0061,36.282,37.6827,34.1317,35.7883,35.1717,37.749,35.8083,25.5593,35.2435,39.2564,32.0667,33.5619,37.642,40.6966,38.4355,37.6914,40.2408,35.1168,40.1447,44.0364,39.4961,38.3571,39.202,64.66,1
2026-02-04 03:00:00,32.0641,33.1897,33.1118,33.4253,34.0589,31.6417,34.1082,33.3908,25.561,34.7236,23.5566,34.6581,30.6928,34.0489,34.0736,34.6404,34.4274,27.7267,31.0617,35.3813,35.6896,36.5944,33.9051,35.7187,36.8811,35.1784,33.1018,36.2643,35.8057,32.635,33.609,36.3011,39.583,39.0913,25.925,38.0088,36.4586,32.644,31.8037,37.9654,39.4886,35.8446,38.8467,39.2466,33.0193,37.3722,38.9895,38.5616,39.6628,37.7782,66.12,1
2026-02-04 04:00:00,32.2755,32.9189,31.609,34.0637,32.2807,30.2302,32.284,32.4081,24.5986,34.5894,21.1806,33.8073,28.6423,32.6069,34.5601,35.6219,32.4842,26.6049,28.5052,36.6584,34.9944,35.6873,33.1897,32.468,33.4177,36.6512,32.9699,38.3541,38.2717,31.662,31.9067,38.067,36.5418,38.4063,21.8997,38.4826,33.9424,28.2036,28.0376,39.455,39.9977,34.706,38.8344,39.9442,30.4421,36.4728,39.2849,41.588,38.7157,38.021,72.77,1
2026-02-04 05:00:00,33.807,31.9857,29.5185,33.2682,31.7845,29.0976,31.3204,29.9693,21.1024,34.9614,19.1574,34.3853,25.3142,31.1631,33.4421,33.5806,31.0509,23.0897,26.1351,35.2699,36.2174,32.0066,29.7483,29.2472,33.1483,37.1308,29.6663,35.9401,36.0369,30.7282,31.4914,38.4423,35.9497,38.7565,22.7655,38.5494,34.3446,25.138,27.5416,36.6744,35.6877,32.353,37.9979,39.402,30.9863,34.7137,38.4749,40.1079,37.3675,32.9939,76.93,0
2026-02-04 06:00:00,34.2583,29.7209,27.3928,31.6605,29.5165,26.1449,29.2015,27.6584,20.0633,33.5164,19.8305,33.4924,24.3905,29.6159,34.7838,32.8112,30.917,23.3277,24.3766,33.2857,34.6751,32.9013,31.565,28.0711,30.1585,35.0905,30.3642,34.506,35.6217,29.8181,29.685,37.1868,34.8473,37.8386,22.8145,37.641,32.5388,25.0677,26.7267,35.6967,38.1003,29.3477,37.2587,38.5712,25.4198,32.3636,35.8948,39.5655,34.2287,33.106,71.4,1
2026-02-04 07:00:00,32.3227,29.5397,24.4278,29.5883,28.5848,24.2949,27.2422,25.8308,19.8484,33.3994,18.8156,34.2669,21.2458,27.0214,32.3964,31.2944,29.1599,22.1453,24.2215,32.3962,32.3237,31.289,27.8198,28.6158,28.2278,32.8795,26.2636,30.2185,33.6005,25.9862,24.7598,34.4019,32.6705,34.9396,22.8296,34.1377,29.9213,24.4113,25.7839,34.5306,34.0347,26.204,37.2562,36.9437,25.5292,32.7364,34.8052,38.6539,30.7638,33.7269,71.33,1
2026-02-04 08:00:00,31.2258,26.4586,22.8877,28.8459,26.0996,24.2128,24.9504,23.3259,18.646,32.0347,18.5397,32.9767,20.5705,25.3767,31.3781,29.5209,27.0012,20.9096,21.3172,29.5913,30.9155,26.2726,25.3196,25.444,28.7905,32.0372,25.4098,31.5989,29.9243,23.3679,24.1115,34.0247,31.0097,30.7942,25.3176,32.0023,27.535,23.3364,22.6492,36.1257,34.2462,25.9973,35.4397,35.128,23.1672,30.2916,35.3924,34.2854,26.7749,30.5268,73.92,0
2026-02-04 09:00:00,30.7286,25.019,22.6142,25.7374,24.1089,20.5486,24.0191,20.3905,18.2127,30.9978,17.945,30.778,19.0165,23.0253,30.2094,28.4765,25.2524,20.4154,19.1656,27.3601,27.5561,25.5815,24.4837,23.5666,25.8365,31.3884,21.5777,27.0538,30.9672,21.7964,22.4007,34.3991,27.0036,30.5189,23.2259,32.2561,26.7355,20.2583,22.7282,33.9781,30.7851,26.185,32.8015,32.5334,24.3076,28.3892,28.9807,33.1639,30.2401,30.2082,68.32,1
2026-02-04 10:00:00,28.98,22.7902,19.1468,24.4421,21.501,20.3194,20.8469,19.5032,18.7744,29.483,21.07,27.3844,19.1966,20.8142,27.1773,25.6956,23.5517,19.4949,18.3969,27.0334,25.9817,23.7943,21.5143,22.8273,24.3343,27.6043,21.512,26.0818,25.8794,23.184,22.212,29.8273,24.8505,27.6125,27.2315,33.1007,24.0138,23.8681,23.989,32.2692,29.4806,24.6494,31.2453,31.2783,23.3896,25.4688,24.8529,32.1126,28.1668,25.4456,67.19,1
2026-02-04 11:00:00,25.8668,21.4453,18.6682,23.2287,20.689,18.5923,19.3167,18.963,19.6047,25.4614,20.9145,26.5334,19.072,19.2708,24.8453,24.0179,19.2387,20.3993,21.6,25.2074,26.1028,20.3473,20.1548,21.1936,22.716,24.5207,21.4995,23.5263,24.8007,19.796,18.7996,28.6927,23.9308,26.6519,28.8218,26.8747,22.5881,23.1971,22.9123,30.9374,25.7473,24.5201,31.6494,31.6725,25.0911,24.3138,24.4553,30.4165,23.4884,23.6096,57.55,1
2026-02-04 12:00:00,23.8319,20.5,18.2914,21.0754,20.1796,17.5088,20.0431,17.6565,19.7909,23.6414,23.406,25.3207,19.6203,20.3047,23.1704,21.4432,20.3532,21.1648,19.9349,22.6847,22.9413,20.5647,21.9002,20.1082,20.8181,24.167,19.6791,22.992,23.5652,21.4509,19.7212,26.7672,20.3684,23.4824,29.5575,25.7156,23.0475,24.7479,24.7573,24.6083,23.1924,20.4951,30.2495,24.9452,25.2276,24.3939,26.3669,29.0872,24.2211,24.4741,57.44,1
2026-02-04 13:00:00,21.8898,17.4433,16.7135,18.0686,17.4487,17.5198,18.7029,17.8452,22.2937,22.9095,23.9577,23.2009,20.4235,19.445,21.4219,21.4885,18.9806,22.721,21.4979,21.3264,22.3073,21.5208,21.9168,19.9629,19.8017,23.0217,21.2133,23.2469,20.4915,23.2785,21.7854,25.26,21.9329,23.6442,33.7912,24.7967,22.817,28.8902,25.798,24.2993,24.2726,21.0244,25.5145,25.3842,25.555,22.4071,23.2875,26.3936,23.4609,22.819,46.32,0
2026-02-04 14:00:00,19.5345,17.0975,17.7538,18.3018,17.4949,18.6126,16.4798,18.8189,25.5924,20.4331,26.9543,21.2637,21.1437,19.958,21.113,19.5444,18.7883,23.9548,21.8644,19.7751,20.6643,19.253,19.8875,19.7958,20.1699,22.2032,23.2385,19.9787,20.3967,22.745,23.8592,23.4265,20.819,22.9666,33.3754,22.4782,23.9373,28.3466,26.1732,23.4966,22.7459,24.188,23.4098,24.8183,28.1183,23.0936,26.8944,24.7943,24.2789,23.7007,45.01,1
2026-02-04 15:00:00,18.2875,17.3913,18.9389,17.4457,18.0277,19.0607,18.1164,19.5015,26.1263,20.0717,29.3491,19.6326,23.1604,19.8919,19.5839,17.6145,20.4185,26.8683,24.6002,19.9673,21.1675,22.1848,22.2827,20.9597,20.9964,21.4244,23.2058,20.1497,21.34,23.245,24.5551,22.6059,22.1074,22.0768,35.2927,23.1043,23.787,30.148,27.8495,24.1177,21.5277,27.0602,23.3889,21.0311,30.1649,25.8685,24.6857,26.2235,24.4997,25.1743,39.08,1
2026-02-04 16:00:00,17.2089,17.078,19.6612,16.8773,19.0824,20.7794,18.3009,21.4642,28.4174,18.422,31.2444,17.8844,26.0467,21.2854,18.6465,21.5111,19.5308,29.0763,27.6024,21.6602,18.1688,21.7337,22.8742,23.6649,24.0768,20.8149,24.4164,21.5168,20.7328,26.8532,27.0438,20.5211,22.1099,22.4099,36.6049,22.865,26.6102,31.2366,32.4711,22.8495,20.6046,27.8088,24.5441,25.8018,29.7888,26.3518,23.3374,25.7605,27.4836,28.7844,25.78,1
2026-02-04 17:00:00,16.8025,19.001,22.8936,18.3367,19.4794,22.9165,20.2783,22.6839,30.1622,17.5158,32.6844,19.3909,28.2465,22.5883,20.2123,20.337,20.9843,31.5722,27.8345,21.3863,20.4228,22.019,22.8352,25.1591,22.4968,20.27,29.168,24.0024,21.3931,28.4195,28.5388,20.4493,22.4114,23.4809,35.969,24.1163,28.3953,33.5237,29.7367,26.0214,19.9472,30.1012,23.0347,24.6614,34.2323,29.0816,24.2894,24.5817,26.5136,30.1501,31.77,1
2026-02-04 18:00:00,17.1954,20.3944,22.2675,18.8887,19.7205,25.4053,20.6508,24.6937,32.0763,17.4104,34.0813,17.7815,28.6082,25.5357,21.1758,22.0093,24.7928,32.8502,30.85,21.5075,23.1964,24.5417,25.2343,27.814,25.1283,21.103,28.1643,23.304,21.7623,30.9154,31.8408,23.7118,26.6905,22.9152,38.7758,23.6739,29.637,33.8006,34.1627,21.6609,25.3147,30.4759,24.2088,25.2694,35.5204,25.7653,26.3177,23.0938,29.5874,31.5252,28.76,1
2026-02-04 19:00:00,17.8869,21.9652,25.8603,20.3588,24.1325,28.4419,24.5704,26.0742,32.943,19.761,33.5732,19.3986,30.1792,26.4271,20.4081,22.3594,26.6872,34.7175,31.0563,22.9504,24.0752,25.1027,29.6886,29.3441,26.8085,23.1902,31.5924,24.7611,24.3008,33.0439,34.0942,24.0604,27.1474,25.7611,38.4089,23.8446,30.5354,36.8691,34.7779,24.7551,25.8465,33.625,23.958,25.8461,37.4819,33.5131,25.8493,25.7302,33.5536,33.0069,29.33,0
2026-02-04 20:00:00,19.6257,23.7614,27.2465,22.5139,25.832,28.995,26.0155,27.72,34.3916,21.0333,34.6558,19.9719,32.3442,28.009,24.3747,26.9703,28.4836,34.3268,35.6038,24.5993,26.2495,28.9681,28.9044,30.4038,30.8693,25.9385,32.5591,27.6906,25.7263,34.7664,33.3849,24.298,30.1078,27.1964,36.8452,26.9445,35.0081,39.8152,39.0491,26.7481,27.2543,34.9831,24.8101,29.339,37.5417,34.8259,31.2696,28.4021,31.4008,37.5355,33.09,1
2026-02-04 21:00:00,19.7853,26.456,29.7202,24.0928,26.4106,31.3319,28.8206,30.211,34.384,23.0011,34.1784,23.0655,34.8304,31.1393,25.3786,26.5916,29.6528,36.6899,35.1694,25.7032,27.0561,30.4381,34.3975,33.4944,33.6673,26.6492,33.878,29.6159,26.3342,35.9702,36.698,26.0567,31.4087,30.6714,37.891,27.7555,33.7482,38.7984,40.0714,29.1989,30.3822,36.3988,29.2905,28.6624,37.7658,36.8056,33.9625,27.9395,36.6694,37.3852,31.09,1
2026-02-04 22:00:00,22.6307,27.1452,31.216,26.6004,29.0527,31.4317,29.5869,31.5911,34.4203,24.4739,33.3308,24.6494,35.6067,32.3127,27.3887,28.9992,32.8342,35.2152,35.1832,28.6294,28.6596,32.0978,33.3206,34.9087,33.8967,28.9038,36.7658,30.565,29.9826,37.397,37.3143,27.576,33.7148,32.3681,33.6551,29.4155,35.4926,41.0238,37.4935,29.0342,33.5326,37.4782,30.5652,34.6867,37.8403,34.8642,33.5694,32.2565,36.9954,36.8633,38.81,1
2026-02-04 23:00:00,24.028,29.6877,31.8611,28.2226,32.0656,34.0437,32.2079,33.1427,32.3038,23.6834,31.832,26.0105,34.0918,33.952,30.0381,29.9925,34.269,33.0789,35.3599,31.6754,30.2171,32.7173,36.6627,35.7825,35.4063,30.5402,36.4308,33.0787,30.8733,38.6357,40.0822,29.2751,33.3356,32.7378,30.2157,31.4523,37.877,38.2956,41.5128,29.702,34.5421,37.3952,33.2859,35.7625,34.2979,37.683,34.4955,35.2164,41.3842,39.5881,41.85,1
2026-02-05 00:00:00,26.2021,30.8388,33.2357,30.0714,33.3311,32.7499,32.9964,33.2449,31.4504,28.741,29.122,28.87,34.5959,35.1741,30.7046,33.2035,34.8267,33.425,34.7062,32.0114,31.9417,35.1701,35.6557,36.4538,36.0898,34.8832,37.1807,32.9665,34.984,36.2475,36.3742,30.4237,37.7739,35.9697,32.5227,33.3049,35.0369,36.897,38.7775,34.2876,35.359,35.5087,32.0672,35.9489,37.3281,38.7105,36.8349,35.8636,40.1815,38.5054,59.24,1
2026-02-05 01:00:00,28.5931,32.8975,32.379,32.4478,33.9025,34.1997,34.8341,34.6667,29.8224,29.308,27.1104,29.224,34.8104,34.5082,33.5704,33.946,34.3212,32.75,33.7735,34.0358,35.1408,36.1203,36.9944,38.2192,36.9083,34.5958,33.9837,36.1468,35.0542,36.2357,36.5878,35.0135,38.2331,38.1327,29.379,36.9241,39.9954,34.8624,35.8616,35.661,40.1622,39.9333,38.6567,39.5721,40.5097,39.8762,40.5513,37.2073,38.6972,39.1881,53.46,1
2026-02-05 02:00:00,29.4615,32.1199,33.5241,33.565,33.5901,33.0061,34.8493,33.2462,28.3267,30.6929,24.3821,31.9901,32.3364,34.5848,33.766,33.711,34.9679,30.4965,30.6021,34.2774,35.8781,34.7863,37.298,34.5779,37.1737,36.6178,35.9089,35.4906,39.226,36.3209,34.511,37.1723,37.5977,37.8837,26.9615,38.2156,37.4979,35.6916,35.7736,37.5585,37.462,36.7199,37.928,36.2088,36.6256,41.9386,40.7285,38.3608,41.6342,41.5491,57.39,1
2026-02-05 03:00:00,31.7129,33.2541,32.591,32.4951,33.5573,31.8414,33.9791,32.588,25.399,31.8993,24.5209,32.6239,31.3517,33.7782,33.6733,35.1945,35.503,26.73,30.9015,36.4772,35.8443,36.6935,36.4987,33.7583,36.2182,38.1587,33.2435,39.5238,38.0665,33.8627,33.0957,35.7131,37.8152,37.4089,24.0999,38.0918,38.29,30.5983,31.0465,39.6726,36.8803,34.3826,36.1017,37.7416,34.0165,38.9564,39.7953,39.9154,38.6224,38.9394,64.41,1
2026-02-05 04:00:00,32.6351,33.0653,31.5422,33.9355,32.7087,30.1762,32.2874,31.4576,24.5049,32.6564,22.6622,35.0608,29.0462,33.8082,34.3133,35.0555,34.8832,26.5003,28.8705,34.5686,36.3307,35.0245,33.3367,31.5481,35.1875,35.6525,30.292,37.0471,36.8596,30.7259,32.8067,38.4284,37.9713,36.3555,23.5838,37.523,37.0983,28.1862,29.4339,38.2177,38.7691,33.2388,40.3643,39.1979,32.8596,39.1014,41.2262,40.2427,37.4329,37.2088,71.43,1
2026-02-05 05:00:00,33.3342,31.4695,30.1449,33.7884,32.2613,27.6939,32.3432,30.4907,22.7954,34.6043,21.1132,34.9581,25.5121,31.2024,35.2781,33.9764,32.0288,24.4224,27.3396,35.6538,35.413,32.5975,31.4222,31.4966,33.9398,36.9312,32.2245,35.768,37.0646,30.458,30.5893,36.9869,35.2158,34.601,20.7872,38.0698,32.8325,25.9949,28.3487,37.2481,37.6603,31.8332,38.4338,38.6966,29.0815,37.7921,35.3125,37.9502,36.8363,35.659,73.9,0
2026-02-05 06:00:00,33.2172,30.2834,27.8447,32.8503,29.4553,25.684,28.3083,28.9419,19.7142,33.6485,19.5782,34.9966,24.0189,29.4124,33.2557,31.4158,30.2937,21.6958,24.4176,34.9545,35.087,31.5762,30.2421,27.4926,29.5456,35.0852,28.8084,34.6511,33.1193,27.4685,28.8823,36.3401,32.2415,37.0643,21.676,36.1887,32.6687,28.181,25.0247,38.864,38.1162,29.4629,38.3656,38.1169,26.9576,34.8884,35.9106,41.2419,32.6646,33.1495,78.56,1
2026-02-05 07:00:00,33.7922,28.9063,25.6572,30.7837,27.6024,24.8923,26.4077,26.9064,18.8518,32.3202,17.1633,33.4076,22.3311,26.3299,34.0178,31.4919,28.3563,21.5759,22.3589,32.223,33.5729,30.4808,27.005,27.5252,29.2948,35.1934,26.3814,31.8148,34.9249,28.342,26.8497,35.9751,31.7973,32.569,21.053,35.7402,27.6006,24.0848,22.7343,37.5471,34.6253,26.3603,36.5624,36.2944,25.4225,32.17,35.1712,38.4739,33.629,28.0152,74.27,1
2026-02-05 08:00:00,31.1298,27.4439,23.006,28.0684,26.635,22.3972,25.1663,22.8027,18.1057,32.1479,17.837,33.1843,20.8342,25.7261,32.0165,28.2863,26.6375,19.9743,21.5066,30.0617,29.8882,28.9017,26.4163,25.24,27.5151,31.1843,25.588,30.1977,31.1826,25.3228,24.2074,34.8015,30.3396,31.0852,23.175,32.383,27.4609,23.0139,22.0632,35.3107,33.2475,26.9551,35.5488,35.9131,23.4979,31.5423,33.4699,40.5094,30.2966,30.2742,69.67,1
2026-02-05 09:00:00,29.7007,24.2883,21.157,27.0345,23.9232,20.4509,24.629,21.5201,20.0713,29.7162,19.1198,30.2181,20.3164,23.5385,30.1984,27.9868,23.901,17.9185,18.9915,29.0791,29.0954,27.0601,23.4726,22.9335,25.6335,30.2179,22.9985,28.8023,30.1462,24.0681,22.7383,34.2799,28.0472,30.3581,25.1754,32.1808,24.5705,23.0815,22.3919,32.6401,30.2865,23.4684,33.7736,30.1655,22.7785,25.605,31.4116,39.2395,26.6186,28.3499,69.61,1
2026-02-05 10:00:00,27.8386,22.3303,20.5404,24.0772,22.8177,19.5233,21.2145,19.8097,18.3475,29.258,20.0308,28.4397,19.2876,20.8591,27.1613,24.7346,20.1461,20.2433,19.9296,28.0095,25.2239,25.3883,23.6464,22.4933,23.2804,28.5636,20.7773,25.198,27.1801,21.8406,20.8961,31.1739,27.6436,28.5288,24.4179,31.3242,24.6015,22.1688,23.1612,32.4065,30.4168,23.0498,29.536,27.4534,23.3602,27.0667,29.3138,32.8524,25.3507,26.1168,67.16,0
2026-02-05 11:00:00,25.8538,21.5191,19.3784,22.362,19.8819,18.3679,19.7012,19.2468,20.6595,27.5206,21.1606,26.9784,16.6386,21.6895,25.202,24.0247,22.0967,20.3837,18.0957,25.777,24.8802,20.8746,20.7913,21.2907,22.1931,25.1879,20.7848,25.1089,25.2896,21.6468,20.6766,30.5948,23.2749,27.9321,28.445,27.5421,23.8561,22.1219,22.5879,30.9945,27.5612,25.2851,30.9053,26.1641,23.7063,27.0468,28.4197,31.4395,22.9603,23.7376,57.3,1
2026-02-05 12:00:00,23.723,19.1793,17.6059,20.9675,18.9159,17.3845,17.7909,18.5135,19.9969,24.2814,23.3315,24.3366,18.3089,19.5949,22.1204,21.6228,21.5504,22.6219,21.1938,22.7281,23.532,20.2956,18.8698,22.047,20.3375,23.8351,20.1563,25.0836,23.9747,20.9812,21.4179,26.7182,22.0558,24.9154,29.8779,27.5082,22.0977,23.158,21.8935,25.786,25.2645,25.8943,27.8957,24.5156,26.2361,24.245,26.2151,28.4802,24.5905,26.8711,53.47,1
2026-02-05 13:00:00,22.6586,17.7283,17.454,18.7916,17.52,19.5165,18.7105,17.7651,21.8942,23.4616,25.0574,23.588,18.5948,18.5096,22.2281,20.3979,18.9791,22.0883,21.7937,20.5686,20.327,18.9719,21.6174,21.0896,18.8185,22.3809,20.7799,20.1642,22.8005,21.0273,22.2617,25.5467,20.8836,22.8127,32.5449,25.3253,23.0485,24.6359,26.013,26.0782,24.04,25.3641,26.593,24.9141,27.0554,24.5629,22.5031,25.8693,23.7208,23.4505,43.86,1
2026-02-05 14:00:00,20.9763,17.8494,17.1558,17.5366,17.7231,19.1004,18.6444,18.0978,24.0623,21.7917,27.2225,20.9955,21.7902,19.2029,20.48,20.5963,18.5882,24.466,21.8043,20.1654,20.1518,21.175,20.724,20.9819,21.6552,22.5385,20.9447,21.6747,21.6724,22.0363,23.8989,22.6527,22.2136,21.9203,33.4007,23.8115,24.1591,25.02,28.8095,25.2728,23.2697,24.1094,25.6896,23.6577,25.1766,25.416,23.0696,25.6411,24.8399,23.4837,36.46,1
2026-02-05 15:00:00,18.4724,17.0336,19.0824,17.917,17.0216,19.862,19.0112,18.7795,26.0356,19.6006,28.7232,19.1947,23.5935,19.6575,19.8491,18.6134,19.9006,27.6149,24.9756,18.3735,20.0512,20.3915,21.378,19.8657,20.154,23.0796,22.6456,20.1563,21.1895,26.9045,25.2768,21.1661,20.0955,20.071,36.2508,21.7624,24.3316,29.6534,28.3336,25.7529,20.9744,26.0226,23.784,23.794,28.7628,24.1937,21.3857,24.6534,22.7699,25.8433,35.12,1
2026-02-05 16:00:00,17.3022,18.2377,20.0388,18.7151,18.338,21.0206,19.0859,19.0459,28.4877,19.9365,31.76,18.2051,25.6145,22.3697,20.4927,18.6608,20.8948,28.0016,26.4924,19.4568,20.307,22.6623,23.6751,24.5008,22.2401,22.358,26.3407,22.2134,19.4675,26.8277,28.1598,22.2475,23.4123,23.7297,35.9167,21.0319,28.7792,29.7094,33.3997,22.903,24.5238,27.4346,23.6217,23.8881,29.6986,30.247,25.9006,22.0759,25.8809,28.2084,29.26,0
2026-02-05 17:00:00,17.4509,18.2282,22.3864,18.8795,18.9734,23.7935,20.4624,21.665,30.0846,17.9948,32.3069,19.2417,26.7582,23.5113,18.9493,20.8188,23.3595,31.6833,27.5967,20.9632,20.4237,21.5188,25.1212,26.3267,23.1841,22.6914,27.7463,22.8095,24.3131,26.9703,27.3525,21.6535,22.6393,23.778,35.6183,23.6042,27.3099,34.3746,34.4286,24.7792,25.0997,30.2187,21.2664,24.3465,29.6784,25.8928,27.3189,22.257,26.9346,29.6883,29.87,1
2026-02-05 18:00:00,16.9303,19.8608,22.722,19.6001,21.8567,24.7592,21.8599,25.0648,31.6144,17.3133,32.8112,17.0126,30.0442,25.043,20.1506,20.5614,24.3745,33.4939,28.7424,21.3251,20.6887,23.9395,25.486,28.729,27.3691,17.9401,28.9679,25.8585,23.1171,31.5757,30.275,21.2514,24.4052,24.2463,36.2574,21.7125,31.5738,36.5236,33.8254,24.332,24.8414,33.3426,22.7687,22.9211,35.4066,26.8557,25.3912,20.003,31.0961,31.8152,31.17,1
2026-02-05 19:00:00,18.0983,22.1814,25.0678,21.2244,23.7669,26.7933,24.7397,27.543,34.1633,18.374,33.8761,18.8496,31.9391,28.0912,21.8001,22.6447,25.6797,34.3017,32.6479,22.6369,23.2299,25.8161,27.8599,27.2822,27.7419,23.7746,30.4692,27.436,24.8396,35.413,31.5626,21.4944,29.2372,27.2041,37.2192,23.915,33.0342,36.1554,35.8907,25.3526,26.26,32.0879,25.14,26.2515,37.7849,32.5841,28.4632,23.6043,31.5663,34.8351,25.4,1
2026-02-05 20:00:00,18.929,23.5195,27.4849,22.8279,24.3576,30.3695,26.0829,29.5201,34.9289,20.2499,34.3069,21.8239,31.9948,28.0228,22.4601,23.9378,27.3293,34.8969,33.2007,24.9682,23.5942,29.8177,29.2977,31.7436,29.6023,25.4803,32.9822,26.0939,25.8265,32.6277,35.7913,22.4787,30.6688,28.6724,35.1759,26.3298,31.3116,38.3426,37.4468,24.6256,26.8999,34.9559,26.8215,27.6762,38.3923,32.785,28.53,27.9588,35.2139,35.5292,30.94,1
2026-02-05 21:00:00,19.5202,26.1327,29.6619,24.7328,28.2767,31.0888,28.0567,31.1157,34.9314,22.736,34.8562,22.1233,32.9739,31.394,24.9968,28.2507,31.1871,34.9811,35.9728,26.8108,26.9323,31.3656,30.894,33.9952,32.6615,28.2335,33.2092,30.5301,27.2785,36.425,35.2696,25.8532,31.4663,30.0994,37.7765,30.8948,37.2476,39.3289,38.2434,30.6751,32.5455,37.8615,28.9719,32.1062,39.7537,35.862,32.9777,30.5978,35.62,38.9442,36.59,1
2026-02-05 22:00:00,22.9276,27.7419,30.8601,27.0821,30.9357,31.9918,30.3838,31.4351,34.2867,23.4761,33.1776,24.7969,34.7353,32.9143,27.6165,28.5569,32.7811,34.8746,35.6349,29.8241,28.8317,30.6792,34.5166,36.0004,35.8445,28.0387,36.2342,32.5554,30.4788,35.5375,38.1629,26.5811,31.7879,31.5111,34.2205,30.8952,38.16,40.2619,35.4556,29.5423,34.3185,38.5035,32.3845,32.9971,38.9998,37.6859,33.9597,27.6106,40.4089,39.1931,39.14,1
2026-02-05 23:00:00,25.0771,30.7306,31.7948,27.7891,31.1723,33.4139,31.8698,32.5052,33.1175,25.8806,31.69,26.6392,36.2084,33.6333,29.0325,30.7739,34.6565,35.1802,35.0825,29.9545,31.1227,33.7266,35.6137,36.4515,35.521,32.2871,37.7359,34.8807,32.6431,38.5429,39.0282,31.3027,37.3832,33.5696,33.5347,31.2935,37.9583,37.289,37.1658,31.8197,34.871,38.4318,32.4379,37.1022,37.8108,39.2388,35.2364,30.6261,39.266,39.4094,45.57,1
2026-02-06 00:00:00,25.9132,32.0929,33.6131,30.5154,32.0978,34.3684,32.9457,32.7852,31.3799,27.554,29.1838,28.2653,35.7062,34.4992,32.2654,31.9108,34.0099,31.3574,36.8132,33.4041,32.5203,36.2361,36.7716,36.4551,35.7211,31.2682,39.3283,35.6654,35.5365,34.8759,37.855,31.7268,36.1957,33.5075,31.3246,34.0303,38.7522,34.9165,36.4621,33.6205,37.1905,37.0165,35.0596,34.9743,37.9875,37.5825,38.2985,36.4222,41.2461,39.4579,50.57,1
2026-02-06 01:00:00,28.0446,31.7078,33.8353,31.841,35.054,34.1139,34.1994,33.7578,29.3638,29.9112,28.6688,29.1484,33.8964,35.7361,31.6584,33.9249,36.9225,31.847,34.7606,34.3264,33.0953,37.0623,37.5489,35.3909,37.2675,35.9744,35.2898,36.9234,37.8369,36.7348,37.1709,34.0745,37.6332,37.8806,28.3135,35.4546,38.8413,34.0473,38.1853,37.0538,39.1357,37.4113,36.4167,37.3894,39.1912,38.7102,42.0133,35.2481,39.8904,42.254,57.49,1
2026-02-06 02:00:00,30.1979,33.3999,32.6852,32.9919,32.9244,33.6843,34.0246,33.8181,28.2998,32.9802,25.551,31.1158,31.518,35.4745,35.0256,34.9236,33.9285,29.9002,29.6154,35.7547,35.153,36.5513,36.7944,35.7272,34.9279,34.3554,36.4337,35.8289,38.214,36.056,35.8345,36.7625,38.8095,37.2876,30.5942,37.4488,39.3332,31.2663,34.3002,39.5166,39.8216,36.3953,37.4175,40.093,36.1788,41.1633,40.905,37.3731,41.0472,40.6642,64.59,1
2026-02-06 03:00:00,31.692,32.8364,33.1951,33.2345,33.5395,31.1655,33.3201,32.195,25.1764,33.5814,23.9043,32.4589,30.9974,32.967,35.4423,35.9912,35.4633,27.6225,30.6357,34.6002,36.846,35.9352,36.0854,35.1734,35.9391,37.9003,33.3655,37.4661,35.2304,32.5399,33.9544,35.5144,35.3362,39.1639,28.1606,39.1088,36.0169,31.9363,31.0026,38.9346,37.775,33.6883,38.4449,38.6684,31.6217,38.0195,39.3109,38.1781,37.6423,38.1899,65.25,1
2026-02-06 04:00:00,32.8949,32.9957,31.8519,33.8201,32.9151,30.9749,32.6415,31.7874,23.2424,33.7487,23.1761,34.707,27.9954,34.2774,34.7165,33.9579,32.2324,26.547,27.8516,36.5893,37.1078,33.9765,31.9949,34.0792,36.7827,37.9256,31.1805,36.3415,36.6191,32.7245,32.0091,37.8044,36.1979,38.6137,24.9837,37.4558,36.976,25.1956,29.3827,38.1878,38.3908,32.4798,38.1276,39.8523,31.8764,37.3849,38.9801,41.1627,37.3726,36.5889,64.86,0
2026-02-06 05:00:00,34.1274,32.0261,29.6396,32.5188,32.4115,28.4136,30.466,30.2117,22.8086,35.3034,20.9162,35.2247,25.6725,32.1386,34.145,33.7506,31.7073,23.1214,26.2818,35.6892,37.6102,34.489,32.0426,29.9475,33.4222,35.9207,29.1984,36.3358,36.9175,29.7007,30.3181,38.1746,35.7005,37.1771,21.3535,38.2225,31.8284,25.9949,28.4561,40.9663,38.7798,31.2945,38.9547,37.9344,31.409,35.1006,40.6377,42.373,35.031,33.9277,73.8,1
2026-02-06 06:00:00,32.9788,30.0596,27.6954,31.6534,30.2167,26.5372,29.3976,27.5,21.7151,34.2184,18.229,33.9134,22.5859,29.1269,32.4079,34.1396,31.8827,23.6378,24.8267,35.6147,35.8421,30.6288,31.3381,29.7755,31.5317,35.7314,28.4378,34.1044,35.0601,30.0246,30.4433,36.7775,34.3616,36.8728,23.8058,38.4209,28.9618,25.4982,25.5829,36.6473,37.2985,30.1123,38.1986,39.3215,28.7523,34.6903,38.2112,39.5992,36.5229,36.0104,74.32,1
2026-02-06 07:00:00,32.1043,29.4776,25.8965,30.1186,27.8067,25.1475,27.4303,24.8479,19.4891,33.5172,17.4691,33.8068,22.4346,26.6708,32.1537,32.1711,29.2586,21.9482,23.425,31.8447,31.6793,28.2675,27.2241,25.9583,29.4135,33.8604,25.2851,32.9217,33.9543,24.5635,25.2248,34.853,30.827,33.3782,20.1793,34.5354,29.7992,22.6929,23.7851,36.4024,36.4782,28.7392,37.178,34.2863,27.8105,31.3356,34.1053,37.9,29.924,32.1054,80.63,1
2026-02-06 08:00:00,30.7482,27.0459,23.0289,29.1987,25.4781,22.8495,24.286,24.5921,19.2559,32.9718,18.5739,32.6872,20.3284,26.0783,31.9629,28.8341,26.0158,21.3306,21.8195,30.2335,30.5771,27.8976,26.3667,25.6517,26.9144,30.5883,23.7656,31.1136,29.8679,25.3497,24.8246,32.9041,30.6735,30.6796,24.6769,34.2028,28.6329,21.9761,22.7119,34.0791,34.4794,24.3888,33.4851,37.0544,22.6245,32.1682,33.2425,36.8198,32.7027,31.5704,72.84,1
2026-02-06 09:00:00,29.6007,24.7004,21.5846,26.6783,23.7647,20.8833,23.8517,21.8215,18.1501,30.2905,18.168,31.1506,19.7453,23.6478,29.1469,27.2811,24.0213,19.2151,21.4349,27.1258,28.9067,25.2398,24.8514,22.4675,25.6319,30.6775,22.3911,29.0518,31.1528,22.8026,23.9307,32.6972,28.2561,30.1925,21.14,32.0151,25.083,23.6226,23.4139,33.6377,31.9195,23.964,33.8758,33.4558,24.0499,26.8045,29.0044,36.6949,25.7299,30.7031,69.93,1
2026-02-06 10:00:00,28.1494,22.5653,18.6825,24.3301,21.4065,18.0423,20.8079,21.4948,17.7662,29.2527,20.4442,28.6443,17.2815,22.1254,28.0519,26.8679,22.7298,19.8963,20.4396,25.9061,26.7646,24.4642,23.1242,20.7128,24.3266,29.2316,20.9464,25.5561,26.0565,23.3378,21.789,33.0917,28.1814,28.8121,25.4324,30.3813,21.0783,21.2268,20.9481,33.4273,26.0779,23.2003,30.7866,31.0001,23.0749,24.2024,28.4951,34.1778,27.2762,28.8576,60.85,1
2026-02-06 11:00:00,27.0798,20.9948,19.0769,22.3603,20.3336,18.3009,19.9043,19.0954,19.971,27.1369,21.3954,28.3682,19.0512,20.6909,24.5599,22.3491,21.5947,21.0134,20.3159,25.9404,24.9059,22.6687,21.7848,22.8704,21.8006,25.6613,20.2298,27.0608,24.3784,22.8737,22.0521,28.8666,25.6808,27.3462,29.1662,25.629,21.061,22.6601,21.7853,29.7512,29.084,22.8786,29.8159,28.8541,24.6292,23.23,27.8082,30.967,24.0956,24.3684,54.09,1
2026-02-06 12:00:00,23.7893,19.555,16.8768,20.7635,18.6303,17.4136,19.4869,18.4485,21.2814,24.3719,23.2289,25.578,17.5111,20.3353,23.7011,20.0998,21.1623,21.2798,20.4609,23.1401,25.2751,22.6564,21.2094,19.2155,18.6668,24.8024,18.4436,23.2312,23.1906,21.2011,19.9204,28.7849,22.8422,24.7259,30.2406,25.5384,22.9851,25.5032,22.9613,28.0914,26.8994,22.9443,26.4255,25.5655,23.3708,25.7342,26.7765,29.2368,24.7084,28.7596,46.66,1
2026-02-06 13:00:00,22.1607,18.0887,18.2822,20.2152,17.1971,18.4556,18.7256,17.5453,22.652,21.5602,24.5842,23.165,21.1361,19.7197,20.9175,19.9687,19.1783,22.417,22.3999,20.7899,20.6242,20.7574,20.5382,19.9609,21.1591,21.7339,21.4988,22.5147,22.7283,22.0201,23.6492,24.8849,22.0156,22.2018,30.0901,22.1466,22.5086,25.384,24.1539,26.6549,27.1335,22.4252,26.2262,26.0534,24.5878,22.0743,23.4319,26.4051,23.9272,25.5249,38.49,1
2026-02-06 14:00:00,20.2331,15.9343,17.4895,17.5004,18.4918,19.2795,18.0843,18.2872,24.4004,20.8777,28.4334,21.01,22.1056,18.8447,19.4638,19.5454,18.1983,24.8414,22.417,20.5741,19.9626,21.2337,19.2356,21.1199,22.9052,22.4633,22.4312,21.2846,20.065,24.159,24.4938,24.1347,23.0252,23.9106,34.0358,22.1232,24.7283,30.7235,26.2815,24.3689,22.8317,25.8101,24.3481,23.3489,27.4323,22.0975,25.3553,24.941,23.3441,23.1407,40.41,1
2026-02-06 15:00:00,19.3911,17.3143,18.3192,18.0546,17.6301,19.6199,18.3022,18.441,27.301,20.3774,31.274,19.4256,23.251,19.5389,19.3696,18.6882,20.2157,26.5938,24.2144,19.9191,21.6388,19.8418,21.9288,20.1567,21.0122,20.9318,22.9333,19.9613,20.1625,25.2485,24.6088,23.396,22.3268,21.574,36.0089,22.7575,24.3373,31.1116,30.4824,22.121,20.6032,26.3396,22.94,20.6551,28.0647,25.8823,24.2288,22.756,25.6045,26.2776,33.55,1
2026-02-06 16:00:00,19.0531,16.9125,19.3266,17.9218,17.8897,20.9495,20.123,19.9429,28.0356,19.337,30.8964,19.4431,25.8789,21.4991,18.6701,20.4244,20.7361,27.9403,24.7934,18.3188,19.6092,22.2323,22.9899,24.4555,21.0295,20.8384,25.8932,22.4229,22.5802,26.3822,25.5545,23.1441,21.0911,22.6225,37.1375,22.7863,24.8606,33.2728,32.754,20.8262,22.915,28.6912,23.737,23.7215,31.7898,28.598,24.2386,25.8443,26.2352,27.5196,34.26,1
2026-02-06 17:00:00,16.9337,18.4815,21.15,17.6623,19.7542,24.1917,21.3746,23.043,30.0764,19.6672,32.9153,18.4231,26.7956,24.6255,18.2598,20.6,21.4988,28.8218,29.4901,19.0824,21.1262,22.679,22.9848,24.8171,24.7107,21.8071,28.9619,22.8468,21.7892,27.6286,29.4541,21.145,26.2823,23.4627,37.2884,22.0431,28.0113,32.0854,33.8203,24.6164,24.4093,30.8117,23.949,23.142,30.6554,30.7237,28.5362,20.7766,29.43,29.7978,28.05,1
2026-02-06 18:00:00,16.9669,19.1965,24.0203,20.0567,21.5014,24.8975,22.3197,24.3383,31.522,18.3788,33.8835,19.0422,29.6389,24.6281,20.1657,21.2073,24.6467,31.8628,30.5309,22.7322,22.8032,24.2111,27.634,26.5281,27.626,23.8738,29.6236,24.9204,23.4509,31.0401,29.3737,21.1858,24.2858,24.1377,39.1683,20.7139,30.928,35.4985,35.6058,22.5766,24.3683,31.9826,24.0031,25.4445,37.1106,29.4199,26.8178,24.9432,29.0745,31.6174,25.97,1
2026-02-06 19:00:00,18.3161,20.9142,23.8983,20.9852,22.3091,26.6172,24.2053,26.3294,33.4694,20.0476,34.2882,18.2404,32.0508,27.0914,21.684,22.9218,26.2346,32.0746,35.0271,23.9203,23.8112,25.8061,28.8962,30.5262,28.451,24.2804,33.0299,25.0397,23.1479,31.4254,31.5531,20.435,30.1915,23.3571,39.3366,23.82,33.4376,36.7086,36.0186,23.5052,28.3223,35.7994,25.9701,26.7253,33.2577,27.3005,27.603,25.4637,33.3524,34.2012,17.93,1
2026-02-06 20:00:00,19.182,24.3167,28.0824,22.1795,25.6147,28.8274,25.4761,28.1739,33.3929,20.0529,34.0027,20.4417,30.6491,29.5864,24.2832,24.6847,28.7623,34.3628,33.6189,23.7621,25.3747,30.1915,29.1331,30.3295,31.7375,24.4153,35.8395,27.3888,26.2517,35.1501,34.4248,23.4532,29.8675,26.7471,37.066,24.6425,33.6284,37.5573,35.3397,23.8905,27.5083,35.9052,26.179,26.6217,39.7392,33.4867,30.2777,26.7797,35.9928,34.2479,35.98,1
2026-02-06 21:00:00,21.2727,25.5595,29.5012,23.4094,26.8681,30.7497,28.9369,30.2932,33.8566,22.5432,33.4034,22.3455,33.8003,30.5178,25.9564,28.0506,29.7767,36.8303,35.1632,27.0191,28.094,30.7885,31.6074,33.8846,32.8074,26.7884,37.7003,30.116,28.1919,37.1064,37.6567,29.3715,30.723,30.1495,37.8798,27.7816,35.628,37.8903,38.8208,27.4364,30.2964,38.1089,29.1431,32.8153,38.5089,37.4485,34.3851,27.789,36.4449,37.617,32.48,1
2026-02-06 22:00:00,22.4305,27.5711,30.317,26.7098,30.4839,31.955,30.6301,32.8829,33.4865,25.0983,32.4344,25.031,34.7703,33.1655,28.2581,29.0557,32.7544,33.9771,36.1795,28.5801,28.5002,31.9335,33.5118,34.942,34.495,29.539,34.9749,31.9268,29.5728,35.9837,37.7109,27.2595,30.695,33.5434,34.2725,30.281,37.9427,38.3484,39.114,30.3265,32.1972,38.928,30.587,31.7843,37.6192,35.9091,33.9178,30.2516,36.2407,38.0166,29.16,1
2026-02-06 23:00:00,23.9604,29.9291,31.6935,28.5728,31.4791,33.9585,32.9381,33.412,32.9132,27.0282,32.1598,25.6884,34.7495,33.88,29.9292,30.3963,32.7273,35.371,34.8045,32.2086,30.8736,34.8902,34.7871,36.0139,34.6974,32.1576,35.6303,33.4292,32.3916,36.933,36.8006,27.9591,36.0797,34.4615,31.9839,30.2792,37.0366,34.9059,37.4237,31.2417,38.1766,39.5453,31.3791,36.1936,39.6678,37.9139,38.3004,35.3444,41.9496,40.0384,44.43,1
2026-02-07 00:00:00,26.543,31.0536,34.0703,29.8179,32.2625,32.5026,33.5478,33.2337,30.7425,28.5408,29.7527,27.3551,35.5738,35.7064,31.5444,33.8214,34.1959,34.9556,35.6226,33.4132,33.6118,35.0088,36.4146,36.4366,36.484,32.3145,36.5125,35.5617,32.2032,36.6557,35.6321,31.4869,34.7572,35.962,32.1485,33.7283,39.3566,35.6804,35.9495,34.2112,35.0762,40.4973,33.6483,35.538,39.9213,40.0139,37.2934,34.9299,40.778,40.0785,46.76,1
2026-02-07 01:00:00,28.8268,33.5691,32.914,31.2986,32.9323,33.2056,34.7828,34.8548,30.1073,30.2206,26.2909,30.7531,32.6661,34.3353,31.944,34.0783,35.2422,31.0457,34.3599,33.4539,32.6625,35.3531,35.4734,36.611,36.6415,35.3868,36.6791,37.9188,36.1829,37.9274,37.0133,34.4502,37.8925,34.4037,30.0304,33.1953,38.0906,37.4609,34.2915,33.0329,38.4461,37.4115,38.0935,38.0043,39.0769,41.5896,39.3835,36.9224,39.1871,39.7633,53.08,1
2026-02-07 02:00:00,30.4799,32.9785,32.5645,33.4658,33.6728,33.0749,33.5557,34.9311,28.9371,31.384,26.3847,32.0976,31.6528,36.6725,34.3074,33.9897,36.9244,32.1131,32.6407,35.5521,36.8774,38.9786,37.2259,33.7065,36.537,37.0478,37.252,37.5208,36.3035,35.7482,36.1969,34.6049,40.1268,38.9027,25.7463,36.958,37.6823,32.837,34.3804,37.3522,37.0438,37.1983,40.073,39.4001,37.4106,38.2947,43.1308,38.5207,40.6084,41.0209,63.57,1
2026-02-07 03:00:00,31.7858,33.4825,33.0849,32.3838,33.9152,32.0946,34.2609,33.2187,26.1026,33.213,23.9928,32.2262,28.9193,33.8887,35.4508,36.7825,35.5946,28.4785,32.1717,35.8934,36.3528,34.7171,36.3525,34.0317,35.7389,36.2448,34.8614,38.3743,36.9766,33.7804,34.3521,35.3502,36.4256,39.1322,23.8692,37.7963,36.6806,30.6642,32.285,37.7054,39.522,35.5838,39.8738,36.7254,32.7291,40.455,38.5907,38.3499,36.5025,39.6487,65.33,1
2026-02-07 04:00:00,33.1112,33.4246,31.3982,33.7165,32.812,31.4594,32.2139,32.1232,25.0024,33.2755,23.124,33.1609,29.5391,33.3234,36.3975,35.6066,34.8093,27.6274,28.3504,35.8401,36.1721,36.6926,34.6764,32.5131,35.1145,38.8418,31.2108,36.5053,38.1524,33.0684,34.6462,40.3205,37.9286,38.5566,25.5708,36.5137,35.3182,29.3246,31.6292,36.9748,37.7057,33.3757,38.5732,38.6566,32.1613,38.7078,36.3293,39.1869,39.3719,38.0882,75.76,1
2026-02-07 05:00:00,33.6942,32.8624,29.0512,32.9005,31.4941,29.5067,31.6263,30.6192,22.9678,34.2489,20.8626,34.2986,26.1207,31.3071,35.4936,34.3453,33.6295,24.6904,27.3036,34.8214,33.95,32.8093,32.4719,32.6834,32.0682,35.6077,29.8445,35.781,37.1375,29.8033,30.4595,38.1897,34.9701,37.5118,22.4567,36.365,35.6938,27.4504,27.0371,36.8146,39.7778,32.3776,41.2276,39.3115,27.3166,35.7132,40.0903,40.8913,39.0597,35.0096,73.69,1
2026-02-07 06:00:00,33.7936,30.2369,27.7841,32.2674,30.0559,25.5135,28.4246,26.7518,20.9875,32.9761,18.3807,34.5498,23.9341,28.5612,35.1245,32.8633,33.6659,22.2792,26.3102,34.2112,33.1862,32.4305,31.4041,29.7375,32.3357,35.5939,28.3559,34.5744,35.2647,28.0251,25.9681,39.2762,35.6565,36.6129,22.2303,39.5276,30.7109,22.7972,25.8542,37.3304,38.393,28.0867,39.5015,37.9672,27.9775,35.2722,34.5705,38.4567,35.1731,34.5432,76.6,1
2026-02-07 07:00:00,32.8608,28.6883,25.0238,30.3432,27.7636,23.2387,27.5125,26.9947,19.3084,32.5406,17.1818,34.9412,22.3689,27.9939,32.0243,31.1516,28.6632,18.7342,22.5677,31.9085,32.4978,29.7748,28.1727,27.5088,28.6152,31.8375,24.8125,32.0886,32.9118,25.0233,26.0598,36.3096,32.5476,35.8834,22.115,36.5571,28.6937,24.3809,24.7125,35.8881,36.0067,29.5546,38.0129,36.4466,26.6625,33.5499,33.5709,38.592,30.3948,31.5416,76.41,1
2026-02-07 08:00:00,31.3826,27.6324,24.1399,28.8838,25.8629,22.4533,24.0058,24.438,18.5548,32.8088,18.1462,31.9292,21.3427,25.062,30.9241,29.2073,27.7359,19.2748,21.4043,29.7711,31.7797,28.4827,25.6753,27.3058,27.1597,31.8775,24.519,30.8393,33.7357,25.3929,25.2287,37.5471,30.4049,32.4929,24.7269,33.6627,29.0138,23.9029,22.8723,36.4949,31.9571,27.8964,38.5317,35.8415,24.3634,32.4016,33.7584,39.0308,26.891,28.9531,72.66,1
2026-02-07 09:00:00,30.0611,25.2995,22.1742,26.2703,22.7384,20.2723,23.0715,22.153,18.8727,31.0894,18.6351,31.5395,19.9881,23.7267,29.5953,27.1614,25.3758,20.3252,22.6263,27.6898,27.1013,24.4455,25.5873,21.7041,25.748,30.0557,21.7212,30.1527,28.8342,21.8315,23.6915,34.928,29.7496,30.9521,26.9205,32.204,26.0052,23.4708,24.0299,34.8406,31.6874,23.754,33.013,31.4488,21.484,30.2621,31.6222,34.6063,29.9787,29.2561,68.53,1
2026-02-07 10:00:00,28.7981,23.3905,20.1978,24.5849,22.6149,18.5574,21.6819,20.1628,18.4455,28.4491,20.7004,27.8052,21.0935,20.9946,28.1103,24.8346,23.55,21.1117,20.3729,25.7832,27.6526,22.4584,23.096,23.6092,22.7241,27.6883,20.1073,28.3057,28.8778,23.6112,22.0337,32.5646,27.1047,28.0694,26.0393,29.0968,24.9859,21.6074,24.4576,32.5055,29.2775,23.5664,33.2028,30.5766,22.9112,24.8204,25.2291,33.443,26.1648,27.4806,63.07,1
2026-02-07 11:00:00,25.7258,20.1882,18.8006,22.8766,20.5042,18.3631,19.5411,18.1839,18.3107,26.6308,21.4027,27.4712,19.3192,20.099,24.9996,23.3074,22.7213,19.1695,19.4408,25.1097,24.5947,23.0222,20.8661,21.2037,20.266,25.3425,20.1981,26.0668,24.4676,21.8084,21.3269,28.5203,23.7191,26.4866,30.7566,28.752,21.7804,25.3304,21.9176,30.6906,28.7961,20.9103,28.9643,26.6039,26.6466,25.82,26.4019,31.1198,24.6328,20.6694,62.44,0
2026-02-07 12:00:00,24.2541,20.1787,18.7495,20.8648,18.5247,18.0672,18.0975,18.1547,21.2649,24.653,23.9702,26.2393,19.0572,19.2143,23.1295,21.2395,19.8268,21.4131,21.0659,23.3592,22.9387,19.4658,20.3255,19.9261,20.8746,23.7275,21.5054,23.3983,25.3939,21.4256,19.4901,27.0132,25.3597,24.8876,29.253,26.3997,22.8978,26.2839,23.7184,26.1333,24.7647,22.5939,27.2615,25.9918,25.2871,24.249,26.7225,30.2263,26.2515,21.3944,53.38,0
2026-02-07 13:00:00,21.8438,17.753,17.4521,19.511,19.2528,17.5186,18.7027,18.5098,21.8701,22.8998,24.1832,23.2639,19.9347,19.5376,22.1013,20.6556,19.2107,22.5928,20.8437,22.8381,21.9371,19.3667,19.7497,20.1574,19.3624,23.3789,21.9367,21.1948,24.0412,22.1749,22.3853,26.4289,20.5936,24.1248,31.6651,25.7554,23.674,27.6936,27.4187,27.0018,26.091,27.2584,29.8693,26.9339,25.3026,24.5239,27.4629,27.8576,23.5024,26.922,40.77,0
2026-02-07 14:00:00,20.2606,17.5758,17.0246,17.6954,17.811,18.3022,18.0242,17.8699,23.947,21.1561,27.9186,20.9475,21.4626,19.5573,19.3956,19.6585,19.8889,25.1698,21.3943,20.3288,20.9509,20.2412,22.6734,20.7477,21.5845,19.6743,22.5694,23.9279,19.868,25.1604,22.9718,23.8491,22.3003,21.9207,34.7793,24.82,22.4477,28.8394,27.9055,25.6929,24.9031,26.1462,25.6074,24.2416,27.3939,24.3044,22.317,25.1108,25.8976,23.2011,33.05,1
2026-02-07 15:00:00,19.442,17.2332,18.7014,17.3363,17.3271,19.3587,18.2489,19.4558,26.6829,18.6857,29.7905,21.0025,22.3734,19.9193,20.8013,18.8356,19.9984,26.9182,25.7536,20.6858,19.5551,19.5136,21.5382,23.7636,20.335,19.1279,24.9019,20.7034,21.9091,23.3137,25.1223,23.3785,21.1754,21.9916,34.7058,24.3831,25.1743,29.4452,29.6406,24.0889,21.3857,27.8454,26.4788,23.0649,30.0738,25.2349,25.7413,24.2119,25.7158,24.1206,29.15,1
2026-02-07 16:00:00,17.8424,17.2245,20.8584,17.3316,19.1846,21.132,19.5715,20.0806,28.6772,17.093,29.6879,19.4549,25.5336,20.989,18.5588,19.6162,21.456,28.6135,25.5757,20.1594,20.8349,20.5548,22.9601,24.0163,24.0859,20.4564,26.5475,23.321,21.8513,25.2321,27.2143,21.587,21.0886,22.6927,37.8241,23.479,25.6736,31.983,32.0203,23.0089,23.0274,28.1518,24.255,22.6256,29.4378,26.231,23.8889,23.4292,27.4141,27.3298,30.06,1
2026-02-07 17:00:00,17.2379,17.8399,20.7551,18.0301,20.114,23.5865,22.6582,22.332,29.6784,17.7982,33.6574,18.9354,28.1865,23.1412,18.0193,20.9365,23.9721,31.4906,30.7942,20.9874,18.7143,22.6407,25.161,26.2726,24.1276,21.3081,27.8297,23.0624,22.7859,29.7207,30.0801,22.3121,22.67,22.8516,37.295,22.4039,26.9759,35.7805,34.4682,22.1129,23.9029,30.7364,24.1578,22.4173,31.5943,27.0006,27.4749,23.222,31.1918,29.7361,21.43,1
2026-02-07 18:00:00,16.5183,19.0213,23.0355,20.0099,21.7171,24.6272,23.4817,23.6641,32.3561,18.654,33.9247,18.2382,29.1698,24.9552,20.3796,19.9167,24.0631,32.1344,30.2441,22.5437,21.521,22.71,25.2348,26.8966,26.0414,21.6199,29.7762,22.9954,23.4933,29.7448,29.7135,21.3309,25.5091,24.3766,36.4294,21.7782,31.0731,32.9,35.9851,24.0026,26.4438,32.883,23.3908,26.7123,34.6141,30.1523,26.0267,22.1671,30.0352,30.6276,22.39,1
2026-02-07 19:00:00,18.1652,21.7514,25.5367,20.483,23.1215,26.9846,25.4862,25.6782,34.1046,20.2143,34.8015,19.9631,30.8852,26.9647,23.0177,23.902,26.2257,34.1856,34.3989,23.8613,23.5891,25.4257,29.5285,29.8253,26.041,23.9119,31.8893,24.2858,23.5599,31.9546,31.3531,23.3661,27.8537,24.3808,36.0118,24.3217,33.3212,36.2979,37.3057,24.0595,25.769,33.0654,26.6984,29.8201,36.6213,33.188,29.0554,25.9592,31.9904,28.8722,20.48,1
2026-02-07 20:00:00,19.1671,22.834,27.3491,21.8267,25.7061,29.1201,27.1092,28.9191,33.4015,20.9614,34.0231,20.3751,34.2049,30.4808,23.7977,24.3551,28.7193,35.8453,32.8474,25.2759,24.965,30.0895,29.9668,32.6259,30.2578,26.2559,33.4664,29.327,26.1913,34.0697,33.9661,22.9543,30.7316,28.3256,37.0026,26.2584,34.0738,38.8011,38.1719,27.1929,28.8178,36.8372,26.9477,28.1344,41.1642,33.6965,31.992,26.132,34.6108,35.7195,32.08,1
2026-02-07 21:00:00,21.4413,25.1281,28.7738,24.818,27.3594,31.1137,28.9729,30.197,35.2232,22.8162,35.1468,22.7047,33.1081,31.3314,25.8679,27.058,30.4043,35.0573,36.0637,26.6611,25.6338,31.7825,34.2408,34.6456,32.0336,28.6234,32.9153,29.3355,30.2526,37.2429,35.2568,25.3557,33.3044,29.0167,36.6975,28.7193,36.2514,38.4308,40.5186,28.1357,32.0444,39.0567,28.8807,28.2455,39.6013,35.1812,34.9024,29.5811,35.021,40.0266,34.97,1
2026-02-07 22:00:00,21.9709,27.6756,31.6331,27.374,29.8108,32.6842,29.1775,31.8465,32.9415,23.7367,32.4423,24.3987,33.268,34.1003,27.3753,27.1869,30.8058,35.3302,36.2144,29.5525,30.1033,34.8919,33.8452,33.7021,32.5891,31.0662,37.4996,30.6522,29.3514,37.9031,36.1931,27.4237,33.895,30.1946,32.9667,29.6233,38.767,38.1658,38.5482,29.5626,33.0177,41.335,30.4615,34.9684,39.105,37.909,36.3481,30.9964,39.7805,36.7742,41.01,1
2026-02-07 23:00:00,24.2652,28.2516,33.6069,27.8833,30.0418,34.7246,31.8044,32.9308,34.5663,26.3842,32.5112,27.2212,34.0745,33.871,29.2911,31.9023,33.4144,34.5771,36.5875,32.5366,30.2658,34.9,36.4175,36.8463,35.4028,30.4047,37.3822,33.5598,32.9115,37.3568,39.2676,28.7123,34.7966,34.1383,32.9261,30.9239,37.6226,40.1334,38.4437,31.4298,32.227,39.6898,32.7733,33.6178,39.6891,39.4533,36.6761,32.4157,40.7712,42.3992,41.63,1
2026-02-08 00:00:00,26.3695,31.6824,33.2533,31.5759,32.2621,34.2441,33.0385,35.8418,31.5103,28.5546,30.7617,28.0764,33.3478,34.7498,30.1024,32.4897,35.5367,34.365,36.235,33.2482,33.1409,36.7339,33.8284,36.445,35.9008,32.8167,35.8178,35.3834,35.6061,37.9101,37.8063,31.0886,37.8929,35.9226,30.8781,34.6526,39.0233,38.0533,39.4696,33.7089,35.7836,39.0438,34.9442,37.1831,36.0268,38.7884,37.9873,34.3448,40.2691,40.0974,42.96,1
2026-02-08 01:00:00,29.0745,31.1397,32.9492,32.1608,34.4327,34.1463,32.757,34.6076,30.183,29.9193,27.4899,30.3615,33.8659,34.7339,31.1797,33.9592,36.7219,32.7708,33.9675,34.1723,34.7913,35.7955,35.3746,36.9392,36.5543,34.2399,38.1383,36.9085,34.7553,37.3022,39.3,34.0862,36.8972,37.4002,28.3849,38.9765,38.0474,36.7042,36.4945,35.5621,39.0333,38.3683,36.8478,38.8437,36.3694,39.5176,42.2414,34.9508,39.0828,43.2418,53.13,1
2026-02-08 02:00:00,30.0077,33.0921,32.3549,33.5778,33.2956,32.963,33.2893,34.2964,26.8384,31.3717,27.5365,32.7838,31.9028,35.1592,34.4045,35.2432,34.5594,30.1964,31.8323,36.2632,35.6764,36.1627,35.9531,35.5167,36.7267,37.2762,35.0964,37.4859,35.3209,34.7053,36.036,36.2553,36.165,38.3228,25.5191,39.0777,36.6612,32.6908,34.2368,37.1895,39.8223,37.8746,38.0324,40.6977,34.9668,38.2677,40.5355,38.6195,36.0108,41.0094,57.11,0
2026-02-08 03:00:00,31.6712,33.3014,32.6045,34.3851,33.2052,31.3808,32.2928,32.4124,26.0043,33.2524,24.2311,33.3739,30.2605,33.9344,36.0835,33.826,34.0296,28.9095,31.1711,34.7639,37.2333,36.3296,33.491,36.4798,35.6214,36.2138,34.2051,36.4666,36.0031,33.2752,33.2452,37.0361,38.9667,38.6773,25.2159,39.633,36.336,30.9408,33.1437,36.7178,36.2642,36.8386,36.9586,39.3473,32.6823,39.5909,39.365,39.4448,37.9448,38.2557,62.25,0
2026-02-08 04:00:00,32.8766,33.1989,31.8387,34.1143,32.5786,30.1069,32.5559,31.9001,24.1457,34.6955,22.6692,34.4304,29.3196,32.6075,35.567,35.2209,33.9979,24.113,29.418,35.6307,36.0664,33.2473,34.7507,33.7591,35.2354,37.2487,33.6348,36.797,37.7751,30.2359,31.842,38.1619,38.7403,39.7532,23.4229,38.0486,33.9107,30.0637,30.5472,39.3171,39.3947,35.365,40.2756,40.2837,33.7829,37.4228,40.2011,39.2984,37.485,38.5807,76.2,1
2026-02-08 05:00:00,33.1872,31.9827,29.8545,32.9611,30.9156,28.1323,31.6807,29.6952,22.0381,33.8957,19.5384,34.5243,25.8345,29.8771,35.5035,34.903,30.7638,25.2479,26.7225,34.4779,35.9274,34.1722,32.8219,31.1179,33.3781,35.026,30.8176,37.6559,35.4105,32.0918,31.8788,37.9916,35.0904,38.3153,23.8981,37.3566,33.9965,28.1077,27.2781,39.3001,39.7388,29.0454,39.2908,38.6335,30.9101,38.2211,39.2061,37.4191,33.3009,37.8243,73.16,1
2026-02-08 06:00:00,32.8467,31.7352,27.6735,32.7013,28.7159,26.7732,30.0946,27.3601,20.1118,34.1347,21.0142,34.5387,24.9084,30.6019,35.4592,33.2439,30.3338,23.5177,25.3504,34.1596,34.4025,31.3437,29.6451,29.199,32.0969,34.8359,29.8964,33.3131,35.5784,27.6322,27.3783,36.8661,36.7487,37.26,20.8152,38.4477,30.4831,28.1183,26.6927,37.076,38.0698,31.2427,34.329,35.2719,26.3519,35.1075,34.8262,39.5755,37.8415,31.6673,76.16,1
2026-02-08 07:00:00,32.6284,29.0388,25.2803,30.6776,28.0076,23.4219,27.6555,27.0695,18.65,34.4522,17.9495,34.4577,23.6095,27.1011,33.1729,31.1226,27.2381,20.8711,23.5556,33.8761,33.5125,29.5296,28.5144,28.436,29.0643,33.1571,26.1031,33.1711,35.7148,26.3848,27.2647,34.9254,33.2797,35.2466,22.6945,37.8232,27.6272,24.8229,23.8114,37.9263,36.6752,26.2411,35.569,35.959,24.5957,33.2889,35.6292,38.7334,32.6904,31.9443,78.56,1
2026-02-08 08:00:00,32.0318,27.5211,22.9238,29.3622,26.1704,22.8292,24.6874,24.1228,19.3443,31.8883,19.4462,34.1358,20.5649,26.4747,31.1471,29.5517,27.7608,19.699,20.9408,31.4969,32.403,28.8159,27.2371,26.2904,26.4452,33.0018,26.3717,29.5675,32.3614,25.1833,24.4441,35.0498,31.0626,33.7129,21.7549,34.3394,28.2889,25.4546,26.0705,36.1886,36.6802,24.811,35.5544,35.2325,23.3055,30.4669,30.7279,39.1361,30.8368,31.3128,67.57,1
2026-02-08 09:00:00,29.455,24.4794,22.0593,27.4131,23.9783,20.641,22.034,22.2072,18.4103,30.6155,18.413,29.9467,20.3362,23.2976,28.657,27.3879,23.947,19.7632,20.9861,27.2106,29.2224,24.3736,22.5179,23.8631,24.8087,29.04,22.2564,28.1666,29.5576,22.0844,22.3409,33.883,27.8819,30.1365,24.2031,32.0392,26.4422,23.702,23.4177,33.3558,31.8644,24.488,36.0936,31.3215,23.9727,29.5566,29.8901,35.832,27.9342,27.4247,70.13,1
2026-02-08 10:00:00,28.2438,22.8831,20.4236,23.9967,21.9637,19.7751,20.3037,19.6363,19.7956,28.6174,19.6197,28.3681,18.9494,22.1815,28.8594,26.0042,24.1698,19.079,19.7964,26.2506,27.7307,24.0121,21.6606,21.94,25.1942,30.0491,23.3025,27.7691,28.4497,21.2227,23.9086,31.3943,27.6916,29.3327,24.7813,30.0387,23.7727,22.6534,21.828,33.2305,30.2454,24.5378,33.1502,30.7456,24.203,24.3242,27.4155,35.5342,27.6708,24.4679,56.69,1
2026-02-08 11:00:00,25.7906,21.771,17.7445,23.0696,20.3707,17.9283,19.0904,18.2602,19.2688,26.4941,22.021,27.1474,19.7285,20.4157,25.5971,24.4853,22.2343,19.8006,19.3463,23.4605,26.3489,22.8103,21.2932,22.2243,23.2885,26.4183,18.9354,22.5658,26.2347,20.6526,21.1751,31.8194,23.0164,27.976,26.8947,28.8854,24.078,22.561,22.9863,32.1023,26.624,21.7192,29.3098,28.989,24.7391,25.305,26.8981,30.7993,24.9629,28.4427,57.48,1
2026-02-08 12:00:00,24.6879,19.2224,18.6656,20.6878,19.6225,17.3893,18.2289,18.3675,20.6707,25.7218,23.9378,25.2092,18.2685,19.8235,22.5006,21.4665,19.7042,21.8012,21.1286,23.9872,24.4769,20.7287,20.8413,20.2466,22.5711,23.6164,20.0419,25.4103,25.0075,18.5316,20.9269,28.2951,23.0246,24.6405,30.054,26.604,21.7408,25.6501,25.4332,27.5905,25.2823,22.8413,27.9993,28.6786,23.4997,24.0571,25.054,29.2971,24.4838,22.0881,54.27,1
2026-02-08 13:00:00,21.2603,18.276,17.7858,19.3866,18.0193,17.8106,18.087,17.8674,23.2299,22.8316,24.2658,23.046,19.1627,18.3771,20.6747,20.7262,18.7972,23.7442,20.7359,21.0795,21.4334,20.5883,20.4925,20.2121,22.1763,23.1848,21.9344,20.6983,24.8145,22.2378,22.325,25.9396,21.6568,25.16,31.4658,25.0275,22.3556,25.6944,24.4827,26.6379,24.2922,24.7143,28.0048,24.1003,25.9116,25.8188,24.4417,26.3661,26.6517,24.2923,38.97,1
2026-02-08 14:00:00,19.959,18.0096,18.4822,18.3233,17.4343,18.4462,17.4693,19.0351,23.5337,19.8497,28.0528,21.0806,21.5157,20.2955,21.3588,19.1944,19.5258,25.156,22.4456,20.6828,21.7407,20.494,21.6779,23.8076,20.506,20.9051,22.1605,19.3162,22.4782,25.9704,22.9059,24.9968,20.5942,22.2472,35.8718,25.2279,23.9371,27.8559,31.1302,26.6097,24.9119,26.1568,24.2581,24.7035,27.7186,22.6171,21.5605,25.9144,26.5906,25.1642,40.81,0
2026-02-08 15:00:00,18.9773,16.9204,17.7101,17.7453,17.8001,20.3552,18.8072,19.9822,25.8936,20.7313,30.0678,19.2266,22.8913,19.827,18.7454,19.8158,20.1321,29.3965,24.6854,20.2463,20.5235,21.6618,22.0844,22.7607,21.8844,20.046,23.901,21.3807,23.7364,24.3322,27.448,25.3875,23.2631,22.8277,37.2413,23.9376,25.825,28.9961,27.784,21.0427,22.3772,27.7117,22.6592,22.3523,31.3912,25.5163,24.2817,26.3891,25.8607,29.4295,33.22,1
2026-02-08 16:00:00,18.5612,16.5396,18.9373,18.5638,19.0382,21.9051,19.424,20.937,29.5242,19.0356,30.5097,18.7928,25.1626,22.0556,20.8053,20.1288,21.5472,30.079,27.8318,20.3824,21.3719,21.5681,23.5694,23.7974,22.7766,21.7741,25.7779,21.3625,22.0633,26.1991,27.9757,21.9377,23.3416,21.2427,38.1377,22.3611,25.601,32.1345,32.9245,25.7573,25.1111,30.2445,24.8854,20.8795,32.8708,28.2721,23.4445,25.8048,30.2381,24.4062,26.53,1
2026-02-08 17:00:00,17.1836,18.7487,21.2519,17.4139,20.7424,24.456,21.0055,23.1642,29.8777,18.2886,33.9002,19.4745,27.4762,21.8123,17.409,20.4186,22.0751,31.6455,28.8824,18.1944,21.4554,21.938,23.2265,25.2606,24.893,22.933,26.4867,22.1309,21.314,28.3787,28.1527,20.8605,25.0512,24.0864,38.9993,22.811,27.1854,34.8868,33.1619,23.3427,22.6918,32.574,25.3005,23.8108,31.8612,27.9485,29.4514,24.7906,28.8553,29.5165,21.05,1
2026-02-08 18:00:00,16.9407,20.5048,23.5315,18.239,21.1235,25.0123,23.5013,24.7164,31.0426,19.7467,32.8525,19.1082,30.2352,24.2685,21.5697,22.2566,25.1598,33.4025,31.2156,22.2212,22.2731,24.3083,26.6327,27.514,25.7932,22.9109,28.6547,24.8824,25.6863,31.2212,30.3754,22.5729,25.3755,25.7738,38.5788,24.8168,31.1832,35.4165,34.6077,24.7073,26.1244,33.2753,23.5918,24.7889,33.1876,29.8608,27.1375,22.9561,30.2064,30.5974,25.97,1
2026-02-08 19:00:00,18.7594,20.9654,26.3215,19.5832,23.4564,25.3304,24.0148,26.0971,34.7542,19.0371,34.1134,20.2418,31.241,27.2102,22.1085,23.4945,26.7726,34.3226,32.3357,22.9239,23.931,26.5028,28.273,31.0353,28.2147,22.698,32.104,24.9875,24.5805,33.8574,30.6647,21.6707,28.7228,25.8918,39.8087,25.4688,32.818,36.4732,37.8767,22.5039,27.5685,35.0192,26.204,27.521,37.3618,32.4739,29.2036,23.8355,33.2334,32.6844,27.83,1
2026-02-08 20:00:00,18.0825,24.0276,27.7867,23.1261,25.6588,29.1379,27.1264,28.5958,33.257,22.0383,35.0347,20.0393,32.4787,28.8731,23.4835,25.3854,28.355,35.6891,34.0588,26.0195,25.6012,28.1649,32.046,32.6429,30.2853,24.8949,33.035,28.5692,25.4027,33.7593,34.8869,23.1452,29.7248,26.2415,37.1784,28.4724,34.2467,38.4591,37.7347,24.3789,29.0478,35.7831,27.0302,30.479,37.9407,33.8584,32.6232,26.9383,35.5516,38.0327,27.08,0
2026-02-08 21:00:00,19.177,26.114,29.2,24.0713,26.9409,31.2849,28.8854,30.7012,34.5192,22.5474,33.6581,23.591,33.9771,31.3132,25.1867,26.7764,30.066,35.9239,35.1944,27.4759,27.6694,31.1491,32.7435,33.0021,32.7461,29.2887,36.6794,30.9332,31.0805,36.6338,35.368,27.498,31.1766,29.9145,38.8797,29.2065,37.3052,39.4589,40.9861,26.6809,32.0575,37.4442,28.1401,31.0565,38.3372,36.691,35.6208,28.0765,35.2327,36.0651,28.4,1
2026-02-08 22:00:00,22.3637,26.5736,30.4421,26.6856,29.5095,32.9801,30.5256,32.8122,34.0854,25.1084,33.5301,23.9951,34.307,32.8175,28.9148,29.7123,32.3263,36.6147,36.1088,29.9529,29.3439,32.9839,33.5951,34.7877,34.644,30.6308,36.2272,30.6453,29.8722,37.0384,37.3402,29.2742,32.9639,30.9147,33.6096,30.7675,39.6869,38.8103,37.2515,28.5678,31.87,37.311,32.5782,32.108,38.9499,39.382,34.0192,32.0332,39.3122,37.1526,40.55,1
2026-02-08 23:00:00,23.8942,29.1789,33.0085,28.5642,30.3253,33.6706,32.8335,33.5294,31.2513,28.621,32.1297,26.8186,34.2929,35.407,30.0387,31.0287,33.2836,34.889,35.6659,30.7335,31.2668,34.5134,36.3318,34.8608,35.5092,30.7096,37.8244,35.0448,31.8448,37.9609,35.5712,30.6097,33.1427,34.0419,31.4973,31.9331,38.7149,40.6217,39.318,29.0058,34.2275,41.3981,32.1795,33.8863,40.6015,39.579,38.3076,33.8507,42.9078,38.3617,48.27,1
2026-02-09 00:00:00,25.7128,31.056,32.6153,29.9336,31.4811,33.6057,33.9366,33.6994,31.6442,28.6748,30.0802,28.4581,33.3446,35.2651,30.6758,33.8739,35.0764,33.7622,36.6384,32.1545,34.9093,34.7548,36.8582,36.9419,36.5228,32.9799,37.6515,36.3205,33.8833,38.0861,37.7342,32.3927,38.1704,36.6464,29.1265,32.5698,38.0078,37.2795,37.2869,32.5269,35.3289,39.301,36.1106,38.4314,36.9366,39.9354,40.2901,35.7108,41.8852,40.9621,53.81,1
2026-02-09 01:00:00,28.6266,32.352,34.3794,32.4298,33.6395,34.8636,33.3792,34.8765,30.425,30.4206,28.8347,30.1205,33.6772,34.8466,31.6722,33.7417,35.6542,33.5554,34.1532,35.4095,35.1739,36.4018,35.8061,32.7888,37.0971,35.4299,36.1362,38.273,36.1192,35.936,39.1175,32.5031,38.9614,37.58,27.2611,37.4654,39.2913,36.2958,36.613,34.8418,38.0157,39.7115,36.9454,39.2356,40.403,41.416,40.1338,36.2362,41.6295,40.728,62.83,1
2026-02-09 02:00:00,30.1881,32.7406,33.0751,32.9202,33.5455,32.5114,33.9415,34.1079,28.4019,31.4135,25.9881,32.5614,31.7967,34.673,34.4494,35.4534,35.8172,30.3185,31.5577,36.1111,35.2148,37.6377,35.9925,34.6199,38.4474,36.2023,33.7585,37.2654,37.9725,35.3495,36.2242,34.6546,41.5437,36.0962,24.8155,38.7884,37.0555,34.9293,35.1362,35.5871,38.7994,41.1362,38.0389,38.0962,35.1903,42.2374,40.5615,38.8382,40.9808,39.8723,59.89,1
2026-02-09 03:00:00,31.2368,32.8709,33.3628,33.4123,33.7089,31.842,33.7685,33.9764,26.6969,33.3668,24.2751,34.041,31.2139,35.1837,35.0927,35.2924,36.5551,27.8758,33.7056,36.2906,35.9866,36.3064,35.2145,35.1711,34.4629,39.094,35.6576,36.4702,34.6259,34.9318,33.8142,38.3866,37.6214,37.9305,25.3247,39.9882,38.5138,32.2918,30.276,40.4923,40.5281,38.9594,38.493,37.9512,35.1768,38.3985,39.5007,40.246,37.898,38.4749,62.02,1
2026-02-09 04:00:00,31.8988,33.8189,31.6128,33.7013,32.8566,29.7889,32.4338,31.6566,23.7629,33.5474,23.0679,36.4835,27.3954,31.8366,34.1358,35.4524,33.9293,25.9601,29.0097,36.2335,37.1712,36.1235,35.4443,31.0282,34.1193,36.2934,31.6603,38.2367,38.4653,32.4421,32.8483,37.1344,36.5632,38.4,24.7584,37.155,34.5837,28.4921,30.712,39.9958,39.8045,35.5894,38.3689,38.595,31.2981,40.7865,39.1506,39.8993,36.5485,39.9673,73.29,1
2026-02-09 05:00:00,33.5478,31.9551,29.5237,33.4593,31.0786,28.6089,31.5591,29.1929,22.6172,34.4383,21.2513,35.3464,26.0,31.8516,35.0204,34.3877,33.4192,25.2454,28.3694,35.8192,34.9409,33.8496,32.8087,34.0287,34.2384,37.1847,30.2769,35.9989,36.3042,31.4437,30.7835,37.11,34.2021,39.1004,22.9011,38.884,33.3775,26.6734,29.7743,38.2824,39.5642,31.5545,39.2904,40.6211,28.0406,35.6452,38.3422,40.1562,36.5492,33.1028,72.54,1
2026-02-09 06:00:00,33.4209,30.2782,27.396,31.4549,30.0337,27.5392,29.5943,28.6861,20.062,36.3468,20.0994,35.1698,25.7492,28.6443,33.7931,32.4943,30.9685,25.1173,26.4184,33.1859,33.1745,31.4191,31.3861,28.9053,31.994,35.8998,28.4589,36.4731,35.3947,28.2448,31.2271,37.5698,35.7198,36.1144,20.8443,36.8434,30.55,24.5478,27.132,39.5223,37.2624,31.0569,38.3158,36.893,28.0225,35.0939,36.3499,40.511,33.7121,35.8745,78.95,1
2026-02-09 07:00:00,32.4799,28.9078,25.4314,31.0522,27.4261,24.3823,28.5909,25.4477,18.3706,33.6275,18.0478,34.8564,21.7988,28.3213,32.9774,32.4065,28.5643,20.6153,24.1734,33.8024,31.7369,30.8551,28.1482,28.1639,29.9558,32.483,26.5243,33.5359,36.2023,27.6015,26.3912,37.6799,33.5821,35.294,22.1343,36.305,29.7336,22.8447,24.5307,38.2235,36.5121,28.0109,38.0265,37.3419,24.7938,32.9684,36.3959,37.519,30.1306,29.8808,70.0,1
2026-02-09 08:00:00,32.4377,27.2502,23.7873,29.5866,26.9434,22.4023,24.3526,23.9718,17.7291,31.9043,19.1302,33.2188,20.7835,25.0431,31.886,28.8545,26.5787,20.9324,21.6435,30.8616,29.6144,26.6437,26.8763,26.9218,28.2777,29.9677,25.7214,30.7693,32.7633,22.5518,23.62,35.5451,32.4913,33.0352,24.431,32.8977,27.7857,23.8607,22.0787,34.124,36.5149,25.0368,34.742,37.2283,25.4548,30.9832,31.8298,36.8748,29.7083,31.5711,67.8,1
2026-02-09 09:00:00,29.4364,24.906,21.647,25.906,23.2163,19.6862,23.2201,22.017,17.4311,30.5037,18.5407,31.2082,18.9041,23.8392,30.566,28.0408,24.6119,20.017,20.9669,28.8588,27.985,25.3959,25.8801,24.1434,25.8316,30.0233,23.1794,27.7806,30.9972,23.6286,23.5304,33.9468,27.55,30.0871,24.2174,32.0679,26.6709,24.597,23.9184,35.1539,30.3098,23.7154,34.3205,31.7772,24.379,26.164,32.2387,35.0084,29.0193,29.3548,67.95,1
2026-02-09 10:00:00,27.3854,22.7148,19.5913,24.8069,21.9532,19.1665,20.8747,20.3398,19.4704,28.4431,19.1868,29.5933,18.1604,21.7637,28.0288,24.0536,23.0845,20.904,18.986,26.5113,26.0091,23.9155,22.6286,22.4101,23.2923,28.7597,21.9078,26.5702,28.3779,20.8565,22.6988,29.7551,27.4746,28.1679,25.2775,30.711,24.4787,23.9988,25.5865,32.0601,27.5796,25.1759,33.0479,30.2742,23.1305,25.0584,30.936,35.4253,27.6342,27.5881,63.2,1
2026-02-09 11:00:00,25.7989,20.5923,18.5294,22.4481,19.7395,19.1145,20.3172,19.0184,18.6329,27.3994,21.4455,27.9327,20.2542,19.3321,24.6588,23.2834,20.5612,21.0689,21.7897,22.6672,26.3685,23.091,21.8175,20.8279,23.0614,27.9241,22.4584,25.8268,27.2497,23.0192,22.5881,30.0965,24.3112,26.5146,26.319,29.2493,23.4116,24.5804,24.4921,31.4194,28.869,24.6348,29.5008,28.7484,24.5487,24.9573,27.8048,31.1322,24.3719,25.4339,59.17,1
2026-02-09 12:00:00,24.0467,19.0012,17.8313,21.2149,19.3711,17.817,17.7908,17.3471,21.1887,24.5307,22.5909,26.2496,19.6449,20.0555,23.6107,23.1214,19.0843,22.6321,19.7621,23.6324,23.2699,22.5134,19.6019,19.5666,21.4787,23.665,21.9188,21.6998,26.3822,21.6739,22.8244,29.2452,25.1096,26.5256,29.6914,27.7441,22.1769,23.497,26.0989,27.0884,25.1642,25.4417,29.4385,24.7891,26.5544,23.7538,23.2948,29.9174,24.8517,24.354,49.61,0
2026-02-09 13:00:00,22.1829,17.8574,16.2842,18.6168,17.9547,17.8897,18.4389,17.6166,22.5305,23.7838,25.7944,22.1372,20.567,18.6579,21.7221,20.3746,20.3153,23.3717,21.2723,20.7852,21.5377,21.437,19.9059,20.407,20.5461,23.4249,20.9676,21.7519,20.5088,22.055,24.7277,26.0938,23.2614,22.7562,31.4416,27.0947,22.6104,26.9311,27.2298,27.3687,23.0707,24.1828,27.8302,24.5748,26.1876,25.1102,25.7997,28.9726,25.3824,25.2483,35.86,1
2026-02-09 14:00:00,20.1282,17.6709,17.967,19.2104,17.4876,19.4228,17.7432,19.4034,24.6035,20.7676,27.8982,20.1393,20.5759,20.0547,19.3507,19.885,20.5108,24.2367,23.0107,20.7918,19.5433,21.2031,20.5952,21.5291,21.7627,21.5431,21.492,19.847,23.3372,22.6108,22.9321,26.861,20.4401,22.5676,34.1482,23.711,21.8529,28.8181,27.301,26.5132,24.6591,25.0865,23.6267,24.7873,26.957,26.3099,23.5503,25.3861,23.2847,27.1613,51.31,0
2026-02-09 15:00:00,18.9683,16.7924,17.9251,16.7783,18.5007,19.6848,18.1484,19.8489,27.6821,19.5254,27.9896,21.1843,23.8916,19.3876,19.954,20.8523,20.9144,26.4015,24.6035,19.4765,20.247,21.719,20.7,22.4603,22.3397,22.9956,23.2302,20.3688,23.3268,25.7647,24.3224,22.3866,22.242,21.6972,36.5381,22.4517,26.4194,32.299,29.9186,24.571,22.2024,25.8054,23.2768,22.6932,30.4555,22.4622,23.8197,26.6531,24.9298,26.0113,32.46,0
2026-02-09 16:00:00,17.1003,17.9272,19.0683,17.5545,18.7283,22.2362,18.6749,22.1859,28.5159,18.2555,30.6327,18.7027,26.487,21.5784,20.8676,19.6984,21.4547,29.2596,26.1205,19.968,18.8297,22.7714,24.2618,23.0382,23.0157,21.1251,25.7915,21.2814,22.2288,27.4965,24.8356,21.8287,20.8182,24.1137,36.9731,23.1443,26.1064,32.7067,33.0075,21.1272,25.6771,26.9306,22.037,27.0197,32.5852,24.9778,25.7397,26.1521,27.4215,27.1753,39.9,1
2026-02-09 17:00:00,17.9726,19.3817,20.4025,18.4744,20.2252,22.5024,20.7292,21.965,31.1265,18.3218,31.7422,17.691,28.5687,23.0381,19.7002,20.8318,23.44,31.4868,30.0159,20.5187,20.6764,22.1339,23.8483,26.8342,26.0506,21.1922,26.5374,22.6117,21.5273,28.5959,29.6794,21.3234,22.9005,23.7288,38.4192,23.3288,30.1069,36.4817,31.9189,26.5947,24.5055,30.074,24.5302,23.9649,33.6518,27.4916,27.9431,21.5578,27.8272,29.6753,25.35,1
2026-02-09 18:00:00,17.1907,20.1549,22.2574,18.8559,20.9316,25.7638,23.4936,24.6006,32.3412,17.6286,33.6123,17.7909,30.2479,24.4431,19.2163,22.3909,25.2001,32.5428,31.663,21.2173,24.0029,27.0121,27.341,26.4142,27.5092,22.8002,30.0178,24.6891,22.0865,31.7305,30.0381,21.5378,24.5512,26.0817,39.129,22.3626,29.963,36.2356,36.6335,24.6561,25.1768,32.4257,24.7605,25.4748,37.9279,28.5686,25.5088,25.6328,30.6658,31.3645,20.79,1
2026-02-09 19:00:00,18.3662,21.5036,24.5685,20.2313,22.5741,28.4506,24.782,27.4721,33.4163,18.1314,34.935,21.1233,30.7445,28.0525,21.8032,22.4246,27.2794,36.053,32.9571,23.2943,24.2266,27.9619,28.8393,30.4915,29.2237,24.2523,31.8364,26.8246,27.3822,33.2506,34.0493,23.7211,26.9687,22.9119,36.9072,23.4836,29.8478,38.0876,38.9559,24.5658,25.9194,33.7554,23.5354,26.4308,37.2781,31.76,29.8459,27.5895,36.9354,33.6058,24.58,1
2026-02-09 20:00:00,19.0177,22.9727,27.0063,22.6509,25.5401,30.0406,27.2882,28.3852,35.8048,21.3147,34.5594,21.6273,33.3949,29.0829,22.4777,25.0908,27.987,36.1366,33.8523,24.9056,25.2575,28.8358,30.7641,32.7606,32.8795,27.2557,31.1919,29.5437,25.6807,34.8919,34.3065,24.0468,29.4627,29.043,39.9346,29.4024,33.6519,39.9947,38.4062,27.1239,29.1561,36.327,26.3708,28.7174,41.0961,33.0971,34.6786,26.9322,33.0717,38.3699,32.75,1
2026-02-09 21:00:00,20.5619,26.6086,30.4418,24.581,27.3652,30.0082,29.9877,30.3233,33.4499,21.3004,33.892,21.982,34.8037,30.684,26.078,27.6689,29.8107,34.0339,36.25,26.4371,28.1249,31.4082,34.0949,33.9674,32.1675,27.8383,33.9304,31.8678,30.326,37.1062,38.2619,28.2193,32.0473,28.9455,35.5868,28.8584,35.9855,39.3373,40.147,30.8413,28.8219,40.9282,29.5349,30.0874,38.946,36.9638,32.322,30.0479,39.3021,36.5652,34.8,1
2026-02-09 22:00:00,22.4352,27.1775,30.7344,26.6284,29.8932,32.1654,30.9359,32.0375,34.9511,24.7288,34.3203,23.9011,33.5798,32.9447,27.8822,28.3267,32.2233,35.6773,35.518,30.52,29.0942,31.7042,32.1593,36.8378,33.6236,30.3636,33.5337,33.4683,31.2018,39.2453,35.7602,28.2068,33.97,31.399,35.5003,31.5678,37.5018,37.0664,38.4917,28.2641,29.7561,38.3828,31.3145,30.3159,41.3795,41.8142,35.6146,29.3235,39.2926,41.1301,38.73,1
2026-02-09 23:00:00,24.3921,30.1508,32.4312,29.1448,31.1768,33.3564,31.9373,33.119,33.6449,26.1634,30.3406,26.5556,34.2027,32.9018,29.3963,32.6899,34.0232,34.3156,37.3843,30.7476,30.8458,34.2728,35.4171,36.6435,36.376,30.2766,36.8273,33.6667,35.0045,38.0624,39.0432,29.0025,35.5473,33.8459,31.6289,33.3691,39.2486,37.1378,38.8033,33.6165,32.9555,37.2273,34.9004,34.7,39.6626,38.0566,36.7835,31.0377,38.1627,41.7124,43.28,1
2026-02-10 00:00:00,26.582,31.6226,33.3918,30.2349,32.6855,34.5636,33.7011,34.4596,31.5359,29.2465,31.1495,29.2347,35.2976,36.812,31.1935,33.8451,34.8922,35.7597,35.6332,33.7564,34.939,35.3649,35.3723,38.1313,36.2462,32.6332,38.416,35.8608,34.2512,38.0215,38.9006,30.9448,37.3374,35.7743,31.0728,35.2074,39.1029,40.6622,37.4457,34.0191,38.2657,39.7644,33.688,39.4928,39.5979,41.8997,40.0996,34.7805,41.6796,38.7537,50.52,1
2026-02-10 01:00:00,28.9534,32.3292,33.5529,32.1373,32.4654,32.9992,33.6646,33.0959,31.264,29.322,27.8875,30.3505,34.3422,34.3933,32.9376,34.9953,34.074,30.7057,35.6398,35.2896,33.7677,35.9689,34.8039,34.1597,36.9832,34.9588,34.9032,36.1435,34.3213,38.1389,37.9289,35.9232,36.4247,37.1388,29.0423,37.8629,38.4049,35.9229,36.9784,35.6698,36.9481,39.741,37.0129,40.7114,35.1588,44.1839,38.2553,35.8385,40.9063,39.8957,55.87,1
2026-02-10 02:00:00,30.1675,33.0079,33.203,32.7163,34.9289,32.5446,33.7633,34.9729,26.9403,32.6192,26.1403,31.7075,31.1041,35.4662,34.3742,36.3794,37.1117,31.1463,33.036,36.5157,35.5005,37.2803,35.2722,37.1455,35.915,36.559,34.5509,37.6375,37.0856,35.0006,35.0363,35.9562,38.365,37.2253,28.9017,40.3541,37.0858,34.8438,34.5005,37.2761,37.2283,36.5297,37.0833,38.0357,39.4112,39.2657,38.2511,39.3353,42.2499,40.3985,67.29,0
2026-02-10 03:00:00,31.9028,32.318,31.8147,33.0736,33.509,31.0412,32.6439,32.3549,25.7638,33.7233,23.7727,34.4846,31.1357,34.3482,34.5358,36.1632,34.9093,28.8665,31.431,35.6797,36.6075,36.2156,35.6413,35.7507,36.8996,36.2904,34.3631,37.2969,35.9973,34.342,35.4008,38.4945,39.8056,38.3268,24.9287,39.1497,36.6177,30.602,30.5031,35.9985,39.4445,37.1598,39.57,37.8099,34.9151,42.5325,41.6241,40.4236,40.5485,39.385,71.34,1
2026-02-10 04:00:00,32.5219,33.1026,32.0571,33.4171,33.3059,29.9705,33.2293,30.2337,23.2406,34.5665,23.3974,34.5233,28.6199,34.0055,34.3015,35.1096,34.2537,27.3755,30.4523,35.936,35.4222,34.0809,33.6617,34.2205,33.7181,37.4329,31.6802,35.8086,40.472,32.2917,33.1374,37.9197,37.2765,38.1804,25.4333,38.9345,36.3515,30.2915,29.6494,39.9519,42.3946,36.6901,39.6366,37.1594,33.8384,36.9914,40.1463,43.1656,38.51,37.2364,67.88,1
2026-02-10 05:00:00,33.847,32.356,30.6245,32.768,31.1828,27.8447,30.9657,29.9028,22.449,35.3959,19.8397,34.7796,27.0576,31.6102,36.0357,33.1611,33.6888,24.9513,29.2205,35.3697,36.3008,32.7303,33.5664,32.4912,33.5684,36.1437,29.6934,37.5986,37.6991,31.0228,28.9297,38.1681,36.8817,35.6515,23.3488,39.8024,34.8295,29.5426,31.0229,36.2431,40.2596,31.9153,40.172,38.0899,28.4176,38.3695,36.9775,41.8626,36.0504,37.7769,68.24,1
2026-02-10 06:00:00,32.7351,30.0735,26.7566,31.7668,30.2657,27.5688,29.5589,27.6922,19.8099,34.4097,19.586,35.194,23.9412,29.0728,34.004,32.6706,28.8739,24.6712,26.6314,34.9035,34.34,30.2593,30.5751,29.3988,31.8089,37.4329,29.2871,36.4635,36.7971,28.8481,30.6416,39.4418,35.2043,36.8311,24.8693,37.5312,30.9013,23.7375,27.4176,38.2486,36.6301,31.1476,38.6284,37.605,28.6472,33.5669,37.0528,39.3876,36.2719,34.5633,70.1,1
2026-02-10 07:00:00,33.4719,28.8539,25.0608,31.2378,27.4043,24.0924,26.783,25.7429,19.6602,31.8703,19.299,32.4764,23.0553,26.0629,33.1636,31.0388,28.4026,22.2402,24.1896,32.6963,33.7276,30.9614,28.4021,28.5296,29.3571,34.0692,26.1708,32.0925,35.3071,28.5445,26.501,37.5752,33.8678,34.8586,20.7019,35.1049,30.9045,24.9229,22.4736,37.2937,35.0604,29.4245,39.1096,37.4384,26.4784,30.0073,33.4594,39.3758,31.8876,32.288,72.72,1
2026-02-10 08:00:00,31.4606,26.9886,23.4028,28.6143,26.4001,22.9382,25.639,24.0151,18.5208,32.6463,17.6365,33.2242,21.6566,24.0478,31.5936,30.1535,26.4217,18.8689,22.4124,31.4929,31.8282,27.8435,26.3395,27.5212,25.953,32.9523,23.2829,31.4609,31.8999,26.4798,26.7508,36.3221,31.1565,33.1904,24.1399,35.7445,28.3698,23.9217,25.5905,36.0268,33.2356,27.0151,35.5707,34.4954,23.9484,32.0519,34.6015,38.2289,28.3511,32.1045,72.54,1
2026-02-10 09:00:00,29.2528,25.2018,21.0757,26.3647,23.8363,20.7729,22.8389,22.3521,18.1354,30.9143,18.555,31.589,19.6132,23.2992,29.6895,27.6442,24.4469,21.1644,20.3445,28.8217,29.0404,26.7181,24.6264,22.136,23.9531,30.2972,21.1102,28.0693,30.4872,21.7267,23.5547,33.8158,29.7261,30.3289,21.5603,31.9355,24.7982,23.5937,21.9487,31.9509,31.0485,26.3231,33.3182,34.2636,26.3938,29.3763,31.5957,36.9322,25.7426,27.2496,67.46,1
2026-02-10 10:00:00,28.2493,22.836,20.2192,24.6777,22.1082,19.3709,21.3935,21.4549,19.0842,28.6002,20.0467,28.3799,19.2507,22.8596,26.4227,24.2266,22.7718,20.1805,20.4435,27.9731,28.7534,27.0881,22.6656,23.6774,23.2055,28.3421,24.4451,26.7089,28.6656,22.7882,23.7041,33.3596,27.3642,28.8695,26.306,30.0221,24.7844,25.9135,24.4847,33.92,30.8892,24.9157,32.9743,31.7894,24.4878,26.8449,28.183,31.1244,25.1423,25.9765,65.02,0
2026-02-10 11:00:00,25.8085,20.0731,18.2263,22.7014,20.8037,18.0585,20.5204,18.7071,19.5162,26.1163,20.9028,25.9116,18.6374,19.1655,23.9553,24.2938,22.6507,21.8028,19.3109,24.9592,24.5661,21.7206,20.9818,21.3542,23.0718,26.9639,22.6807,24.3818,28.6405,22.6848,21.1198,30.2207,25.8114,24.3172,29.5009,27.3679,23.9608,23.5143,25.4551,28.289,27.7489,22.5472,33.1098,29.4458,24.441,23.3114,26.625,31.4401,26.9889,25.186,56.41,1
2026-02-10 12:00:00,24.5116,19.0806,19.0117,20.1369,18.3093,18.4736,19.3599,18.9806,20.2981,24.3813,22.6988,24.8509,20.8222,21.0546,22.9047,23.0216,20.9489,21.4079,20.9185,23.0759,24.6374,21.7107,21.9523,20.308,21.8468,24.7081,20.9325,22.7457,23.5012,22.0508,22.3422,27.6035,24.1959,24.5249,32.0735,23.9091,21.7167,24.348,24.9033,27.4512,24.979,20.9735,26.5339,27.013,26.1548,26.6958,25.3985,31.5909,24.5783,23.1033,56.38,1
2026-02-10 13:00:00,21.721,18.3095,18.155,19.1654,17.7629,18.2065,18.2312,18.7779,24.6523,23.7183,25.0173,23.4385,20.426,20.1241,22.0483,21.8744,20.6385,22.2789,21.9591,22.0694,23.037,22.086,20.1338,19.7829,21.0774,22.5127,21.9321,22.495,22.5111,21.9821,22.8228,28.754,21.6036,23.2802,33.3112,23.6872,21.4288,26.242,24.9156,26.1131,23.2948,24.9172,25.2903,27.0936,25.3251,26.0602,23.5583,28.7981,23.8221,25.1312,45.56,0
2026-02-10 14:00:00,20.0256,17.9504,17.8415,18.0852,18.0932,18.8212,17.0428,16.9519,24.3781,20.385,27.8234,21.7969,21.2164,18.4333,19.8941,18.9434,19.8641,23.9505,21.2741,22.2466,22.5845,20.1302,20.6402,21.8964,20.2879,22.2849,22.2851,19.7461,21.8899,25.1563,23.3609,24.2878,21.0187,22.8569,34.0433,24.1312,24.3158,31.2865,27.0448,24.8978,27.1559,25.5362,25.7555,25.5933,28.383,22.1602,26.5949,26.7435,24.7162,26.61,37.57,1
2026-02-10 15:00:00,17.8066,17.0037,19.0608,17.627,19.2677,19.5353,20.5617,19.048,25.2829,18.5232,29.1568,21.4956,23.1269,19.3788,19.4115,19.8659,19.1806,27.9712,24.8082,19.7501,20.6229,20.6755,22.2227,24.1327,22.1299,21.1761,24.7258,21.0301,21.0446,25.5179,24.2419,22.4371,22.1165,22.5053,36.7607,24.6339,24.276,30.5398,30.7644,24.7085,24.6675,25.2532,26.0134,22.1966,30.202,25.8355,26.4426,24.8085,27.4968,24.7896,26.28,1
2026-02-10 16:00:00,17.5199,18.9042,20.3455,18.133,18.6478,21.1927,20.7461,20.1084,28.2774,17.8955,32.0496,19.4766,25.7558,20.6778,21.1441,19.0543,19.6456,29.8349,27.1397,21.2927,19.7867,22.4142,23.3908,23.689,21.1019,21.8643,25.0624,26.2979,20.2281,25.8439,23.6015,23.8115,25.01,23.8353,40.4719,22.2108,28.2464,33.1632,30.5985,23.6424,22.6797,29.0311,24.4489,24.9754,32.335,27.5389,24.8289,24.7483,28.5745,26.5706,29.75,1
2026-02-10 17:00:00,15.9654,17.6036,21.0436,18.3178,20.2899,23.688,21.5174,22.9775,29.8849,18.6054,32.1189,17.9307,28.3197,23.2971,18.2579,22.2736,21.5788,30.6481,28.7912,20.2222,23.011,25.6816,23.8872,26.5415,22.0371,22.9155,27.3765,21.3772,19.4539,30.0993,28.1152,22.9897,24.1829,22.1,38.428,22.255,30.3547,31.5519,33.3522,26.0689,26.0634,31.1973,23.3,24.0276,35.6691,26.7788,26.0866,24.9117,29.6088,30.0013,27.85,1
2026-02-10 18:00:00,16.4138,19.6826,22.8169,19.9822,21.4763,25.5102,22.3455,24.8758,32.9134,20.0518,33.0881,18.9497,28.7768,24.9253,19.9477,21.9842,24.9711,30.649,31.2179,22.0958,21.8797,25.6259,27.4026,27.9019,26.0394,23.7423,30.5051,24.0235,21.4741,31.6331,31.9406,21.7065,26.3216,25.4509,39.8559,23.7901,30.8464,36.3724,36.6119,24.4951,24.0872,33.8683,25.3304,27.1642,35.5909,31.7401,26.4723,23.9751,30.4596,32.4682,22.15,1
2026-02-10 19:00:00,18.1846,21.6663,25.3833,20.7297,24.6024,27.5304,24.7535,26.9727,33.7744,21.2057,36.0383,18.877,33.0591,26.9593,23.3563,23.3164,26.7125,35.3379,31.5691,22.8624,22.9515,26.2146,29.2682,28.394,27.7759,23.0763,33.5908,26.4982,26.1344,32.42,31.612,23.1472,25.5623,28.5579,38.0079,25.0247,33.5347,37.4576,36.6671,25.3949,26.987,36.9414,26.5873,28.306,37.1356,35.9348,29.7198,26.6619,32.8598,33.6785,21.23,1
2026-02-10 20:00:00,19.2521,23.5733,27.8978,23.5682,24.4475,28.9723,26.5667,28.589,34.548,21.3726,34.3042,20.8934,33.4435,28.7192,23.473,25.0985,28.6005,33.6469,33.5973,25.0843,25.36,28.4154,30.9974,31.8473,31.4263,22.8462,34.7153,27.999,26.7653,34.0776,33.6505,25.2509,30.1243,27.5086,39.096,26.6817,33.0889,38.7957,40.4467,25.7251,28.7108,36.1008,26.5046,31.6013,38.333,35.9971,32.7031,27.788,35.3027,35.4979,32.73,0
2026-02-10 21:00:00,20.5497,25.0991,29.4378,24.2847,27.6332,32.3953,29.7592,30.5406,34.2144,21.8753,33.4168,23.661,34.7028,31.208,24.8823,27.9003,30.4906,37.7677,36.3002,26.8429,26.6636,30.6881,32.3462,33.1788,32.572,30.24,36.7841,29.4708,29.7054,35.4894,34.8459,26.3717,32.0882,31.0083,37.7039,29.9646,34.4853,38.7684,37.9325,28.6498,31.3268,35.7894,30.4095,28.5034,39.1247,38.9126,35.7936,28.8414,36.0657,39.9481,28.45,1
2026-02-10 22:00:00,21.6401,28.0592,30.1578,26.1946,28.562,32.2877,30.9631,32.2443,33.9205,23.8721,32.1739,24.8468,34.9218,33.4207,28.4574,30.1222,34.3076,34.612,36.0033,30.1729,30.1422,31.3165,34.0311,34.3101,35.8392,30.5639,36.3181,33.3501,30.267,38.675,37.7238,28.9492,30.8682,33.9221,34.2879,30.3637,37.3936,37.4975,35.1486,29.6266,31.9349,38.9344,31.2861,33.7799,41.9124,39.3932,34.8009,30.8353,38.8195,38.5656,38.16,1
2026-02-10 23:00:00,24.1385,29.9009,31.8941,28.9802,29.7408,33.5117,31.8211,33.1802,32.9823,27.1669,32.8182,26.0297,35.1215,33.9933,29.6373,30.2793,33.4146,35.2853,36.3775,31.1014,31.1093,34.4553,35.5038,35.9204,35.0675,32.4527,36.6451,34.3393,32.8049,38.5208,37.021,30.1171,36.0445,35.8647,34.0649,32.2245,36.9621,38.1974,37.9144,31.7327,35.3407,40.9639,31.0472,34.476,40.0515,37.8192,35.4327,31.7247,38.7692,42.7965,43.65,1
2026-02-11 00:00:00,26.25,31.3117,33.1381,31.2709,32.761,33.8455,33.1288,34.6536,31.8428,29.561,30.0572,29.0851,34.5619,34.4388,31.2398,34.4343,35.9428,34.3902,35.1304,33.8078,33.1908,35.7816,35.319,36.5642,37.0857,33.1897,35.3912,35.0643,36.4533,38.8817,39.3792,33.1371,35.1688,35.5887,32.0705,34.7888,39.4169,39.3582,38.3484,38.5175,34.6209,41.522,35.2434,40.1151,40.834,41.4626,37.8247,37.2105,41.4129,40.27,51.79,1
2026-02-11 01:00:00,27.6639,32.6442,33.4491,31.1683,33.5432,35.0608,34.7585,33.5969,30.7601,30.119,28.1408,30.0406,34.502,36.0701,33.3213,34.9473,35.7201,33.0002,34.6508,34.2941,35.7931,36.4992,36.7413,37.8558,36.8191,33.3558,37.0527,37.7603,37.8505,37.4735,38.286,33.7991,37.1651,38.5719,29.8943,37.2551,37.9991,36.1051,37.651,38.248,37.8348,38.2431,36.4232,34.4518,38.555,38.7291,41.0451,38.1796,41.7467,41.9429,52.63,1
2026-02-11 02:00:00,30.8511,32.9291,34.363,32.9119,33.645,33.0201,35.1382,33.4047,28.4616,33.2376,26.126,30.2922,32.327,34.9192,33.9012,36.4999,35.6823,31.1371,31.1865,35.7592,36.4842,35.24,37.3677,36.3455,38.3827,34.5142,36.4284,36.9249,38.2167,35.4187,36.6359,35.0963,39.5658,39.2146,27.0015,41.2632,38.6046,31.8569,34.2676,36.6417,41.0485,38.669,40.3925,40.2708,35.3313,39.6246,40.6381,39.4271,42.3156,39.7919,62.02,1
2026-02-11 03:00:00,31.9943,32.4439,31.7199,33.2279,33.5639,31.8233,34.6227,33.1004,26.4947,33.3705,24.9258,32.7799,31.1665,34.7871,34.3996,37.037,36.1959,28.9447,32.1886,37.5625,36.4243,36.5302,36.5581,33.896,36.189,36.8273,34.3294,36.6519,37.9374,33.7897,35.2705,38.335,38.4564,40.0095,26.8229,40.7423,37.0551,30.6167,32.4498,39.7214,41.0793,34.8384,37.785,40.9574,32.5418,39.2431,42.0432,40.9281,40.1527,39.0306,63.81,1
2026-02-11 04:00:00,32.4576,32.5453,31.5397,33.6811,34.7664,30.5798,33.149,31.4202,24.4381,34.8528,22.2013,34.9297,28.2697,33.0629,35.3809,35.2806,35.4052,26.3743,31.0409,35.5239,36.5248,34.3667,34.0845,34.9749,36.1436,37.4039,32.0868,37.7546,38.2562,34.017,32.2649,38.3004,37.0807,39.2433,22.8921,39.2324,36.5403,30.3689,30.6852,39.8387,38.7034,34.4491,39.3979,37.2183,30.5622,37.8529,40.0507,36.7504,38.7541,37.2848,71.95,1
2026-02-11 05:00:00,33.1161,32.114,30.4583,33.0791,31.5496,28.2148,31.0791,29.2098,22.8062,35.4511,22.4578,35.5409,26.6648,32.3738,34.376,35.2663,32.5102,24.5536,26.4287,34.9469,35.7976,33.6988,33.8192,32.3598,32.6873,38.5005,32.2061,34.7861,37.5356,31.3033,30.2495,39.0613,35.8205,39.1182,23.152,38.0802,34.3179,26.6809,30.9223,38.6975,36.9682,28.5775,40.3243,40.3253,29.2793,35.6119,41.2003,43.3665,35.4632,37.5499,76.16,1
2026-02-11 06:00:00,33.1992,30.7575,28.9829,32.8234,30.407,26.6713,27.3958,28.3244,20.7987,33.3633,19.7178,36.0749,23.8645,30.5886,34.3809,32.8211,31.5831,22.403,24.5068,34.2875,34.3095,31.4963,32.7022,30.2417,31.5091,36.0527,29.489,36.6284,35.8926,28.4373,29.8168,39.4383,34.3856,36.2936,22.9206,37.8456,31.3841,26.5384,27.3321,41.7977,34.9691,29.881,42.6469,35.7642,30.0147,34.4725,35.0562,36.5889,34.6678,36.9041,78.58,1
2026-02-11 07:00:00,31.4777,28.9684,25.4198,30.5151,27.8164,25.9882,27.6643,25.5147,19.6458,33.9398,19.7278,34.3578,23.5415,28.5029,33.3736,31.2542,29.2062,21.6225,23.8817,32.9787,33.1985,31.3079,28.5024,28.738,29.8092,35.0673,28.1589,34.6152,34.1454,26.7537,28.0352,36.6256,33.1863,34.4373,24.3838,35.8978,28.1071,26.3869,24.6843,37.8467,37.1199,28.7826,40.9037,36.0601,28.7309,32.6001,31.9073,40.801,31.1506,32.5345,80.13,1
2026-02-11 08:00:00,31.357,27.2725,23.8467,29.5751,26.326,22.7197,25.3869,23.2833,19.492,33.372,19.4202,33.9183,20.4337,25.0619,32.1078,30.9995,26.8212,19.0134,23.2669,31.7191,31.8248,27.4986,27.4029,25.8504,29.0738,32.0737,23.9455,31.6007,33.9773,26.0487,26.0025,36.6447,29.5627,30.5272,22.5417,35.3563,28.0138,24.4159,26.8269,38.4846,34.8178,26.0177,36.6532,35.8088,25.7393,32.5343,35.4103,38.2402,28.0972,28.7895,70.6,0
2026-02-11 09:00:00,29.6462,24.5803,21.9469,26.5824,23.927,20.9489,23.4441,21.8434,18.0452,30.3381,19.2351,31.7992,19.6852,23.1024,30.3943,27.0359,24.969,20.3001,20.8649,29.1706,29.232,27.3617,22.6408,23.5467,23.6206,30.1569,22.653,28.3221,29.3466,24.1326,23.2275,37.0507,30.1819,30.5532,25.1972,33.5782,23.8856,22.1021,23.5948,34.0592,32.9232,23.3927,35.3461,31.8789,26.0722,29.3745,30.2372,34.7989,28.3522,29.4814,66.55,1
2026-02-11 10:00:00,27.6658,22.8563,20.0574,25.2148,21.8644,18.9474,21.5467,19.7842,18.2741,28.0719,19.7748,30.142,19.0499,22.5283,27.0972,25.7355,22.4077,19.993,19.1779,27.2684,27.6498,24.3526,21.9516,22.947,23.7191,27.0383,23.5077,25.7731,30.2689,22.4138,22.2897,32.3117,25.5767,28.6097,25.925,31.871,26.1718,23.6137,20.8409,34.3524,32.5671,24.4743,33.6588,31.2524,23.6862,28.5015,29.5984,34.5242,26.4221,29.2557,67.59,1
2026-02-11 11:00:00,26.0205,21.2683,18.5908,22.7896,21.4963,19.5089,19.1378,19.172,18.9285,27.092,21.8242,28.2115,18.9134,20.4755,25.7556,22.904,21.246,21.3894,20.0069,24.011,24.4925,23.0483,21.9786,22.187,22.2663,25.2578,21.5661,22.3303,26.3597,21.975,21.163,29.0582,23.1776,24.8844,28.5471,26.6564,24.3063,24.932,22.1821,32.5785,28.5583,26.4144,29.3838,29.1347,23.818,25.4602,27.8421,33.0035,26.9016,27.2776,58.77,1
2026-02-11 12:00:00,25.0132,19.3289,18.0554,21.8447,19.7752,19.2224,19.2386,18.2642,21.1988,24.7673,23.6973,25.6769,20.1681,19.6415,23.8297,21.4579,19.9635,21.4915,19.7575,23.5463,22.9249,21.5697,20.1283,21.4243,19.581,23.4085,20.9185,25.2355,23.4478,21.4289,23.0866,29.3015,24.9648,25.3496,30.9497,26.0499,24.2298,24.1783,25.6438,27.5547,26.9136,23.0293,28.7889,28.0948,26.5394,26.3338,26.7186,29.5253,23.8887,23.3233,54.95,1
2026-02-11 13:00:00,22.3976,17.5248,16.0823,18.4978,18.2756,18.6635,18.6779,18.0037,21.5229,22.5086,24.901,24.1465,20.3288,18.7903,22.054,20.3144,20.659,23.7825,21.0593,22.1394,21.3645,20.0163,22.7827,21.8601,20.7298,22.7783,21.4293,21.3779,22.825,22.6952,20.5888,24.5304,22.3967,25.2115,31.0308,27.2143,22.0595,25.2535,24.0729,26.555,23.3783,23.8772,28.8635,24.4324,26.9346,21.9175,24.6123,30.1674,29.3248,24.4493,51.34,1
2026-02-11 14:00:00,19.9646,16.9847,18.1164,17.6226,16.4563,19.1906,18.6392,18.3927,25.0597,21.0674,27.5195,21.1172,23.0286,20.6407,20.1529,21.1207,19.8126,25.5735,22.8081,21.4591,20.5195,21.0595,21.6744,21.7187,19.7319,20.3501,22.8897,22.1579,21.4536,23.4432,21.3787,23.5061,22.5906,21.9751,36.0489,22.8001,24.3179,28.3426,28.7539,25.3542,26.4263,25.6927,25.8053,26.1712,29.3642,23.0733,23.4828,24.6738,24.8437,24.6512,34.13,1
2026-02-11 15:00:00,19.0909,17.7939,18.5684,18.8052,17.8122,19.7817,19.2801,20.287,26.7526,18.6123,30.3376,18.4869,23.101,21.0929,18.9331,20.0875,19.3341,27.0109,24.0324,20.0793,21.731,20.6783,22.8297,21.7022,19.5582,20.6143,25.3461,21.9074,21.2665,25.2197,23.0941,23.4733,23.4178,24.8862,36.7601,22.3771,24.1609,32.4454,29.1167,26.498,23.6401,29.8307,27.3042,20.3991,30.3276,27.0896,23.4699,24.2063,26.3613,26.9776,35.56,1
2026-02-11 16:00:00,18.4868,18.4828,19.6136,17.3029,20.3725,21.7258,20.0433,21.2335,29.6576,19.2465,32.8075,19.8704,25.8402,21.4089,19.904,20.6339,20.853,29.5249,26.1661,20.4312,21.2642,22.3023,23.149,23.5496,22.7387,21.3341,25.8919,20.3806,21.2784,26.5161,24.7606,22.6102,22.5076,23.2837,36.562,22.6108,26.7044,31.3451,33.7155,25.796,22.8956,27.7013,23.5982,26.5186,31.8018,26.0572,26.4641,23.2847,26.9944,29.2057,25.95,1
2026-02-11 17:00:00,17.7106,19.2693,22.5176,17.866,19.8168,22.8291,20.8205,21.5859,30.3258,19.785,33.4964,19.2912,27.2096,22.6163,18.4288,19.2659,20.2442,30.0745,29.0066,21.6738,20.1937,23.9471,23.8739,27.3294,24.2375,19.3979,28.8717,22.4821,21.8066,27.6721,30.7066,22.5586,24.6732,24.5446,38.0683,24.9787,27.1306,34.0448,34.4676,23.2042,24.9016,30.5152,24.1785,24.6422,34.1089,28.6912,27.8386,22.9527,30.7163,31.8125,32.11,1
2026-02-11 18:00:00,17.2724,20.1203,22.908,18.7781,22.2224,24.6934,22.8103,25.2677,32.2494,18.4219,35.3747,18.5357,30.164,24.4872,20.3975,22.0516,24.3216,34.1711,31.1682,21.1836,22.6742,26.9085,26.2718,28.0404,26.1376,24.3464,30.6256,23.3377,23.2306,32.2879,32.1613,25.1061,26.8466,24.6788,40.6359,24.821,30.3058,34.8824,34.0161,23.704,28.4129,34.541,24.8212,25.8584,36.7953,27.1389,27.9173,25.7395,31.227,32.7558,20.25,1
2026-02-11 19:00:00,17.4568,21.0695,25.1258,21.4186,24.3222,26.5557,24.9125,27.1094,34.3548,19.1224,34.2422,18.9518,31.6948,27.1923,19.8562,23.3704,26.7855,33.995,31.5727,22.0422,23.4247,27.5375,29.0883,28.9957,28.6749,26.0809,31.2734,27.1456,24.9936,33.8786,31.9563,23.4617,29.8826,25.2802,39.1623,24.9174,30.7933,36.8782,38.827,25.5157,30.1506,33.96,24.2874,28.0009,38.3935,31.9882,29.2799,28.8058,32.1846,36.5228,29.52,1
2026-02-11 20:00:00,19.2105,23.6863,28.5426,21.827,25.6472,29.7184,27.0115,29.1247,35.2534,21.0782,35.3273,21.1707,33.1431,29.4705,22.4997,26.0207,28.7307,35.3179,34.7049,24.5005,24.9908,30.0813,30.3062,30.9217,29.6339,27.0932,33.138,29.1889,27.7152,34.7455,34.9867,23.9582,29.4388,28.8607,36.7938,26.332,34.3082,38.6667,40.5296,24.5909,27.9194,36.2019,29.1059,29.6685,38.0686,32.8407,33.0056,29.1192,32.9812,39.0605,26.13,1
2026-02-11 21:00:00,20.537,26.616,28.906,24.581,27.0914,30.3593,29.6173,31.2938,34.0396,24.5943,35.3685,23.1969,35.3036,30.4523,24.8055,29.6638,32.5316,35.0647,35.1295,26.9582,26.2839,31.8562,33.4967,32.6141,34.305,28.441,35.1407,30.1339,28.6546,36.1313,38.2187,25.528,31.5836,31.1761,35.8166,27.9809,34.246,39.14,37.783,30.0695,32.8017,41.1022,29.0059,31.433,40.0526,35.6021,32.1473,29.1972,38.4354,40.2771,34.54,1
2026-02-11 22:00:00,22.6124,28.1593,30.7449,26.5029,28.0962,32.2994,31.2351,32.3051,34.2701,25.2946,32.8269,24.9397,34.5504,31.8527,28.4598,27.8032,33.1687,35.2665,36.7127,30.5897,30.6364,32.9035,35.1966,36.2067,34.2552,30.4654,35.3608,31.5428,31.3643,35.9654,38.1742,27.6613,34.7548,32.1647,35.9104,29.3525,39.8835,35.8103,38.486,29.2998,33.7857,41.9807,31.8562,35.2535,38.4205,38.4317,39.087,33.6696,40.141,38.6272,42.57,1
2026-02-11 23:00:00,24.4976,29.5965,32.2734,29.28,31.6753,33.5165,33.6805,33.8862,33.4708,26.5279,31.7386,25.8566,35.6047,34.2115,30.2036,32.0223,34.6195,36.7587,36.8413,33.4553,30.4958,35.3316,35.7944,36.7417,37.0023,32.714,36.8665,34.4923,33.0354,39.1649,40.5138,28.8691,36.0811,34.643,34.166,31.9757,38.9044,38.402,39.7097,32.6424,36.6389,40.8322,32.7851,33.4423,39.8418,39.7156,38.6983,35.2402,40.8738,41.7734,40.95,1
2026-02-12 00:00:00,26.8016,31.6332,33.6623,30.1688,32.1137,34.6025,34.8703,33.8661,32.1882,28.6966,31.5983,28.1062,34.1422,35.6862,31.1354,35.1609,33.8511,34.383,35.2082,32.5922,33.4915,35.7459,34.841,38.7801,35.0191,34.1076,39.0892,37.0108,35.411,39.3293,38.0085,32.971,37.0571,36.0613,31.6563,37.0653,39.1906,39.8326,38.9802,36.3775,37.4582,40.337,37.9451,36.034,38.2932,40.0737,39.2335,34.8041,40.7491,42.1411,44.13,1
2026-02-12 01:00:00,27.9919,31.7876,33.6199,32.2249,33.5852,33.5144,34.12,34.8943,30.0496,31.4476,27.6654,31.1596,33.8661,35.4099,33.8109,34.2072,35.4803,32.5032,35.2502,34.7726,34.1162,36.1559,38.5173,37.53,36.3369,35.7366,37.0531,35.3932,36.3401,37.2718,36.8535,34.6233,39.9862,36.6637,28.7967,38.4203,39.9573,36.2806,39.7143,36.9814,39.3079,38.4317,39.0457,39.4143,34.0915,42.0233,41.6274,37.2179,40.7627,44.2076,55.43,1
2026-02-12 02:00:00,30.7583,32.7903,32.5465,32.3629,33.086,33.9147,31.6867,34.0967,29.1404,31.644,25.319,32.439,31.4764,34.9534,35.1978,35.548,35.3928,30.6702,32.5518,35.3701,36.7083,35.6665,36.3991,37.042,37.7874,34.967,35.3452,39.8354,36.6169,36.648,35.325,36.4929,36.5927,38.7234,28.1626,37.495,36.9055,33.9644,36.0869,37.4142,41.1942,38.0593,38.8693,39.3376,39.8293,39.8949,41.7971,39.6221,42.009,45.5808,60.95,1
2026-02-12 03:00:00,31.6448,32.7399,32.2101,34.9171,33.4884,32.6667,34.4642,32.1435,24.9056,33.9995,25.3407,34.5252,30.1321,33.5312,35.1451,36.253,34.6153,28.9063,32.6851,36.7638,36.1864,36.9073,38.4098,37.3189,36.2666,37.3939,36.7419,37.4329,36.8432,33.696,35.0806,38.1755,36.7566,37.8903,25.1138,38.1531,36.4497,31.5323,36.0338,37.7083,37.5811,35.4581,38.0996,42.1462,33.7505,39.3934,41.1408,39.1934,39.8138,39.3121,62.54,1
2026-02-12 04:00:00,33.6557,33.1939,30.9285,33.4753,32.9476,29.8663,32.3467,32.3791,23.8481,33.6106,23.2363,34.3993,28.5891,32.7024,34.4243,33.6584,33.5729,27.441,28.8228,36.5269,36.3279,34.8457,35.1686,32.9391,34.3161,37.8605,32.0348,37.1177,38.04,33.0508,34.2919,38.8026,35.7948,39.4664,23.1285,40.4669,36.5566,29.0032,30.9057,39.5762,40.262,36.642,41.2389,43.4339,31.4574,36.8407,37.457,39.53,40.276,38.7934,63.61,1
2026-02-12 05:00:00,32.7478,32.4228,29.5932,33.0944,31.8857,29.3649,30.7558,29.8885,22.5454,35.3367,21.1252,35.5647,27.9472,32.2687,35.0785,34.8459,31.2607,24.9845,27.7524,34.8919,35.7778,34.6022,32.6882,30.6083,32.0263,37.2307,30.0207,37.9825,38.6267,30.1758,31.3388,36.8314,37.9661,40.6099,25.1844,38.1122,34.2615,28.3055,29.3398,39.3431,37.6028,32.7605,41.6195,39.7919,32.9787,38.6395,39.6537,42.1598,36.7496,36.8797,79.01,0
2026-02-12 06:00:00,33.9976,30.5945,27.9613,33.0189,29.452,26.4503,29.2434,27.8284,20.9497,34.2348,19.6327,34.8226,24.6042,28.7053,34.3541,32.7061,29.9081,23.2207,25.2453,34.0302,35.0686,32.2868,31.3945,30.6043,32.7576,37.0798,30.2187,34.818,35.9415,28.0967,28.7434,37.8501,35.5997,37.9943,23.5135,38.9081,31.1407,26.9649,26.2762,42.6605,37.403,30.2799,38.268,36.3498,27.1265,33.8578,39.6242,42.0608,34.734,36.5307,80.97,1
2026-02-12 07:00:00,32.6464,28.4827,25.8925,30.2537,28.9441,24.2324,27.2162,25.6323,20.3577,33.8043,18.6916,33.6184,23.9266,29.007,32.1641,33.3809,29.7028,20.8009,22.6749,32.9458,33.2969,30.0435,26.9595,27.7389,30.6449,35.9869,27.5894,33.0088,33.9413,26.5328,28.5436,37.1328,31.5417,34.8965,22.1765,35.5115,30.7556,27.1548,24.8022,37.2207,36.4703,28.5949,38.2221,36.0203,25.058,30.9507,34.8821,38.2048,33.409,32.4735,71.74,1
2026-02-12 08:00:00,31.1508,26.9735,22.5889,29.7608,25.8108,22.3847,25.8079,23.6291,19.5345,32.1608,19.0875,33.6562,21.2868,25.6148,31.7791,29.6041,26.763,20.3411,22.8387,32.3476,31.4174,27.419,27.8162,26.2592,28.1537,32.1852,24.91,30.1648,32.6045,24.6042,25.9324,37.736,30.9449,33.6482,24.0027,35.442,28.3358,23.0385,24.545,36.1526,33.2842,25.9492,36.9914,32.6018,25.5018,29.1619,35.0302,38.8271,32.8754,31.6817,70.48,1
2026-02-12 09:00:00,29.7532,24.6394,22.2357,26.5425,23.0852,20.8076,22.3845,22.1421,18.3393,31.2597,20.4428,30.6465,19.6901,22.3596,29.7759,27.1235,24.4401,20.2355,20.4023,28.6236,28.9552,27.4076,27.3694,25.3687,25.422,29.5711,24.3628,28.4396,30.2557,23.4921,23.7516,36.2043,28.9775,32.5254,25.0808,32.7531,26.8213,25.1245,22.991,33.7726,31.8109,26.1303,36.5215,34.2579,24.2617,29.2276,32.7939,37.0532,30.6824,28.8838,70.91,1
2026-02-12 10:00:00,28.0241,22.42,20.1013,25.0831,22.0653,19.1592,20.8505,19.7539,19.7759,28.7292,20.4133,29.5513,20.5112,22.2954,27.8379,26.3326,23.0491,20.1231,18.8397,25.7315,25.899,23.9435,21.2458,23.4497,23.0388,29.9261,22.6771,26.2686,28.0583,23.7977,21.9935,32.1367,24.4773,28.9978,26.236,31.8297,25.258,25.1359,20.3714,32.7458,28.6507,24.2434,32.8064,30.0163,23.7483,27.138,30.0119,32.9529,27.2925,25.0658,65.79,1
2026-02-12 11:00:00,26.3912,21.1504,19.4335,22.3408,20.4456,17.9526,20.2342,18.1913,19.2854,28.2962,23.1894,27.5756,19.5665,20.9331,25.6392,24.1126,22.5518,20.3802,17.7303,26.3027,24.3172,24.2331,21.7073,23.1588,22.6799,27.2933,20.4898,23.2979,25.2142,19.8228,22.0457,29.4315,25.5315,27.8076,28.8362,30.7748,22.9536,23.6393,23.2598,31.6807,27.7375,28.048,32.2412,29.1004,23.5929,25.6581,28.0817,32.9579,25.6398,26.2325,63.59,1
2026-02-12 12:00:00,24.3543,18.9735,18.0721,20.0709,19.1852,17.5785,19.3085,17.8311,21.7435,25.7072,22.7276,25.2756,19.1825,19.3829,24.0796,22.7942,20.5228,21.3882,19.9699,23.8025,24.2256,20.8104,21.0857,20.2566,20.4427,24.1913,19.1249,21.4296,24.7191,21.6119,22.8797,28.6732,22.5813,26.2801,29.5048,26.523,23.2388,24.3253,26.4636,27.7454,27.4523,23.7255,27.8961,27.1336,25.3764,26.5704,27.2423,31.2092,23.7199,26.0118,52.49,0
2026-02-12 13:00:00,21.77,17.3584,18.1291,19.6109,19.0309,18.245,18.7119,18.626,24.0506,21.8647,25.3431,24.1324,20.9791,20.121,21.7083,22.3592,20.4238,23.7112,22.9347,20.8774,21.8428,22.3228,21.7573,22.0408,20.5424,23.0252,21.4669,22.2721,23.7848,23.4848,22.0358,26.193,23.8554,24.3913,33.7534,24.2857,21.107,24.9577,26.5971,27.6007,26.5294,26.1225,25.7558,27.6422,29.173,23.4393,26.0814,29.431,26.3813,26.0746,39.43,1
2026-02-12 14:00:00,20.253,16.7861,18.0077,18.6848,17.717,18.7098,17.7268,18.652,25.6076,21.243,27.1752,22.1059,21.7989,19.1139,20.7579,19.5182,19.2494,25.5666,24.2586,21.2104,20.5126,20.8449,23.2143,20.9593,22.6339,21.8413,24.1377,20.4307,21.3456,24.0942,22.5899,24.7903,21.3106,23.4126,34.6648,23.9249,23.3911,28.6486,28.3729,24.0508,23.4312,28.6557,28.2757,25.1474,26.2626,25.7757,27.7645,26.6405,23.1102,27.743,40.66,1
2026-02-12 15:00:00,19.9112,16.4875,19.2636,16.9957,17.9771,20.2782,18.0762,20.3967,26.9348,20.3362,28.7103,20.6662,22.2634,20.8303,19.4974,21.1399,19.9725,28.0534,24.2939,21.1854,19.3376,21.9796,22.3622,24.4095,20.1381,21.8221,23.9655,22.5004,21.0557,24.5372,24.9258,24.9801,23.0447,24.0533,34.4555,25.0895,24.8314,30.2819,29.294,25.7456,25.7733,24.0312,23.0397,24.1901,31.6129,25.974,26.5361,26.3716,29.1853,26.591,29.53,1
2026-02-12 16:00:00,18.6614,17.8726,20.0427,17.5661,18.1088,21.5396,19.3605,20.979,28.6965,18.6827,31.251,19.4876,26.4748,21.5306,19.0948,21.5472,21.826,29.4618,26.5972,20.6017,19.0982,20.8693,25.3251,24.7015,23.7787,22.9436,26.6455,22.0316,21.012,29.5476,27.2294,23.0776,24.976,25.0267,37.4587,23.312,27.4449,34.0885,32.7904,23.3428,24.9001,29.0796,23.3547,23.3287,34.6547,27.6629,26.8012,25.5738,29.2773,27.0924,28.09,1
2026-02-12 17:00:00,17.4607,18.7239,21.3286,18.967,20.4676,23.4187,21.2644,23.302,29.7793,19.559,33.2258,20.4356,28.6834,22.9546,20.925,20.1814,24.5895,29.5157,28.6079,22.3445,20.6216,22.2404,25.0927,26.5771,26.128,21.0396,28.3495,21.5435,21.1095,32.2319,30.8375,21.9251,25.7767,23.5793,37.8788,23.2974,29.1519,35.1921,36.5324,23.4538,26.6834,33.7628,25.5387,26.0063,33.7145,28.883,28.4381,25.335,28.6573,32.6093,30.3,1
2026-02-12 18:00:00,17.2652,20.0573,24.5705,19.6501,21.6911,25.7831,23.8343,24.2597,32.6349,19.7285,34.455,20.3153,31.293,26.1287,19.0368,21.5365,26.006,35.1176,29.8816,22.7163,23.1727,25.4464,27.2953,27.534,27.2989,23.2371,28.4864,26.267,22.6472,31.3417,30.105,21.9673,26.8151,26.3363,35.3944,25.5636,29.6248,34.0376,38.0605,26.192,23.5992,30.7925,24.3814,24.7288,37.0724,29.5777,29.4848,26.956,33.5613,31.8051,21.38,1
2026-02-12 19:00:00,17.8596,22.0445,25.8614,20.5393,23.2251,28.3817,23.5719,26.5133,32.8694,19.6838,36.3022,20.6145,32.0798,27.9116,22.6606,23.7868,27.3115,34.5287,32.0669,24.0127,23.3556,26.2299,29.2513,29.676,28.9203,24.6289,31.8723,25.965,24.966,32.2776,33.6768,21.8562,28.0142,24.7111,38.6164,26.033,31.6908,37.8985,38.2812,24.7899,27.9072,37.3843,25.4715,26.0211,38.0671,29.5542,27.3311,25.2296,34.6414,34.88,25.56,1
2026-02-12 20:00:00,19.1705,24.3414,27.7607,22.2235,24.393,30.3924,26.8293,28.861,33.8096,21.6843,35.2004,21.6808,33.124,28.3611,23.1324,25.5173,29.0404,35.1907,35.2956,25.7621,26.0712,30.5194,32.1822,32.6124,30.1498,24.117,34.5336,28.9596,25.557,34.8814,34.9185,25.3856,28.4237,28.9279,39.3359,29.8694,36.2754,39.3696,37.8476,27.3102,30.1713,37.9586,27.5053,28.7621,37.1464,35.9506,32.2068,26.8033,36.5831,36.7291,23.45,1
2026-02-12 21:00:00,19.8046,25.4606,28.6693,25.7139,28.4832,32.069,28.1535,30.6428,33.7284,20.9548,35.2769,22.2688,35.087,31.4777,24.9672,29.156,32.1133,35.9922,35.985,27.736,27.18,31.6655,32.539,35.7357,31.9683,30.7003,34.8984,32.2475,28.8867,35.3653,36.4458,26.7087,31.7434,27.8416,36.7675,27.6265,36.0687,39.1878,41.8355,29.4937,29.1459,40.9575,26.6999,34.4891,42.1097,36.7383,33.5769,28.2529,37.3871,36.1839,28.37,1
2026-02-12 22:00:00,22.0171,28.0528,30.3435,25.8338,28.8407,33.1729,29.7937,32.1686,33.8695,25.515,33.5639,24.5667,35.7456,34.3567,27.8517,29.1191,33.4214,35.6585,36.3953,30.4949,30.414,32.5975,35.3913,37.0462,32.1405,30.4506,36.4821,32.5123,30.3686,38.0538,39.4621,28.9518,33.9713,31.5904,36.1505,31.0173,38.0068,40.5531,41.0255,32.2734,36.6935,39.4086,33.2013,33.5715,40.7788,38.6148,36.9399,33.2487,40.1933,42.182,35.31,1
2026-02-12 23:00:00,23.3036,28.8636,32.5316,28.6605,30.93,34.8714,32.9979,32.9334,33.2876,27.2544,33.3404,27.1296,36.4561,35.2732,28.5215,31.9594,32.3153,34.7132,35.0556,31.5745,31.5111,33.9164,34.7001,36.8856,35.8529,33.4556,37.9167,34.42,32.14,38.7457,38.3608,30.3617,35.6258,33.2555,33.4226,31.4232,39.8274,38.1339,37.3273,33.1028,34.6591,40.5643,34.0103,35.655,39.7813,39.7114,37.4334,33.8751,38.4659,41.5221,50.05,1
2026-02-13 00:00:00,26.4674,32.0463,33.285,29.6622,32.8376,34.2809,33.8347,33.1582,32.1562,27.9475,32.1179,29.521,34.7448,34.3585,30.9857,32.7893,34.4142,34.865,35.8521,34.3453,32.4901,35.6795,36.4126,36.6554,36.3969,32.4737,37.6988,37.4737,35.3506,39.1539,37.2374,31.2566,35.5693,38.1368,30.8133,33.7301,39.2331,39.0683,36.015,34.3037,37.9749,38.4975,34.6675,37.9671,37.632,38.4975,40.5025,35.039,41.3568,42.596,50.13,1
2026-02-13 01:00:00,28.6108,31.8088,33.1716,32.7626,32.7816,34.0987,34.3847,34.7834,29.8558,30.8248,28.7939,31.3723,33.7067,36.6532,32.6082,34.7782,36.1387,32.7028,32.7584,35.2091,34.8234,36.0983,36.3519,37.6229,36.5735,37.6208,38.2826,36.7642,35.7144,37.9281,38.7068,34.471,38.7747,37.2335,28.4087,38.3506,39.079,35.5545,35.0337,35.8841,39.8837,39.0812,35.2073,39.3134,39.2652,41.2464,40.0141,39.6578,40.4251,43.6198,67.05,1
2026-02-13 02:00:00,29.826,32.7905,33.3613,33.0541,32.9598,34.6397,34.7596,34.3275,29.0323,30.9022,25.6139,32.8632,31.8933,35.9293,34.3707,37.2454,34.3686,30.9254,34.106,36.0193,37.7658,37.2446,36.7798,37.7439,37.1811,36.4059,36.6494,38.8456,36.9239,36.6602,37.573,37.3879,37.3066,38.4149,25.7918,36.9566,38.2737,34.0088,34.4707,38.5006,39.7478,37.1799,37.1052,39.7194,37.1284,40.7453,43.5218,39.0169,40.6281,41.0317,66.32,1
2026-02-13 03:00:00,32.3646,33.0106,33.4097,33.7176,32.3932,30.4183,33.3936,32.6792,26.0851,33.0769,23.8894,35.2692,31.0961,33.6508,34.6904,37.2572,34.5897,26.8242,31.8238,36.1336,38.2248,36.3097,35.5975,35.6725,36.6556,35.0301,33.8635,37.7249,39.3528,33.7953,34.0569,37.4572,40.3314,38.5989,26.7391,40.8109,36.9347,34.8555,34.2712,38.2113,41.8834,35.8645,37.7684,39.2049,35.8599,39.8495,43.3666,37.3165,39.1399,41.1346,71.61,1
2026-02-13 04:00:00,31.9431,32.1242,31.6701,35.2362,33.38,30.4219,32.4437,31.9772,23.6348,35.1998,22.6216,34.5862,27.5269,33.4149,36.8728,35.8006,33.725,26.6969,28.4183,36.0862,36.9833,36.5661,35.7211,33.605,34.8538,36.0052,32.6141,37.5363,36.9354,31.732,32.0316,40.0974,38.0369,36.9945,25.1711,37.8674,36.2234,28.6586,32.1607,40.51,42.5841,34.9752,40.7083,39.9144,33.7328,41.1597,38.2838,40.1928,37.8641,39.065,67.27,1
2026-02-13 05:00:00,32.3487,32.0628,29.0095,32.7611,31.4174,29.4693,32.6956,29.8958,22.4307,34.7203,21.1868,35.8153,27.21,32.0122,36.7425,35.2081,32.6324,23.964,28.9405,36.048,35.8284,34.6938,32.1384,32.8401,35.5781,35.7365,31.1502,36.5615,39.0587,28.8298,31.8117,38.8219,37.8402,38.3485,23.0866,38.8808,31.9496,28.4411,29.441,40.1407,37.8461,31.6824,40.6414,39.6758,29.7483,37.2734,39.715,41.3807,38.9993,38.2199,73.53,1
2026-02-13 06:00:00,33.2156,30.8011,27.6724,33.0893,31.8973,27.2579,29.3686,28.7674,22.0101,34.4329,20.2125,35.5596,25.0263,28.8988,32.8749,33.8079,30.8064,22.6584,23.9058,35.581,35.1539,31.5555,29.3946,29.9236,32.8551,35.224,30.44,34.5972,35.9294,29.0588,29.2318,40.542,36.2467,36.9231,20.638,36.7818,31.7334,26.9866,26.9798,37.8915,38.3324,27.6651,40.5338,36.9471,24.1596,35.0186,37.0508,41.3442,33.0098,34.4834,70.43,1
2026-02-13 07:00:00,33.0919,28.8598,25.2195,30.3833,27.6494,26.1565,28.0006,25.0904,19.7017,33.7355,19.3827,34.53,23.1657,28.231,33.6456,31.5165,28.7938,21.8701,24.1125,33.6086,33.6605,29.9987,27.6871,27.7261,30.9897,33.2767,26.5173,32.6655,33.5873,27.92,26.7333,39.8704,35.6743,34.2927,23.8249,37.8049,30.7701,24.3395,28.6626,36.8306,37.8418,29.0181,39.5856,37.1139,27.1161,32.9229,36.2326,38.8631,33.6611,35.3222,72.91,1
2026-02-13 08:00:00,32.3691,26.1604,23.3784,28.6743,25.6361,22.6486,25.4482,23.8213,18.509,32.4021,18.9335,33.373,21.2764,27.4997,32.2324,31.4098,27.6443,20.1382,22.6105,30.6775,31.5046,27.5062,27.8776,26.0087,27.9072,33.6518,23.3515,30.5534,32.399,26.4578,26.6472,35.2708,31.4307,35.0,22.8959,35.6295,28.6339,24.7158,24.5564,37.1118,32.623,27.26,37.9134,35.8664,25.7214,29.5504,34.6828,37.8318,29.3384,29.2372,69.82,1
2026-02-13 09:00:00,29.7702,25.9812,21.4203,28.3273,23.7707,20.5667,22.2277,21.8862,17.5308,31.5019,18.8913,31.7697,21.2014,24.7178,30.0465,28.8521,24.7107,19.764,19.9279,27.853,29.9219,25.4612,24.0664,24.9178,26.5292,31.0147,24.0639,27.79,31.0524,24.6746,23.3394,33.9249,28.6893,32.9154,25.3608,35.0073,28.0922,24.5706,23.7814,34.8623,34.1473,26.6058,37.3069,32.8405,25.3642,29.3307,29.9181,35.9819,31.0928,31.189,67.51,1
2026-02-13 10:00:00,28.7556,23.1545,19.7044,24.6161,22.2966,19.2347,20.2597,20.5441,18.7788,28.4582,20.5744,29.0203,20.0561,22.0853,27.0154,25.8946,22.7986,20.3051,20.3785,27.8736,27.6233,22.7131,23.7255,22.5814,23.3562,29.2707,21.6868,26.6558,30.2496,22.3516,23.4484,32.2295,26.742,27.7638,24.9465,32.4436,25.9612,24.0547,23.1599,34.3033,32.9164,24.6982,34.8099,33.2081,26.9485,27.8415,28.3746,35.6408,28.1932,29.8155,65.8,1
2026-02-13 11:00:00,26.1546,22.3978,17.9673,21.8918,20.1629,18.6945,19.6721,20.2731,19.9667,27.1192,23.0089,27.789,18.8251,20.4185,25.2808,23.5987,20.5059,20.3743,18.9022,27.6247,25.1397,23.7145,21.7923,21.7322,23.4992,27.1575,20.4948,25.0003,27.7521,24.3111,23.7704,28.7426,27.1807,26.4744,28.8064,29.4949,24.4529,24.5472,27.1008,29.9696,30.3795,22.8695,32.4084,29.876,24.989,25.2189,26.8021,34.5885,24.3101,27.0214,55.42,1
2026-02-13 12:00:00,23.9967,18.956,17.7638,21.0369,19.4763,19.0737,19.6138,18.484,20.8829,23.9528,24.1525,25.9664,19.2753,20.0364,22.9571,21.999,21.4478,20.9892,18.3112,23.1868,22.549,22.8824,22.0702,21.3832,21.6537,24.6296,21.7461,24.1788,25.1681,21.275,22.0945,29.1495,22.5479,26.1235,30.6016,27.546,23.5165,26.057,26.1643,30.0869,27.5195,26.5228,29.4414,26.6579,26.7902,26.3841,25.8302,29.5313,26.1997,25.8736,53.37,1
2026-02-13 13:00:00,22.5319,18.7295,17.2104,19.2863,17.6465,19.196,18.8338,18.8965,21.723,23.3365,25.7863,23.6855,20.005,18.6837,21.5756,21.1345,19.4739,21.9282,20.8603,21.5868,21.785,20.0653,20.7876,20.8833,20.3721,21.7665,23.1768,22.5318,25.007,21.8149,20.9853,27.1822,22.1492,23.6694,29.9535,24.1866,22.9918,25.9702,25.3359,28.2903,27.5832,24.717,28.3435,25.6885,27.59,25.7112,24.9187,30.8112,24.5233,28.0012,37.67,1
2026-02-13 14:00:00,20.6089,17.9408,16.118,18.5426,17.0499,18.7986,18.8435,18.6933,24.2391,20.924,28.2291,20.3671,22.4923,19.281,19.6886,20.0334,19.1155,25.5323,22.6852,21.7533,21.9431,19.8311,23.9384,23.331,21.4499,20.7139,22.5206,23.1487,20.5987,24.8434,23.6443,25.2327,23.048,23.0675,36.7539,24.8987,24.7967,27.9645,26.9528,24.2501,25.0828,25.0511,25.3986,26.9414,26.7589,25.0944,26.3772,27.4799,26.2821,27.8636,39.29,0
2026-02-13 15:00:00,17.9815,17.2043,19.6714,17.6974,16.9899,20.1322,18.0987,20.4008,27.888,19.8329,29.2685,19.2049,23.067,18.8632,19.7838,20.7287,20.7393,26.8304,25.5692,19.7602,20.686,21.7858,23.9089,24.6761,21.7969,20.1518,25.0356,23.015,22.3898,27.0619,25.7997,22.3277,22.7454,21.7482,36.1361,23.4842,25.6848,31.3792,28.2769,24.404,22.4429,29.8864,24.6962,23.8892,28.8099,27.2008,25.6525,25.8671,24.8916,26.2199,30.58,1
2026-02-13 16:00:00,18.5349,18.5089,20.372,19.0452,17.4565,21.152,20.7469,21.5508,29.9332,18.7899,31.0393,18.8795,26.6389,21.9528,18.4202,20.4645,20.9525,27.9331,27.0621,21.944,21.0406,21.4097,23.0585,24.0616,25.5243,20.4684,26.9843,23.8036,22.4868,29.3239,28.532,24.71,24.7289,21.929,37.5614,24.0987,26.3517,32.4256,32.3965,25.8734,23.6132,32.1048,26.8897,23.6675,34.3027,26.7216,24.7167,25.0384,30.0475,29.7513,29.36,0
2026-02-13 17:00:00,17.9555,18.4318,21.1847,18.6094,19.6844,23.0805,20.5214,22.558,30.2518,18.5853,32.431,19.0272,28.9087,22.9686,19.7543,20.0935,22.6259,32.4446,29.1754,21.5693,21.0922,24.7532,24.5871,25.3947,25.1693,23.7845,29.0892,23.1325,23.0711,30.4828,28.8511,20.4566,23.2254,23.2069,39.3995,24.4466,27.5897,34.8359,32.6474,24.5598,24.6181,28.1771,23.8857,24.182,33.54,30.0388,26.6437,23.9609,27.0013,30.3452,29.3,1
2026-02-13 18:00:00,16.9241,19.8161,23.3205,18.6946,21.4199,26.0883,23.0479,24.4815,32.9172,18.299,34.0314,18.7138,29.2801,25.6193,19.733,21.2111,25.0902,33.4522,30.2384,22.2726,21.465,24.6182,29.9611,27.7457,28.1625,21.5169,29.5942,24.2212,22.0564,32.287,33.4582,21.3383,26.2812,25.1632,39.0623,23.5163,30.6397,33.5071,34.9292,24.395,26.0164,32.7292,24.4174,26.527,37.2425,30.1317,25.2414,24.5813,30.7406,33.3747,19.23,1
2026-02-13 19:00:00,18.007,19.8606,24.7194,20.8568,23.1182,28.5193,24.9036,27.1539,32.8624,20.0128,34.4796,20.4601,31.67,27.2939,22.1847,24.6246,26.6157,33.5867,32.5116,23.1212,23.7326,25.2609,27.9926,30.7297,29.7535,25.9796,31.2372,25.0796,24.1975,34.3824,32.0923,24.6317,28.0237,26.8358,39.3803,24.6619,34.2324,38.9772,39.3365,26.6329,27.5361,35.7062,25.9091,28.2312,36.9845,35.1421,33.424,25.3291,32.425,35.7289,31.73,1
2026-02-13 20:00:00,19.1124,23.9266,28.401,22.1223,26.3019,29.0795,26.8873,28.4542,35.3399,21.4258,35.78,22.0521,33.3777,28.4925,23.1453,24.7969,30.923,35.0094,33.6899,26.4525,24.8461,29.2357,31.05,32.227,30.7512,25.1725,33.2443,29.9126,26.9427,34.9718,35.5374,25.2328,29.0521,27.5289,36.8586,27.2763,34.9395,40.8053,40.2369,26.3152,29.0821,38.0602,27.1991,30.6951,40.7786,34.1515,32.5891,26.5984,36.6484,35.6591,27.57,1
2026-02-13 21:00:00,20.476,25.0727,30.4585,24.4563,28.3733,31.4126,29.8911,30.8976,34.7409,21.7508,34.1506,23.7494,35.1763,31.3935,25.8597,27.5327,30.9416,37.0142,34.5397,27.294,26.8195,30.8547,33.058,32.8652,32.2706,26.8672,36.6478,29.393,30.3553,35.844,36.5574,25.8151,33.4041,29.1961,36.8664,28.7824,36.6165,40.4016,41.6386,28.3097,31.8674,39.9367,29.1723,30.7857,40.9296,36.7115,36.0865,30.5329,37.2494,36.5864,39.77,1
2026-02-13 22:00:00,21.8688,27.5439,31.1647,26.1609,29.3965,32.5065,30.4279,32.1244,34.8644,24.1872,32.9824,24.9003,36.3749,32.3793,28.5678,29.531,33.3409,35.9204,35.7086,30.423,31.0195,33.4296,34.6955,35.4388,32.7485,30.771,37.6614,31.7051,33.3129,38.0354,39.3709,28.5002,34.2591,31.1738,33.1497,29.3909,38.538,40.5479,37.9438,30.9612,35.6564,43.3517,32.179,35.9795,40.4926,37.3959,37.798,35.0199,39.2987,39.3417,37.78,1
2026-02-13 23:00:00,23.826,29.1704,32.9529,29.933,30.2285,34.1381,31.5433,33.784,32.1764,26.6949,33.5749,27.5095,33.982,35.5527,31.0448,30.8073,32.679,35.1296,36.3722,32.1483,31.5323,34.5414,34.3046,37.0292,35.045,33.6726,36.6219,34.7565,32.5418,36.3674,36.7435,30.6562,35.9479,35.7807,33.2673,32.0297,39.5986,40.1633,38.0959,34.6834,35.9461,38.9093,34.3173,36.6064,41.6241,40.7184,38.3712,32.9515,39.8094,43.1747,48.81,1
2026-02-14 00:00:00,26.2506,31.112,33.3137,30.1268,32.3025,33.7926,33.527,34.1304,32.4669,28.3299,30.1101,28.3746,34.5889,34.4659,29.6762,33.7354,34.6447,35.0541,35.3356,34.7331,33.0253,36.5808,37.2545,38.1293,37.5619,32.5712,39.9493,35.734,33.6447,37.851,38.8614,33.9313,36.5237,38.8486,33.2351,36.5168,39.7885,37.6806,37.6153,33.6789,38.2511,40.4438,37.1823,37.1291,40.3061,39.1703,36.4095,35.6904,39.4347,42.0814,50.24,0
2026-02-14 01:00:00,28.8881,32.7287,32.779,32.4148,33.1596,32.7265,33.8692,33.9418,30.295,30.5325,28.5661,30.648,33.6824,35.0977,32.6802,34.6518,35.0097,32.7583,34.5772,35.1516,36.6434,37.1179,36.1237,38.8793,37.0695,35.6677,36.1825,38.722,37.4029,37.025,37.562,33.149,37.9738,38.2108,27.6195,37.4392,39.363,35.2834,39.1137,37.3347,35.9285,37.5786,40.6894,40.3095,37.7049,40.9421,40.0052,39.4006,41.2892,43.8517,57.54,1
2026-02-14 02:00:00,30.364,33.188,33.0638,32.8866,33.4817,33.8948,36.3597,34.7463,28.9205,33.4919,26.6976,31.6177,31.4246,34.4694,34.3654,35.0302,35.136,32.1319,34.0519,38.8091,36.9124,37.1733,38.166,36.1715,37.6771,38.0803,37.3979,37.0066,40.3711,37.1703,38.4967,36.5498,37.6234,35.5793,27.0504,38.1689,38.1827,35.2331,35.3393,37.732,39.9447,38.6936,38.6333,42.8229,37.1123,38.9239,41.7744,38.044,39.3223,44.0954,62.96,0
2026-02-14 03:00:00,31.3574,33.7245,32.606,32.9584,33.269,31.9443,34.1617,33.2745,26.8848,32.9386,23.5102,34.7299,30.371,33.6666,35.762,37.5362,35.7608,28.6938,31.2316,36.9904,36.3204,36.6492,34.5953,34.9501,34.663,38.4127,36.5462,37.9464,39.2626,35.2659,34.3744,38.7487,39.672,39.6655,23.2196,40.5699,38.9601,33.8964,35.6053,40.9736,41.6529,39.0381,40.0196,41.3879,36.1287,40.8983,41.2658,38.6068,37.6442,40.6504,66.8,1
2026-02-14 04:00:00,32.9858,33.6398,31.0381,33.7609,32.5754,30.4549,32.4866,31.7238,24.2513,32.8543,23.3522,36.1894,29.0807,33.3324,34.3317,33.5609,35.2508,26.4733,28.5043,36.5667,37.0132,35.5553,34.7834,33.8351,36.043,35.9842,33.333,35.5039,37.2366,34.8319,33.9569,37.2151,39.1953,40.2361,24.4439,39.2885,35.6649,29.1058,31.9962,40.9632,41.7604,31.1983,38.0718,43.1247,34.6863,39.7452,42.0534,38.4648,39.9304,39.7459,70.62,1
2026-02-14 05:00:00,31.6329,31.8541,29.538,33.3537,31.5326,28.9869,30.6489,30.3149,21.9043,34.3502,21.3609,34.8556,26.4604,30.7241,34.5793,34.0478,33.2051,24.9762,28.09,35.4908,35.8216,32.8741,30.9465,31.344,35.1616,36.8848,30.4367,37.8139,40.5736,32.0773,30.5372,38.6037,38.7852,37.38,24.1201,39.9997,36.3073,29.3803,29.0171,39.94,40.9864,30.9746,38.7334,38.7446,30.8867,37.4616,39.4354,41.4791,35.4547,38.4973,75.05,1
2026-02-14 06:00:00,33.7002,30.4352,27.6957,32.4151,29.7796,26.8929,28.351,26.9664,21.2411,34.291,20.8757,33.3421,23.4577,29.6483,34.6568,33.0124,30.9255,24.0094,25.7965,35.5383,34.3211,32.8245,29.0805,29.5684,30.4488,34.4757,28.3784,33.325,37.1629,28.3869,29.6034,38.3597,35.7703,38.0073,23.6674,38.3375,32.5207,27.0633,28.0502,40.3447,38.7438,31.8739,39.6746,36.4154,31.6286,34.6275,40.5566,40.0319,37.4831,32.1822,77.19,1
2026-02-14 07:00:00,31.6468,29.4872,25.637,29.1051,28.391,24.8726,26.902,27.368,19.469,33.4009,18.6064,33.5424,24.9574,28.0717,33.3381,30.716,28.5748,21.9536,24.0112,32.9047,33.8897,31.1748,28.2764,27.4898,30.5651,35.078,26.8453,35.9814,34.0761,27.8302,26.9708,35.8232,33.0025,36.6515,22.6762,37.2236,30.3136,25.1288,23.5698,37.8385,37.3437,29.9424,39.3919,38.3231,26.4079,34.3085,34.532,38.083,35.3506,32.1887,75.08,1
2026-02-14 08:00:00,31.309,27.5602,23.6368,28.1096,26.4252,21.5955,25.5457,23.9532,18.1982,32.6803,19.0439,32.5843,21.4257,25.3301,31.9076,31.7538,27.9545,20.827,22.7488,30.7038,31.327,28.735,26.345,26.4802,29.4541,33.0981,26.3856,31.2328,35.2024,23.4111,25.1568,36.7552,30.8078,35.0291,21.5488,39.3567,29.199,23.9449,22.0396,36.3406,34.0548,26.026,37.8995,37.3404,23.9701,29.9167,34.7715,37.624,32.5188,31.0701,73.73,1
2026-02-14 09:00:00,29.4306,25.3181,21.07,27.3686,23.5836,21.2027,24.3521,20.7589,17.9798,30.131,19.4218,30.4956,20.1732,21.9907,30.0271,29.6769,26.7414,19.5507,21.4968,28.9503,29.6697,26.1716,26.4964,23.5444,27.7982,31.5125,22.4659,28.9708,30.1546,24.679,21.901,35.1914,29.843,30.7689,23.8384,32.7699,25.6807,24.1388,24.3807,38.6762,34.022,26.8731,36.2268,31.925,23.3395,28.2607,30.466,38.1171,27.6522,30.9554,61.61,1
2026-02-14 10:00:00,27.5255,22.3517,19.5824,24.1898,22.9334,18.281,22.3141,21.2599,17.9596,28.1089,20.5196,28.8301,18.611,23.0554,27.8728,25.2053,23.3032,19.4734,20.5132,27.115,28.4555,25.0436,23.3967,23.7038,23.8485,27.8792,20.6684,27.2078,28.34,22.0548,23.5647,34.5844,27.5372,29.4726,28.4439,32.23,25.7826,23.045,23.9841,32.9184,29.947,26.623,35.0667,33.3899,24.9897,28.6221,31.281,34.2438,30.8962,25.6332,66.12,1
2026-02-14 11:00:00,26.7823,21.2116,17.9628,22.8227,19.877,18.9984,20.2173,18.7947,19.496,26.3936,20.67,27.6918,19.5366,20.9019,25.6911,24.8809,22.4964,21.7125,22.5231,27.3149,26.3528,23.1402,23.408,22.9909,23.713,26.1099,22.3162,24.2552,27.7902,21.7176,21.3668,30.7935,25.3753,27.6355,29.8909,30.1343,24.2377,28.2663,26.9006,31.5537,29.7477,25.2278,33.5969,29.0697,25.2542,27.117,27.1286,34.0,23.1036,27.8751,53.5,1
2026-02-14 12:00:00,23.8472,19.4579,18.3949,20.1597,18.1582,18.7857,18.7591,19.2865,21.9324,24.3363,23.542,25.9489,19.6503,20.0536,23.6604,22.6769,20.9439,22.8897,19.7613,23.7783,23.2266,22.4232,21.0064,20.2354,23.388,25.992,22.4395,24.5562,25.1883,23.916,21.3477,29.2477,23.9074,27.261,30.7897,28.9528,24.1386,23.8761,23.6326,28.7854,27.1597,26.6041,28.9605,28.7263,26.1766,26.2913,24.2829,31.3822,24.5937,25.3848,43.41,1
2026-02-14 13:00:00,22.2565,18.7886,16.3572,19.8268,18.4821,17.3584,18.5294,18.5183,23.0124,24.3424,24.4183,21.9676,19.2903,19.3194,22.5037,22.2787,20.7406,24.3739,21.36,21.4892,22.7394,20.9994,21.6831,20.0747,21.8955,24.5128,24.3198,22.3087,23.8024,23.4585,21.4161,28.4909,24.6585,23.8709,33.18,25.7859,22.8584,23.8613,27.2929,25.7916,25.735,25.7735,26.4446,26.8001,26.307,28.4671,23.7186,29.1096,26.9825,26.9559,50.92,1
2026-02-14 14:00:00,20.2493,17.2186,18.4165,18.8858,17.4084,19.0609,17.9546,17.7864,24.4933,22.2758,27.7899,21.3845,21.312,20.342,18.9252,20.0383,19.1185,25.9953,24.1551,22.0748,20.254,19.6004,20.6802,21.3833,22.8579,24.0653,21.7879,21.7874,22.7881,23.9077,23.037,24.4102,22.4043,24.5718,33.7193,27.0182,23.4615,29.279,29.4747,24.6202,26.0967,26.1675,27.0198,26.0639,31.9938,25.6839,24.7382,27.3283,27.2595,26.08,43.14,1
2026-02-14 15:00:00,19.0533,16.4693,19.3101,18.2155,18.2816,20.6548,19.8581,19.8984,27.4823,18.733,28.047,20.4546,24.4833,21.181,21.1712,20.2123,20.2183,27.7306,25.2038,20.7847,21.2134,21.1786,21.417,22.5728,22.1532,23.2036,24.4871,23.395,23.4402,26.7532,26.2724,22.5044,24.6169,23.4068,38.2158,23.3056,23.1595,31.0608,31.0223,25.2937,25.0897,28.4874,26.4389,25.6983,32.9117,25.64,27.7647,27.2069,25.9807,27.2683,32.28,1
2026-02-14 16:00:00,17.811,18.1276,19.605,18.3751,17.3685,21.2768,19.6197,21.2098,28.4281,17.7326,30.1161,18.7436,27.345,22.4795,17.9189,21.2859,21.997,29.8084,27.7458,21.8428,20.9851,21.3762,21.7051,25.6952,23.6956,20.0047,27.5915,20.6668,19.7578,29.0927,28.0381,23.1664,23.9498,24.387,37.1497,22.8917,26.3969,33.715,34.0831,22.4226,24.8393,31.1223,24.9054,24.8316,31.2658,27.2504,27.2269,26.0227,27.259,28.3851,32.63,1
2026-02-14 17:00:00,16.5747,17.2772,19.9497,19.2096,20.8507,23.8366,21.1117,23.5702,30.9556,18.7303,33.6028,19.3328,28.2344,23.4975,19.1112,21.9643,24.1543,31.5603,29.3185,22.9989,21.7853,23.2078,25.4355,26.2231,24.2123,23.4099,28.4995,23.2516,23.1466,28.4064,30.3022,22.5035,24.4837,24.8513,39.4228,24.7058,28.181,31.4527,33.9121,23.2744,24.4626,29.89,24.5721,24.9297,34.8087,26.109,27.9356,25.7876,29.8349,30.3554,24.53,1
2026-02-14 18:00:00,17.7715,19.624,23.1197,18.6531,22.0239,23.7367,21.5215,25.1256,32.3736,20.3804,33.7719,19.2404,30.8386,24.12,20.6105,22.3397,24.2539,33.7169,32.4163,21.034,22.2502,25.4613,27.2977,28.7078,26.5182,23.1116,30.2606,24.759,23.5981,30.8139,30.5022,22.8711,25.5801,24.3712,37.6697,25.9451,30.0261,34.529,37.6451,25.5312,28.38,34.5022,24.7617,27.0757,36.9748,31.5591,28.7482,23.1244,32.0032,34.7544,23.12,1
2026-02-14 19:00:00,17.5484,21.1907,25.3516,20.3431,22.6168,28.2308,24.8132,26.0465,34.2296,20.2887,34.1162,19.6982,31.7447,27.5725,22.6173,23.1033,25.2501,34.6445,32.1674,21.7603,25.9536,28.2897,29.8666,30.7984,29.156,25.318,33.3327,26.7876,24.5992,34.5007,33.9116,23.2673,28.1935,27.0558,38.8698,24.167,32.8039,37.7228,38.8439,25.9718,28.2641,35.9476,26.5162,27.7224,39.558,35.0888,29.0819,26.4689,33.5277,33.4709,23.47,1
2026-02-14 20:00:00,18.05,23.1576,26.8974,23.1227,24.6886,29.5544,27.562,29.5803,33.3484,21.0545,35.8691,20.5784,33.3513,29.5456,21.3527,25.1832,28.6307,36.1684,35.7656,27.5311,25.0417,30.0723,31.4012,31.5444,30.1169,26.007,33.7532,28.0482,26.423,35.7351,34.7884,24.0433,31.0119,27.814,39.8701,26.3866,35.0307,40.3945,40.7449,26.578,30.6793,37.1439,29.0567,28.9768,37.7799,34.6727,31.408,26.0756,38.7371,34.971,25.79,1
2026-02-14 21:00:00,20.1218,25.392,29.1195,25.2715,28.6599,31.1261,28.3791,30.5305,34.032,22.4031,34.7727,23.0129,35.3857,30.8652,25.6648,26.3663,31.921,36.9755,36.7242,27.1552,28.7968,31.6958,35.0737,33.9688,32.5908,27.4203,36.8187,30.3907,26.4193,34.7983,38.0186,27.7083,32.0796,30.6605,36.0408,29.454,37.3491,37.4936,39.2315,28.3198,31.8495,37.7072,29.0674,32.4041,38.3636,38.98,34.0508,28.5251,37.1627,37.1135,31.29,1
2026-02-14 22:00:00,22.9393,28.5067,31.9459,26.3139,29.175,33.2913,30.4267,33.5266,33.1406,25.3988,34.2323,24.1341,36.4675,32.3664,28.3965,30.6011,31.5595,35.0616,35.242,28.3361,29.0453,34.5524,34.9589,35.675,35.3497,30.1547,35.7716,34.7325,30.4982,39.8143,38.4634,28.5423,35.484,34.8383,36.4802,32.0424,38.863,40.3004,38.4636,29.5635,32.9192,37.6252,30.9323,33.2362,39.3833,37.4327,35.9189,33.5704,41.9381,39.617,34.64,1
2026-02-14 23:00:00,24.6214,30.1757,32.7641,28.2954,30.8243,34.6987,32.9424,33.3389,33.2022,26.8385,32.1006,25.4728,36.3039,34.7411,30.6289,32.0609,33.3895,36.5043,36.9377,31.3968,32.4668,35.0019,37.018,37.0964,38.0686,32.55,36.1452,35.1587,34.7692,37.8228,37.7827,33.1969,35.7402,34.2501,32.3957,35.0434,39.9565,38.8397,38.7305,35.8943,36.2962,39.8529,34.9308,35.8092,42.9768,39.0189,37.6656,33.9639,41.5559,41.312,32.14,1
2026-02-15 00:00:00,26.0865,31.1819,32.7098,30.1655,31.303,34.3587,32.5971,34.1293,32.8659,30.0012,32.4085,28.8553,34.0724,35.1207,31.2008,33.7823,35.5666,34.4309,35.8777,32.78,34.3213,36.3171,36.5587,35.8549,34.9498,34.628,37.5549,35.3477,36.0741,37.2048,39.6743,31.5313,37.4677,35.756,30.5589,35.4896,40.4864,38.2655,37.2152,33.7584,36.7989,39.6033,34.962,37.1471,39.2061,39.8603,38.6576,38.6522,43.1645,42.3408,49.27,1
2026-02-15 01:00:00,28.1007,33.1092,32.6449,31.1011,33.3291,34.9423,34.8301,33.8885,29.9925,29.5471,28.0643,29.8914,33.8857,35.2161,33.1669,34.7968,35.8933,34.2287,34.4041,34.3933,35.2896,36.4518,36.2752,36.6709,39.4483,36.8563,34.7442,37.9912,36.4313,37.7417,38.5278,36.9509,37.0424,37.6212,29.5561,38.445,39.9047,36.5243,36.4473,38.1967,39.5665,40.9856,38.0913,41.4977,40.0281,39.2136,41.0056,39.1586,39.6112,41.959,52.59,1
2026-02-15 02:00:00,29.9181,32.6163,33.1233,32.3528,33.7593,32.3334,33.8856,33.7197,28.0299,32.6972,27.6728,31.3112,32.7521,36.6205,34.175,34.6797,36.5051,32.239,31.8545,36.8546,35.791,35.9499,37.5685,36.718,37.1415,35.9151,36.5546,37.9806,36.1396,37.6411,35.3547,36.6786,39.5896,39.5413,28.7773,36.1455,39.0294,34.7066,34.987,35.5383,35.6323,40.0714,39.4399,40.5177,38.1001,43.1414,40.3716,38.651,42.9682,40.6941,63.69,1
2026-02-15 03:00:00,32.634,32.7023,32.4246,32.9228,34.1369,32.5693,33.508,32.6448,26.8915,33.297,24.3284,33.9807,30.5944,35.1046,35.1397,36.1468,34.4476,28.2343,30.8588,36.2475,36.8761,37.0815,35.9995,35.2263,37.7583,36.4405,33.2719,38.8141,39.0708,36.392,33.5544,37.6682,38.4922,39.9191,25.5506,37.7235,39.0143,32.6768,32.2626,40.6562,39.8533,35.8416,40.2815,38.7069,35.1206,41.0514,42.9964,40.188,42.0209,43.5845,66.72,1
2026-02-15 04:00:00,32.7871,33.4307,31.5825,33.4917,32.148,30.5207,32.0573,32.5676,24.9692,34.8029,21.3154,34.6621,29.1024,33.7039,34.8865,36.1146,34.176,27.0364,30.3773,35.0591,36.9495,34.1699,35.6172,32.8026,36.8506,36.0018,33.6207,37.3637,39.5759,33.3798,32.1064,37.2262,39.9609,39.3984,25.3168,39.4985,37.2022,32.015,31.3592,41.3984,40.2598,33.9567,39.8695,42.5927,34.4741,39.9728,42.3585,42.3706,38.2145,40.1086,74.19,1
2026-02-15 05:00:00,33.3418,32.3743,29.3727,33.2944,30.8724,28.2521,31.5948,29.1909,22.2887,34.985,21.2939,34.5205,27.3479,32.702,34.7136,34.1079,33.9876,23.4294,28.3864,35.9503,37.7694,33.4003,33.5048,31.6587,35.7297,36.9713,31.5382,35.7637,38.7166,34.0823,33.4472,38.0352,37.786,37.3418,25.0738,40.5561,32.6681,28.671,27.808,38.9876,38.3792,32.3153,43.0212,37.8116,29.5285,36.4401,40.4918,42.3293,38.7397,36.274,74.2,1
2026-02-15 06:00:00,33.6426,30.4531,28.0453,32.3586,30.4516,25.5024,31.1568,28.6324,21.2125,34.9175,20.0243,35.1655,25.4458,30.1086,34.9601,33.5262,30.1819,22.9198,25.4532,34.0633,34.2399,32.7135,30.4795,28.9861,31.5967,35.3289,29.1936,33.4448,35.491,32.3154,28.3796,39.9899,35.497,36.8122,22.422,38.1337,32.2632,28.1343,27.3781,38.9261,38.9876,32.4921,40.5873,42.2045,28.6477,36.6951,38.7914,42.5022,33.3325,35.4098,69.93,1
2026-02-15 07:00:00,32.6796,28.3649,26.778,30.347,28.8901,24.9931,28.0863,26.5674,18.8136,34.4682,18.3825,34.6112,24.1064,27.2432,33.4356,31.3623,30.4133,22.117,24.517,33.0903,33.0257,29.7768,30.2056,29.6196,30.0683,34.4628,27.6798,34.678,34.1124,27.7033,29.6099,34.7521,34.9493,37.1842,21.7084,36.9389,28.1602,24.8655,25.3057,40.1364,36.4041,28.1269,38.234,37.8185,24.527,32.7861,34.0109,36.9577,32.7462,34.9628,69.08,1
2026-02-15 08:00:00,31.3668,27.7964,24.0762,28.5611,25.2863,23.1726,24.947,24.8781,19.7648,33.505,18.3526,33.291,21.0251,25.4127,32.0589,29.7896,26.1905,21.5384,23.1059,31.3077,31.9714,28.5117,26.271,25.9426,28.1571,33.0584,25.5819,32.1945,35.0179,25.3629,24.517,34.5037,31.9539,31.8538,23.8353,36.1336,26.1443,25.8377,24.67,35.8403,35.0991,29.9365,37.8534,35.0877,26.4665,30.7834,37.513,36.4519,33.1315,30.5029,66.69,1
2026-02-15 09:00:00,29.9148,23.9973,21.649,26.9009,24.7989,21.7139,24.1934,22.1155,20.1027,32.2569,19.4197,31.6757,19.1037,24.336,29.9034,26.9671,25.7831,20.3766,21.3071,30.2131,29.4488,26.5876,25.7817,24.3925,25.8607,29.222,23.5172,29.7657,29.9043,23.623,22.9363,33.0808,30.5756,31.9016,26.9961,33.4834,26.0078,23.6495,24.7085,36.1238,32.3427,26.1149,38.0515,33.4305,24.3859,31.0237,31.7303,36.1138,29.26,29.1727,64.22,1
2026-02-15 10:00:00,28.1655,22.5508,19.8934,23.8738,22.2133,20.218,21.4216,19.8242,19.3545,28.9827,20.6254,28.4525,19.7697,22.5584,28.2254,25.6106,22.9445,20.7469,19.9283,26.9131,27.5079,24.0501,24.7581,22.0323,25.7709,28.3908,24.593,28.0412,29.6434,22.8277,24.21,34.3417,26.4359,29.2615,26.1011,33.4145,25.0604,23.7243,23.5865,32.683,32.275,25.6362,33.6504,29.6537,28.2497,26.6241,31.2958,35.989,27.5613,27.36,59.69,1
2026-02-15 11:00:00,26.1633,21.1148,18.4944,23.2775,21.1401,18.0668,20.9784,19.2093,18.4617,26.5261,19.9825,28.5454,20.8222,21.0982,26.2988,25.2391,20.8136,20.3499,20.8828,25.9982,26.5832,23.0577,21.8902,22.1869,22.9563,27.297,22.4568,26.8167,25.2016,24.1509,23.7396,31.7219,26.2444,28.1096,30.1942,29.7536,23.7169,22.3672,23.5859,32.6532,29.7337,24.0266,33.5346,29.7057,25.4997,25.1103,29.6007,34.0968,28.8601,28.6495,60.15,1
2026-02-15 12:00:00,24.4728,20.38,18.5205,21.6509,19.1068,18.9165,19.5102,19.0222,20.839,23.976,24.2644,25.9212,19.4646,19.0049,22.2825,21.8402,20.3061,22.0245,21.3967,22.1596,21.2221,21.883,22.5729,22.1159,20.4397,25.158,22.7455,22.1869,25.007,22.9282,23.345,27.7219,24.9267,26.0008,30.7244,30.6938,21.5749,24.5646,24.716,31.8772,27.6623,26.9851,27.9027,27.4461,27.328,24.1099,25.5012,26.7626,23.2055,26.9951,50.75,1
2026-02-15 13:00:00,22.1074,18.4351,17.1971,19.0557,16.7603,19.0966,16.5018,18.526,23.3442,23.2022,25.1334,22.8397,21.2996,20.1909,21.3485,20.4264,20.6318,23.0453,22.5452,22.9731,21.8263,20.0976,21.575,20.5517,20.9612,23.1837,23.4972,22.9422,24.5104,24.1075,24.0393,26.403,21.6401,22.7189,35.2329,26.2036,24.8153,26.3388,28.2819,26.3146,25.9612,26.0897,26.55,26.5253,28.3363,25.1807,25.143,27.7741,25.6826,25.3462,36.09,1
2026-02-15 14:00:00,20.6586,17.7953,17.8078,18.1306,17.8277,18.7201,17.672,19.097,24.6029,21.8135,26.6171,21.8176,22.7062,19.7149,20.5916,19.6834,20.159,25.63,24.1415,22.344,19.7727,21.5439,22.2866,21.1287,20.0945,22.4273,24.0285,20.3115,22.83,25.0035,23.4461,25.4179,24.785,24.291,37.787,24.2587,23.5923,26.7844,30.3746,26.8727,28.2796,26.0435,23.3904,26.8402,28.9492,28.5537,26.1791,28.3398,26.241,30.0512,34.0,1
2026-02-15 15:00:00,18.7672,17.0698,18.5745,18.5281,18.745,20.041,19.3908,20.6591,27.8361,18.9978,30.3013,20.6067,24.0767,20.9734,19.9776,19.7665,21.6359,28.6139,23.9557,20.4879,19.783,19.5257,21.4676,22.5765,22.0608,21.5808,26.8807,21.7272,22.9184,26.4223,26.7689,25.1411,21.8408,22.07,38.0449,23.9987,26.1868,30.0132,30.0805,26.2856,24.3053,26.5069,28.0281,25.5109,32.3654,26.023,23.4821,24.9122,26.0709,26.3649,32.18,1
2026-02-15 16:00:00,17.816,18.0699,19.5053,17.7209,18.2945,21.0001,19.8659,21.5021,29.4301,19.9247,31.4763,19.5519,25.9249,21.0784,19.2065,21.6695,22.9389,29.4606,26.7061,20.0208,23.1448,24.1218,23.7509,23.1785,24.0739,20.7742,26.6639,22.9516,21.0599,28.7901,27.9257,22.0005,22.3638,21.9964,36.1769,24.9181,26.2695,34.0602,32.6348,21.8249,23.7105,31.081,22.5783,23.5314,33.0942,25.7898,26.2188,26.1928,30.6517,29.2818,24.33,1
2026-02-15 17:00:00,16.2068,18.7236,20.6508,18.6597,19.8025,24.3611,20.5398,22.973,30.4464,18.7594,33.9331,20.5329,27.3056,24.8774,20.7642,22.1564,22.2101,30.3383,27.5744,20.3885,22.071,24.2337,23.8535,26.7412,24.2795,21.077,28.4746,23.1981,22.0698,30.5365,29.2739,23.0083,21.7381,24.1526,36.1543,23.6203,28.3441,36.2073,32.6961,25.665,23.7353,31.3604,25.2245,24.3348,35.7974,28.3866,24.0313,26.3764,29.0029,32.9127,26.18,1
2026-02-15 18:00:00,17.7339,19.1692,23.5149,19.2965,21.5349,24.5503,22.5622,23.5957,32.5537,18.2033,34.525,17.9361,28.3182,25.4424,22.4359,22.1618,23.9539,33.4744,31.9405,22.4338,23.4834,26.428,28.781,29.1364,26.3799,25.9919,29.8964,26.8552,24.5479,32.2434,31.8825,22.7102,27.1727,24.7959,39.4767,21.159,31.5395,34.8679,36.5031,25.299,27.6241,34.0703,27.9827,27.1234,40.3871,30.5336,29.0447,25.4377,30.9998,32.9444,21.64,1
2026-02-15 19:00:00,17.9894,22.1794,25.3654,21.7192,21.7974,27.9057,23.7463,26.3792,33.128,19.2686,34.8704,18.9858,31.0701,26.9869,22.2882,23.4131,25.9301,35.3591,32.9433,25.0725,24.0462,28.0692,27.279,29.0811,28.5476,25.3213,32.3527,26.4448,26.2806,35.7579,34.9831,23.7602,26.5989,25.9325,40.3117,25.2548,32.6622,40.5307,36.4233,26.671,30.1419,35.0334,28.0666,28.9567,39.0475,33.3332,32.8722,27.2434,30.7597,34.7287,25.32,1
2026-02-15 20:00:00,19.3824,24.2458,27.7555,22.9024,26.5987,29.1898,26.9981,28.6837,34.3328,20.4573,34.8882,19.5649,33.1725,29.8971,23.8764,24.4292,28.362,34.97,35.0395,25.4356,26.6529,29.4941,30.9464,33.3668,31.0543,27.5589,33.7242,27.9334,27.5921,34.0667,36.0406,24.1068,29.9605,28.3063,39.1133,24.6431,35.3106,40.4969,38.7836,24.901,28.7375,36.7878,28.8022,30.0101,39.355,35.8653,32.9359,28.3564,38.1233,37.9094,26.07,1
2026-02-15 21:00:00,18.8424,26.2383,29.1212,24.9496,27.1357,30.6231,30.5053,29.5309,34.2691,22.1145,34.9284,22.9177,35.4426,32.0185,26.4269,27.1994,32.0681,37.3264,34.4712,28.8542,26.3618,30.862,32.3262,35.1747,33.4305,29.0735,36.7456,30.8749,30.4063,37.277,34.6567,27.0106,33.621,29.9587,36.4489,30.0195,37.2214,42.5557,41.4209,30.0233,31.5307,38.5783,31.8935,32.9077,39.9526,34.3286,32.9264,31.0623,37.8832,39.3395,32.77,1
2026-02-15 22:00:00,23.2489,27.8753,31.7846,27.0495,29.9408,31.5429,31.4504,31.6912,35.0895,25.0837,33.3507,25.1497,35.1775,33.5425,26.3299,28.4005,33.4287,35.7025,37.616,28.9086,31.0337,33.4442,35.5297,32.9996,35.4961,31.97,36.2346,31.7864,29.6868,37.393,39.1085,27.8017,34.8525,34.7368,33.9379,30.0931,36.5399,41.2815,38.2156,30.8246,33.5247,40.227,31.2847,34.434,41.1536,37.2563,36.236,31.9929,39.4791,39.3667,43.26,1
2026-02-15 23:00:00,24.1107,29.2242,31.9128,28.4209,31.2928,33.517,33.865,33.4279,34.8536,27.3586,31.6505,27.0708,34.9726,33.5976,29.9161,32.5578,33.9883,34.9797,35.4077,31.6329,31.3326,35.8314,38.0049,35.7408,38.3717,33.173,37.9103,33.8124,32.9881,39.4845,39.5545,30.874,35.6441,35.2564,34.9485,33.6001,39.8905,41.6854,38.5366,31.6757,35.828,39.1222,34.9916,36.4902,41.2152,38.4617,39.6853,31.7586,40.8357,42.758,47.1,1
2026-02-16 00:00:00,26.8481,30.0789,34.1983,30.2911,33.4372,33.2975,34.1349,34.231,31.105,30.0184,30.9623,28.673,34.2577,36.1272,32.6019,34.7043,35.4944,33.0213,36.6733,33.6917,33.3868,35.4417,37.5906,36.7621,37.2229,32.2892,38.5295,37.2782,37.26,36.6327,38.2084,34.6262,35.8993,36.4262,34.0116,33.698,38.6134,38.7451,37.5838,36.1078,35.416,40.2311,36.1343,39.215,40.3856,42.6015,40.456,37.298,43.6183,41.0506,45.68,1
2026-02-16 01:00:00,27.7455,32.5899,32.5729,32.4942,33.8032,34.0039,34.8387,34.7968,29.0645,30.2798,28.4396,31.1572,34.4878,35.3075,32.9531,34.5738,37.2384,33.2779,35.1178,35.3634,35.7878,37.0439,40.0822,37.9067,38.3076,35.1123,37.6744,38.4617,38.1402,38.1055,38.2145,35.9816,38.5422,38.8707,28.9029,37.0765,38.3338,35.7314,35.1905,38.0976,40.2177,38.9269,37.8767,42.1732,36.8616,40.0363,41.8358,38.3018,44.4068,40.2586,66.52,1
2026-02-16 02:00:00,30.408,33.7822,33.5619,33.1795,33.775,34.4175,35.5177,33.9453,28.2465,32.6807,26.4849,32.358,33.6256,35.3595,33.7467,35.9961,37.6765,32.7802,33.4258,35.865,36.6219,35.3416,35.6488,37.232,35.9139,37.3186,35.6429,38.2109,38.4641,37.2995,37.1585,38.0576,40.0649,38.6578,28.7418,38.6973,38.2081,35.2104,36.6753,38.4719,41.6778,38.5632,39.7377,40.9607,34.2869,41.6522,41.3935,40.7031,39.0789,42.1587,67.22,1
2026-02-16 03:00:00,31.0103,33.8949,32.8224,32.9793,33.1915,32.3042,34.0262,33.3441,25.3022,33.2785,25.201,34.481,31.652,32.914,35.3652,35.0615,35.7657,29.5082,31.5867,37.773,36.9082,35.8862,34.9281,34.8468,36.5143,37.905,35.9088,38.7867,38.1315,36.6092,33.3336,38.1358,39.7473,38.9607,29.1721,38.7297,39.0203,30.0371,33.9402,40.1501,38.0325,38.3814,42.0515,45.3239,34.1961,41.1654,40.4523,39.8016,40.0628,39.565,64.93,0
2026-02-16 04:00:00,32.2682,33.413,30.8711,34.7647,33.4862,31.8649,32.6848,31.5474,24.31,34.567,22.4687,35.6501,29.3204,33.0591,35.7235,34.0917,32.2832,26.4765,29.2688,37.7313,35.5339,34.9249,34.0531,35.8649,35.5192,37.9023,33.3463,39.9057,39.3949,32.972,33.2901,39.9005,40.3341,40.2107,24.4869,39.5968,34.5062,30.573,33.8207,40.0778,42.7633,35.5614,43.0462,41.2485,33.578,38.5583,41.1122,41.2884,37.7163,39.49,68.19,1
2026-02-16 05:00:00,34.1175,32.0292,29.9222,33.7206,30.6805,28.1558,32.0418,30.1294,22.8942,33.8131,21.0011,34.5205,25.6548,31.4408,34.7581,34.9295,33.3014,25.5474,28.886,35.8438,36.2985,35.9433,33.3745,31.7767,33.248,36.1639,28.4658,36.6702,38.1793,34.4822,31.3177,36.8641,36.3426,37.5994,23.6375,37.3722,35.4611,28.7223,28.1992,38.5719,41.9383,32.4213,40.4721,40.6664,31.5157,34.2054,39.9124,41.0452,37.3499,38.2434,75.51,1
2026-02-16 06:00:00,33.0117,31.2968,28.4874,32.145,30.5885,25.928,30.5409,28.4311,21.799,33.8145,19.41,34.8312,24.4684,30.2584,36.3496,33.9278,32.0372,24.0122,25.7258,34.441,36.0102,31.3775,30.347,29.6282,31.8888,35.7526,28.3497,34.4066,35.0145,28.6851,29.4632,36.7513,34.0033,36.0347,24.1591,38.7256,33.0466,28.2209,25.3596,39.7013,34.6193,31.0963,38.7371,42.1246,30.1242,37.4124,39.7595,42.6688,35.5842,35.9527,77.82,1
2026-02-16 07:00:00,32.6725,29.4851,24.4649,30.4994,27.6466,24.0011,27.307,27.0245,19.7189,34.3861,19.4936,34.2525,24.3571,27.4389,33.0074,33.3552,29.4295,22.8813,22.7572,32.8544,33.1313,31.0376,28.5447,27.2247,30.2862,35.1571,28.7912,34.1365,36.238,26.0786,27.0437,36.7731,34.0198,36.4333,23.3375,36.6592,30.6367,25.8333,27.3006,40.4679,34.2568,29.9948,37.9911,37.7124,28.3187,35.5515,35.7576,41.3799,31.1011,38.2872,81.22,1
2026-02-16 08:00:00,31.9579,26.788,23.9131,28.973,27.0004,22.6136,25.0664,23.6613,18.7324,31.5337,19.3125,34.2164,22.1802,24.5077,30.8027,31.7222,27.7655,19.8199,22.0123,32.4916,33.0033,30.0819,27.7951,26.177,27.8061,33.1744,27.0213,32.4668,32.4103,26.2177,26.5788,35.6113,31.8613,33.9735,26.0091,35.9205,28.8588,24.0253,24.5194,39.063,35.0956,28.4129,40.2245,33.6261,25.8106,31.5937,34.4726,41.2003,32.1459,33.7808,73.68,1
2026-02-16 09:00:00,30.2786,25.2995,20.2917,27.1454,24.2668,22.5941,23.5835,22.2138,17.3323,31.3611,20.1301,30.9712,19.0239,24.0113,29.7173,27.7338,25.4376,21.7248,21.36,28.9338,28.9655,27.4823,24.0838,25.4389,28.9201,31.9353,24.4771,30.4894,32.1469,23.9733,23.4689,36.2411,29.5325,31.9148,25.1237,33.7582,26.4272,22.338,23.7639,34.643,34.972,26.393,37.7457,32.598,24.2463,28.7145,32.1148,37.0851,29.0607,30.6045,65.02,1
2026-02-16 10:00:00,28.2849,22.5925,19.4672,23.5784,22.5973,18.4821,22.1845,21.1075,19.0539,28.5383,20.0007,30.5008,19.5072,21.9317,28.4483,26.6426,22.2888,20.6217,21.4301,26.1328,27.69,26.095,22.5319,22.2045,25.0644,27.9652,23.6123,28.6783,27.4977,25.1413,24.3678,31.4149,26.7026,29.2426,27.1791,31.5544,26.2132,23.2109,26.1698,34.0346,31.5387,27.6199,32.2167,33.2764,26.0935,30.5591,33.6156,33.4437,29.3037,29.0206,60.47,1
2026-02-16 11:00:00,26.3765,21.291,19.6185,23.9622,20.5542,18.9535,20.6375,18.4046,19.9635,25.5979,21.4757,26.5516,19.7185,20.2378,25.6702,24.227,21.099,22.5338,20.0387,24.2693,27.0951,24.6637,21.9689,22.2612,25.1342,27.5267,21.3464,26.6725,28.9646,20.8776,23.5167,29.5273,22.7636,28.396,27.3855,29.231,23.8621,24.4753,24.9552,31.7423,29.2054,23.6412,33.8804,30.6985,25.9143,25.6965,27.505,31.6706,27.0224,28.4253,58.98,1
2026-02-16 12:00:00,25.3482,18.7133,17.5455,20.4633,18.1175,17.7063,18.1105,19.9803,21.6891,23.0971,24.1206,26.477,19.2999,20.0167,24.1244,22.3177,20.5218,22.2467,20.5709,24.2755,23.274,21.9846,21.2629,21.7301,23.651,24.6075,21.7802,24.6343,25.1505,22.7182,24.3703,28.8659,23.308,24.3605,30.8968,28.1718,21.9105,24.9677,26.8673,30.2587,28.1904,25.6897,28.6679,26.9557,24.8306,27.0094,26.6349,32.4966,23.7528,26.6408,44.64,1
2026-02-16 13:00:00,22.0544,17.5762,16.903,19.4334,17.7772,18.1162,19.6368,19.2803,22.4818,23.9623,25.715,24.2218,19.0747,18.2243,21.3948,21.0181,21.1371,24.1209,22.0488,21.0154,23.4301,21.7044,22.255,21.5149,21.055,23.3062,23.7741,23.64,22.7965,24.1702,25.348,27.2249,24.2103,22.3407,32.0564,28.1967,23.9065,24.0707,26.3314,27.8503,24.9768,25.585,28.7836,24.0857,28.4772,23.4495,24.8565,31.2476,27.0513,26.4752,49.51,1
2026-02-16 14:00:00,20.3862,18.1154,17.6837,18.3979,18.3423,18.1254,17.9322,17.7574,24.6297,19.9353,26.9675,21.7591,22.3045,20.3056,22.0269,20.1354,19.5895,24.6432,24.2246,20.896,23.2764,21.3015,20.6962,22.4163,21.8105,22.5108,23.8846,22.7784,22.2349,23.6271,26.4173,26.3955,23.4989,23.2641,35.6479,24.7024,25.6107,29.2012,27.9688,27.2061,26.7895,28.2206,25.5046,25.2496,30.5779,26.4611,27.6718,25.8481,24.5516,27.0434,35.32,1
2026-02-16 15:00:00,19.3596,17.8915,19.7158,18.9811,18.2289,20.5925,18.6448,20.0352,26.002,19.9366,30.6085,21.2012,23.3845,20.4189,20.5052,19.9029,21.1474,28.3377,24.026,20.8671,21.1245,21.9747,21.6714,24.0462,21.9544,20.1962,24.911,20.5722,22.1049,24.3437,24.6321,23.8019,24.4386,24.1002,34.9502,24.6938,26.3382,30.6654,30.428,24.636,24.5404,28.4554,28.4547,26.9216,32.2619,24.7318,27.8808,25.9289,25.6236,27.4307,36.16,1
2026-02-16 16:00:00,18.354,18.1131,18.7725,17.7571,19.5593,21.576,19.2192,20.7774,27.5081,19.4113,30.3145,19.2584,25.376,21.5735,20.6408,21.6223,22.056,28.6555,27.6757,19.3237,20.5317,22.8406,24.1957,24.9141,23.3396,22.0242,26.4051,20.8924,22.4941,29.3052,28.1665,23.0752,24.4031,24.9951,39.4688,25.6363,29.51,32.7359,33.8468,26.012,22.6389,33.1206,24.2896,25.1465,34.5784,28.3582,26.2233,24.4092,28.3453,32.6351,33.15,0
2026-02-16 17:00:00,17.8671,18.7222,20.8427,19.2559,20.2973,24.1412,22.9499,22.6118,30.2091,17.9511,33.6662,18.5712,27.7899,24.1431,20.3867,21.2437,24.6043,31.8207,28.9129,21.6025,20.8939,25.4341,26.0667,27.4905,24.0577,23.6523,29.8114,22.5668,24.4951,28.823,29.0032,23.996,26.0284,24.8755,38.1329,24.4563,28.7954,35.5626,35.099,23.8289,24.3979,32.5059,23.732,25.3864,34.2609,29.4634,29.3756,28.8629,30.124,29.8813,38.07,1
2026-02-16 18:00:00,17.5936,18.7437,24.1846,19.602,21.0805,25.6203,23.1506,25.0764,31.5,18.7349,33.3427,20.6864,30.0027,24.8875,21.5719,23.7718,25.0422,33.0074,31.0737,22.2446,23.8922,25.8304,28.6018,27.4106,26.4415,22.1146,31.8469,25.9682,24.2194,32.9874,35.5746,22.2049,27.6423,24.3284,41.6844,25.6528,30.9506,36.5689,37.4911,25.2538,27.0803,35.4588,25.1708,25.4357,38.4586,30.8584,29.6907,26.9639,29.9291,34.8581,23.78,1
2026-02-16 19:00:00,17.2188,21.7188,26.4519,20.2747,23.0795,26.4004,24.4497,27.6219,34.0008,20.2376,36.2733,19.7258,31.9603,27.5703,21.5009,23.2677,25.6202,34.7487,34.9675,22.3415,25.3789,26.6387,29.7549,30.1477,29.2819,26.6791,33.403,26.4015,23.2995,32.8321,34.607,24.1456,28.6607,25.9313,41.0087,24.9311,32.954,39.9455,35.1053,26.863,27.7705,36.1885,30.4905,28.0092,38.7375,32.8909,32.091,26.0868,34.396,36.7294,24.74,1
2026-02-16 20:00:00,19.7169,23.975,27.4295,22.7123,25.6777,30.2637,27.6356,28.6754,34.1407,21.3629,33.93,21.8152,32.8494,29.3481,23.4759,23.6144,29.7288,36.7649,34.5635,26.0746,27.3724,30.1825,31.5042,31.5226,31.3468,25.8995,34.6617,29.0063,26.1426,35.2872,37.3121,25.9067,30.7241,30.3294,39.295,28.0563,34.2846,38.6626,37.1559,27.7169,29.5019,38.6509,28.8169,31.0208,43.1368,37.0725,31.695,27.4215,36.5439,38.5902,27.03,1
2026-02-16 21:00:00,19.7563,25.5237,28.7382,24.5793,26.3081,30.086,29.6108,30.5693,34.3162,22.48,35.4545,23.7272,34.4932,33.9137,26.8846,27.6312,33.0046,36.0252,36.51,28.2902,28.0409,32.3626,33.8647,34.9436,33.2679,29.1626,35.7784,32.6101,32.4778,37.9187,37.6852,26.4772,29.4069,32.0285,35.6118,29.9637,36.4389,39.0506,37.4413,26.1715,32.3388,38.7448,28.9222,32.0537,42.3755,37.3662,35.454,32.6677,38.3772,39.4781,33.02,1
2026-02-16 22:00:00,22.3243,27.4806,32.2867,26.1083,30.6615,31.5699,30.8431,32.701,33.6573,24.8907,33.6337,25.3919,33.9723,33.4849,29.1304,29.3981,33.6245,37.2383,37.0919,30.1911,31.1173,32.7827,34.7173,37.0771,34.7293,29.3036,38.0123,34.1453,31.7389,38.4828,35.2828,29.803,34.0002,33.6964,35.1077,33.7724,37.1694,39.0842,39.8087,31.6113,34.6366,41.0572,31.2937,34.1796,42.0512,39.7389,39.9165,33.4848,37.6619,39.5689,34.92,1
2026-02-16 23:00:00,23.7951,30.5286,33.3086,28.9664,31.6299,33.1059,33.0291,34.0146,31.2526,26.7224,32.0444,27.2948,35.6555,33.5393,29.0358,30.7903,33.8526,35.3556,35.4964,32.4832,32.126,34.3225,35.9862,36.6151,37.077,34.8947,36.7956,32.5502,34.6346,37.5684,37.8887,29.9166,35.7882,36.1085,32.8973,32.1646,36.6017,39.6767,38.0583,34.2128,34.5318,38.2513,32.0828,37.9773,43.6341,44.5342,41.1152,34.6886,41.5604,42.6807,48.38,1
2026-02-17 00:00:00,26.2425,31.3013,33.6318,30.5886,33.4388,33.5452,33.07,33.6681,33.1399,28.1897,30.7007,29.4383,32.8161,36.6587,32.0786,34.7397,34.6629,34.7373,34.4438,34.0433,33.1473,37.1968,35.3509,37.7285,36.9424,33.4588,37.1253,37.1717,35.0746,39.1341,37.9892,34.7542,37.7504,36.9483,30.9961,38.2889,39.2047,38.5735,41.051,35.7437,39.5286,40.0165,37.1942,37.157,39.7742,39.5617,41.5636,36.0613,42.9653,43.2694,54.03,1
2026-02-17 01:00:00,28.4612,32.7587,33.1086,32.3868,32.6312,34.8585,33.8937,35.6326,29.7281,31.649,29.0426,31.6869,33.8207,36.446,33.1829,33.8497,35.3264,34.9676,35.8125,35.9058,36.4414,36.4833,38.1891,35.9812,39.0634,36.2826,36.117,37.5836,35.7852,35.5796,37.7709,34.5611,37.72,37.8659,31.7392,38.7273,39.8887,36.1565,37.4554,38.4269,39.1439,39.1342,36.5293,40.345,40.0275,40.567,42.7427,37.9625,40.223,46.1879,55.44,0
2026-02-17 02:00:00,30.2604,33.624,33.303,33.2344,34.6827,33.2384,32.9957,33.6883,28.1688,32.6259,25.8536,32.8605,33.3439,35.4632,34.2304,36.2233,37.8246,31.3952,32.7151,35.3933,37.918,36.7425,37.2667,36.92,35.7539,36.635,37.9674,37.4613,37.3761,35.5687,37.5591,36.1009,40.2924,38.8278,27.7084,39.8122,40.0393,35.0168,36.0045,40.2553,40.8248,41.4453,41.1544,40.5074,40.7658,39.0954,45.3332,38.0784,40.2473,43.1386,59.66,1
2026-02-17 03:00:00,31.7815,32.8246,32.4783,33.3006,35.0866,32.9779,32.9654,33.8491,25.3815,32.482,23.8733,33.9516,30.0907,34.3518,35.8018,37.6702,35.3409,29.1996,30.436,35.4739,35.9754,36.3003,37.0152,34.2096,37.6504,37.745,34.5405,37.9047,38.5539,37.3042,36.2362,36.2379,38.0438,40.1554,25.3992,38.0756,37.4447,33.4888,32.3465,38.9353,40.8392,36.3486,41.6998,43.5085,36.8709,38.2776,42.8746,40.2068,42.1094,41.5994,65.93,1
2026-02-17 04:00:00,33.4357,33.0847,31.5139,34.14,32.235,30.2985,33.9896,32.1533,24.9755,34.9581,23.0625,33.8657,29.4562,32.4425,36.7449,34.8035,34.0284,27.3003,30.8094,35.6301,35.9157,36.0505,32.2994,34.4283,36.3781,37.9866,33.9633,37.4718,37.8964,33.3705,30.9214,37.4603,39.6724,39.5253,23.9572,38.6922,35.9393,31.6829,30.2266,38.22,40.0656,34.8002,40.9518,42.4197,33.888,42.1651,40.1669,41.2148,41.9309,39.755,69.77,1
2026-02-17 05:00:00,33.362,32.7899,30.5091,32.8072,32.2874,28.9858,32.4594,30.5339,22.5185,34.4586,19.805,35.4931,27.7067,32.1996,35.9064,34.7586,32.9867,24.8941,26.9252,35.3502,36.3276,35.4889,33.305,30.674,33.6908,37.0733,31.4309,35.4538,39.9038,32.3228,31.583,38.1215,36.1177,36.2352,23.3428,40.3327,36.0799,28.785,31.615,38.9604,41.1707,32.3838,42.6885,42.5114,31.2296,37.2417,41.7494,41.7884,37.6308,37.3591,76.12,1
2026-02-17 06:00:00,32.9879,31.7,28.2754,30.3414,30.2217,27.0401,29.6806,27.7537,20.2571,34.4382,19.4651,35.8531,22.2738,29.4364,34.4771,34.7868,31.0539,22.5348,25.1109,36.8093,36.0902,33.3513,30.6033,32.2034,32.1696,35.7358,32.4939,35.6968,36.1039,30.208,29.2209,37.5253,34.9628,38.419,24.2667,36.2768,31.1231,26.1631,30.0656,40.1417,38.9428,31.8796,41.6487,40.4536,28.3124,32.192,38.3615,41.4314,35.2497,36.3468,75.77,1
2026-02-17 07:00:00,33.0648,29.0157,25.115,30.7486,27.3994,25.0934,28.7065,24.9468,19.3512,33.8697,21.4168,33.579,22.8142,27.2181,33.8622,31.6814,30.6257,23.726,25.6876,32.7519,32.6621,30.3165,30.7997,28.4088,30.9586,34.9605,27.9017,35.9879,34.1395,27.0723,29.3036,36.6989,33.0038,36.4868,21.8663,35.7456,30.4902,24.7328,26.7841,39.865,37.3865,28.9177,39.4913,37.4387,27.5853,33.474,37.3262,41.9987,34.1343,34.8021,77.44,1
2026-02-17 08:00:00,32.128,26.8957,24.4144,28.5524,26.5647,22.3898,25.4538,24.0189,20.041,32.0571,18.4077,33.0401,19.194,26.4335,31.4977,30.367,26.3711,20.6047,20.9657,31.1712,32.0865,29.9289,27.8812,26.36,29.3268,33.1711,23.6491,32.7704,34.3352,25.8004,26.6239,36.8565,31.1725,34.3009,24.66,36.9277,29.888,25.0647,22.5368,37.4824,32.1501,27.0317,36.703,38.2556,25.5437,31.1058,34.7612,38.1355,33.8039,30.7167,77.6,1
2026-02-17 09:00:00,29.3865,25.0874,21.8753,27.0829,24.6902,20.6956,23.3669,22.1392,18.664,32.2329,20.352,31.9359,20.1547,25.0822,30.182,28.5505,26.1975,19.1519,20.2176,29.4015,29.3093,27.4425,25.5904,26.519,24.6689,31.5787,25.2605,27.4639,32.4491,22.9437,24.2942,35.8599,31.0374,33.5315,26.2569,35.5012,26.0566,25.1646,23.9726,34.0784,34.4813,29.1485,36.4664,34.7808,25.5331,28.3791,31.4915,39.5006,28.6636,29.3252,68.87,1
2026-02-17 10:00:00,28.5214,23.0215,20.4047,25.9329,21.8701,19.3518,21.7165,19.9336,18.9486,28.0063,20.0398,30.8557,19.5961,21.8116,28.8992,26.101,23.4965,20.3766,20.3116,27.207,28.4128,25.6858,23.2972,23.2485,25.2805,29.6597,22.5023,27.8864,29.3915,23.3788,23.7232,33.5816,27.3211,28.8394,25.274,34.6039,23.6137,24.5011,24.8351,34.2694,31.0952,25.5844,34.4274,32.514,25.3899,27.5676,30.9734,35.2951,27.6283,27.2121,64.87,1
2026-02-17 11:00:00,26.5553,21.7562,19.5395,23.9291,21.2246,17.5688,20.0748,19.9926,19.3109,27.0255,22.2159,26.8271,17.6079,21.4907,24.0546,23.6651,22.9254,21.405,20.4354,27.164,25.0326,24.0844,22.8249,20.5757,22.7757,27.9624,22.0549,26.0387,26.7034,22.2069,21.0617,27.5577,25.6238,26.5712,27.5555,29.5131,26.6557,24.4226,24.6022,31.8174,30.3378,25.9019,32.4619,29.1082,27.1621,27.12,30.1698,33.9177,26.4185,28.1875,66.3,1
2026-02-17 12:00:00,23.9477,18.8848,17.2609,20.8417,18.1889,18.1123,18.9122,18.6597,20.0023,25.1811,24.0654,26.192,21.3941,20.17,24.4338,21.7395,22.189,22.0063,20.3337,22.2022,24.695,21.5362,20.7562,21.2047,23.3837,25.8688,21.4595,23.1406,23.5108,25.1,23.7114,27.9457,23.7473,26.7046,31.2624,26.9248,25.0646,25.2884,23.1523,29.9854,29.7687,25.6968,29.9154,29.4349,25.9691,25.4822,28.4407,32.8918,24.3923,28.571,52.28,1
2026-02-17 13:00:00,22.8037,18.0931,17.5523,18.9711,17.4168,18.041,19.1732,18.0002,22.8907,23.0067,26.3903,23.3746,21.0991,19.9485,20.9208,20.2152,20.3814,23.655,21.0846,24.2911,22.3989,20.4813,21.2817,23.548,19.9551,23.9083,22.8008,21.7945,25.4291,22.619,23.0873,28.4932,23.3949,23.8695,35.1348,25.3699,25.1801,28.5432,29.6519,30.2952,27.2945,24.7187,28.4968,26.3748,26.9474,26.9666,27.1145,30.3084,27.6,22.7907,41.57,0
2026-02-17 14:00:00,20.2076,16.9487,17.5089,18.7328,18.0409,19.289,18.4667,19.3051,25.1829,21.1754,27.5198,21.4239,21.6362,19.2391,21.8794,20.8075,20.0362,25.3902,24.8609,21.4653,20.6816,20.8882,21.0977,21.3194,24.3183,22.4102,23.7396,23.4066,24.0326,25.0451,23.6878,23.9943,23.5526,25.8352,36.816,25.5606,24.6544,27.8214,27.9837,27.4913,25.339,26.2482,27.0565,25.2215,30.6603,25.9064,25.6935,29.075,27.1175,26.8721,37.23,1
2026-02-17 15:00:00,18.8825,16.8467,17.6918,17.6243,18.1641,20.128,19.2984,20.2258,27.7908,19.7578,31.1438,19.8915,25.149,20.4519,19.6062,19.5111,20.8881,27.9288,25.538,21.7206,21.1098,22.542,24.6308,22.8226,21.6032,20.5028,24.2802,22.4802,22.1097,25.6945,27.5561,24.0969,23.2015,22.6755,36.3572,23.9334,26.6706,30.8057,29.3352,25.16,24.4632,27.108,27.5378,25.8564,32.3122,26.7795,23.6958,26.004,24.6568,31.0675,25.66,1
2026-02-17 16:00:00,17.6931,17.9823,20.0044,18.0515,18.4408,22.4558,20.485,20.7092,27.5732,18.6413,31.1571,19.192,24.6591,20.9826,18.8885,21.3086,21.7894,30.3581,27.822,20.936,19.3177,21.4231,25.1405,26.2585,25.0315,22.157,26.179,22.3201,22.6808,28.7271,28.2115,22.162,23.9605,22.8146,40.1242,22.2184,24.3202,35.3133,33.1053,23.0138,28.2926,28.8505,23.5043,24.6255,33.0674,27.7316,26.6555,26.013,28.9935,30.9484,30.53,1
2026-02-17 17:00:00,17.2619,19.12,22.8499,17.9673,20.5611,23.5345,21.4994,23.7202,30.2338,18.3357,33.3142,19.6715,27.1773,22.5024,20.7109,22.4349,21.9481,31.4961,29.2766,22.2522,21.1745,22.6716,26.41,25.8051,25.065,23.5899,28.8034,24.4341,22.9428,28.3742,29.1859,24.6009,26.4854,23.8896,38.9348,24.7494,28.7152,36.9814,36.7058,26.4277,26.2501,32.6009,23.9698,25.0053,36.3332,27.8903,28.6547,27.2301,33.2023,32.2102,23.65,0
2026-02-17 18:00:00,16.6954,19.6924,22.3276,19.5275,21.9991,25.1871,22.4028,26.3576,32.209,19.9734,34.4743,19.3031,28.4088,25.7657,21.2634,21.4589,26.4494,35.6768,31.69,21.7669,23.0865,23.9393,25.8916,28.4912,26.1644,22.6767,28.3517,27.4556,26.0188,31.8141,31.3478,22.4531,27.2047,25.2025,39.2897,23.6251,32.473,37.5477,37.7049,22.8672,27.034,34.7795,26.0659,25.8361,37.0794,29.8671,26.2977,27.7171,33.128,31.8503,21.44,1
2026-02-17 19:00:00,17.0684,22.1841,25.4055,20.3776,24.092,27.6578,24.1565,26.2412,33.8055,19.6333,34.1518,20.7028,33.388,27.0157,21.46,24.6737,27.3687,35.7917,34.1032,22.9186,22.6584,26.4426,30.2262,32.0006,29.2876,24.2068,31.3363,27.2509,24.6392,34.6204,34.4532,24.9179,27.4341,26.7117,39.6168,27.0298,31.6605,38.1278,36.9095,25.7917,28.0755,36.4527,26.0565,30.0522,38.8401,33.806,31.1717,27.8437,37.1848,37.0511,22.39,1
2026-02-17 20:00:00,19.7006,24.338,27.8581,23.337,25.562,30.0569,27.2059,28.8936,34.4304,22.6902,34.8804,20.532,33.8258,28.7914,22.9267,27.6897,28.2764,35.8989,33.9357,28.3127,23.7576,28.9687,31.6513,32.1333,32.1429,27.9957,36.4376,29.2829,26.9172,36.0169,36.1727,24.5592,30.7254,28.7266,39.7997,28.6204,34.9819,39.4248,37.8258,26.0344,29.0017,38.8636,28.9215,32.4379,42.6296,34.6414,33.1792,30.0534,36.0427,37.6705,32.92,1
2026-02-17 21:00:00,19.916,26.8652,29.513,24.3218,28.0781,30.2587,29.0369,31.1223,34.6355,23.3107,34.7852,23.4704,35.2138,30.5179,25.7175,27.3734,29.5399,35.2687,36.155,29.7361,26.003,31.8808,34.5793,33.7202,31.5619,30.331,36.5984,31.0423,28.8417,37.7512,37.3546,24.2621,32.2888,30.6687,36.8667,29.3161,37.5701,40.3476,37.5489,28.8461,29.6601,39.5094,28.9788,35.1326,41.1109,38.5203,34.0927,29.5774,40.1929,40.7503,31.29,1
2026-02-17 22:00:00,21.6554,27.911,31.0616,27.1365,29.41,32.3098,31.0472,33.9923,34.6402,22.8975,33.4254,25.1642,35.5887,31.9793,26.9794,31.1323,31.139,36.4578,37.1478,29.1565,31.4676,32.561,35.3756,34.1697,35.5906,29.9058,36.8537,32.6929,32.0438,37.3015,37.0108,29.4868,35.4984,31.348,35.5237,32.0974,37.6333,42.8473,40.0771,31.2648,36.3353,42.3105,31.2387,35.8791,41.062,38.8861,38.5034,33.75,42.3023,44.4942,40.56,1
2026-02-17 23:00:00,23.0715,29.4111,31.7002,28.0413,32.6172,33.2682,32.5089,33.1848,32.8725,27.4523,34.1099,25.7836,35.9072,32.9597,29.1643,32.5398,35.2295,36.4775,37.9703,32.7543,32.1844,35.8439,36.3356,35.9338,36.3041,35.3989,36.2858,35.8339,33.7844,38.3319,37.7082,28.8335,36.7512,35.7538,32.6152,33.4746,39.6034,40.8963,39.3979,31.7666,35.2913,40.3799,37.4341,33.4135,41.4365,39.5777,40.5354,36.2189,41.4359,40.2418,45.07,1
2026-02-18 00:00:00,25.9476,30.8005,33.394,31.0449,32.2351,34.3844,35.2797,33.7447,32.7855,28.8718,30.0074,30.0976,35.0983,35.4346,32.0313,34.5248,35.1199,35.4033,37.858,34.9332,33.5539,36.4335,37.3705,36.683,37.8766,35.0702,38.1052,36.3056,35.7398,38.6498,38.043,32.0601,39.3199,36.3712,32.4828,35.6949,40.5506,39.6457,39.7021,32.3326,37.8265,42.2194,36.3199,38.8505,37.9116,41.8897,43.2045,36.9267,41.6361,44.9688,50.8,1
2026-02-18 01:00:00,27.6063,31.9261,33.1518,31.5196,34.8628,34.3439,33.3858,33.9024,30.739,29.8757,29.4809,31.204,34.2987,33.6392,32.815,34.3893,35.8128,31.5975,35.2276,35.9229,36.3607,35.1521,35.6901,37.186,37.7829,37.1174,38.7588,38.1661,36.0352,38.9471,38.1122,37.1751,38.0728,38.0671,31.1072,35.9056,40.3822,36.8183,36.7614,36.1073,39.3411,41.2398,36.8093,39.5324,39.2015,41.884,41.5207,39.0444,44.0401,42.4059,54.94,1
2026-02-18 02:00:00,30.9512,33.8889,32.1161,33.2897,33.9769,33.4313,33.0367,34.951,28.2678,33.4337,27.1655,33.2399,32.7791,35.8518,35.1893,37.3717,36.6199,31.4618,34.7467,36.1372,36.1268,37.202,36.4191,37.3451,37.1297,36.9266,39.5356,39.8592,39.6157,38.5457,37.2342,40.2973,39.1138,37.7201,29.2253,34.6368,38.9084,34.5601,37.1296,37.1321,42.3266,35.6283,39.6666,44.1976,38.1728,39.2704,43.8776,37.3708,42.8346,44.2182,64.48,1
2026-02-18 03:00:00,32.0912,32.5552,33.2491,34.2877,32.9424,30.6918,34.0535,32.7773,27.4954,33.5063,24.4948,34.8845,30.4853,35.1111,36.8261,35.5334,35.2505,28.9236,29.6268,38.6332,37.2454,36.9552,36.7198,35.9016,35.9805,38.1633,37.3658,39.1534,38.0411,33.46,35.6196,38.0543,37.9641,37.7405,24.6889,39.4676,37.2786,32.9133,34.7356,38.7547,39.8633,35.467,42.2069,41.9639,38.6865,38.2876,40.7515,43.4976,42.5522,40.4616,65.97,1
2026-02-18 04:00:00,32.2427,33.646,31.8774,33.5944,33.8684,29.6504,32.6198,31.3261,25.409,34.2683,22.0159,35.6433,28.9283,33.4558,35.7733,36.3358,35.1122,28.5396,31.3484,37.3742,36.9798,37.7097,36.1885,33.2581,36.6624,38.4107,32.7288,36.5661,39.7921,33.3257,33.8602,37.8491,38.4772,39.2707,24.5354,38.7271,37.2781,32.3343,30.8846,40.2407,41.1108,33.3054,42.8995,40.255,33.9855,40.4545,40.7734,42.6258,40.4001,38.4372,72.28,1
2026-02-18 05:00:00,34.3014,31.6163,29.7374,32.5885,31.9202,28.6648,31.6392,30.3182,23.0914,35.1921,20.5252,35.2124,27.0883,31.9776,35.7093,34.9601,33.2678,25.3565,27.2596,35.3261,35.9415,34.7674,32.9138,33.9882,35.1327,36.5926,31.1539,35.5441,41.3382,30.9284,34.0794,39.2044,35.5824,40.5252,25.6157,38.6712,35.3706,31.1324,30.2862,42.658,40.8075,33.9776,39.1925,39.8396,32.4006,36.9665,41.1693,43.0777,37.9553,39.2578,78.57,1
2026-02-18 06:00:00,33.6294,30.3556,27.9232,32.4433,30.7517,26.4593,30.0402,28.4009,18.8024,35.4808,19.5569,35.6768,24.9238,29.7965,36.4072,34.1816,31.3175,21.5036,25.6546,34.7214,35.5653,31.1477,31.4779,29.5589,33.2872,38.2199,28.0582,36.8782,35.9423,28.7196,30.8404,37.4413,36.1682,39.308,24.0463,37.8429,33.2815,26.2337,29.6413,39.4306,37.1723,30.0403,39.5188,37.3701,30.3332,36.3318,37.712,42.2767,35.9799,33.6362,80.27,1
2026-02-18 07:00:00,32.3985,28.9203,26.332,30.2023,29.0804,24.6892,28.4921,26.8235,20.7277,33.9834,17.9858,33.1021,21.8582,28.1362,32.5603,31.2797,28.0558,22.344,24.4144,32.592,34.5007,31.0549,27.9135,30.3221,31.0214,35.0728,26.6749,33.6739,35.7646,27.8642,29.2117,37.6938,33.8601,34.8594,23.9999,38.8864,30.9828,22.9828,25.1782,38.5392,35.5022,30.9297,39.7529,38.196,31.3469,34.3895,36.577,41.5122,33.512,32.8972,72.4,1
2026-02-18 08:00:00,30.2138,26.6522,23.7812,28.6554,26.4918,22.411,24.6196,24.1257,19.4763,32.6815,18.4262,33.549,20.4094,26.0513,32.7987,29.1521,26.6028,19.3493,22.3673,31.6242,31.7916,28.9232,28.7845,26.6924,29.4556,32.8355,25.4725,32.0821,33.4356,25.8273,26.6046,38.7613,32.0603,33.1792,24.6949,37.4132,29.2709,24.5697,25.0205,37.669,34.6555,26.3435,37.8736,34.3101,28.274,33.7001,35.9877,40.0098,32.5851,30.8808,73.14,1
2026-02-18 09:00:00,31.2202,25.4534,22.2182,27.0312,23.8547,21.9035,23.1944,22.347,20.114,30.523,18.5022,32.9512,21.1195,24.9484,30.769,28.3257,25.7799,20.9203,21.572,29.5666,29.5128,27.2819,26.5268,25.7694,27.9245,30.1705,23.7644,28.8845,33.7519,23.1196,24.7044,35.5415,30.7165,32.2056,26.5385,34.6095,28.1706,25.7402,24.3754,36.8968,33.8848,26.6876,33.9001,31.674,24.0042,32.3958,32.6916,39.848,29.8554,29.1892,70.01,1
2026-02-18 10:00:00,27.4921,23.8772,19.8654,25.5788,22.8363,18.1384,21.9827,20.5284,19.9497,29.8797,21.4748,29.2701,19.4203,23.4348,28.5256,25.7216,22.8891,22.8073,22.1893,28.288,27.537,27.3197,24.43,23.7992,22.8759,29.8433,25.1498,28.3427,29.1721,22.068,24.0559,31.7695,28.0934,26.7825,27.8397,31.7359,26.0478,23.7444,24.1323,34.7735,31.6382,24.189,32.0895,31.0943,27.4451,26.7536,29.3931,39.3299,28.9158,29.6382,63.45,1
2026-02-18 11:00:00,25.3391,20.6604,19.4649,22.7844,20.5455,18.805,20.6759,18.5579,21.0604,27.112,22.3387,28.41,19.9911,22.0899,26.8098,23.7677,22.992,22.3401,20.3848,26.2769,23.7367,22.7657,22.9262,23.7247,20.9916,27.5003,21.004,27.8432,27.7384,23.3746,23.3282,31.7936,24.6247,27.2737,28.7062,30.4687,24.8085,25.6322,26.0765,29.4684,29.3483,25.9277,30.5138,28.9633,24.6351,26.8684,28.1167,35.2231,26.1967,28.4221,59.52,1
2026-02-18 12:00:00,24.6382,19.1974,18.075,20.9667,19.6205,18.7017,20.4818,18.594,21.9241,24.7964,24.2042,26.9648,19.1533,19.4382,24.0805,22.8907,22.8986,22.4796,20.2398,24.1849,24.3294,21.4945,23.2298,21.6805,24.0765,24.4049,22.2201,24.468,25.9246,21.7184,23.9998,27.3098,24.0951,26.5123,32.517,29.4661,23.5683,24.7412,27.15,28.5781,28.6226,24.892,27.5717,28.6887,25.8063,26.0733,27.1713,33.4256,25.4247,26.8924,53.1,1
2026-02-18 13:00:00,23.361,18.164,17.6931,19.8943,17.0415,18.7379,19.0811,18.6077,23.9527,22.7733,26.0455,24.1975,19.8142,20.3157,21.7457,19.9513,20.9296,23.2018,23.7762,22.7296,21.5162,21.8749,20.6967,21.4766,20.5534,24.0205,20.5595,23.8769,24.1183,22.7462,22.5622,25.1854,23.7353,24.6275,32.1023,28.4779,26.017,27.3084,27.9612,29.5429,25.2408,25.407,27.6005,27.6752,26.1432,28.0979,27.4576,29.1017,27.3985,25.8601,50.88,0
2026-02-18 14:00:00,21.0095,17.8522,17.1073,18.4389,18.2471,19.4415,18.3623,18.6581,26.3536,22.0679,27.8283,22.7292,21.6924,20.3284,21.8325,21.372,21.6229,26.699,24.0717,22.3541,22.2072,23.0104,20.8683,22.5914,20.8869,23.2736,24.002,23.8873,24.0266,25.6163,25.5279,26.5272,23.0531,21.7637,37.0994,24.231,23.5207,28.5264,29.6687,25.9098,25.2065,26.2699,28.4422,26.1329,32.1496,24.134,25.7027,27.9018,27.5021,27.2719,46.13,1
2026-02-18 15:00:00,19.1145,17.3184,18.7425,18.2236,17.7858,20.6727,18.3006,18.8216,27.2263,19.8781,30.8075,19.4575,23.9182,20.1674,21.0822,20.2126,21.506,28.1817,27.0742,20.732,21.0521,22.3297,23.5661,23.0806,22.3018,21.7675,23.6643,24.2621,22.8018,26.3051,26.3953,23.4923,23.3442,21.4717,36.1524,22.47,25.7729,31.3644,30.4884,26.7463,24.8556,27.2933,24.952,25.4664,33.1778,28.9831,22.7463,27.6356,27.2022,26.6061,31.66,1
2026-02-18 16:00:00,18.0964,18.5361,19.3564,18.4658,19.8828,21.2768,19.4918,20.4649,28.0691,19.9641,31.1857,19.0333,25.5703,21.2027,20.807,21.0175,21.4883,29.4963,28.1431,18.844,21.2814,22.2982,24.776,25.2833,22.0477,22.4837,27.9622,22.2181,23.2529,29.6549,26.0052,25.3335,26.1478,22.11,39.2306,24.3932,26.9252,33.9068,33.7241,25.8303,24.0275,31.1483,26.8811,26.1955,35.3113,28.9878,28.0442,27.2597,31.2442,28.0524,34.99,1
2026-02-18 17:00:00,17.7016,19.3099,21.098,18.1765,20.4692,22.8321,20.8997,22.9122,30.8258,18.6203,33.2664,20.4082,29.1469,23.2182,20.2503,21.6283,23.5761,31.2703,28.3086,23.4984,22.4172,24.9217,24.3358,28.1756,24.8527,22.5824,28.5035,24.346,23.5344,29.8688,30.1513,22.0388,25.5553,24.4097,39.2608,22.063,27.1399,36.5307,33.7011,21.9236,28.8144,31.8109,25.5444,27.8211,37.1223,29.0465,28.9741,26.9345,29.7231,30.6777,27.61,1
2026-02-18 18:00:00,17.6641,19.4109,22.9134,17.4986,21.8445,24.2982,23.4711,25.5247,32.9051,19.708,34.8796,20.2304,30.3448,24.59,20.4592,22.9492,26.9045,32.742,32.0793,21.8772,22.0077,27.4185,26.9043,27.0241,26.1351,23.3391,29.4381,26.675,23.723,34.5356,30.6859,24.8864,27.4628,24.7029,39.252,25.3585,31.8849,36.9192,40.3769,23.1705,24.0697,38.0209,25.8865,25.93,38.5934,32.9853,28.0602,25.434,33.5639,31.5815,24.29,1
2026-02-18 19:00:00,17.9674,22.0565,24.8385,20.3902,23.889,27.4212,25.2148,28.103,33.8949,20.1275,34.0524,20.5894,33.4765,26.397,22.4725,23.1497,26.7905,35.2908,32.4924,24.8441,24.7122,26.9887,31.1102,30.6987,28.8892,24.0132,30.7567,28.7369,25.5858,33.8867,33.5683,26.1333,26.571,29.1202,41.2732,26.537,33.2875,37.4603,40.478,25.8847,30.1188,38.9241,24.9969,29.2616,38.8712,33.2864,29.8244,27.1953,35.6845,36.0567,28.28,1
2026-02-18 20:00:00,18.9297,24.5668,28.7013,23.3672,25.0569,29.1498,26.2916,28.9256,33.7174,20.5722,37.3598,21.2144,33.9326,29.9491,24.7429,27.0204,28.4485,35.6173,34.8951,25.7524,26.4533,28.8579,31.9584,34.9482,31.4937,26.9712,33.7912,28.637,28.3028,37.1958,35.7958,25.6905,31.8218,27.5962,39.8239,27.7407,35.583,37.9801,41.1015,28.2753,31.4054,38.1685,30.3978,30.6731,40.9228,33.6074,35.4494,28.6858,37.1471,38.773,27.42,1
2026-02-18 21:00:00,20.3279,25.5613,30.2016,24.6605,28.7106,32.1023,28.8956,30.4588,33.6452,22.8216,34.7336,23.2133,32.9311,31.5429,26.747,28.3627,30.392,36.6189,35.9314,29.3523,28.0693,31.9043,34.2525,34.2164,32.8712,26.6544,36.6145,30.4669,30.3273,36.4021,35.7578,26.8107,36.3537,32.6813,37.6669,32.0062,37.1001,41.7549,41.0329,29.189,33.4661,39.3488,30.8232,33.2335,40.7611,38.0273,35.2515,31.6636,40.8331,39.7362,32.15,1
2026-02-18 22:00:00,21.7829,27.7225,32.2124,26.5724,30.8923,32.599,31.5809,32.2735,33.8948,23.2715,33.8827,26.1775,36.2146,33.2376,27.659,29.8223,32.9795,37.2294,35.1878,29.3195,29.4768,34.0146,34.0455,37.0654,34.5951,32.3283,37.9461,33.0565,33.1695,37.6185,38.4225,28.3935,36.5871,31.9004,38.2356,31.9872,39.688,39.3168,41.1302,31.2893,34.618,40.5574,30.5343,34.5003,40.6185,39.1708,38.6817,32.5181,42.9607,39.5672,33.11,1
2026-02-18 23:00:00,24.0494,29.4795,31.755,29.4677,31.6407,33.0837,32.7723,33.0105,34.0721,26.3532,33.3014,26.872,34.376,35.2645,30.3258,32.0404,33.8074,35.4698,35.9717,31.5498,32.8867,36.6107,37.0645,37.9639,36.6744,34.1115,37.6394,34.7377,35.8479,40.6941,39.0911,30.5363,36.2533,38.2632,35.4288,34.6492,40.8354,40.4076,37.9962,33.682,38.2445,43.2281,35.3233,35.5554,40.695,40.17,38.3646,34.7839,40.0366,41.6313,43.85,1
2026-02-19 00:00:00,25.4035,31.076,33.3155,30.5491,33.6969,33.4167,34.0182,34.9167,33.2609,27.8446,31.314,29.5485,35.2662,35.2513,30.9518,34.0983,37.1141,35.3236,38.1604,33.5232,34.775,36.0386,35.8754,36.2357,38.4439,33.7034,39.2346,36.3265,35.0771,38.0258,39.8509,31.4031,40.7869,37.8028,31.2351,37.3366,38.8549,36.6683,37.5895,35.5455,37.65,43.8929,36.0044,38.3924,44.1391,40.5834,41.7238,36.7428,39.0736,44.2907,53.73,1
2026-02-19 01:00:00,28.2472,31.6281,32.8632,30.8824,33.2781,35.2741,34.5102,35.9699,31.1036,32.2869,28.7032,31.4985,33.556,36.3923,34.4358,35.2214,36.4447,34.3141,35.452,35.9077,35.6798,37.5383,35.615,37.9288,39.475,34.8119,36.6612,38.185,37.248,37.9702,37.9478,35.9065,39.0953,35.7676,27.4149,37.528,42.3449,39.1442,36.3435,37.481,40.1632,37.7598,38.6577,39.044,39.0816,42.9034,40.4205,39.9071,41.8843,44.7176,59.35,1
2026-02-19 02:00:00,29.5873,32.5047,32.9649,32.2812,33.4978,33.3789,35.3792,33.7198,29.2404,31.4645,26.6866,32.2288,34.3778,34.9638,34.2814,36.3632,37.0942,31.7745,33.6662,36.6054,35.5983,38.7709,37.9456,37.3063,37.5832,38.5825,33.8548,37.8074,37.9192,36.4016,37.712,37.548,39.8247,40.7248,28.3001,38.4413,39.2556,38.8451,36.1141,35.9702,40.6957,41.0218,40.3215,39.7118,39.3974,41.7865,42.8141,42.2988,40.7767,40.6544,63.95,1
2026-02-19 03:00:00,30.9962,33.4232,32.078,33.9531,33.8123,31.768,34.0199,32.4897,26.3879,35.6615,23.4658,33.6414,32.094,34.2237,36.3222,37.5024,35.5011,30.0106,33.6479,37.3999,36.5973,37.1208,37.8305,39.1602,39.0186,37.8346,35.8,40.1287,37.4517,36.8611,35.816,37.8979,39.0204,39.1303,28.1291,39.3218,39.1833,33.7286,33.6934,39.7537,40.7323,37.2701,42.6229,43.2341,39.0008,40.3812,42.6334,40.5141,40.6896,42.1325,74.62,1
2026-02-19 04:00:00,32.6981,33.8137,32.0469,33.6876,33.3285,30.7756,32.6417,32.5835,23.2021,35.033,22.2822,36.1048,28.452,33.6001,35.0328,35.0245,33.7634,27.6704,29.7098,36.9495,36.9846,35.6247,34.9431,31.9876,36.9666,38.1415,35.101,37.5994,39.2353,32.4671,33.6438,39.0276,38.3176,40.6127,25.8677,40.5993,37.1586,30.8674,33.0122,40.3516,41.0961,34.6823,39.899,41.7868,35.1293,38.966,38.5231,43.4343,42.6778,38.795,80.19,0
2026-02-19 05:00:00,33.858,31.7621,29.4986,34.0451,31.6282,30.013,30.8788,30.4077,22.1835,34.6063,21.4948,35.7756,26.8356,33.6305,36.4903,35.6913,32.156,25.3362,27.894,37.0801,37.0923,35.1639,33.0096,31.1629,33.3336,37.6386,33.129,36.4311,38.9042,33.2115,30.2255,38.7855,34.8891,38.8137,26.15,40.251,35.2293,31.0485,28.7057,39.4523,39.0432,35.2395,42.1294,38.2921,30.8644,37.5519,40.5575,41.1056,42.2603,40.026,76.14,1
2026-02-19 06:00:00,33.6004,30.3865,28.4052,31.7459,30.5837,26.5526,29.8543,28.4506,20.7151,35.2853,20.2934,34.6848,25.0777,31.0777,35.1103,33.7177,30.6935,24.26,26.8148,36.0036,33.9219,32.5884,33.2515,30.5109,31.4638,35.2971,28.3448,34.4218,35.8385,29.9596,29.8883,37.6807,36.8409,37.2308,23.1898,41.1917,33.7604,26.8358,29.4104,39.3734,38.2874,31.7743,42.5406,35.409,28.9971,35.4731,37.81,42.9405,34.9041,38.1102,81.39,1
2026-02-19 07:00:00,31.7548,29.9289,26.0807,30.5265,28.55,25.1359,26.1362,27.1968,19.352,33.4929,20.1949,34.2593,23.6895,28.873,32.9454,33.087,29.7369,23.4832,23.7496,34.9981,33.3547,31.2445,29.3555,28.3002,30.1166,36.018,27.0918,35.2376,35.1064,27.8961,28.8388,36.8166,33.7121,35.7682,23.9584,37.0961,32.6236,26.0923,25.514,37.2196,39.704,31.5324,43.05,38.2589,28.5174,33.6663,38.5726,39.1903,34.5652,30.4367,75.54,1
2026-02-19 08:00:00,31.0029,26.4417,24.9576,28.3928,25.71,23.4617,25.4943,23.1952,19.0091,31.7056,19.1059,32.5763,21.5058,24.8706,32.4589,31.5556,27.7961,21.8335,21.9214,32.1103,31.6753,28.6721,27.4125,25.7744,30.0556,33.9075,26.5547,30.5467,33.184,25.8483,25.163,36.4147,31.7942,32.8064,24.7108,35.9577,29.9608,21.5523,24.9147,38.4668,39.5672,29.2534,39.5193,35.7808,30.2099,33.2074,35.3056,41.6579,32.4873,30.7406,72.0,1
2026-02-19 09:00:00,30.5221,24.0611,20.8955,26.5913,24.5413,19.8052,23.447,21.2944,19.0858,31.1062,18.6148,32.5064,19.5697,24.1024,29.5001,28.3152,25.8486,20.4388,19.4919,30.0776,29.944,26.6657,27.1759,24.0377,26.1171,31.4757,23.6021,30.3207,30.0456,25.8497,24.5035,34.9833,30.2515,31.6208,26.3183,35.5018,26.9295,24.4584,25.9757,34.698,34.4136,27.064,36.7398,34.6693,28.2087,29.7101,32.5323,37.4916,30.8257,30.9574,71.52,1
2026-02-19 10:00:00,27.7078,22.4586,20.7491,23.7083,22.789,19.1889,20.8631,20.5232,19.7243,29.6218,21.3106,29.6464,19.1603,22.9357,28.5018,26.5958,22.2796,20.5103,20.0441,29.2785,26.739,24.5504,23.5566,24.0466,22.9601,27.0595,23.2307,28.538,29.552,23.235,23.6419,34.8364,27.4838,28.5396,28.5576,33.0796,25.7071,26.0727,25.3923,34.0466,32.7489,27.8899,34.5913,32.8905,26.6557,28.7801,33.0927,36.2239,26.7087,25.4899,62.22,1
2026-02-19 11:00:00,26.0819,20.6655,19.3842,22.5614,20.668,19.2993,19.6167,19.4926,19.834,27.9608,22.9715,27.6041,19.5953,22.6008,25.6171,25.158,22.0472,21.1304,19.9665,26.7681,25.7347,22.8189,21.9999,21.5217,23.2046,27.8571,21.735,22.8627,26.3491,22.2046,24.4341,32.2204,26.5439,27.5444,31.4956,30.1397,24.1367,24.6339,23.6044,31.485,30.0023,25.1259,34.2487,30.5357,25.8523,26.7181,26.4132,33.9974,29.395,29.9667,47.03,0
2026-02-19 12:00:00,24.3965,18.4952,17.3623,20.9394,19.9206,17.7788,19.6242,18.5235,20.0681,25.3426,24.3291,26.3232,20.9735,18.8032,22.5392,23.3265,20.1338,23.1439,21.4119,24.3823,23.8674,23.1304,22.6143,21.2888,20.478,25.8899,21.2421,23.0321,25.9674,23.6117,23.2527,31.1452,26.2675,26.6159,33.8111,28.032,25.2566,25.751,27.5403,29.8558,28.5263,24.018,29.7627,27.6886,27.4327,23.9138,30.5285,33.7827,28.2162,27.7782,48.97,1
2026-02-19 13:00:00,21.5928,18.1911,18.1604,19.4035,17.6233,18.584,18.6451,20.2223,22.7433,22.6874,25.5477,22.4927,21.311,20.3508,21.4862,22.2715,20.7835,23.3885,21.7192,21.2294,21.7581,21.7006,20.8783,22.811,20.9396,23.8854,21.8813,22.9017,24.6335,23.5366,24.1012,28.2399,24.43,26.2829,35.6857,25.9832,25.1781,27.2812,27.7107,29.4464,27.2537,28.7501,29.4786,28.6566,28.4079,26.4352,29.5003,28.9889,26.0197,24.8124,37.51,1
2026-02-19 14:00:00,20.3485,18.0802,18.0188,19.6725,18.2797,18.5072,18.4918,18.7783,25.0634,22.3596,28.504,21.9911,21.7978,20.82,20.6725,20.202,20.8394,24.7943,25.5832,19.9799,21.6034,22.5798,21.6982,23.2152,21.4862,23.8645,24.7599,24.6875,23.7512,26.8776,24.8306,23.9754,23.3877,25.8951,36.4559,24.1941,24.6372,32.1454,26.6234,25.7942,26.9625,27.042,29.9739,24.6959,30.0346,25.3451,25.7976,28.3357,28.9449,29.1411,35.95,1
2026-02-19 15:00:00,18.1315,16.7149,18.4664,18.9344,17.4868,19.8432,19.0946,19.5227,27.9466,20.9159,32.2687,20.6589,24.6321,21.082,21.3305,19.7548,19.984,28.1102,24.528,21.5668,20.7215,19.6716,21.3728,22.9785,22.8392,23.426,25.1821,22.193,23.2936,27.2387,25.781,22.7987,23.572,23.751,36.957,24.4364,27.8173,31.9955,30.2855,25.5244,27.1984,29.1788,25.8809,27.4759,30.4715,28.076,27.7403,27.5236,25.9007,30.1689,30.14,1
2026-02-19 16:00:00,17.4784,17.8422,19.3729,17.4208,18.2423,21.3236,19.9402,21.3281,28.7882,19.4719,31.7524,19.5618,25.8337,20.8968,20.7037,19.5244,22.8182,29.8165,28.6917,21.6664,21.7247,22.2197,24.0915,23.4986,24.8259,22.5492,28.2464,22.5166,24.502,28.4541,26.8827,22.4592,24.6318,22.6062,38.9843,24.8719,29.0361,33.8521,32.9328,25.8875,24.1195,30.0791,22.8424,26.6357,32.5167,30.7232,27.799,28.0922,26.8966,30.9816,26.19,1
2026-02-19 17:00:00,17.4281,18.9125,21.0648,17.1971,19.7368,23.9338,22.1025,23.611,31.4195,19.838,32.2891,18.9916,28.8923,23.7656,21.5738,21.0997,25.4407,33.0796,29.7429,21.0281,21.0425,23.3877,25.639,27.6146,26.0285,21.1394,29.4555,23.2248,22.5465,31.6842,29.8601,22.9668,24.6057,24.5762,40.3849,24.8484,31.8148,35.3022,34.0055,25.2,29.673,33.0259,24.5055,25.4991,36.3125,29.0717,24.6542,25.4701,31.5264,32.5598,21.65,1
2026-02-19 18:00:00,16.4451,20.014,24.5299,19.3566,21.1554,25.7087,23.1588,24.4623,32.8732,20.7718,33.9637,19.0423,32.181,25.808,22.4151,22.4666,25.9827,31.6531,32.2974,23.0955,23.0269,25.5817,28.4358,27.8559,26.0039,22.3766,32.675,24.6241,23.6728,30.6036,32.7135,22.7303,27.3926,25.6345,40.1258,25.0643,30.6149,38.8953,39.0792,24.4514,27.2681,35.4094,26.7071,28.0887,36.183,33.2162,29.6221,23.9167,33.751,35.1903,20.2,1
2026-02-19 19:00:00,18.0542,21.8835,25.448,21.099,23.2884,27.7314,24.1451,26.9277,33.9098,19.6421,35.498,20.4794,31.8506,27.6754,21.9517,24.0787,27.1616,35.2196,34.0909,23.4764,23.7128,26.8294,30.4037,32.1353,28.851,24.3848,33.9024,26.5284,26.6999,34.8261,34.4294,25.179,29.8274,28.9738,38.6876,26.7979,33.5634,38.0292,38.4261,24.4624,28.8282,35.4706,26.2962,28.4928,38.6238,33.4177,29.8229,26.3251,34.9608,34.3381,23.26,1
2026-02-19 20:00:00,18.8693,23.8603,27.9614,22.1831,25.5475,31.2106,28.21,29.7384,35.2339,20.6479,34.0188,20.7108,34.2865,29.083,23.8984,26.533,29.1237,35.7005,33.0125,26.654,25.7394,28.3758,32.1847,33.2987,31.3903,26.6187,35.7067,28.4858,27.6765,36.1106,37.7552,26.9847,31.1901,30.3424,38.5177,26.8838,35.4479,41.633,40.6223,26.8267,29.9684,37.2351,28.5068,32.7,40.856,35.6496,31.739,30.4725,38.9029,38.2925,26.87,1
2026-02-19 21:00:00,20.6518,25.3976,29.0252,24.2257,28.2589,32.4847,29.4396,31.6601,34.3409,22.5216,34.879,23.17,34.2502,30.9425,25.6586,28.6279,31.2371,37.2435,36.0639,28.7126,28.5969,32.5718,33.9674,34.5055,33.0526,29.7324,36.3484,30.5316,31.0633,37.2223,38.6292,25.9063,32.6855,31.6429,38.9194,30.658,40.6986,40.3954,40.9308,29.9326,32.0233,38.8856,30.4357,31.9678,42.1273,38.5762,35.3736,31.2917,38.1822,38.6326,31.13,1
2026-02-19 22:00:00,22.2954,28.6986,30.7123,27.703,29.5248,31.5729,30.6702,32.695,34.0437,23.9002,34.0984,24.5301,35.3787,33.6279,27.5256,30.2222,32.5912,36.2628,36.4566,30.7976,30.6307,33.2619,35.1799,36.5977,34.8199,31.3016,40.7454,32.5739,32.5476,38.1448,39.9962,27.3332,34.8252,35.2505,35.9858,30.2906,38.9142,41.9718,41.6659,31.6432,35.4693,40.8156,33.6452,36.0517,43.5525,36.9377,37.4222,33.0769,42.531,43.0307,38.54,1
2026-02-19 23:00:00,24.9087,30.4464,33.0577,28.6576,30.4735,33.4717,31.773,35.3293,33.5508,27.3279,33.5458,26.6355,35.5977,34.0702,28.6604,32.4915,34.9304,35.4263,35.766,32.5715,32.0395,35.9201,37.1114,35.2938,34.7937,32.8355,38.3831,34.7857,36.0276,40.1779,36.8624,33.1522,37.6526,34.8332,34.4222,34.4298,41.4593,39.4451,42.4572,34.6258,37.4894,41.9668,33.6896,35.2111,40.0175,38.595,41.3029,34.0377,43.1023,42.3812,46.36,0
