Batch_Number,SKU_ID,NDC_Code,Drug_Name,Therapeutic_Category,Route_Of_Administration,Dosage_Form,Packaging_Type,Supplier_ID,Supplier_Name,Country_Of_Origin,Purchase_Order_Ref,Quantity_Procured,Unit_Procurement_Cost_USD,Freight_Cost_Per_Unit_USD,Import_Tariff_Rate,Total_Procurement_Cost_USD,Unit_Selling_Price_USD,Maximum_Retail_Price_USD,Discount_Applied_Percent,Quantity_Sold,Total_Sales_Revenue_USD,Gross_Profit_USD,Sales_Channel,Payment_Method,Quantity_Remaining,Reorder_Level,Safety_Stock_Level,Stockout_Occurred,Manufacture_Date,Procurement_Date,Expiry_Date,Shelf_Life_Total_Days,Storage_Condition,Storage_Temperature_Min_C,Storage_Temperature_Max_C,Humidity_Sensitive,Prescription_Required,Controlled_Substance_Class,Quality_Control_Passed,Inspector_ID,Warehouse_Zone,Aisle_Rack_Number,Bin_Location_Code,Handling_Special_Notes,Quantity_Wasted,Wastage_Reason,Wastage_Financial_Loss_USD,Disposal_Method,Disposal_Approval_Status
BAT-2026-49651,SKU-147726,235-9837-56,Ibuprofen 400mg,Analgesic,Oral,Tablet,Strip,SUP-9028,PharmaDist Inc,India,PO-98712,1226,89.37,2.86,0.12,126222.09,149.75,164.73,0,964,144359.0,58206.32,Emergency ICU,Cash,262,50,20,0,2025-02-12,2025-03-21,2026-08-18,552,Room Temperature (15-25°C),15.0,25.0,0,1,Non-Controlled,1,INS-104,Cold Vault-1,Aisle-6-R1,BIN-674,Protect from Light,262,Expired,23414.94,Incineration,Approved
BAT-2026-90173,SKU-157174,643-9221-44,Paracetamol 650mg,Analgesic,Oral,Tablet,Strip,SUP-0769,BioCare Distribution,Germany,PO-78977,1559,2.13,0.05,0.0,3398.62,3.45,3.8,0,1368,4719.6,1805.76,Emergency ICU,Credit Card,191,100,20,0,2025-06-10,2025-09-15,2026-01-28,232,Room Temperature (15-25°C),15.0,25.0,0,1,Non-Controlled,1,INS-108,Cold Vault-1,Aisle-16-R2,BIN-711,Keep Refrigerated,191,Expired,406.83,Incineration,Approved
BAT-2026-95717,SKU-680238,950-3695-42,Amoxicillin 500mg,Antibiotic,Oral,Capsule,Blister Pack,SUP-0769,BioCare Distribution,India,PO-62789,960,191.69,5.8,0.0,189590.4,294.84,324.32,20,475,140049.0,48996.25,Hospital Outpatient,Cash,485,50,80,0,2025-06-11,2025-08-27,2026-03-31,293,Room Temperature (15-25°C),15.0,25.0,1,1,Schedule II,1,INS-102,Hazmat Vault,Aisle-20-R2,BIN-392,Standard Handling,485,Expired,92969.65,Incineration,Approved
BAT-2026-79329,SKU-406327,944-8894-47,Lisinopril 10mg,Cardiovascular,Oral,Tablet,Bottle,SUP-8569,Apex Health Supplies,India,PO-87101,1394,42.06,1.58,0.05,63765.74,60.88,66.97,0,1252,76221.76,23562.64,In-Store Pharmacy,Credit Card,142,50,20,0,2025-05-14,2025-06-11,2026-12-07,572,Room Temperature (15-25°C),15.0,25.0,1,1,Non-Controlled,1,INS-108,Cold Vault-1,Aisle-20-R3,BIN-914,Keep Refrigerated,0,None,0.0,N/A,N/A
BAT-2026-11025,SKU-831295,864-6549-24,Atorvastatin 20mg,Cardiovascular,Oral,Tablet,Strip,SUP-8569,Apex Health Supplies,UK,PO-83265,1230,138.34,3.45,0.18,205030.18,185.48,204.03,20,744,137997.12,35072.16,In-Store Pharmacy,Insurance,486,100,40,0,2025-02-25,2025-03-30,2026-09-02,554,Room Temperature (15-25°C),15.0,25.0,1,1,Schedule II,1,INS-102,Hazmat Vault,Aisle-15-R5,BIN-783,Keep Refrigerated,0,None,0.0,N/A,N/A
BAT-2026-97538,SKU-232413,579-2233-28,Metformin 800mg,Antidiabetic,Oral,Tablet,Bottle,SUP-5813,Nexus BioPharma,Switzerland,PO-78019,1195,28.12,1.99,0.05,37661.62,43.46,47.81,5,688,29900.48,10553.92,Hospital Outpatient,Insurance,507,200,40,0,2024-12-15,2025-03-09,2026-10-02,656,Room Temperature (15-25°C),15.0,25.0,0,1,Schedule IV,1,INS-108,Hazmat Vault,Aisle-13-R4,BIN-977,Fragile Glass,0,None,0.0,N/A,N/A
BAT-2026-82692,SKU-768854,872-4696-96,Metformin 800mg,Antidiabetic,Oral,Tablet,Bottle,SUP-7152,GlobalMed Logistics,USA,PO-61744,1824,130.7,5.03,0.18,290482.94,210.66,231.73,20,1393,293449.38,111384.28,Emergency ICU,Credit Card,431,200,20,0,2025-03-06,2025-06-27,2025-10-13,221,Room Temperature (15-25°C),15.0,25.0,0,1,Non-Controlled,1,INS-104,Zone-A,Aisle-4-R5,BIN-354,Standard Handling,431,Expired,56331.7,Incineration,Approved
BAT-2026-49240,SKU-889359,841-7511-81,Insulin Glargine 100IU/ml,Antidiabetic,Injectable,Vial,Carton Box,SUP-5813,Nexus BioPharma,USA,PO-44562,1144,33.48,1.47,0.0,39982.8,46.16,50.78,5,1041,48052.56,13199.88,Hospital Outpatient,Cash,103,50,40,0,2025-04-09,2025-06-18,2026-10-15,554,Cold Chain (2-8°C),2.0,8.0,0,1,Non-Controlled,1,INS-102,Cold Vault-1,Aisle-3-R3,BIN-179,Fragile Glass,0,None,0.0,N/A,N/A
BAT-2026-96951,SKU-614723,474-2479-60,Lisinopril 10mg,Cardiovascular,Oral,Tablet,Bottle,SUP-9028,PharmaDist Inc,Switzerland,PO-86585,1738,186.68,9.21,0.12,379390.8,236.17,259.79,20,1198,282931.66,59289.02,In-Store Pharmacy,Cash,540,50,40,0,2025-08-09,2025-09-20,2027-02-15,555,Room Temperature (15-25°C),15.0,25.0,0,1,Non-Controlled,0,INS-109,Hazmat Vault,Aisle-8-R3,BIN-731,Keep Refrigerated,0,None,0.0,N/A,N/A
BAT-2026-23577,SKU-207570,114-5332-78,Paracetamol 650mg,Analgesic,Oral,Tablet,Strip,SUP-5813,Nexus BioPharma,USA,PO-75382,221,56.26,3.36,0.05,13797.69,85.5,94.05,10,142,12141.0,4152.08,Online Fulfillment,Insurance,79,50,20,0,2025-07-12,2025-10-13,2026-07-06,359,Room Temperature (15-25°C),15.0,25.0,1,1,Non-Controlled,1,INS-110,Zone-B,Aisle-5-R2,BIN-209,Protect from Light,79,Expired,4444.54,Incineration,Approved
BAT-2026-27601,SKU-112861,226-8451-57,Ibuprofen 400mg,Analgesic,Oral,Tablet,Strip,SUP-5813,Nexus BioPharma,UK,PO-93422,566,131.61,3.35,0.05,80111.92,195.06,214.57,10,518,101041.08,32867.1,In-Store Pharmacy,Cash,48,50,40,0,2024-12-06,2025-03-13,2025-08-11,248,Room Temperature (15-25°C),15.0,25.0,1,1,Non-Controlled,1,INS-104,Zone-B,Aisle-16-R2,BIN-100,Fragile Glass,48,Expired,6317.28,Incineration,Approved
BAT-2026-44664,SKU-701949,788-5295-84,Lisinopril 10mg,Cardiovascular,Oral,Tablet,Bottle,SUP-9028,PharmaDist Inc,India,PO-65498,1338,51.58,2.72,0.0,72653.4,69.85,76.83,15,698,48755.3,12752.46,Emergency ICU,Cash,640,100,40,0,2025-08-29,2025-09-26,2026-09-22,389,Room Temperature (15-25°C),15.0,25.0,1,1,Non-Controlled,1,INS-110,Cold Vault-1,Aisle-13-R1,BIN-973,Fragile Glass,0,None,0.0,N/A,N/A
BAT-2026-25129,SKU-398151,490-7086-23,Heparin 5000IU/ml,Anticoagulant,Injectable,Vial,Vial Pack,SUP-5813,Nexus BioPharma,Germany,PO-67682,430,75.63,2.35,0.18,39385.16,100.31,110.34,15,224,22469.44,5528.32,Emergency ICU,Credit Card,206,50,80,0,2025-06-09,2025-08-19,2026-04-26,321,Cold Chain (2-8°C),2.0,8.0,1,0,Non-Controlled,1,INS-108,Hazmat Vault,Aisle-12-R1,BIN-131,Fragile Glass,206,Expired,15579.78,Incineration,Approved
BAT-2026-24029,SKU-592198,791-4830-70,Propofol 10mg/ml,Anesthetic,Injectable,Ampoule,Ampoule Box,SUP-8569,Apex Health Supplies,India,PO-74165,1582,180.95,13.23,0.05,321505.9,229.12,252.03,20,753,172527.36,36272.01,Emergency ICU,Cash,829,100,40,0,2025-07-31,2025-11-14,2027-01-04,522,Cold Chain (2-8°C),2.0,8.0,0,1,Non-Controlled,1,INS-105,Cold Vault-2,Aisle-16-R5,BIN-734,Protect from Light,270,Temperature Breach,48856.5,Hazardous Bio-Waste,Approved
BAT-2026-82512,SKU-601968,125-6374-88,Paracetamol 650mg,Analgesic,Oral,Tablet,Strip,SUP-7152,GlobalMed Logistics,Germany,PO-64646,187,34.77,1.47,0.18,7947.24,47.21,51.93,15,156,7364.76,1940.64,In-Store Pharmacy,Government Health Aid,31,200,20,0,2025-02-22,2025-04-11,2026-04-22,424,Room Temperature (15-25°C),15.0,25.0,1,1,Non-Controlled,1,INS-110,Zone-A,Aisle-4-R5,BIN-151,Fragile Glass,31,Expired,1077.87,Incineration,Approved
BAT-2026-30374,SKU-561865,326-2035-91,Albuterol Inhaler,Respiratory,Inhalation,Inhaler,Canister Box,SUP-0769,BioCare Distribution,Switzerland,PO-31344,1496,80.48,3.76,0.05,132042.94,100.61,110.67,5,542,54530.62,10910.46,In-Store Pharmacy,Insurance,954,100,80,0,2025-04-20,2025-05-18,2026-02-10,296,Room Temperature (15-25°C),15.0,25.0,0,1,Non-Controlled,1,INS-101,Cold Vault-1,Aisle-3-R3,BIN-977,Fragile Glass,954,Expired,76777.92,Incineration,Approved
BAT-2026-45697,SKU-457256,943-8606-99,Ceftriaxone 1g,Antibiotic,Injectable,Vial,Vial Pack,SUP-7152,GlobalMed Logistics,USA,PO-28919,1223,62.49,2.24,0.12,88335.82,82.54,90.79,5,1001,82622.54,20070.05,Hospital Outpatient,Credit Card,222,50,80,0,2025-02-19,2025-03-10,2026-12-20,669,Cold Chain (2-8°C),2.0,8.0,0,1,Non-Controlled,1,INS-110,Hazmat Vault,Aisle-17-R5,BIN-111,Standard Handling,0,None,0.0,N/A,N/A
BAT-2026-46930,SKU-293319,409-7689-24,Amoxicillin 500mg,Antibiotic,Oral,Capsule,Blister Pack,SUP-5813,Nexus BioPharma,Germany,PO-76294,971,140.49,6.73,0.0,142950.62,238.63,262.49,5,721,172052.23,70758.94,In-Store Pharmacy,Cash,250,200,40,0,2025-09-10,2025-10-04,2026-10-09,394,Room Temperature (15-25°C),15.0,25.0,0,1,Non-Controlled,1,INS-107,Cold Vault-1,Aisle-19-R5,BIN-380,Fragile Glass,0,None,0.0,N/A,N/A
BAT-2026-89276,SKU-153872,243-1742-14,Amoxicillin 500mg,Antibiotic,Oral,Capsule,Blister Pack,SUP-8569,Apex Health Supplies,UK,PO-26662,1787,48.36,1.62,0.18,104869.74,77.42,85.16,0,906,70142.52,26328.36,Hospital Outpatient,Credit Card,881,200,20,0,2025-11-06,2025-11-30,2026-12-21,410,Room Temperature (15-25°C),15.0,25.0,0,1,Non-Controlled,1,INS-102,Zone-A,Aisle-17-R4,BIN-100,Protect from Light,0,None,0.0,N/A,N/A
BAT-2026-37607,SKU-364742,411-9071-24,Paracetamol 650mg,Analgesic,Oral,Tablet,Strip,SUP-0769,BioCare Distribution,UK,PO-73539,230,131.79,4.76,0.0,31406.5,185.68,204.25,0,153,28409.04,8245.17,Online Fulfillment,Cash,77,50,40,0,2025-03-30,2025-06-26,2026-08-20,508,Room Temperature (15-25°C),15.0,25.0,1,0,Schedule II,1,INS-112,Cold Vault-1,Aisle-18-R2,BIN-410,Protect from Light,77,Expired,10147.83,Incineration,Pending Audit
BAT-2026-54942,SKU-600935,199-4846-78,Metformin 800mg,Antidiabetic,Oral,Tablet,Bottle,SUP-7152,GlobalMed Logistics,India,PO-69993,1785,141.33,3.35,0.0,258253.8,201.79,221.97,5,1190,240130.1,71947.4,In-Store Pharmacy,Insurance,595,200,40,0,2025-07-25,2025-11-10,2027-01-17,541,Room Temperature (15-25°C),15.0,25.0,0,1,Schedule IV,1,INS-108,Hazmat Vault,Aisle-10-R3,BIN-555,Fragile Glass,0,None,0.0,N/A,N/A
BAT-2026-36685,SKU-219629,238-7367-68,Metformin 800mg,Antidiabetic,Oral,Tablet,Bottle,SUP-8569,Apex Health Supplies,India,PO-26958,1432,2.22,0.14,0.18,3951.75,3.36,3.7,10,1256,4220.16,1431.84,In-Store Pharmacy,Insurance,176,50,20,0,2024-12-16,2025-02-01,2026-03-14,453,Room Temperature (15-25°C),15.0,25.0,0,1,Non-Controlled,0,INS-111,Zone-A,Aisle-5-R4,BIN-490,Standard Handling,176,Expired,390.72,Incineration,Approved
BAT-2026-93130,SKU-962050,479-9850-63,Propofol 10mg/ml,Anesthetic,Injectable,Ampoule,Ampoule Box,SUP-7152,GlobalMed Logistics,India,PO-77264,869,96.41,5.79,0.18,103892.25,142.97,157.27,20,380,54328.6,17692.8,Online Fulfillment,Government Health Aid,489,200,80,0,2025-06-27,2025-10-19,2027-05-23,695,Cold Chain (2-8°C),2.0,8.0,0,1,Non-Controlled,1,INS-104,Cold Vault-2,Aisle-7-R3,BIN-846,Fragile Glass,66,Damaged/Spillage,6363.06,Incineration,Approved
BAT-2026-44600,SKU-168517,701-3531-63,Albuterol Inhaler,Respiratory,Inhalation,Inhaler,Canister Box,SUP-7152,GlobalMed Logistics,Germany,PO-79355,443,28.27,0.71,0.05,13464.32,44.71,49.18,15,164,7332.44,2696.16,Emergency ICU,Government Health Aid,279,50,20,0,2025-04-04,2025-06-15,2026-12-08,613,Room Temperature (15-25°C),15.0,25.0,0,1,Non-Controlled,1,INS-110,Cold Vault-2,Aisle-14-R4,BIN-681,Standard Handling,0,None,0.0,N/A,N/A
BAT-2026-76244,SKU-520172,770-2622-72,Amoxicillin 500mg,Antibiotic,Oral,Capsule,Blister Pack,SUP-8569,Apex Health Supplies,Germany,PO-25474,1615,46.79,1.9,0.18,92236.2,59.93,65.92,20,892,53457.56,11720.88,In-Store Pharmacy,Insurance,723,100,40,0,2025-03-21,2025-04-07,2026-06-27,463,Room Temperature (15-25°C),15.0,25.0,1,1,Non-Controlled,0,INS-111,Cold Vault-2,Aisle-14-R4,BIN-263,Standard Handling,723,Expired,33829.17,Incineration,Approved
BAT-2026-74032,SKU-615633,730-7686-45,Propofol 10mg/ml,Anesthetic,Injectable,Ampoule,Ampoule Box,SUP-8569,Apex Health Supplies,USA,PO-37871,1537,136.64,7.17,0.0,221035.97,176.34,193.97,10,659,116208.06,26162.3,In-Store Pharmacy,Government Health Aid,878,100,20,0,2025-08-23,2025-11-09,2026-04-15,235,Cold Chain (2-8°C),2.0,8.0,0,1,Non-Controlled,1,INS-110,Zone-B,Aisle-3-R4,BIN-199,Standard Handling,878,Expired,119969.92,Incineration,Approved
BAT-2026-42914,SKU-177680,133-7070-37,Metformin 800mg,Antidiabetic,Oral,Tablet,Bottle,SUP-9028,PharmaDist Inc,Germany,PO-69694,905,3.84,0.3,0.0,3746.7,5.29,5.82,10,506,2676.74,733.7,Hospital Outpatient,Insurance,399,50,80,0,2025-09-07,2025-10-11,2026-05-09,244,Room Temperature (15-25°C),15.0,25.0,1,1,Non-Controlled,1,INS-108,Cold Vault-2,Aisle-1-R4,BIN-154,Fragile Glass,399,Expired,1532.16,Incineration,Approved
BAT-2026-16658,SKU-705050,554-8285-40,Lisinopril 10mg,Cardiovascular,Oral,Tablet,Bottle,SUP-5813,Nexus BioPharma,USA,PO-72043,485,139.73,7.74,0.18,83721.38,226.84,249.52,20,330,74857.2,28746.3,In-Store Pharmacy,Cash,155,50,20,0,2024-12-03,2025-03-11,2026-06-17,561,Room Temperature (15-25°C),15.0,25.0,1,1,Non-Controlled,1,INS-101,Zone-B,Aisle-4-R3,BIN-476,Keep Refrigerated,155,Expired,21658.15,Incineration,Pending Audit
BAT-2026-22097,SKU-760021,975-6942-22,Ibuprofen 400mg,Analgesic,Oral,Tablet,Strip,SUP-8569,Apex Health Supplies,UK,PO-14273,1315,163.79,8.72,0.18,265619.74,272.18,299.4,20,634,172562.12,68719.26,Hospital Outpatient,Cash,681,50,40,0,2025-03-22,2025-06-26,2026-09-06,533,Room Temperature (15-25°C),15.0,25.0,0,1,Non-Controlled,1,INS-105,Zone-B,Aisle-18-R4,BIN-320,Keep Refrigerated,0,None,0.0,N/A,N/A
BAT-2026-93136,SKU-819796,802-7018-79,Lisinopril 10mg,Cardiovascular,Oral,Tablet,Bottle,SUP-5813,Nexus BioPharma,Germany,PO-30557,1055,197.65,13.92,0.05,233632.39,278.02,305.82,5,856,237985.12,68796.72,Hospital Outpatient,Government Health Aid,199,200,80,0,2025-11-06,2025-11-21,2027-08-11,643,Room Temperature (15-25°C),15.0,25.0,0,1,Non-Controlled,0,INS-107,Cold Vault-2,Aisle-20-R4,BIN-761,Fragile Glass,0,None,0.0,N/A,N/A
BAT-2026-65518,SKU-156213,760-6876-17,Propofol 10mg/ml,Anesthetic,Injectable,Ampoule,Ampoule Box,SUP-5813,Nexus BioPharma,India,PO-83272,376,85.62,5.92,0.05,36028.7,144.14,158.55,5,151,21765.14,8836.52,Hospital Outpatient,Credit Card,225,50,20,0,2025-01-22,2025-02-10,2026-11-30,677,Cold Chain (2-8°C),2.0,8.0,1,1,Non-Controlled,1,INS-110,Zone-B,Aisle-10-R4,BIN-295,Keep Refrigerated,161,Temperature Breach,13784.82,Hazardous Bio-Waste,Approved
BAT-2026-46265,SKU-259097,507-5520-34,Ceftriaxone 1g,Antibiotic,Injectable,Vial,Vial Pack,SUP-7152,GlobalMed Logistics,Switzerland,PO-58409,1284,28.17,1.27,0.05,39609.47,38.72,42.59,15,742,28730.24,7828.1,Hospital Outpatient,Cash,542,50,80,0,2025-03-18,2025-06-26,2027-02-09,693,Cold Chain (2-8°C),2.0,8.0,0,1,Non-Controlled,1,INS-105,Cold Vault-2,Aisle-10-R1,BIN-533,Protect from Light,366,Recall,10310.22,N/A,Approved
BAT-2026-15778,SKU-256445,225-8450-21,Metformin 800mg,Antidiabetic,Oral,Tablet,Bottle,SUP-8569,Apex Health Supplies,Switzerland,PO-25566,559,16.02,0.84,0.0,9424.74,24.4,26.84,10,488,11907.2,4089.44,In-Store Pharmacy,Cash,71,50,40,0,2024-11-06,2025-01-09,2026-10-26,719,Room Temperature (15-25°C),15.0,25.0,0,1,Non-Controlled,1,INS-108,Cold Vault-1,Aisle-17-R1,BIN-859,Protect from Light,0,None,0.0,N/A,N/A
BAT-2026-10464,SKU-950544,778-4475-92,Omeprazole 20mg,Gastrointestinal,Oral,Capsule,Bottle,SUP-8569,Apex Health Supplies,UK,PO-88852,1437,77.85,5.61,0.18,140068.7,104.13,114.54,20,1104,114959.52,29013.12,Emergency ICU,Cash,333,50,20,0,2025-06-29,2025-08-17,2026-04-30,305,Room Temperature (15-25°C),15.0,25.0,0,1,Non-Controlled,1,INS-111,Cold Vault-1,Aisle-7-R1,BIN-997,Standard Handling,333,Expired,25924.05,Incineration,Approved
BAT-2026-53719,SKU-690180,754-1349-16,Albuterol Inhaler,Respiratory,Inhalation,Inhaler,Canister Box,SUP-7152,GlobalMed Logistics,Switzerland,PO-63558,121,146.69,7.11,0.12,20739.74,244.73,269.2,10,92,22515.16,9019.68,Online Fulfillment,Government Health Aid,29,100,40,0,2025-05-18,2025-06-21,2027-03-10,661,Room Temperature (15-25°C),15.0,25.0,1,1,Non-Controlled,1,INS-103,Cold Vault-1,Aisle-10-R5,BIN-481,Fragile Glass,8,Packaging Defect,1173.52,N/A,Pending Audit
BAT-2026-27146,SKU-418594,905-6464-41,Atorvastatin 20mg,Cardiovascular,Oral,Tablet,Strip,SUP-9028,PharmaDist Inc,UK,PO-24461,352,22.28,1.62,0.18,9824.46,33.61,36.97,10,282,9478.02,3195.06,Hospital Outpatient,Insurance,70,50,40,0,2025-05-10,2025-08-22,2027-05-04,724,Room Temperature (15-25°C),15.0,25.0,0,1,Non-Controlled,1,INS-106,Hazmat Vault,Aisle-19-R5,BIN-177,Fragile Glass,0,None,0.0,N/A,N/A
BAT-2026-93507,SKU-189318,228-4362-18,Sertraline 50mg,Psychiatric,Oral,Tablet,Blister Pack,SUP-7152,GlobalMed Logistics,USA,PO-25842,847,64.04,3.11,0.18,66639.59,87.57,96.33,10,379,33189.03,8917.87,In-Store Pharmacy,Government Health Aid,468,200,40,0,2025-06-30,2025-08-26,2027-06-25,725,Room Temperature (15-25°C),15.0,25.0,1,1,Non-Controlled,1,INS-109,Zone-B,Aisle-6-R3,BIN-386,Protect from Light,0,None,0.0,N/A,N/A
BAT-2026-44335,SKU-360247,949-4394-85,Lorazepam 1mg,Psychiatric,Oral,Tablet,Bottle,SUP-5813,Nexus BioPharma,Germany,PO-58442,956,176.44,4.36,0.05,181278.63,252.88,278.17,0,784,198257.92,59928.96,In-Store Pharmacy,Government Health Aid,172,200,20,0,2025-05-05,2025-07-09,2026-08-27,479,Room Temperature (15-25°C),15.0,25.0,0,1,Non-Controlled,1,INS-108,Hazmat Vault,Aisle-2-R5,BIN-527,Standard Handling,172,Expired,30347.68,Incineration,Approved
BAT-2026-31178,SKU-224205,321-4817-52,Amoxicillin 500mg,Antibiotic,Oral,Capsule,Blister Pack,SUP-8569,Apex Health Supplies,India,PO-84942,1684,29.15,2.16,0.12,58616.67,37.83,41.61,20,1251,47325.33,10858.68,Hospital Outpatient,Government Health Aid,433,50,20,0,2025-04-17,2025-07-14,2027-01-19,642,Room Temperature (15-25°C),15.0,25.0,0,1,Non-Controlled,1,INS-109,Zone-B,Aisle-1-R1,BIN-769,Fragile Glass,157,Damaged/Spillage,4576.55,Incineration,Approved
BAT-2026-67912,SKU-685181,892-3417-86,Sertraline 50mg,Psychiatric,Oral,Tablet,Blister Pack,SUP-8569,Apex Health Supplies,UK,PO-47957,574,155.15,9.75,0.18,110682.7,198.99,218.89,20,389,77407.11,17053.76,Online Fulfillment,Insurance,185,50,20,0,2025-02-18,2025-03-05,2026-08-28,556,Room Temperature (15-25°C),15.0,25.0,0,1,Non-Controlled,1,INS-105,Zone-B,Aisle-10-R4,BIN-122,Protect from Light,185,Expired,28702.75,Incineration,Approved
BAT-2026-82309,SKU-901577,102-5542-28,Sertraline 50mg,Psychiatric,Oral,Tablet,Blister Pack,SUP-9028,PharmaDist Inc,Switzerland,PO-15279,1182,151.13,7.58,0.12,209031.5,208.92,229.81,5,1025,214143.0,59234.75,Emergency ICU,Cash,157,50,20,0,2025-04-03,2025-06-22,2025-12-06,247,Room Temperature (15-25°C),15.0,25.0,0,1,Schedule IV,1,INS-111,Zone-A,Aisle-7-R3,BIN-404,Standard Handling,157,Expired,23727.41,Incineration,Approved
BAT-2026-66057,SKU-536390,233-9850-42,Insulin Glargine 100IU/ml,Antidiabetic,Injectable,Vial,Carton Box,SUP-7152,GlobalMed Logistics,USA,PO-78521,610,28.36,2.1,0.12,20656.55,47.54,52.29,0,420,19966.8,8055.6,In-Store Pharmacy,Insurance,190,200,80,0,2025-01-06,2025-04-21,2026-01-13,372,Cold Chain (2-8°C),2.0,8.0,1,0,Schedule IV,1,INS-105,Cold Vault-2,Aisle-18-R1,BIN-888,Protect from Light,190,Expired,5388.4,Incineration,Approved
BAT-2026-83519,SKU-735770,917-3858-24,Lisinopril 10mg,Cardiovascular,Oral,Tablet,Bottle,SUP-7152,GlobalMed Logistics,UK,PO-30093,1805,198.6,13.51,0.18,447383.69,320.01,352.01,5,940,300809.4,114125.4,Online Fulfillment,Cash,865,200,40,0,2025-06-12,2025-10-03,2027-03-22,648,Room Temperature (15-25°C),15.0,25.0,1,0,Non-Controlled,1,INS-105,Hazmat Vault,Aisle-14-R5,BIN-135,Fragile Glass,21,Packaging Defect,4170.6,N/A,Approved
BAT-2026-11267,SKU-725084,776-1422-26,Ceftriaxone 1g,Antibiotic,Injectable,Vial,Vial Pack,SUP-5813,Nexus BioPharma,USA,PO-25432,1599,30.28,1.84,0.05,53780.77,50.89,55.98,20,1225,62340.25,25247.25,Emergency ICU,Government Health Aid,374,100,40,0,2025-04-30,2025-07-16,2026-01-24,269,Cold Chain (2-8°C),2.0,8.0,0,1,Non-Controlled,1,INS-109,Cold Vault-2,Aisle-17-R2,BIN-222,Standard Handling,374,Expired,11324.72,Incineration,Pending Audit
BAT-2026-24663,SKU-929151,115-6869-40,Azithromycin 250mg,Antibiotic,Oral,Tablet,Blister Pack,SUP-8569,Apex Health Supplies,USA,PO-58688,799,107.04,6.12,0.05,94691.09,176.0,193.6,20,542,95392.0,37376.32,Emergency ICU,Insurance,257,200,40,0,2025-07-03,2025-09-17,2026-03-22,262,Room Temperature (15-25°C),15.0,25.0,1,1,Non-Controlled,1,INS-104,Cold Vault-2,Aisle-17-R3,BIN-409,Standard Handling,257,Expired,27509.28,Incineration,Approved
BAT-2026-19862,SKU-748458,702-6304-12,Atorvastatin 20mg,Cardiovascular,Oral,Tablet,Strip,SUP-0769,BioCare Distribution,USA,PO-49967,1075,3.68,0.1,0.18,4775.58,5.95,6.55,0,424,2522.8,962.48,In-Store Pharmacy,Insurance,651,50,80,0,2025-07-05,2025-09-13,2027-02-05,580,Room Temperature (15-25°C),15.0,25.0,1,1,Non-Controlled,1,INS-106,Cold Vault-2,Aisle-2-R2,BIN-245,Keep Refrigerated,0,None,0.0,N/A,N/A
BAT-2026-29536,SKU-336650,278-5347-16,Insulin Glargine 100IU/ml,Antidiabetic,Injectable,Vial,Carton Box,SUP-0769,BioCare Distribution,Germany,PO-59081,1906,130.7,8.55,0.12,295304.2,197.19,216.91,15,727,143357.13,48338.23,Emergency ICU,Insurance,1179,50,20,0,2025-05-10,2025-07-15,2026-05-08,363,Cold Chain (2-8°C),2.0,8.0,1,0,Non-Controlled,1,INS-105,Cold Vault-2,Aisle-4-R4,BIN-369,Fragile Glass,1179,Expired,154095.3,Incineration,Approved
BAT-2026-81511,SKU-913373,229-7897-77,Metformin 800mg,Antidiabetic,Oral,Tablet,Bottle,SUP-7152,GlobalMed Logistics,India,PO-49748,289,89.14,2.71,0.12,29636.03,139.27,153.2,10,228,31753.56,11429.64,Online Fulfillment,Insurance,61,50,20,0,2025-06-19,2025-10-05,2026-10-07,475,Room Temperature (15-25°C),15.0,25.0,1,0,Non-Controlled,1,INS-111,Hazmat Vault,Aisle-6-R2,BIN-567,Keep Refrigerated,37,Contamination,3298.18,Incineration,Approved
BAT-2026-14722,SKU-647957,216-2041-70,Sertraline 50mg,Psychiatric,Oral,Tablet,Blister Pack,SUP-5813,Nexus BioPharma,Germany,PO-48532,1057,145.04,11.47,0.05,173096.43,244.35,268.79,5,579,141478.65,57500.49,Emergency ICU,Cash,478,100,20,0,2025-08-03,2025-11-25,2026-04-18,258,Room Temperature (15-25°C),15.0,25.0,1,1,Schedule IV,1,INS-109,Zone-A,Aisle-11-R1,BIN-919,Fragile Glass,478,Expired,69329.12,Incineration,Approved
BAT-2026-58393,SKU-498855,559-6931-75,Azithromycin 250mg,Antibiotic,Oral,Tablet,Blister Pack,SUP-5813,Nexus BioPharma,USA,PO-73691,786,126.36,9.9,0.05,112066.31,189.97,208.97,5,641,121770.77,40774.01,Online Fulfillment,Government Health Aid,145,200,20,0,2024-09-22,2025-01-18,2025-07-10,291,Room Temperature (15-25°C),15.0,25.0,0,1,Non-Controlled,1,INS-109,Cold Vault-2,Aisle-7-R4,BIN-309,Keep Refrigerated,145,Expired,18322.2,Incineration,Approved
BAT-2026-86350,SKU-572398,707-2786-67,Paracetamol 650mg,Analgesic,Oral,Tablet,Strip,SUP-0769,BioCare Distribution,Switzerland,PO-13667,1057,31.97,2.19,0.05,37796.73,51.04,56.14,5,620,31644.8,11823.4,Online Fulfillment,Insurance,437,100,40,0,2024-10-27,2025-02-19,2025-10-10,348,Room Temperature (15-25°C),15.0,25.0,0,0,Non-Controlled,1,INS-105,Hazmat Vault,Aisle-7-R5,BIN-223,Standard Handling,437,Expired,13970.89,Incineration,Approved
BAT-2026-82420,SKU-564226,615-4629-88,Paracetamol 650mg,Analgesic,Oral,Tablet,Strip,SUP-8569,Apex Health Supplies,Germany,PO-28726,662,83.52,2.3,0.12,63447.67,132.87,146.16,0,559,74274.33,27586.65,Emergency ICU,Government Health Aid,103,50,40,0,2025-02-19,2025-03-14,2026-05-27,462,Room Temperature (15-25°C),15.0,25.0,1,0,Schedule IV,1,INS-111,Zone-B,Aisle-20-R1,BIN-751,Standard Handling,103,Expired,8602.56,Incineration,Approved
BAT-2026-29410,SKU-411797,144-9543-48,Ceftriaxone 1g,Antibiotic,Injectable,Vial,Vial Pack,SUP-9028,PharmaDist Inc,India,PO-28630,1999,137.94,6.26,0.12,321344.85,232.09,255.3,10,1690,392232.1,159113.5,Online Fulfillment,Cash,309,100,20,0,2025-07-19,2025-10-11,2026-05-09,294,Cold Chain (2-8°C),2.0,8.0,1,1,Non-Controlled,1,INS-108,Zone-B,Aisle-2-R4,BIN-862,Fragile Glass,309,Expired,42623.46,Incineration,Approved
BAT-2026-66333,SKU-717113,569-1510-17,Paracetamol 650mg,Analgesic,Oral,Tablet,Strip,SUP-0769,BioCare Distribution,India,PO-87283,1690,172.27,13.66,0.05,328778.52,250.91,276.0,5,809,202986.19,63619.76,Hospital Outpatient,Credit Card,881,100,40,0,2025-07-07,2025-08-19,2026-06-03,331,Room Temperature (15-25°C),15.0,25.0,0,1,Non-Controlled,1,INS-102,Zone-A,Aisle-7-R1,BIN-798,Protect from Light,881,Expired,151769.87,Incineration,Approved
BAT-2026-26704,SKU-549660,590-7580-64,Azithromycin 250mg,Antibiotic,Oral,Tablet,Blister Pack,SUP-9028,PharmaDist Inc,UK,PO-65280,1367,19.16,0.88,0.05,28704.27,27.92,30.71,15,987,27557.04,8646.12,Online Fulfillment,Cash,380,100,80,0,2025-02-13,2025-02-28,2027-01-02,688,Room Temperature (15-25°C),15.0,25.0,1,1,Non-Controlled,1,INS-103,Cold Vault-1,Aisle-10-R1,BIN-911,Standard Handling,0,None,0.0,N/A,N/A
BAT-2026-15482,SKU-420214,802-2768-72,Lorazepam 1mg,Psychiatric,Oral,Tablet,Bottle,SUP-0769,BioCare Distribution,Germany,PO-16376,931,21.89,1.75,0.12,24454.39,33.14,36.45,15,645,21375.3,7256.25,Emergency ICU,Credit Card,286,50,40,0,2025-04-03,2025-06-06,2026-03-03,334,Room Temperature (15-25°C),15.0,25.0,0,1,Non-Controlled,1,INS-108,Hazmat Vault,Aisle-8-R3,BIN-131,Keep Refrigerated,286,Expired,6260.54,Incineration,Approved
BAT-2026-50404,SKU-696251,829-8267-19,Azithromycin 250mg,Antibiotic,Oral,Tablet,Blister Pack,SUP-8569,Apex Health Supplies,UK,PO-49998,1628,150.98,8.7,0.0,259959.04,190.58,209.64,20,580,110536.4,22968.0,Hospital Outpatient,Government Health Aid,1048,50,40,0,2024-11-13,2025-02-24,2025-12-07,389,Room Temperature (15-25°C),15.0,25.0,0,1,Non-Controlled,1,INS-101,Zone-A,Aisle-6-R4,BIN-587,Protect from Light,1048,Expired,158227.04,Incineration,Approved
BAT-2026-57795,SKU-751194,182-6277-87,Albuterol Inhaler,Respiratory,Inhalation,Inhaler,Canister Box,SUP-5813,Nexus BioPharma,India,PO-47156,1254,118.74,8.32,0.12,177201.24,154.64,170.1,10,994,153712.16,35684.6,Emergency ICU,Insurance,260,50,80,0,2025-02-23,2025-06-22,2027-02-06,713,Room Temperature (15-25°C),15.0,25.0,0,1,Non-Controlled,1,INS-106,Hazmat Vault,Aisle-8-R3,BIN-278,Standard Handling,0,None,0.0,N/A,N/A
BAT-2026-15229,SKU-163156,251-2076-26,Atorvastatin 20mg,Cardiovascular,Oral,Tablet,Strip,SUP-8569,Apex Health Supplies,India,PO-38256,1608,78.04,2.77,0.18,152530.38,99.92,109.91,20,913,91226.96,19976.44,Hospital Outpatient,Credit Card,695,200,20,0,2025-03-25,2025-07-17,2025-10-14,203,Room Temperature (15-25°C),15.0,25.0,0,0,Non-Controlled,1,INS-109,Hazmat Vault,Aisle-13-R1,BIN-114,Protect from Light,695,Expired,54237.8,Incineration,Approved
BAT-2026-56898,SKU-739244,381-9984-51,Sertraline 50mg,Psychiatric,Oral,Tablet,Blister Pack,SUP-0769,BioCare Distribution,Germany,PO-33996,1942,192.72,14.39,0.18,469574.82,295.85,325.44,20,1017,300879.45,104883.21,Hospital Outpatient,Government Health Aid,925,200,80,0,2025-07-07,2025-09-21,2026-10-30,480,Room Temperature (15-25°C),15.0,25.0,1,1,Non-Controlled,1,INS-108,Cold Vault-1,Aisle-5-R2,BIN-215,Fragile Glass,603,Contamination,116210.16,Incineration,Approved
BAT-2026-37535,SKU-876039,490-9692-47,Amoxicillin 500mg,Antibiotic,Oral,Capsule,Blister Pack,SUP-9028,PharmaDist Inc,UK,PO-74067,746,64.27,4.81,0.12,57287.13,109.09,120.0,10,278,30327.02,12459.96,Online Fulfillment,Cash,468,100,40,0,2025-06-10,2025-07-10,2027-02-06,606,Room Temperature (15-25°C),15.0,25.0,0,1,Non-Controlled,1,INS-108,Hazmat Vault,Aisle-20-R2,BIN-188,Protect from Light,194,Recall,12468.38,N/A,Approved
BAT-2026-99399,SKU-204053,564-9282-87,Lisinopril 10mg,Cardiovascular,Oral,Tablet,Bottle,SUP-9028,PharmaDist Inc,India,PO-10273,120,29.69,0.71,0.18,4289.3,46.16,50.78,20,78,3600.48,1284.66,Online Fulfillment,Government Health Aid,42,200,20,0,2024-11-17,2025-02-12,2025-09-28,315,Room Temperature (15-25°C),15.0,25.0,1,1,Non-Controlled,1,INS-103,Cold Vault-1,Aisle-20-R3,BIN-842,Standard Handling,42,Expired,1246.98,Incineration,Approved
BAT-2026-42706,SKU-899787,540-2624-99,Omeprazole 20mg,Gastrointestinal,Oral,Capsule,Bottle,SUP-5813,Nexus BioPharma,UK,PO-26033,940,56.84,2.46,0.0,55742.0,76.93,84.62,10,409,31464.37,8216.81,Hospital Outpatient,Cash,531,200,20,0,2025-05-08,2025-07-30,2027-03-04,665,Room Temperature (15-25°C),15.0,25.0,0,1,Non-Controlled,1,INS-103,Zone-B,Aisle-14-R5,BIN-340,Standard Handling,0,None,0.0,N/A,N/A
BAT-2026-97416,SKU-317881,217-4522-65,Propofol 10mg/ml,Anesthetic,Injectable,Ampoule,Ampoule Box,SUP-5813,Nexus BioPharma,UK,PO-81766,266,18.68,0.82,0.0,5187.0,26.0,28.6,15,169,4394.0,1237.08,Online Fulfillment,Credit Card,97,50,20,0,2025-07-08,2025-09-06,2026-12-25,535,Cold Chain (2-8°C),2.0,8.0,1,1,Non-Controlled,1,INS-102,Cold Vault-1,Aisle-10-R2,BIN-566,Protect from Light,13,Contamination,242.84,Incineration,Pending Audit
BAT-2026-23473,SKU-755900,562-4743-62,Paracetamol 650mg,Analgesic,Oral,Tablet,Strip,SUP-0769,BioCare Distribution,Germany,PO-55698,1397,111.57,4.41,0.0,162024.06,187.43,206.17,10,664,124453.52,50371.04,In-Store Pharmacy,Cash,733,50,40,0,2025-08-31,2025-10-27,2027-05-03,610,Room Temperature (15-25°C),15.0,25.0,1,1,Schedule IV,1,INS-107,Cold Vault-2,Aisle-9-R4,BIN-990,Standard Handling,0,None,0.0,N/A,N/A
BAT-2026-56357,SKU-321275,447-8430-61,Heparin 5000IU/ml,Anticoagulant,Injectable,Vial,Vial Pack,SUP-0769,BioCare Distribution,Germany,PO-18855,487,120.8,4.42,0.18,71571.47,179.08,196.99,5,184,32950.72,10723.52,Online Fulfillment,Cash,303,50,40,0,2025-03-16,2025-06-26,2026-12-10,634,Cold Chain (2-8°C),2.0,8.0,0,1,Non-Controlled,1,INS-111,Cold Vault-2,Aisle-1-R4,BIN-693,Fragile Glass,0,None,0.0,N/A,N/A
BAT-2026-83385,SKU-377501,525-2557-50,Ceftriaxone 1g,Antibiotic,Injectable,Vial,Vial Pack,SUP-8569,Apex Health Supplies,USA,PO-15856,700,122.3,5.81,0.05,93957.5,153.41,168.75,0,536,82227.76,16674.96,Emergency ICU,Cash,164,50,40,0,2024-12-01,2025-01-23,2025-06-20,201,Cold Chain (2-8°C),2.0,8.0,0,1,Non-Controlled,1,INS-105,Cold Vault-1,Aisle-14-R4,BIN-811,Protect from Light,164,Expired,20057.2,Incineration,Pending Audit
BAT-2026-63264,SKU-792509,537-6120-95,Paracetamol 650mg,Analgesic,Oral,Tablet,Strip,SUP-5813,Nexus BioPharma,Switzerland,PO-64732,415,156.24,11.31,0.0,69533.25,253.81,279.19,15,238,60406.78,23221.66,In-Store Pharmacy,Government Health Aid,177,200,20,0,2025-04-07,2025-06-12,2026-07-29,478,Room Temperature (15-25°C),15.0,25.0,1,1,Non-Controlled,1,INS-102,Zone-B,Aisle-9-R2,BIN-670,Keep Refrigerated,177,Expired,27654.48,Incineration,Approved
BAT-2026-91351,SKU-185131,361-7132-29,Propofol 10mg/ml,Anesthetic,Injectable,Ampoule,Ampoule Box,SUP-7152,GlobalMed Logistics,Germany,PO-73068,113,138.71,9.32,0.0,16727.39,188.88,207.77,0,68,12843.84,3411.56,Online Fulfillment,Credit Card,45,100,20,0,2025-02-07,2025-03-01,2026-02-15,373,Cold Chain (2-8°C),2.0,8.0,1,0,Non-Controlled,1,INS-108,Hazmat Vault,Aisle-16-R3,BIN-379,Standard Handling,45,Expired,6241.95,Incineration,Pending Audit
BAT-2026-30257,SKU-264686,803-8770-18,Atorvastatin 20mg,Cardiovascular,Oral,Tablet,Strip,SUP-0769,BioCare Distribution,UK,PO-85112,341,169.88,9.75,0.05,64150.28,219.46,241.41,15,235,51573.1,11651.3,Emergency ICU,Cash,106,50,40,0,2025-01-14,2025-04-19,2025-09-15,244,Room Temperature (15-25°C),15.0,25.0,1,1,Non-Controlled,1,INS-106,Zone-A,Aisle-20-R1,BIN-376,Keep Refrigerated,106,Expired,18007.28,Incineration,Approved
BAT-2026-41029,SKU-351516,193-2398-21,Lorazepam 1mg,Psychiatric,Oral,Tablet,Bottle,SUP-9028,PharmaDist Inc,Germany,PO-50593,876,132.36,6.8,0.12,135817.84,205.58,226.14,5,558,114713.64,40856.76,Hospital Outpatient,Insurance,318,200,40,0,2025-08-02,2025-11-07,2026-02-20,202,Room Temperature (15-25°C),15.0,25.0,0,0,Non-Controlled,1,INS-111,Zone-B,Aisle-13-R1,BIN-123,Fragile Glass,318,Expired,42090.48,Incineration,Approved
BAT-2026-31299,SKU-282256,542-2582-57,Ibuprofen 400mg,Analgesic,Oral,Tablet,Strip,SUP-8569,Apex Health Supplies,UK,PO-84155,1469,61.73,2.79,0.05,99313.95,99.97,109.97,0,700,69979.0,26768.0,Online Fulfillment,Insurance,769,100,40,0,2025-09-01,2025-09-27,2026-10-23,417,Room Temperature (15-25°C),15.0,25.0,1,1,Non-Controlled,1,INS-111,Hazmat Vault,Aisle-15-R2,BIN-819,Fragile Glass,0,None,0.0,N/A,N/A
BAT-2026-33206,SKU-678805,931-3131-81,Albuterol Inhaler,Respiratory,Inhalation,Inhaler,Canister Box,SUP-7152,GlobalMed Logistics,Switzerland,PO-69293,664,104.51,4.69,0.12,80836.16,134.21,147.63,5,342,45899.82,10157.4,Emergency ICU,Government Health Aid,322,50,40,0,2025-09-18,2025-11-18,2027-08-31,712,Room Temperature (15-25°C),15.0,25.0,0,1,Non-Controlled,1,INS-109,Cold Vault-2,Aisle-8-R1,BIN-676,Fragile Glass,0,None,0.0,N/A,N/A
BAT-2026-64040,SKU-178711,161-6400-95,Heparin 5000IU/ml,Anticoagulant,Injectable,Vial,Vial Pack,SUP-0769,BioCare Distribution,Germany,PO-54279,997,102.89,2.97,0.12,117852.18,171.74,188.91,5,573,98407.02,39451.05,Online Fulfillment,Insurance,424,50,80,0,2025-01-12,2025-04-05,2026-06-19,523,Cold Chain (2-8°C),2.0,8.0,0,0,Non-Controlled,1,INS-103,Cold Vault-1,Aisle-4-R1,BIN-591,Standard Handling,424,Expired,43625.36,Incineration,Pending Audit
BAT-2026-13248,SKU-264136,225-7730-55,Lorazepam 1mg,Psychiatric,Oral,Tablet,Bottle,SUP-0769,BioCare Distribution,USA,PO-59454,1463,150.07,8.3,0.05,242672.93,219.77,241.75,15,622,136696.94,43353.4,In-Store Pharmacy,Insurance,841,50,80,0,2025-09-10,2025-11-07,2027-05-04,601,Room Temperature (15-25°C),15.0,25.0,0,0,Non-Controlled,1,INS-104,Zone-A,Aisle-6-R4,BIN-164,Fragile Glass,0,None,0.0,N/A,N/A
BAT-2026-33509,SKU-102805,994-7929-16,Azithromycin 250mg,Antibiotic,Oral,Tablet,Blister Pack,SUP-0769,BioCare Distribution,USA,PO-72289,191,60.52,3.96,0.0,12315.68,85.28,93.81,20,75,6396.0,1857.0,Hospital Outpatient,Credit Card,116,50,20,0,2025-09-14,2025-10-09,2027-02-27,531,Room Temperature (15-25°C),15.0,25.0,0,1,Non-Controlled,1,INS-102,Hazmat Vault,Aisle-3-R2,BIN-848,Protect from Light,0,None,0.0,N/A,N/A
BAT-2026-53540,SKU-528361,394-6119-55,Albuterol Inhaler,Respiratory,Inhalation,Inhaler,Canister Box,SUP-8569,Apex Health Supplies,USA,PO-89391,1490,12.8,0.98,0.12,22820.84,21.15,23.27,5,1006,21276.9,8400.1,Hospital Outpatient,Government Health Aid,484,50,80,0,2025-03-08,2025-05-20,2026-08-04,514,Room Temperature (15-25°C),15.0,25.0,0,1,Non-Controlled,1,INS-104,Cold Vault-2,Aisle-18-R3,BIN-808,Keep Refrigerated,484,Expired,6195.2,Incineration,Approved
BAT-2026-63964,SKU-572387,206-9313-37,Metformin 800mg,Antidiabetic,Oral,Tablet,Bottle,SUP-8569,Apex Health Supplies,Germany,PO-27407,1055,179.79,13.57,0.05,213478.72,246.51,271.16,5,398,98110.98,26554.56,In-Store Pharmacy,Government Health Aid,657,100,40,0,2025-07-16,2025-11-05,2027-05-24,677,Room Temperature (15-25°C),15.0,25.0,0,1,Non-Controlled,1,INS-104,Zone-B,Aisle-6-R3,BIN-256,Keep Refrigerated,0,None,0.0,N/A,N/A
BAT-2026-97806,SKU-822858,258-8900-38,Lisinopril 10mg,Cardiovascular,Oral,Tablet,Bottle,SUP-9028,PharmaDist Inc,USA,PO-28156,1578,191.02,10.27,0.0,317635.62,320.19,352.21,15,911,291693.09,117673.87,In-Store Pharmacy,Cash,667,100,40,0,2025-06-28,2025-10-19,2027-06-20,722,Room Temperature (15-25°C),15.0,25.0,1,0,Non-Controlled,1,INS-105,Cold Vault-2,Aisle-13-R3,BIN-320,Keep Refrigerated,0,None,0.0,N/A,N/A
BAT-2026-42527,SKU-722656,967-2773-54,Paracetamol 650mg,Analgesic,Oral,Tablet,Strip,SUP-8569,Apex Health Supplies,Germany,PO-76160,1551,99.99,2.61,0.12,177742.74,155.72,171.29,10,618,96234.96,34441.14,In-Store Pharmacy,Insurance,933,50,80,0,2025-03-07,2025-04-28,2026-12-02,635,Room Temperature (15-25°C),15.0,25.0,0,0,Non-Controlled,1,INS-109,Cold Vault-1,Aisle-18-R3,BIN-166,Standard Handling,0,None,0.0,N/A,N/A
BAT-2026-44970,SKU-592738,965-7022-24,Amoxicillin 500mg,Antibiotic,Oral,Capsule,Blister Pack,SUP-9028,PharmaDist Inc,USA,PO-93422,608,24.32,0.9,0.18,17995.34,40.36,44.4,15,386,15578.96,6191.44,Emergency ICU,Credit Card,222,100,80,0,2025-02-08,2025-05-16,2026-11-18,648,Room Temperature (15-25°C),15.0,25.0,0,1,Non-Controlled,1,INS-105,Zone-A,Aisle-10-R5,BIN-507,Standard Handling,0,None,0.0,N/A,N/A
BAT-2026-30866,SKU-405407,880-5564-83,Ibuprofen 400mg,Analgesic,Oral,Tablet,Strip,SUP-8569,Apex Health Supplies,UK,PO-70415,875,100.92,5.26,0.0,92907.5,148.81,163.69,5,692,102976.52,33139.88,Online Fulfillment,Insurance,183,200,40,0,2025-07-24,2025-09-02,2026-11-27,491,Room Temperature (15-25°C),15.0,25.0,0,1,Non-Controlled,1,INS-106,Cold Vault-1,Aisle-9-R1,BIN-794,Keep Refrigerated,74,Packaging Defect,7468.08,N/A,Approved
BAT-2026-24168,SKU-134225,331-8030-81,Metformin 800mg,Antidiabetic,Oral,Tablet,Bottle,SUP-7152,GlobalMed Logistics,Germany,PO-68973,134,119.6,4.86,0.05,17478.96,160.25,176.28,15,56,8974.0,2276.4,Emergency ICU,Cash,78,100,20,0,2024-12-25,2025-01-31,2025-11-05,315,Room Temperature (15-25°C),15.0,25.0,0,1,Non-Controlled,1,INS-109,Zone-A,Aisle-4-R4,BIN-486,Protect from Light,78,Expired,9328.8,Incineration,Approved
BAT-2026-60140,SKU-342720,885-1430-87,Sertraline 50mg,Psychiatric,Oral,Tablet,Blister Pack,SUP-5813,Nexus BioPharma,Germany,PO-97453,305,106.6,4.76,0.18,39817.14,168.53,185.38,5,130,21908.9,8050.9,Online Fulfillment,Insurance,175,50,80,0,2024-11-09,2025-02-02,2026-03-17,493,Room Temperature (15-25°C),15.0,25.0,1,1,Non-Controlled,1,INS-108,Hazmat Vault,Aisle-7-R1,BIN-130,Keep Refrigerated,175,Expired,18655.0,Incineration,Approved
BAT-2026-15075,SKU-402099,773-5381-13,Atorvastatin 20mg,Cardiovascular,Oral,Tablet,Strip,SUP-9028,PharmaDist Inc,UK,PO-68861,1204,195.58,8.41,0.05,257377.88,321.29,353.42,0,805,258638.45,101196.55,Hospital Outpatient,Credit Card,399,200,80,0,2024-12-25,2025-01-14,2025-12-15,355,Room Temperature (15-25°C),15.0,25.0,0,0,Non-Controlled,1,INS-102,Hazmat Vault,Aisle-18-R4,BIN-138,Keep Refrigerated,399,Expired,78036.42,Incineration,Pending Audit
BAT-2026-71694,SKU-841296,284-5477-99,Paracetamol 650mg,Analgesic,Oral,Tablet,Strip,SUP-5813,Nexus BioPharma,Germany,PO-29527,1685,197.4,9.7,0.12,388877.78,265.12,291.63,10,1058,280496.96,71647.76,Hospital Outpatient,Credit Card,627,100,20,0,2025-02-13,2025-04-18,2026-05-05,446,Room Temperature (15-25°C),15.0,25.0,1,1,Non-Controlled,1,INS-111,Zone-A,Aisle-7-R2,BIN-609,Standard Handling,627,Expired,123769.8,Incineration,Approved
BAT-2026-39154,SKU-396451,880-6062-53,Lorazepam 1mg,Psychiatric,Oral,Tablet,Bottle,SUP-0769,BioCare Distribution,Germany,PO-52626,1995,186.92,10.57,0.0,393992.55,250.71,275.78,0,1439,360771.69,91793.81,Online Fulfillment,Government Health Aid,556,200,20,0,2024-10-14,2025-01-21,2025-11-30,412,Room Temperature (15-25°C),15.0,25.0,1,1,Schedule II,1,INS-105,Cold Vault-2,Aisle-17-R1,BIN-542,Protect from Light,556,Expired,103927.52,Incineration,Approved
BAT-2026-36158,SKU-837135,459-1100-33,Metformin 800mg,Antidiabetic,Oral,Tablet,Bottle,SUP-5813,Nexus BioPharma,USA,PO-21706,1511,28.13,0.63,0.18,51107.16,38.32,42.15,0,697,26709.04,7102.43,Emergency ICU,Credit Card,814,200,80,0,2025-04-25,2025-06-03,2027-03-01,675,Room Temperature (15-25°C),15.0,25.0,1,1,Non-Controlled,1,INS-110,Zone-A,Aisle-16-R4,BIN-950,Keep Refrigerated,0,None,0.0,N/A,N/A
BAT-2026-70332,SKU-576086,990-3347-82,Lorazepam 1mg,Psychiatric,Oral,Tablet,Bottle,SUP-5813,Nexus BioPharma,Switzerland,PO-91889,1125,172.44,6.3,0.18,236001.6,263.55,289.91,10,788,207677.4,71794.68,Online Fulfillment,Insurance,337,50,80,0,2025-05-04,2025-06-26,2026-11-15,560,Room Temperature (15-25°C),15.0,25.0,1,1,Non-Controlled,1,INS-104,Zone-B,Aisle-4-R1,BIN-576,Standard Handling,0,None,0.0,N/A,N/A
BAT-2026-55830,SKU-174637,773-7566-18,Paracetamol 650mg,Analgesic,Oral,Tablet,Strip,SUP-9028,PharmaDist Inc,USA,PO-97097,1121,114.54,3.28,0.18,155188.1,151.22,166.34,0,862,130351.64,31618.16,Emergency ICU,Credit Card,259,100,80,0,2025-03-03,2025-06-15,2026-06-21,475,Room Temperature (15-25°C),15.0,25.0,0,1,Schedule IV,1,INS-110,Cold Vault-1,Aisle-8-R1,BIN-522,Protect from Light,259,Expired,29665.86,Incineration,Approved
BAT-2026-50001,SKU-820775,245-1502-21,Ceftriaxone 1g,Antibiotic,Injectable,Vial,Vial Pack,SUP-9028,PharmaDist Inc,India,PO-91735,1513,74.35,4.2,0.12,132345.14,96.51,106.16,20,741,71513.91,16420.56,Online Fulfillment,Credit Card,772,50,80,0,2025-06-20,2025-08-23,2026-02-03,228,Cold Chain (2-8°C),2.0,8.0,0,1,Non-Controlled,1,INS-111,Cold Vault-1,Aisle-13-R2,BIN-279,Protect from Light,772,Expired,57398.2,Incineration,Approved
BAT-2026-39831,SKU-344762,864-9691-37,Atorvastatin 20mg,Cardiovascular,Oral,Tablet,Strip,SUP-9028,PharmaDist Inc,India,PO-63690,665,137.22,8.46,0.0,96877.2,228.35,251.19,0,259,59142.65,23602.67,Hospital Outpatient,Cash,406,50,20,0,2025-02-04,2025-03-04,2026-01-01,331,Room Temperature (15-25°C),15.0,25.0,0,1,Non-Controlled,1,INS-103,Hazmat Vault,Aisle-3-R1,BIN-113,Standard Handling,406,Expired,55711.32,Incineration,Approved
BAT-2026-39219,SKU-377405,485-7878-68,Omeprazole 20mg,Gastrointestinal,Oral,Capsule,Bottle,SUP-9028,PharmaDist Inc,India,PO-60755,1229,153.02,3.42,0.0,192264.76,237.81,261.59,5,974,231626.94,82585.46,In-Store Pharmacy,Cash,255,50,40,0,2025-07-20,2025-10-23,2027-01-12,541,Room Temperature (15-25°C),15.0,25.0,0,1,Non-Controlled,1,INS-106,Hazmat Vault,Aisle-8-R4,BIN-690,Protect from Light,0,None,0.0,N/A,N/A
BAT-2026-13101,SKU-926097,449-3578-57,Ibuprofen 400mg,Analgesic,Oral,Tablet,Strip,SUP-8569,Apex Health Supplies,UK,PO-40516,1895,190.98,14.01,0.12,431884.9,295.74,325.31,10,1012,299288.88,106017.12,Emergency ICU,Insurance,883,50,80,0,2024-12-26,2025-04-08,2026-04-11,471,Room Temperature (15-25°C),15.0,25.0,1,0,Non-Controlled,1,INS-103,Hazmat Vault,Aisle-20-R3,BIN-145,Protect from Light,883,Expired,168635.34,Incineration,Approved
BAT-2026-96511,SKU-929683,419-6314-82,Lorazepam 1mg,Psychiatric,Oral,Tablet,Bottle,SUP-5813,Nexus BioPharma,Switzerland,PO-61825,1945,154.53,6.16,0.05,327570.09,235.85,259.44,15,1705,402124.25,138650.6,Hospital Outpatient,Cash,240,100,80,0,2024-12-17,2025-02-15,2026-09-24,646,Room Temperature (15-25°C),15.0,25.0,1,1,Non-Controlled,1,INS-104,Zone-A,Aisle-15-R2,BIN-772,Protect from Light,0,None,0.0,N/A,N/A
BAT-2026-35313,SKU-755420,710-2391-16,Azithromycin 250mg,Antibiotic,Oral,Tablet,Blister Pack,SUP-7152,GlobalMed Logistics,UK,PO-54433,1600,5.3,0.18,0.18,10294.4,8.45,9.29,5,641,5416.45,2019.15,In-Store Pharmacy,Government Health Aid,959,100,80,0,2025-07-11,2025-09-26,2026-06-26,350,Room Temperature (15-25°C),15.0,25.0,0,1,Non-Controlled,1,INS-107,Hazmat Vault,Aisle-15-R5,BIN-164,Keep Refrigerated,959,Expired,5082.7,Incineration,Approved
BAT-2026-62227,SKU-718439,259-3579-89,Insulin Glargine 100IU/ml,Antidiabetic,Injectable,Vial,Carton Box,SUP-7152,GlobalMed Logistics,Germany,PO-80909,802,15.37,1.0,0.05,13745.08,22.96,25.26,20,587,13477.52,4455.33,Online Fulfillment,Cash,215,50,80,0,2025-09-21,2025-10-16,2026-08-31,344,Cold Chain (2-8°C),2.0,8.0,1,1,Non-Controlled,1,INS-103,Hazmat Vault,Aisle-2-R5,BIN-888,Fragile Glass,215,Expired,3304.55,Incineration,Approved
BAT-2026-53025,SKU-793300,150-2336-44,Azithromycin 250mg,Antibiotic,Oral,Tablet,Blister Pack,SUP-7152,GlobalMed Logistics,Switzerland,PO-16005,501,53.91,4.06,0.12,32284.04,68.41,75.25,10,296,20249.36,4292.0,Emergency ICU,Insurance,205,200,80,0,2025-01-02,2025-04-07,2026-12-31,728,Room Temperature (15-25°C),15.0,25.0,1,1,Non-Controlled,1,INS-103,Cold Vault-1,Aisle-7-R2,BIN-997,Keep Refrigerated,0,None,0.0,N/A,N/A
BAT-2026-46517,SKU-942956,553-7947-72,Azithromycin 250mg,Antibiotic,Oral,Tablet,Blister Pack,SUP-8569,Apex Health Supplies,India,PO-97876,829,9.89,0.73,0.05,9213.92,14.51,15.96,0,454,6587.54,2097.48,Online Fulfillment,Credit Card,375,100,40,0,2025-08-04,2025-10-14,2026-11-19,472,Room Temperature (15-25°C),15.0,25.0,1,1,Non-Controlled,1,INS-110,Zone-A,Aisle-11-R1,BIN-387,Keep Refrigerated,0,None,0.0,N/A,N/A
BAT-2026-19099,SKU-307428,721-8242-63,Metformin 800mg,Antidiabetic,Oral,Tablet,Bottle,SUP-8569,Apex Health Supplies,UK,PO-68077,1679,13.97,0.3,0.05,25132.11,21.36,23.5,0,894,19095.84,6606.66,In-Store Pharmacy,Cash,785,50,20,0,2024-12-25,2025-04-13,2025-12-26,366,Room Temperature (15-25°C),15.0,25.0,0,0,Non-Controlled,1,INS-111,Cold Vault-2,Aisle-19-R1,BIN-826,Protect from Light,785,Expired,10966.45,Incineration,Pending Audit
BAT-2026-46585,SKU-545790,379-4531-75,Ibuprofen 400mg,Analgesic,Oral,Tablet,Strip,SUP-5813,Nexus BioPharma,USA,PO-46356,261,158.28,10.93,0.12,49121.14,232.92,256.21,5,179,41692.68,13360.56,Online Fulfillment,Government Health Aid,82,100,20,0,2025-05-19,2025-06-27,2026-05-13,359,Room Temperature (15-25°C),15.0,25.0,1,1,Non-Controlled,1,INS-103,Cold Vault-2,Aisle-5-R3,BIN-388,Protect from Light,82,Expired,12978.96,Incineration,Approved
BAT-2026-56025,SKU-220351,216-6655-65,Atorvastatin 20mg,Cardiovascular,Oral,Tablet,Strip,SUP-7152,GlobalMed Logistics,Switzerland,PO-94661,301,102.31,3.91,0.18,37515.38,173.25,190.58,5,109,18884.25,7732.46,Online Fulfillment,Cash,192,50,40,0,2024-12-06,2025-01-07,2025-11-08,337,Room Temperature (15-25°C),15.0,25.0,1,1,Non-Controlled,1,INS-106,Zone-A,Aisle-9-R2,BIN-836,Keep Refrigerated,192,Expired,19643.52,Incineration,Approved
BAT-2026-94080,SKU-671015,213-5640-96,Lisinopril 10mg,Cardiovascular,Oral,Tablet,Bottle,SUP-0769,BioCare Distribution,USA,PO-21603,1095,126.46,4.66,0.05,150500.08,209.12,230.03,10,573,119825.76,47364.18,Online Fulfillment,Credit Card,522,50,20,0,2025-03-20,2025-04-08,2026-02-28,345,Room Temperature (15-25°C),15.0,25.0,1,1,Non-Controlled,1,INS-109,Cold Vault-2,Aisle-12-R4,BIN-590,Keep Refrigerated,522,Expired,66012.12,Incineration,Pending Audit
BAT-2026-76768,SKU-335729,794-8972-77,Heparin 5000IU/ml,Anticoagulant,Injectable,Vial,Vial Pack,SUP-5813,Nexus BioPharma,UK,PO-31707,369,101.21,5.01,0.0,39195.18,166.08,182.69,5,336,55802.88,21796.32,Hospital Outpatient,Insurance,33,200,40,0,2025-02-26,2025-04-06,2026-04-25,423,Cold Chain (2-8°C),2.0,8.0,0,1,Non-Controlled,1,INS-108,Cold Vault-1,Aisle-7-R1,BIN-307,Keep Refrigerated,33,Expired,3339.93,Incineration,Approved
BAT-2026-62386,SKU-779094,783-6053-15,Ibuprofen 400mg,Analgesic,Oral,Tablet,Strip,SUP-0769,BioCare Distribution,India,PO-13251,1986,84.26,5.2,0.05,186034.58,123.93,136.32,5,1392,172510.56,55220.64,Hospital Outpatient,Government Health Aid,594,50,40,0,2025-07-19,2025-08-06,2026-05-14,299,Room Temperature (15-25°C),15.0,25.0,0,1,Non-Controlled,1,INS-111,Cold Vault-2,Aisle-13-R4,BIN-921,Keep Refrigerated,594,Expired,50050.44,Incineration,Approved
BAT-2026-99065,SKU-256226,325-7475-86,Ibuprofen 400mg,Analgesic,Oral,Tablet,Strip,SUP-5813,Nexus BioPharma,Germany,PO-84972,915,140.96,3.65,0.05,138767.07,238.64,262.5,10,836,199503.04,81660.48,Hospital Outpatient,Credit Card,79,50,20,0,2025-04-25,2025-08-10,2025-12-03,222,Room Temperature (15-25°C),15.0,25.0,0,1,Non-Controlled,1,INS-110,Cold Vault-1,Aisle-5-R3,BIN-373,Protect from Light,79,Expired,11135.84,Incineration,Approved
BAT-2026-80282,SKU-378535,156-1125-36,Paracetamol 650mg,Analgesic,Oral,Tablet,Strip,SUP-0769,BioCare Distribution,USA,PO-92589,1394,18.32,1.32,0.0,27378.16,30.45,33.5,5,839,25547.55,10177.07,In-Store Pharmacy,Insurance,555,100,80,0,2025-06-22,2025-09-20,2026-11-08,504,Room Temperature (15-25°C),15.0,25.0,0,1,Non-Controlled,1,INS-107,Cold Vault-1,Aisle-17-R1,BIN-124,Keep Refrigerated,0,None,0.0,N/A,N/A
BAT-2026-53404,SKU-966785,408-4460-27,Albuterol Inhaler,Respiratory,Inhalation,Inhaler,Canister Box,SUP-9028,PharmaDist Inc,India,PO-50481,555,108.24,3.04,0.18,72573.58,148.95,163.84,10,240,35748.0,9770.4,Emergency ICU,Cash,315,200,40,0,2024-12-07,2025-01-21,2025-10-12,309,Room Temperature (15-25°C),15.0,25.0,1,1,Non-Controlled,1,INS-112,Zone-A,Aisle-8-R2,BIN-787,Standard Handling,315,Expired,34095.6,Incineration,Approved
BAT-2026-13617,SKU-249145,882-5186-47,Ibuprofen 400mg,Analgesic,Oral,Tablet,Strip,SUP-7152,GlobalMed Logistics,India,PO-83537,1585,123.98,9.73,0.0,211930.35,167.37,184.11,20,595,99585.15,25817.05,In-Store Pharmacy,Insurance,990,100,40,0,2025-05-07,2025-07-23,2027-01-28,631,Room Temperature (15-25°C),15.0,25.0,0,1,Schedule II,1,INS-105,Cold Vault-1,Aisle-7-R3,BIN-378,Standard Handling,0,None,0.0,N/A,N/A
BAT-2026-25118,SKU-174878,435-2965-10,Insulin Glargine 100IU/ml,Antidiabetic,Injectable,Vial,Carton Box,SUP-8569,Apex Health Supplies,UK,PO-94562,1850,56.94,2.65,0.18,129202.52,85.95,94.55,5,1510,129784.5,43805.1,In-Store Pharmacy,Insurance,340,200,80,0,2025-03-27,2025-05-30,2026-06-16,446,Cold Chain (2-8°C),2.0,8.0,1,1,Schedule II,1,INS-104,Cold Vault-1,Aisle-15-R1,BIN-992,Protect from Light,340,Expired,19359.6,Incineration,Approved
BAT-2026-44237,SKU-162535,609-8055-32,Propofol 10mg/ml,Anesthetic,Injectable,Ampoule,Ampoule Box,SUP-9028,PharmaDist Inc,USA,PO-26224,1375,63.36,4.41,0.12,103638.15,80.74,88.81,5,637,51431.38,11071.06,Online Fulfillment,Insurance,738,50,80,0,2025-04-23,2025-05-16,2026-11-02,558,Cold Chain (2-8°C),2.0,8.0,0,0,Non-Controlled,1,INS-105,Cold Vault-2,Aisle-15-R1,BIN-292,Keep Refrigerated,0,None,0.0,N/A,N/A
BAT-2026-33405,SKU-273982,232-7229-78,Lisinopril 10mg,Cardiovascular,Oral,Tablet,Bottle,SUP-9028,PharmaDist Inc,India,PO-94399,1116,103.24,3.73,0.12,133204.42,166.18,182.8,5,628,104361.04,39526.32,In-Store Pharmacy,Cash,488,200,20,0,2025-05-07,2025-08-31,2026-05-10,368,Room Temperature (15-25°C),15.0,25.0,0,0,Schedule IV,1,INS-108,Hazmat Vault,Aisle-8-R5,BIN-340,Keep Refrigerated,488,Expired,50381.12,Incineration,Approved
BAT-2026-86099,SKU-931131,820-4770-74,Metformin 800mg,Antidiabetic,Oral,Tablet,Bottle,SUP-9028,PharmaDist Inc,UK,PO-83315,1825,42.23,1.9,0.05,84390.74,61.88,68.07,0,1426,88240.88,28020.9,In-Store Pharmacy,Insurance,399,100,40,0,2025-03-24,2025-06-16,2026-04-18,390,Room Temperature (15-25°C),15.0,25.0,1,1,Non-Controlled,1,INS-105,Zone-A,Aisle-17-R3,BIN-806,Standard Handling,399,Expired,16849.77,Incineration,Approved
BAT-2026-44795,SKU-422554,672-6802-19,Insulin Glargine 100IU/ml,Antidiabetic,Injectable,Vial,Carton Box,SUP-8569,Apex Health Supplies,USA,PO-21161,395,162.0,9.51,0.05,70945.95,241.92,266.11,5,330,79833.6,26373.6,In-Store Pharmacy,Cash,65,50,20,0,2025-03-14,2025-06-19,2025-10-15,215,Cold Chain (2-8°C),2.0,8.0,1,1,Non-Controlled,1,INS-106,Zone-A,Aisle-18-R2,BIN-558,Protect from Light,65,Expired,10530.0,Incineration,Approved
BAT-2026-15014,SKU-723948,506-1693-65,Omeprazole 20mg,Gastrointestinal,Oral,Capsule,Bottle,SUP-8569,Apex Health Supplies,India,PO-35221,1848,108.21,3.38,0.12,230214.97,159.73,175.7,10,765,122193.45,39412.8,Online Fulfillment,Credit Card,1083,200,80,0,2025-02-19,2025-04-14,2026-07-08,504,Room Temperature (15-25°C),15.0,25.0,0,1,Non-Controlled,1,INS-103,Cold Vault-2,Aisle-5-R5,BIN-929,Keep Refrigerated,1083,Expired,117191.43,Incineration,Approved
BAT-2026-24208,SKU-885339,119-8532-19,Ceftriaxone 1g,Antibiotic,Injectable,Vial,Vial Pack,SUP-0769,BioCare Distribution,USA,PO-91094,819,79.36,2.59,0.0,67117.05,113.26,124.59,0,312,35337.12,10576.8,Emergency ICU,Credit Card,507,200,40,0,2025-01-09,2025-03-28,2026-06-25,532,Cold Chain (2-8°C),2.0,8.0,0,1,Non-Controlled,1,INS-105,Cold Vault-2,Aisle-11-R1,BIN-101,Keep Refrigerated,507,Expired,40235.52,Incineration,Approved
BAT-2026-88193,SKU-964278,982-6129-83,Atorvastatin 20mg,Cardiovascular,Oral,Tablet,Strip,SUP-8569,Apex Health Supplies,Germany,PO-81019,1872,127.59,8.86,0.12,284096.22,198.89,218.78,0,1667,331549.63,118857.1,Emergency ICU,Credit Card,205,100,80,0,2025-08-26,2025-11-17,2026-07-23,331,Room Temperature (15-25°C),15.0,25.0,0,1,Non-Controlled,1,INS-106,Hazmat Vault,Aisle-4-R1,BIN-765,Keep Refrigerated,205,Expired,26155.95,Incineration,Approved
BAT-2026-66959,SKU-696856,539-7626-91,Heparin 5000IU/ml,Anticoagulant,Injectable,Vial,Vial Pack,SUP-5813,Nexus BioPharma,Switzerland,PO-85609,437,167.24,10.78,0.18,90949.84,222.21,244.43,5,383,85106.43,21053.51,In-Store Pharmacy,Government Health Aid,54,200,80,0,2025-07-04,2025-10-30,2027-01-16,561,Cold Chain (2-8°C),2.0,8.0,0,1,Non-Controlled,1,INS-112,Zone-B,Aisle-14-R5,BIN-145,Protect from Light,0,None,0.0,N/A,N/A
BAT-2026-55309,SKU-402630,527-5743-24,Ibuprofen 400mg,Analgesic,Oral,Tablet,Strip,SUP-9028,PharmaDist Inc,Germany,PO-16930,978,136.85,8.97,0.05,149303.92,231.2,254.32,15,826,190971.2,77933.1,In-Store Pharmacy,Insurance,152,100,20,0,2025-01-21,2025-04-03,2026-10-22,639,Room Temperature (15-25°C),15.0,25.0,1,1,Non-Controlled,1,INS-106,Hazmat Vault,Aisle-18-R1,BIN-994,Standard Handling,0,None,0.0,N/A,N/A
BAT-2026-51114,SKU-560485,514-1341-51,Lisinopril 10mg,Cardiovascular,Oral,Tablet,Bottle,SUP-8569,Apex Health Supplies,Switzerland,PO-84743,1176,15.09,1.09,0.0,19027.68,23.6,25.96,0,961,22679.6,8178.11,Online Fulfillment,Insurance,215,100,20,0,2025-09-19,2025-10-06,2026-08-31,346,Room Temperature (15-25°C),15.0,25.0,1,1,Non-Controlled,1,INS-112,Cold Vault-2,Aisle-20-R2,BIN-676,Standard Handling,215,Expired,3244.35,Incineration,Approved
BAT-2026-67199,SKU-230394,275-8538-98,Propofol 10mg/ml,Anesthetic,Injectable,Ampoule,Ampoule Box,SUP-9028,PharmaDist Inc,India,PO-78387,891,140.34,9.72,0.05,139955.61,204.48,224.93,10,318,65024.64,20396.52,Hospital Outpatient,Credit Card,573,50,20,0,2025-05-18,2025-06-06,2027-05-14,726,Cold Chain (2-8°C),2.0,8.0,1,0,Schedule IV,1,INS-106,Cold Vault-1,Aisle-11-R3,BIN-955,Fragile Glass,517,Recall,72555.78,N/A,Approved
BAT-2026-89457,SKU-591465,470-2443-65,Metformin 800mg,Antidiabetic,Oral,Tablet,Bottle,SUP-7152,GlobalMed Logistics,Switzerland,PO-34824,316,146.53,7.46,0.12,54217.26,228.61,251.47,5,235,53723.35,19288.8,Online Fulfillment,Government Health Aid,81,100,80,0,2025-02-02,2025-04-01,2026-06-05,488,Room Temperature (15-25°C),15.0,25.0,1,1,Non-Controlled,1,INS-108,Hazmat Vault,Aisle-2-R2,BIN-977,Standard Handling,81,Expired,11868.93,Incineration,Approved
BAT-2026-77033,SKU-822131,964-2734-41,Ibuprofen 400mg,Analgesic,Oral,Tablet,Strip,SUP-5813,Nexus BioPharma,India,PO-72368,863,169.6,5.01,0.0,150688.43,212.9,234.19,10,356,75792.4,15414.8,In-Store Pharmacy,Credit Card,507,100,20,0,2025-03-19,2025-04-10,2026-01-17,304,Room Temperature (15-25°C),15.0,25.0,0,1,Non-Controlled,1,INS-105,Cold Vault-1,Aisle-4-R2,BIN-545,Keep Refrigerated,507,Expired,85987.2,Incineration,Pending Audit
BAT-2026-25157,SKU-418862,546-7560-77,Azithromycin 250mg,Antibiotic,Oral,Tablet,Blister Pack,SUP-5813,Nexus BioPharma,USA,PO-75881,287,13.47,0.52,0.12,4479.04,18.11,19.92,15,174,3151.14,807.36,In-Store Pharmacy,Insurance,113,200,40,0,2025-07-10,2025-09-06,2026-01-31,205,Room Temperature (15-25°C),15.0,25.0,0,0,Schedule IV,1,INS-107,Zone-B,Aisle-1-R4,BIN-672,Protect from Light,113,Expired,1522.11,Incineration,Approved
BAT-2026-60488,SKU-833723,180-7484-49,Lorazepam 1mg,Psychiatric,Oral,Tablet,Bottle,SUP-8569,Apex Health Supplies,Switzerland,PO-12446,479,19.07,0.96,0.18,11238.59,28.82,31.7,5,173,4985.86,1686.75,In-Store Pharmacy,Government Health Aid,306,100,80,0,2025-03-18,2025-07-11,2026-11-02,594,Room Temperature (15-25°C),15.0,25.0,1,1,Non-Controlled,0,INS-110,Zone-A,Aisle-1-R5,BIN-819,Keep Refrigerated,0,None,0.0,N/A,N/A
BAT-2026-85574,SKU-522060,863-6562-38,Sertraline 50mg,Psychiatric,Oral,Tablet,Blister Pack,SUP-9028,PharmaDist Inc,Germany,PO-25765,592,88.03,2.48,0.12,59835.57,122.93,135.22,10,277,34051.61,9667.3,Hospital Outpatient,Insurance,315,100,80,0,2025-02-20,2025-06-07,2027-01-12,691,Room Temperature (15-25°C),15.0,25.0,0,1,Non-Controlled,1,INS-107,Hazmat Vault,Aisle-2-R4,BIN-600,Protect from Light,0,None,0.0,N/A,N/A
BAT-2026-34914,SKU-385470,441-3754-19,Sertraline 50mg,Psychiatric,Oral,Tablet,Blister Pack,SUP-9028,PharmaDist Inc,UK,PO-96278,1164,91.77,6.52,0.0,114409.56,140.02,154.02,10,764,106975.28,36863.0,Hospital Outpatient,Cash,400,200,20,0,2025-01-07,2025-01-27,2025-12-01,328,Room Temperature (15-25°C),15.0,25.0,0,1,Schedule IV,1,INS-107,Cold Vault-1,Aisle-19-R1,BIN-910,Keep Refrigerated,400,Expired,36708.0,Incineration,Approved
BAT-2026-43386,SKU-624783,622-2868-77,Amoxicillin 500mg,Antibiotic,Oral,Capsule,Blister Pack,SUP-5813,Nexus BioPharma,UK,PO-79711,1280,122.55,8.92,0.12,187105.28,167.51,184.26,5,596,99835.96,26796.16,Online Fulfillment,Credit Card,684,50,80,0,2024-12-07,2025-02-11,2026-09-17,649,Room Temperature (15-25°C),15.0,25.0,1,1,Schedule IV,1,INS-101,Zone-B,Aisle-8-R1,BIN-337,Standard Handling,0,None,0.0,N/A,N/A
BAT-2026-15817,SKU-666211,622-4176-54,Metformin 800mg,Antidiabetic,Oral,Tablet,Bottle,SUP-5813,Nexus BioPharma,UK,PO-33559,114,63.24,1.37,0.05,7726.01,94.66,104.13,20,73,6910.18,2293.66,Hospital Outpatient,Government Health Aid,41,50,40,0,2025-08-29,2025-09-28,2027-01-18,507,Room Temperature (15-25°C),15.0,25.0,0,1,Non-Controlled,1,INS-107,Cold Vault-1,Aisle-19-R5,BIN-832,Protect from Light,0,None,0.0,N/A,N/A
BAT-2026-67154,SKU-617781,459-3419-40,Lorazepam 1mg,Psychiatric,Oral,Tablet,Bottle,SUP-8569,Apex Health Supplies,Switzerland,PO-12486,1936,148.86,4.7,0.05,311701.81,201.96,222.16,20,963,194487.48,51135.3,Emergency ICU,Credit Card,973,50,20,0,2025-02-03,2025-03-17,2026-01-08,339,Room Temperature (15-25°C),15.0,25.0,1,1,Non-Controlled,1,INS-101,Cold Vault-1,Aisle-3-R1,BIN-968,Fragile Glass,973,Expired,144840.78,Incineration,Approved
BAT-2026-10221,SKU-559023,205-3399-42,Amoxicillin 500mg,Antibiotic,Oral,Capsule,Blister Pack,SUP-9028,PharmaDist Inc,USA,PO-46039,164,148.65,10.4,0.0,26084.2,217.34,239.07,15,102,22168.68,7006.38,In-Store Pharmacy,Cash,62,200,40,0,2025-06-15,2025-10-11,2025-12-16,184,Room Temperature (15-25°C),15.0,25.0,1,1,Non-Controlled,1,INS-107,Cold Vault-1,Aisle-16-R5,BIN-860,Protect from Light,62,Expired,9216.3,Incineration,Approved
BAT-2026-78146,SKU-184349,302-3842-87,Sertraline 50mg,Psychiatric,Oral,Tablet,Blister Pack,SUP-5813,Nexus BioPharma,UK,PO-36975,1980,25.65,1.8,0.05,56890.35,39.14,43.05,0,1516,59336.24,20450.84,Emergency ICU,Cash,464,50,20,0,2025-01-31,2025-05-09,2026-12-31,699,Room Temperature (15-25°C),15.0,25.0,0,1,Schedule II,1,INS-106,Zone-B,Aisle-13-R3,BIN-148,Standard Handling,0,None,0.0,N/A,N/A
BAT-2026-80575,SKU-727086,256-2234-32,Azithromycin 250mg,Antibiotic,Oral,Tablet,Blister Pack,SUP-7152,GlobalMed Logistics,UK,PO-42150,1962,142.16,4.97,0.18,338874.29,201.11,221.22,0,844,169736.84,49753.8,Hospital Outpatient,Government Health Aid,1118,100,20,0,2025-07-01,2025-10-09,2026-12-02,519,Room Temperature (15-25°C),15.0,25.0,0,1,Non-Controlled,1,INS-111,Cold Vault-2,Aisle-20-R4,BIN-393,Protect from Light,0,None,0.0,N/A,N/A
BAT-2026-97900,SKU-141797,891-9095-69,Ceftriaxone 1g,Antibiotic,Injectable,Vial,Vial Pack,SUP-5813,Nexus BioPharma,India,PO-85963,620,140.9,6.68,0.18,107224.04,207.75,228.53,5,463,96188.25,30951.55,In-Store Pharmacy,Cash,157,50,80,0,2025-03-30,2025-06-19,2026-07-25,482,Cold Chain (2-8°C),2.0,8.0,1,1,Non-Controlled,1,INS-103,Zone-B,Aisle-15-R2,BIN-472,Fragile Glass,157,Expired,22121.3,Incineration,Pending Audit
BAT-2026-35825,SKU-553014,872-8354-97,Atorvastatin 20mg,Cardiovascular,Oral,Tablet,Strip,SUP-8569,Apex Health Supplies,Switzerland,PO-68226,1467,34.44,2.59,0.0,54323.01,46.31,50.94,5,528,24451.68,6267.36,Hospital Outpatient,Cash,939,100,80,0,2024-12-10,2025-02-21,2026-10-06,665,Room Temperature (15-25°C),15.0,25.0,0,1,Non-Controlled,1,INS-108,Zone-A,Aisle-16-R5,BIN-190,Standard Handling,0,None,0.0,N/A,N/A
BAT-2026-57739,SKU-870214,678-6295-90,Paracetamol 650mg,Analgesic,Oral,Tablet,Strip,SUP-0769,BioCare Distribution,Switzerland,PO-21094,1252,190.7,11.88,0.12,282280.93,298.51,328.36,5,854,254927.54,92069.74,Online Fulfillment,Government Health Aid,398,100,20,0,2024-09-25,2025-01-04,2026-01-14,476,Room Temperature (15-25°C),15.0,25.0,1,1,Non-Controlled,1,INS-105,Cold Vault-2,Aisle-9-R3,BIN-712,Standard Handling,398,Expired,75898.6,Incineration,Approved
BAT-2026-66531,SKU-437978,423-3473-66,Metformin 800mg,Antidiabetic,Oral,Tablet,Bottle,SUP-0769,BioCare Distribution,Germany,PO-79932,747,105.56,3.85,0.05,85671.94,149.64,164.6,5,543,81254.52,23935.44,Online Fulfillment,Insurance,204,200,40,0,2025-08-05,2025-10-27,2026-07-01,330,Room Temperature (15-25°C),15.0,25.0,0,1,Non-Controlled,1,INS-101,Cold Vault-2,Aisle-15-R4,BIN-476,Fragile Glass,204,Expired,21534.24,Incineration,Approved
BAT-2026-19171,SKU-733039,169-8682-66,Heparin 5000IU/ml,Anticoagulant,Injectable,Vial,Vial Pack,SUP-7152,GlobalMed Logistics,Switzerland,PO-89541,1595,157.03,10.9,0.05,280371.49,256.66,282.33,20,597,153226.02,59479.11,Emergency ICU,Government Health Aid,998,100,40,0,2025-05-28,2025-07-01,2027-02-19,632,Cold Chain (2-8°C),2.0,8.0,1,1,Non-Controlled,1,INS-112,Zone-B,Aisle-5-R4,BIN-567,Protect from Light,0,None,0.0,N/A,N/A
BAT-2026-97062,SKU-362529,746-5961-45,Albuterol Inhaler,Respiratory,Inhalation,Inhaler,Canister Box,SUP-9028,PharmaDist Inc,USA,PO-51999,1186,144.71,7.28,0.12,200855.27,199.1,219.01,15,530,105523.0,28826.7,Emergency ICU,Credit Card,656,50,20,0,2024-11-16,2025-03-05,2026-04-26,526,Room Temperature (15-25°C),15.0,25.0,0,1,Non-Controlled,1,INS-104,Cold Vault-2,Aisle-18-R3,BIN-940,Keep Refrigerated,656,Expired,94929.76,Incineration,Pending Audit
BAT-2026-53279,SKU-127121,705-1920-55,Heparin 5000IU/ml,Anticoagulant,Injectable,Vial,Vial Pack,SUP-9028,PharmaDist Inc,India,PO-62664,1262,35.06,2.04,0.12,52129.69,46.66,51.33,10,646,30142.36,7493.6,Emergency ICU,Credit Card,616,50,40,0,2025-01-11,2025-04-10,2025-11-02,295,Cold Chain (2-8°C),2.0,8.0,0,1,Non-Controlled,1,INS-104,Cold Vault-1,Aisle-8-R2,BIN-583,Fragile Glass,616,Expired,21596.96,Incineration,Approved
BAT-2026-91678,SKU-195763,619-2215-49,Lisinopril 10mg,Cardiovascular,Oral,Tablet,Bottle,SUP-7152,GlobalMed Logistics,India,PO-87187,1622,27.13,0.74,0.12,50485.72,35.51,39.06,10,1297,46056.47,10868.86,In-Store Pharmacy,Cash,325,200,40,0,2025-03-28,2025-05-11,2027-01-27,670,Room Temperature (15-25°C),15.0,25.0,1,1,Non-Controlled,1,INS-111,Zone-A,Aisle-10-R2,BIN-657,Keep Refrigerated,296,Packaging Defect,8030.48,N/A,Approved
BAT-2026-51145,SKU-340044,572-8404-14,Azithromycin 250mg,Antibiotic,Oral,Tablet,Blister Pack,SUP-5813,Nexus BioPharma,Switzerland,PO-15896,692,156.66,3.42,0.12,123784.41,236.42,260.06,20,485,114663.7,38683.6,Hospital Outpatient,Government Health Aid,207,100,80,0,2025-01-10,2025-02-03,2025-08-19,221,Room Temperature (15-25°C),15.0,25.0,1,1,Non-Controlled,1,INS-112,Cold Vault-2,Aisle-13-R3,BIN-267,Keep Refrigerated,207,Expired,32428.62,Incineration,Approved
BAT-2026-96951,SKU-807053,158-7041-46,Metformin 800mg,Antidiabetic,Oral,Tablet,Bottle,SUP-7152,GlobalMed Logistics,India,PO-74418,491,55.22,2.34,0.05,29617.61,74.7,82.17,15,186,13894.2,3623.28,Emergency ICU,Cash,305,200,20,0,2025-04-16,2025-05-05,2026-03-04,322,Room Temperature (15-25°C),15.0,25.0,1,1,Schedule II,1,INS-105,Zone-A,Aisle-6-R3,BIN-482,Protect from Light,305,Expired,16842.1,Incineration,Approved
BAT-2026-26334,SKU-976566,178-2479-88,Ibuprofen 400mg,Analgesic,Oral,Tablet,Strip,SUP-5813,Nexus BioPharma,USA,PO-13049,1798,177.51,9.88,0.18,394376.56,229.87,252.86,5,1300,298831.0,68068.0,Emergency ICU,Cash,498,100,80,0,2025-04-15,2025-08-02,2026-02-08,299,Room Temperature (15-25°C),15.0,25.0,0,1,Non-Controlled,1,INS-105,Cold Vault-1,Aisle-1-R4,BIN-774,Protect from Light,498,Expired,88399.98,Incineration,Approved
BAT-2026-49363,SKU-703139,708-9307-59,Omeprazole 20mg,Gastrointestinal,Oral,Capsule,Bottle,SUP-7152,GlobalMed Logistics,India,PO-54558,518,154.74,4.74,0.0,82610.64,212.22,233.44,0,183,38836.26,10518.84,Emergency ICU,Government Health Aid,335,50,40,0,2024-12-17,2025-01-19,2026-04-26,495,Room Temperature (15-25°C),15.0,25.0,0,0,Non-Controlled,1,INS-106,Zone-A,Aisle-10-R2,BIN-480,Fragile Glass,335,Expired,51837.9,Incineration,Approved
BAT-2026-76469,SKU-715643,573-1672-67,Ceftriaxone 1g,Antibiotic,Injectable,Vial,Vial Pack,SUP-0769,BioCare Distribution,India,PO-67280,388,7.81,0.56,0.0,3247.56,10.59,11.65,20,221,2340.39,614.38,Online Fulfillment,Credit Card,167,50,80,0,2025-05-15,2025-07-31,2025-12-06,205,Cold Chain (2-8°C),2.0,8.0,0,1,Non-Controlled,1,INS-101,Hazmat Vault,Aisle-2-R4,BIN-843,Protect from Light,167,Expired,1304.27,Incineration,Approved
BAT-2026-50538,SKU-121753,929-4084-51,Heparin 5000IU/ml,Anticoagulant,Injectable,Vial,Vial Pack,SUP-9028,PharmaDist Inc,Germany,PO-33659,478,161.81,8.93,0.12,90895.14,233.73,257.1,20,241,56328.93,17332.72,In-Store Pharmacy,Insurance,237,100,40,0,2024-11-19,2025-02-25,2026-07-03,591,Cold Chain (2-8°C),2.0,8.0,1,1,Non-Controlled,1,INS-106,Hazmat Vault,Aisle-14-R5,BIN-664,Keep Refrigerated,237,Expired,38348.97,Incineration,Approved
BAT-2026-97410,SKU-901909,719-8792-74,Heparin 5000IU/ml,Anticoagulant,Injectable,Vial,Vial Pack,SUP-5813,Nexus BioPharma,Switzerland,PO-64386,1896,55.85,2.29,0.18,129293.93,79.39,87.33,5,1584,125753.76,37287.36,Online Fulfillment,Insurance,312,50,40,0,2025-08-26,2025-09-12,2026-10-05,405,Cold Chain (2-8°C),2.0,8.0,0,0,Non-Controlled,1,INS-107,Hazmat Vault,Aisle-8-R4,BIN-653,Standard Handling,0,None,0.0,N/A,N/A
BAT-2026-63528,SKU-804938,254-2013-67,Ibuprofen 400mg,Analgesic,Oral,Tablet,Strip,SUP-0769,BioCare Distribution,UK,PO-13153,1613,14.65,0.44,0.05,25521.69,19.27,21.2,20,1171,22565.17,5410.02,Hospital Outpatient,Cash,442,50,40,0,2025-01-15,2025-03-31,2026-10-13,636,Room Temperature (15-25°C),15.0,25.0,0,1,Non-Controlled,1,INS-107,Zone-B,Aisle-5-R3,BIN-249,Standard Handling,0,None,0.0,N/A,N/A
BAT-2026-52753,SKU-961322,205-6626-20,Omeprazole 20mg,Gastrointestinal,Oral,Capsule,Bottle,SUP-8569,Apex Health Supplies,USA,PO-79193,330,143.04,10.54,0.05,53041.56,240.54,264.59,10,278,66870.12,27105.0,Hospital Outpatient,Insurance,52,100,40,0,2025-02-15,2025-05-20,2026-08-14,545,Room Temperature (15-25°C),15.0,25.0,0,1,Schedule IV,1,INS-106,Zone-A,Aisle-7-R4,BIN-428,Standard Handling,52,Expired,7438.08,Incineration,Approved
BAT-2026-62743,SKU-382602,616-3827-15,Insulin Glargine 100IU/ml,Antidiabetic,Injectable,Vial,Carton Box,SUP-5813,Nexus BioPharma,India,PO-51599,1117,116.18,7.54,0.0,138195.24,153.04,168.34,5,403,61675.12,14854.58,Hospital Outpatient,Insurance,714,100,40,0,2025-10-10,2025-10-30,2026-07-11,274,Cold Chain (2-8°C),2.0,8.0,0,1,Non-Controlled,1,INS-109,Cold Vault-1,Aisle-14-R4,BIN-852,Fragile Glass,714,Expired,82952.52,Incineration,Approved
BAT-2026-48752,SKU-704238,353-8172-66,Atorvastatin 20mg,Cardiovascular,Oral,Tablet,Strip,SUP-9028,PharmaDist Inc,UK,PO-60070,140,17.26,1.06,0.12,2854.77,27.83,30.61,10,118,3283.94,1247.26,Hospital Outpatient,Credit Card,22,100,80,0,2025-04-26,2025-06-11,2026-09-22,514,Room Temperature (15-25°C),15.0,25.0,0,1,Non-Controlled,1,INS-109,Cold Vault-1,Aisle-15-R4,BIN-754,Fragile Glass,0,None,0.0,N/A,N/A
BAT-2026-82667,SKU-142185,636-9564-88,Insulin Glargine 100IU/ml,Antidiabetic,Injectable,Vial,Carton Box,SUP-8569,Apex Health Supplies,Switzerland,PO-43708,1151,92.13,3.42,0.18,129065.54,122.48,134.73,5,828,101413.44,25129.8,Online Fulfillment,Cash,323,100,40,0,2025-05-06,2025-08-18,2025-12-28,236,Cold Chain (2-8°C),2.0,8.0,0,1,Non-Controlled,1,INS-112,Zone-B,Aisle-15-R4,BIN-455,Standard Handling,323,Expired,29757.99,Incineration,Approved
BAT-2026-26683,SKU-900177,262-6962-57,Metformin 800mg,Antidiabetic,Oral,Tablet,Bottle,SUP-5813,Nexus BioPharma,UK,PO-21930,234,73.3,3.17,0.0,17893.98,108.1,118.91,0,112,12107.2,3897.6,In-Store Pharmacy,Insurance,122,100,80,0,2024-10-28,2025-02-03,2025-11-11,379,Room Temperature (15-25°C),15.0,25.0,0,1,Non-Controlled,1,INS-104,Zone-B,Aisle-15-R3,BIN-516,Standard Handling,122,Expired,8942.6,Incineration,Approved
BAT-2026-35144,SKU-893005,389-7347-62,Lisinopril 10mg,Cardiovascular,Oral,Tablet,Bottle,SUP-7152,GlobalMed Logistics,UK,PO-25026,300,100.92,3.0,0.18,36625.68,171.36,188.5,10,170,29131.2,11974.8,In-Store Pharmacy,Cash,130,100,40,0,2025-03-26,2025-04-26,2027-03-15,719,Room Temperature (15-25°C),15.0,25.0,0,1,Non-Controlled,1,INS-104,Zone-B,Aisle-11-R3,BIN-278,Keep Refrigerated,0,None,0.0,N/A,N/A
BAT-2026-65108,SKU-283700,893-6543-96,Propofol 10mg/ml,Anesthetic,Injectable,Ampoule,Ampoule Box,SUP-0769,BioCare Distribution,Switzerland,PO-23019,1963,114.24,6.21,0.12,263353.72,186.47,205.12,5,1779,331730.13,128497.17,Hospital Outpatient,Government Health Aid,184,200,20,0,2025-04-08,2025-04-24,2026-05-20,407,Cold Chain (2-8°C),2.0,8.0,1,1,Non-Controlled,1,INS-110,Hazmat Vault,Aisle-13-R2,BIN-694,Standard Handling,184,Expired,21020.16,Incineration,Approved
BAT-2026-97153,SKU-593355,712-1857-90,Propofol 10mg/ml,Anesthetic,Injectable,Ampoule,Ampoule Box,SUP-5813,Nexus BioPharma,India,PO-81012,879,74.8,5.83,0.12,78763.67,110.9,121.99,20,357,39591.3,12887.7,In-Store Pharmacy,Cash,522,100,20,0,2025-01-09,2025-02-15,2026-04-18,464,Cold Chain (2-8°C),2.0,8.0,1,0,Schedule II,1,INS-109,Zone-A,Aisle-17-R2,BIN-511,Protect from Light,522,Expired,39045.6,Incineration,Approved
BAT-2026-59695,SKU-644173,762-6482-18,Atorvastatin 20mg,Cardiovascular,Oral,Tablet,Strip,SUP-7152,GlobalMed Logistics,USA,PO-32040,1029,52.51,3.75,0.0,57891.54,82.66,90.93,20,545,45049.7,16431.75,In-Store Pharmacy,Insurance,484,200,40,0,2025-03-07,2025-06-10,2026-03-22,380,Room Temperature (15-25°C),15.0,25.0,1,1,Non-Controlled,1,INS-108,Cold Vault-1,Aisle-8-R2,BIN-481,Keep Refrigerated,484,Expired,25414.84,Incineration,Approved
BAT-2026-98777,SKU-783157,437-2548-81,Lisinopril 10mg,Cardiovascular,Oral,Tablet,Bottle,SUP-0769,BioCare Distribution,India,PO-47401,1156,22.38,1.32,0.12,30501.75,35.88,39.47,15,975,34983.0,13162.5,In-Store Pharmacy,Cash,181,200,40,0,2025-02-06,2025-02-27,2025-08-28,203,Room Temperature (15-25°C),15.0,25.0,1,1,Non-Controlled,1,INS-105,Cold Vault-2,Aisle-7-R5,BIN-578,Protect from Light,181,Expired,4050.78,Incineration,Approved
BAT-2026-32810,SKU-563711,794-7333-46,Albuterol Inhaler,Respiratory,Inhalation,Inhaler,Canister Box,SUP-9028,PharmaDist Inc,USA,PO-28878,1171,115.63,7.01,0.18,167983.93,160.15,176.17,5,764,122354.6,34013.28,Online Fulfillment,Cash,407,100,40,0,2025-06-11,2025-08-04,2026-03-03,265,Room Temperature (15-25°C),15.0,25.0,1,1,Non-Controlled,1,INS-102,Cold Vault-1,Aisle-7-R5,BIN-455,Fragile Glass,407,Expired,47061.41,Incineration,Approved
BAT-2026-90676,SKU-391668,358-3463-52,Ceftriaxone 1g,Antibiotic,Injectable,Vial,Vial Pack,SUP-7152,GlobalMed Logistics,Germany,PO-33942,602,145.11,5.25,0.18,106240.84,218.09,239.9,0,274,59756.66,19996.52,Online Fulfillment,Insurance,328,50,20,0,2025-05-08,2025-09-05,2027-02-03,636,Cold Chain (2-8°C),2.0,8.0,1,1,Non-Controlled,1,INS-102,Cold Vault-2,Aisle-12-R4,BIN-885,Fragile Glass,0,None,0.0,N/A,N/A
BAT-2026-84593,SKU-290305,183-3317-54,Heparin 5000IU/ml,Anticoagulant,Injectable,Vial,Vial Pack,SUP-5813,Nexus BioPharma,India,PO-43496,506,47.22,2.1,0.0,24955.92,71.09,78.2,15,321,22819.89,7662.27,Hospital Outpatient,Government Health Aid,185,200,80,0,2025-06-30,2025-10-24,2026-03-26,269,Cold Chain (2-8°C),2.0,8.0,1,1,Schedule IV,1,INS-104,Zone-B,Aisle-18-R4,BIN-399,Keep Refrigerated,185,Expired,8735.7,Incineration,Pending Audit
BAT-2026-49446,SKU-713762,417-7421-26,Albuterol Inhaler,Respiratory,Inhalation,Inhaler,Canister Box,SUP-8569,Apex Health Supplies,India,PO-21747,1697,102.75,2.18,0.12,198990.22,146.86,161.55,20,1036,152146.96,45697.96,Emergency ICU,Government Health Aid,661,50,80,0,2025-01-16,2025-02-12,2026-12-21,704,Room Temperature (15-25°C),15.0,25.0,0,0,Non-Controlled,1,INS-103,Zone-A,Aisle-12-R3,BIN-251,Standard Handling,0,None,0.0,N/A,N/A
BAT-2026-63225,SKU-557058,709-2388-49,Ceftriaxone 1g,Antibiotic,Injectable,Vial,Vial Pack,SUP-7152,GlobalMed Logistics,Switzerland,PO-30214,1851,10.72,0.72,0.05,22167.58,16.73,18.4,0,1625,27186.25,9766.25,Emergency ICU,Cash,226,100,20,0,2025-01-14,2025-03-28,2026-08-20,583,Cold Chain (2-8°C),2.0,8.0,0,1,Non-Controlled,1,INS-106,Zone-B,Aisle-7-R4,BIN-933,Protect from Light,226,Expired,2422.72,Incineration,Approved
BAT-2026-81819,SKU-765620,672-7171-92,Azithromycin 250mg,Antibiotic,Oral,Tablet,Blister Pack,SUP-5813,Nexus BioPharma,USA,PO-50212,904,172.86,11.42,0.12,185340.97,220.75,242.83,5,327,72185.25,15660.03,Emergency ICU,Credit Card,577,100,80,0,2025-07-04,2025-10-05,2026-07-18,379,Room Temperature (15-25°C),15.0,25.0,1,1,Non-Controlled,0,INS-112,Zone-B,Aisle-5-R4,BIN-788,Keep Refrigerated,577,Expired,99740.22,Incineration,Approved
BAT-2026-10053,SKU-953797,910-6381-26,Metformin 800mg,Antidiabetic,Oral,Tablet,Bottle,SUP-8569,Apex Health Supplies,Germany,PO-63382,198,50.42,1.04,0.0,10189.08,81.49,89.64,20,97,7904.53,3013.79,Hospital Outpatient,Credit Card,101,200,40,0,2024-12-28,2025-02-02,2026-11-10,682,Room Temperature (15-25°C),15.0,25.0,1,1,Non-Controlled,1,INS-108,Cold Vault-2,Aisle-4-R5,BIN-869,Keep Refrigerated,0,None,0.0,N/A,N/A
BAT-2026-49829,SKU-615611,786-9624-21,Insulin Glargine 100IU/ml,Antidiabetic,Injectable,Vial,Carton Box,SUP-0769,BioCare Distribution,India,PO-98946,783,95.41,7.13,0.0,80288.82,139.72,153.69,15,510,71257.2,22598.1,Hospital Outpatient,Government Health Aid,273,100,40,0,2024-11-02,2025-01-31,2026-03-22,505,Cold Chain (2-8°C),2.0,8.0,0,1,Non-Controlled,1,INS-112,Cold Vault-1,Aisle-15-R3,BIN-606,Fragile Glass,273,Expired,26046.93,Incineration,Approved
BAT-2026-47606,SKU-195674,761-7937-75,Propofol 10mg/ml,Anesthetic,Injectable,Ampoule,Ampoule Box,SUP-0769,BioCare Distribution,USA,PO-32176,1995,77.83,4.58,0.05,172171.49,119.35,131.28,20,1077,128539.95,44717.04,Online Fulfillment,Government Health Aid,918,200,40,0,2025-03-17,2025-04-09,2027-02-18,703,Cold Chain (2-8°C),2.0,8.0,0,1,Non-Controlled,1,INS-110,Cold Vault-1,Aisle-20-R4,BIN-791,Fragile Glass,0,None,0.0,N/A,N/A
BAT-2026-37549,SKU-592841,470-1298-56,Omeprazole 20mg,Gastrointestinal,Oral,Capsule,Bottle,SUP-9028,PharmaDist Inc,Switzerland,PO-17721,825,31.72,1.78,0.0,27637.5,46.07,50.68,10,473,21791.11,6787.55,Online Fulfillment,Government Health Aid,352,200,80,0,2025-02-20,2025-06-19,2025-10-15,237,Room Temperature (15-25°C),15.0,25.0,1,1,Non-Controlled,1,INS-108,Cold Vault-2,Aisle-2-R2,BIN-655,Keep Refrigerated,352,Expired,11165.44,Incineration,Approved
BAT-2026-66346,SKU-464863,416-3953-37,Paracetamol 650mg,Analgesic,Oral,Tablet,Strip,SUP-0769,BioCare Distribution,USA,PO-90540,1670,186.37,3.82,0.0,317617.3,261.03,287.13,15,733,191334.99,54725.78,Hospital Outpatient,Credit Card,937,100,80,0,2024-10-25,2025-02-21,2026-04-27,549,Room Temperature (15-25°C),15.0,25.0,1,0,Non-Controlled,1,INS-101,Cold Vault-1,Aisle-7-R3,BIN-517,Standard Handling,937,Expired,174628.69,Incineration,Approved
BAT-2026-86019,SKU-528184,449-8967-34,Sertraline 50mg,Psychiatric,Oral,Tablet,Blister Pack,SUP-0769,BioCare Distribution,Germany,PO-52636,1060,171.78,6.04,0.05,197593.54,242.63,266.89,20,580,140725.4,41093.0,In-Store Pharmacy,Government Health Aid,480,200,80,0,2025-09-16,2025-10-14,2027-04-26,587,Room Temperature (15-25°C),15.0,25.0,0,1,Non-Controlled,1,INS-111,Zone-B,Aisle-18-R2,BIN-468,Fragile Glass,187,Packaging Defect,32122.86,N/A,Pending Audit
BAT-2026-89516,SKU-449499,331-3253-29,Amoxicillin 500mg,Antibiotic,Oral,Capsule,Blister Pack,SUP-0769,BioCare Distribution,UK,PO-33784,1862,111.47,7.61,0.05,232104.82,167.45,184.19,15,1025,171636.25,57379.5,Emergency ICU,Government Health Aid,837,200,40,0,2025-03-21,2025-04-19,2026-02-15,331,Room Temperature (15-25°C),15.0,25.0,1,1,Non-Controlled,1,INS-107,Cold Vault-1,Aisle-13-R5,BIN-542,Standard Handling,837,Expired,93300.39,Incineration,Approved
BAT-2026-95813,SKU-436653,179-5846-22,Lorazepam 1mg,Psychiatric,Oral,Tablet,Bottle,SUP-9028,PharmaDist Inc,Switzerland,PO-13561,712,182.96,7.01,0.18,158706.79,305.42,335.96,5,502,153320.84,61474.92,Hospital Outpatient,Credit Card,210,50,80,0,2025-06-17,2025-09-03,2027-02-24,617,Room Temperature (15-25°C),15.0,25.0,1,1,Schedule IV,1,INS-112,Hazmat Vault,Aisle-14-R2,BIN-188,Keep Refrigerated,0,None,0.0,N/A,N/A
BAT-2026-52237,SKU-802685,619-9843-77,Paracetamol 650mg,Analgesic,Oral,Tablet,Strip,SUP-9028,PharmaDist Inc,Switzerland,PO-17667,1585,148.65,11.6,0.0,253996.25,203.05,223.36,10,768,155942.4,41779.2,Online Fulfillment,Credit Card,817,100,40,0,2025-03-29,2025-06-28,2026-10-08,558,Room Temperature (15-25°C),15.0,25.0,0,1,Non-Controlled,1,INS-112,Cold Vault-1,Aisle-15-R1,BIN-716,Protect from Light,0,None,0.0,N/A,N/A
BAT-2026-70946,SKU-209680,138-6517-89,Insulin Glargine 100IU/ml,Antidiabetic,Injectable,Vial,Carton Box,SUP-0769,BioCare Distribution,Switzerland,PO-49062,742,85.04,4.98,0.05,69949.82,107.06,117.77,10,673,72051.38,14819.46,In-Store Pharmacy,Insurance,69,50,80,0,2025-01-12,2025-05-09,2026-08-10,575,Cold Chain (2-8°C),2.0,8.0,0,1,Non-Controlled,1,INS-108,Cold Vault-2,Aisle-7-R4,BIN-359,Keep Refrigerated,69,Expired,5867.76,Incineration,Approved
BAT-2026-67905,SKU-999398,234-7172-29,Ibuprofen 400mg,Analgesic,Oral,Tablet,Strip,SUP-0769,BioCare Distribution,UK,PO-61110,1892,65.72,2.99,0.18,152380.92,85.74,94.31,20,1202,103059.48,24064.04,Hospital Outpatient,Insurance,690,200,80,0,2025-07-27,2025-10-28,2027-02-08,561,Room Temperature (15-25°C),15.0,25.0,1,1,Non-Controlled,0,INS-104,Zone-A,Aisle-19-R2,BIN-240,Standard Handling,0,None,0.0,N/A,N/A
BAT-2026-67954,SKU-268637,266-3962-98,Insulin Glargine 100IU/ml,Antidiabetic,Injectable,Vial,Carton Box,SUP-0769,BioCare Distribution,Germany,PO-22942,1128,84.42,3.6,0.0,99286.56,138.48,152.33,15,916,126847.68,49518.96,Hospital Outpatient,Cash,212,200,20,0,2024-12-18,2025-01-30,2025-06-28,192,Cold Chain (2-8°C),2.0,8.0,0,1,Non-Controlled,1,INS-105,Hazmat Vault,Aisle-9-R5,BIN-440,Standard Handling,212,Expired,17897.04,Incineration,Approved
BAT-2026-98555,SKU-445824,889-3712-66,Sertraline 50mg,Psychiatric,Oral,Tablet,Blister Pack,SUP-7152,GlobalMed Logistics,Switzerland,PO-51948,1341,144.62,5.92,0.05,211570.91,243.45,267.8,15,947,230547.15,93592.01,Emergency ICU,Government Health Aid,394,100,20,0,2025-09-15,2025-10-08,2026-12-30,471,Room Temperature (15-25°C),15.0,25.0,0,1,Schedule IV,1,INS-110,Cold Vault-2,Aisle-5-R4,BIN-467,Protect from Light,0,None,0.0,N/A,N/A
BAT-2026-38010,SKU-531641,144-7731-56,Ibuprofen 400mg,Analgesic,Oral,Tablet,Strip,SUP-9028,PharmaDist Inc,USA,PO-28672,602,55.71,1.96,0.0,34717.34,74.63,82.09,15,512,38210.56,9687.04,Online Fulfillment,Insurance,90,200,20,0,2024-10-06,2025-01-31,2026-03-23,533,Room Temperature (15-25°C),15.0,25.0,0,1,Non-Controlled,1,INS-110,Cold Vault-2,Aisle-19-R2,BIN-760,Fragile Glass,90,Expired,5013.9,Incineration,Approved
BAT-2026-77000,SKU-827369,792-4891-66,Ceftriaxone 1g,Antibiotic,Injectable,Vial,Vial Pack,SUP-9028,PharmaDist Inc,Germany,PO-64109,866,17.42,0.84,0.18,18528.59,26.29,28.92,10,742,19507.18,6581.54,Online Fulfillment,Insurance,124,200,20,0,2025-04-12,2025-05-22,2026-10-03,539,Cold Chain (2-8°C),2.0,8.0,1,1,Non-Controlled,0,INS-107,Hazmat Vault,Aisle-5-R4,BIN-577,Standard Handling,0,None,0.0,N/A,N/A
BAT-2026-72021,SKU-619536,725-5668-67,Albuterol Inhaler,Respiratory,Inhalation,Inhaler,Canister Box,SUP-7152,GlobalMed Logistics,USA,PO-52495,497,75.82,4.6,0.12,44490.64,116.92,128.61,20,404,47235.68,16604.4,Hospital Outpatient,Cash,93,200,80,0,2025-04-10,2025-06-18,2026-08-18,495,Room Temperature (15-25°C),15.0,25.0,0,1,Non-Controlled,1,INS-101,Hazmat Vault,Aisle-11-R4,BIN-561,Protect from Light,93,Expired,7051.26,Incineration,Approved
BAT-2026-32241,SKU-402218,339-9749-40,Paracetamol 650mg,Analgesic,Oral,Tablet,Strip,SUP-7152,GlobalMed Logistics,UK,PO-43807,970,101.4,7.04,0.0,105186.8,134.71,148.18,15,355,47822.05,11825.05,Online Fulfillment,Cash,615,200,20,0,2025-01-25,2025-03-24,2026-10-23,636,Room Temperature (15-25°C),15.0,25.0,1,1,Non-Controlled,1,INS-102,Zone-A,Aisle-8-R2,BIN-871,Fragile Glass,0,None,0.0,N/A,N/A
BAT-2026-96356,SKU-794769,416-8684-34,Ceftriaxone 1g,Antibiotic,Injectable,Vial,Vial Pack,SUP-7152,GlobalMed Logistics,India,PO-59219,894,180.58,7.91,0.0,168510.06,289.13,318.04,20,595,172032.35,64587.25,Online Fulfillment,Credit Card,299,50,80,0,2024-09-10,2025-01-06,2025-06-06,269,Cold Chain (2-8°C),2.0,8.0,1,1,Non-Controlled,1,INS-101,Hazmat Vault,Aisle-16-R3,BIN-652,Keep Refrigerated,299,Expired,53993.42,Incineration,Approved
BAT-2026-21114,SKU-519904,476-8218-69,Ceftriaxone 1g,Antibiotic,Injectable,Vial,Vial Pack,SUP-9028,PharmaDist Inc,UK,PO-25855,492,37.51,0.98,0.0,18937.08,52.88,58.17,0,250,13220.0,3842.5,Online Fulfillment,Government Health Aid,242,200,40,0,2025-07-15,2025-11-01,2026-08-19,400,Cold Chain (2-8°C),2.0,8.0,1,0,Non-Controlled,1,INS-111,Zone-B,Aisle-20-R5,BIN-982,Protect from Light,242,Expired,9077.42,Incineration,Approved
BAT-2026-47196,SKU-953085,887-5616-58,Albuterol Inhaler,Respiratory,Inhalation,Inhaler,Canister Box,SUP-9028,PharmaDist Inc,Switzerland,PO-16799,306,161.26,8.17,0.0,51845.58,250.43,275.47,5,133,33307.19,11859.61,Emergency ICU,Government Health Aid,173,50,20,0,2025-07-08,2025-10-17,2027-04-03,634,Room Temperature (15-25°C),15.0,25.0,1,1,Non-Controlled,1,INS-106,Cold Vault-2,Aisle-17-R1,BIN-796,Keep Refrigerated,0,None,0.0,N/A,N/A
BAT-2026-77561,SKU-897441,614-9641-63,Omeprazole 20mg,Gastrointestinal,Oral,Capsule,Bottle,SUP-8569,Apex Health Supplies,India,PO-36549,1138,196.32,11.73,0.05,247931.51,288.47,317.32,5,980,282700.6,90307.0,Online Fulfillment,Credit Card,158,50,40,0,2025-06-08,2025-08-13,2027-02-03,605,Room Temperature (15-25°C),15.0,25.0,0,1,Non-Controlled,1,INS-105,Cold Vault-1,Aisle-4-R1,BIN-268,Keep Refrigerated,0,None,0.0,N/A,N/A
BAT-2026-97012,SKU-676818,265-4271-87,Propofol 10mg/ml,Anesthetic,Injectable,Ampoule,Ampoule Box,SUP-8569,Apex Health Supplies,India,PO-41407,1981,190.91,13.48,0.12,450279.72,301.91,332.1,5,1435,433240.85,159285.0,In-Store Pharmacy,Cash,546,100,80,0,2025-07-28,2025-09-22,2027-04-22,633,Cold Chain (2-8°C),2.0,8.0,1,1,Non-Controlled,1,INS-109,Zone-A,Aisle-3-R1,BIN-143,Fragile Glass,0,None,0.0,N/A,N/A
BAT-2026-92960,SKU-138479,241-5096-16,Atorvastatin 20mg,Cardiovascular,Oral,Tablet,Strip,SUP-8569,Apex Health Supplies,Germany,PO-88250,1677,15.65,0.66,0.0,27351.87,25.83,28.41,15,670,17306.1,6820.6,In-Store Pharmacy,Cash,1007,50,80,0,2025-01-09,2025-02-08,2026-04-29,475,Room Temperature (15-25°C),15.0,25.0,1,1,Non-Controlled,1,INS-106,Cold Vault-2,Aisle-1-R1,BIN-451,Protect from Light,1007,Expired,15759.55,Incineration,Approved
BAT-2026-91167,SKU-576919,756-8873-57,Propofol 10mg/ml,Anesthetic,Injectable,Ampoule,Ampoule Box,SUP-9028,PharmaDist Inc,Germany,PO-86812,991,94.09,5.54,0.05,103395.49,133.75,147.12,5,562,75167.5,22288.92,Emergency ICU,Credit Card,429,50,80,0,2024-10-01,2025-01-11,2025-09-13,347,Cold Chain (2-8°C),2.0,8.0,0,1,Non-Controlled,1,INS-108,Hazmat Vault,Aisle-11-R1,BIN-618,Protect from Light,429,Expired,40364.61,Incineration,Approved
BAT-2026-53933,SKU-192337,667-2680-76,Lorazepam 1mg,Psychiatric,Oral,Tablet,Bottle,SUP-7152,GlobalMed Logistics,Germany,PO-40997,1584,57.9,3.27,0.12,107898.91,79.84,87.82,15,1421,113452.64,31176.74,Online Fulfillment,Cash,163,50,20,0,2025-09-05,2025-12-02,2027-05-12,614,Room Temperature (15-25°C),15.0,25.0,1,1,Non-Controlled,1,INS-105,Cold Vault-1,Aisle-11-R3,BIN-980,Keep Refrigerated,0,None,0.0,N/A,N/A
BAT-2026-22240,SKU-429795,971-3042-46,Amoxicillin 500mg,Antibiotic,Oral,Capsule,Blister Pack,SUP-9028,PharmaDist Inc,UK,PO-74615,1814,169.28,6.42,0.18,373993.11,259.72,285.69,5,1268,329324.96,114677.92,Online Fulfillment,Government Health Aid,546,100,80,0,2025-06-26,2025-09-18,2027-02-20,604,Room Temperature (15-25°C),15.0,25.0,1,1,Non-Controlled,1,INS-102,Zone-B,Aisle-7-R2,BIN-740,Protect from Light,0,None,0.0,N/A,N/A
BAT-2026-40784,SKU-364659,185-3626-44,Ibuprofen 400mg,Analgesic,Oral,Tablet,Strip,SUP-8569,Apex Health Supplies,Germany,PO-76666,1698,66.81,1.77,0.18,136868.65,87.87,96.66,10,1199,105356.13,25250.94,Online Fulfillment,Government Health Aid,499,200,40,0,2025-08-16,2025-09-17,2026-07-04,322,Room Temperature (15-25°C),15.0,25.0,1,1,Schedule II,1,INS-108,Cold Vault-1,Aisle-7-R3,BIN-248,Standard Handling,499,Expired,33338.19,Incineration,Approved
BAT-2026-98184,SKU-438977,560-9410-28,Lisinopril 10mg,Cardiovascular,Oral,Tablet,Bottle,SUP-7152,GlobalMed Logistics,Germany,PO-76115,963,111.51,2.66,0.18,129274.85,147.8,162.58,15,461,68135.8,16729.69,Online Fulfillment,Cash,502,100,80,0,2025-02-18,2025-04-15,2025-11-13,268,Room Temperature (15-25°C),15.0,25.0,1,1,Non-Controlled,1,INS-103,Zone-A,Aisle-3-R3,BIN-713,Fragile Glass,502,Expired,55978.02,Incineration,Approved
BAT-2026-50687,SKU-221552,950-8167-21,Paracetamol 650mg,Analgesic,Oral,Tablet,Strip,SUP-7152,GlobalMed Logistics,Germany,PO-60469,842,3.58,0.28,0.18,3792.7,5.78,6.36,15,410,2369.8,902.0,Hospital Outpatient,Credit Card,432,50,80,0,2024-11-09,2025-03-05,2025-10-02,327,Room Temperature (15-25°C),15.0,25.0,0,1,Non-Controlled,1,INS-112,Cold Vault-2,Aisle-20-R3,BIN-449,Protect from Light,432,Expired,1546.56,Incineration,Approved
BAT-2026-39444,SKU-910075,327-8391-54,Ibuprofen 400mg,Analgesic,Oral,Tablet,Strip,SUP-7152,GlobalMed Logistics,Germany,PO-25083,1364,41.73,2.44,0.18,70493.43,58.5,64.35,20,596,34866.0,9994.92,Hospital Outpatient,Cash,768,50,20,0,2025-05-25,2025-07-06,2026-06-21,392,Room Temperature (15-25°C),15.0,25.0,0,1,Non-Controlled,1,INS-102,Hazmat Vault,Aisle-19-R4,BIN-653,Keep Refrigerated,768,Expired,32048.64,Incineration,Approved
BAT-2026-36100,SKU-523808,127-7797-16,Heparin 5000IU/ml,Anticoagulant,Injectable,Vial,Vial Pack,SUP-7152,GlobalMed Logistics,Switzerland,PO-45296,663,113.63,8.15,0.12,89780.54,174.32,191.75,5,598,104243.36,36292.62,Online Fulfillment,Government Health Aid,65,50,80,0,2025-01-25,2025-05-17,2026-05-30,490,Cold Chain (2-8°C),2.0,8.0,0,0,Non-Controlled,1,INS-106,Hazmat Vault,Aisle-16-R3,BIN-747,Fragile Glass,65,Expired,7385.95,Incineration,Pending Audit
BAT-2026-29313,SKU-639593,505-9224-57,Propofol 10mg/ml,Anesthetic,Injectable,Ampoule,Ampoule Box,SUP-9028,PharmaDist Inc,UK,PO-17947,1120,62.17,2.22,0.0,72116.8,93.7,103.07,10,972,91076.4,30647.16,Hospital Outpatient,Cash,148,100,40,0,2025-01-01,2025-01-21,2026-10-29,666,Cold Chain (2-8°C),2.0,8.0,0,0,Non-Controlled,1,INS-112,Zone-B,Aisle-6-R3,BIN-951,Standard Handling,0,None,0.0,N/A,N/A
BAT-2026-13201,SKU-964998,341-7326-20,Sertraline 50mg,Psychiatric,Oral,Tablet,Blister Pack,SUP-5813,Nexus BioPharma,India,PO-51724,195,125.3,7.85,0.18,30362.28,204.49,224.94,10,104,21266.96,8235.76,Online Fulfillment,Cash,91,100,40,0,2024-11-12,2025-02-10,2026-10-30,717,Room Temperature (15-25°C),15.0,25.0,0,0,Non-Controlled,1,INS-107,Hazmat Vault,Aisle-10-R1,BIN-862,Standard Handling,0,None,0.0,N/A,N/A
BAT-2026-16057,SKU-101206,483-4678-13,Atorvastatin 20mg,Cardiovascular,Oral,Tablet,Strip,SUP-5813,Nexus BioPharma,Germany,PO-70925,1857,93.86,6.9,0.0,187111.32,120.34,132.37,20,1223,147175.82,32385.04,Emergency ICU,Cash,634,50,20,0,2025-03-12,2025-04-18,2026-08-17,523,Room Temperature (15-25°C),15.0,25.0,0,1,Non-Controlled,1,INS-103,Cold Vault-1,Aisle-18-R2,BIN-263,Fragile Glass,634,Expired,59507.24,Incineration,Approved
BAT-2026-42092,SKU-789606,426-2623-93,Sertraline 50mg,Psychiatric,Oral,Tablet,Blister Pack,SUP-5813,Nexus BioPharma,Switzerland,PO-82498,584,119.15,4.52,0.0,72223.28,157.62,173.38,0,273,43030.26,10502.31,Emergency ICU,Cash,311,100,20,0,2025-06-28,2025-08-24,2026-03-02,247,Room Temperature (15-25°C),15.0,25.0,1,1,Non-Controlled,1,INS-103,Cold Vault-2,Aisle-5-R2,BIN-971,Protect from Light,311,Expired,37055.65,Incineration,Approved
BAT-2026-72277,SKU-668950,443-3392-27,Ibuprofen 400mg,Analgesic,Oral,Tablet,Strip,SUP-8569,Apex Health Supplies,USA,PO-63356,1530,99.69,2.89,0.0,156947.4,134.85,148.34,5,656,88461.6,23064.96,In-Store Pharmacy,Insurance,874,100,40,0,2025-07-27,2025-08-19,2027-02-11,564,Room Temperature (15-25°C),15.0,25.0,1,1,Non-Controlled,1,INS-110,Cold Vault-1,Aisle-14-R1,BIN-917,Standard Handling,0,None,0.0,N/A,N/A
BAT-2026-90120,SKU-584417,139-5700-70,Azithromycin 250mg,Antibiotic,Oral,Tablet,Blister Pack,SUP-9028,PharmaDist Inc,Switzerland,PO-18579,330,154.98,10.22,0.0,54516.0,215.82,237.4,0,217,46832.94,13202.28,Emergency ICU,Cash,113,50,80,0,2025-05-24,2025-06-23,2026-02-18,270,Room Temperature (15-25°C),15.0,25.0,0,1,Non-Controlled,1,INS-105,Zone-A,Aisle-18-R5,BIN-687,Fragile Glass,113,Expired,17512.74,Incineration,Pending Audit
BAT-2026-19545,SKU-533321,812-3273-70,Paracetamol 650mg,Analgesic,Oral,Tablet,Strip,SUP-7152,GlobalMed Logistics,Germany,PO-73461,848,40.69,3.01,0.0,37057.6,56.2,61.82,10,683,38384.6,10593.33,Online Fulfillment,Government Health Aid,165,200,40,0,2025-05-13,2025-07-02,2025-11-15,186,Room Temperature (15-25°C),15.0,25.0,0,1,Non-Controlled,1,INS-110,Zone-A,Aisle-14-R2,BIN-242,Protect from Light,165,Expired,6713.85,Incineration,Pending Audit
BAT-2026-69692,SKU-156837,559-1086-20,Atorvastatin 20mg,Cardiovascular,Oral,Tablet,Strip,SUP-9028,PharmaDist Inc,Switzerland,PO-13788,1778,180.29,12.32,0.12,380927.25,247.06,271.77,15,1496,369601.76,99887.92,Emergency ICU,Government Health Aid,282,100,20,0,2025-01-12,2025-02-14,2026-09-03,599,Room Temperature (15-25°C),15.0,25.0,0,1,Schedule IV,1,INS-104,Cold Vault-2,Aisle-18-R5,BIN-935,Standard Handling,238,Recall,42909.02,N/A,Approved
BAT-2026-64321,SKU-296694,119-5193-37,Ceftriaxone 1g,Antibiotic,Injectable,Vial,Vial Pack,SUP-7152,GlobalMed Logistics,UK,PO-63411,1294,152.58,10.4,0.0,210896.12,234.99,258.49,20,680,159793.2,56038.8,Hospital Outpatient,Government Health Aid,614,50,20,0,2025-03-11,2025-06-30,2026-06-13,459,Cold Chain (2-8°C),2.0,8.0,0,1,Schedule IV,1,INS-109,Hazmat Vault,Aisle-16-R3,BIN-911,Keep Refrigerated,614,Expired,93684.12,Incineration,Approved
BAT-2026-92544,SKU-643623,955-3449-80,Insulin Glargine 100IU/ml,Antidiabetic,Injectable,Vial,Carton Box,SUP-8569,Apex Health Supplies,USA,PO-93039,640,50.54,2.83,0.12,38038.27,69.34,76.27,10,481,33352.54,9042.8,Online Fulfillment,Cash,159,50,40,0,2025-02-15,2025-04-24,2026-10-12,604,Cold Chain (2-8°C),2.0,8.0,0,1,Non-Controlled,1,INS-102,Cold Vault-2,Aisle-8-R1,BIN-310,Keep Refrigerated,0,None,0.0,N/A,N/A
BAT-2026-85454,SKU-479353,844-9647-64,Omeprazole 20mg,Gastrointestinal,Oral,Capsule,Bottle,SUP-9028,PharmaDist Inc,Germany,PO-40636,1159,3.26,0.19,0.12,4451.95,4.73,5.2,5,751,3552.23,1103.97,Emergency ICU,Cash,408,50,20,0,2025-05-04,2025-06-09,2026-04-28,359,Room Temperature (15-25°C),15.0,25.0,1,1,Non-Controlled,1,INS-108,Hazmat Vault,Aisle-5-R4,BIN-944,Fragile Glass,408,Expired,1330.08,Incineration,Approved
BAT-2026-35485,SKU-752878,213-5720-40,Amoxicillin 500mg,Antibiotic,Oral,Capsule,Blister Pack,SUP-8569,Apex Health Supplies,Switzerland,PO-12440,624,83.19,5.06,0.0,55068.0,136.29,149.92,20,266,36253.14,14124.6,Online Fulfillment,Cash,358,50,40,0,2025-07-06,2025-10-18,2027-04-20,653,Room Temperature (15-25°C),15.0,25.0,1,1,Non-Controlled,1,INS-104,Cold Vault-2,Aisle-4-R1,BIN-809,Standard Handling,0,None,0.0,N/A,N/A
BAT-2026-60328,SKU-893188,408-2996-16,Lisinopril 10mg,Cardiovascular,Oral,Tablet,Bottle,SUP-8569,Apex Health Supplies,India,PO-45279,1283,48.13,3.05,0.12,73074.03,68.03,74.83,0,1177,80071.31,23422.3,In-Store Pharmacy,Government Health Aid,106,200,40,0,2024-12-07,2025-02-07,2025-10-23,320,Room Temperature (15-25°C),15.0,25.0,1,1,Non-Controlled,1,INS-106,Zone-B,Aisle-5-R4,BIN-505,Fragile Glass,106,Expired,5101.78,Incineration,Approved
BAT-2026-74799,SKU-622707,344-7878-91,Heparin 5000IU/ml,Anticoagulant,Injectable,Vial,Vial Pack,SUP-8569,Apex Health Supplies,Switzerland,PO-82623,1962,70.59,4.19,0.18,171647.92,106.88,117.57,15,1777,189925.76,64487.33,Hospital Outpatient,Cash,185,50,40,0,2025-09-04,2025-11-28,2026-09-23,384,Cold Chain (2-8°C),2.0,8.0,1,1,Non-Controlled,1,INS-110,Cold Vault-2,Aisle-16-R4,BIN-183,Keep Refrigerated,0,None,0.0,N/A,N/A
BAT-2026-62383,SKU-755788,912-8489-18,Lisinopril 10mg,Cardiovascular,Oral,Tablet,Bottle,SUP-9028,PharmaDist Inc,Switzerland,PO-86830,1822,168.24,13.43,0.18,386178.73,283.4,311.74,20,788,223319.2,90746.08,Emergency ICU,Government Health Aid,1034,50,80,0,2024-12-18,2025-01-23,2025-12-23,370,Room Temperature (15-25°C),15.0,25.0,0,1,Non-Controlled,1,INS-109,Zone-B,Aisle-16-R2,BIN-943,Fragile Glass,1034,Expired,173960.16,Incineration,Approved
BAT-2026-41979,SKU-563513,213-9189-86,Atorvastatin 20mg,Cardiovascular,Oral,Tablet,Strip,SUP-7152,GlobalMed Logistics,Germany,PO-98486,1366,175.69,6.25,0.18,291728.7,252.34,277.57,20,1204,303817.36,92286.6,Hospital Outpatient,Cash,162,200,80,0,2025-01-04,2025-03-16,2026-07-28,570,Room Temperature (15-25°C),15.0,25.0,0,1,Non-Controlled,1,INS-111,Zone-B,Aisle-1-R5,BIN-529,Fragile Glass,162,Expired,28461.78,Incineration,Approved
BAT-2026-29342,SKU-896907,648-1269-90,Propofol 10mg/ml,Anesthetic,Injectable,Ampoule,Ampoule Box,SUP-7152,GlobalMed Logistics,UK,PO-23305,1209,190.3,8.59,0.0,240458.01,253.62,278.98,10,1055,267569.1,66802.6,Hospital Outpatient,Insurance,154,200,80,0,2025-03-25,2025-05-10,2026-07-14,476,Cold Chain (2-8°C),2.0,8.0,0,0,Non-Controlled,1,INS-105,Zone-A,Aisle-12-R4,BIN-214,Fragile Glass,154,Expired,29306.2,Incineration,Approved
BAT-2026-95990,SKU-154118,627-4963-28,Sertraline 50mg,Psychiatric,Oral,Tablet,Blister Pack,SUP-0769,BioCare Distribution,India,PO-42285,1919,2.29,0.1,0.18,5377.42,2.89,3.18,15,1018,2942.02,610.8,Emergency ICU,Insurance,901,50,40,0,2025-07-01,2025-09-28,2027-05-14,682,Room Temperature (15-25°C),15.0,25.0,0,0,Schedule II,1,INS-109,Cold Vault-2,Aisle-19-R5,BIN-613,Fragile Glass,0,None,0.0,N/A,N/A
BAT-2026-10726,SKU-313446,398-8032-10,Insulin Glargine 100IU/ml,Antidiabetic,Injectable,Vial,Carton Box,SUP-8569,Apex Health Supplies,UK,PO-82706,677,132.15,2.92,0.05,95915.67,208.47,229.32,15,452,94228.44,34496.64,Online Fulfillment,Government Health Aid,225,100,20,0,2025-06-15,2025-07-05,2026-01-24,223,Cold Chain (2-8°C),2.0,8.0,1,1,Non-Controlled,1,INS-109,Cold Vault-1,Aisle-6-R4,BIN-657,Fragile Glass,225,Expired,29733.75,Incineration,Approved
BAT-2026-23970,SKU-380028,729-6780-40,Propofol 10mg/ml,Anesthetic,Injectable,Ampoule,Ampoule Box,SUP-9028,PharmaDist Inc,UK,PO-95400,781,170.1,10.63,0.05,147792.54,263.3,289.63,15,695,182993.5,64774.0,Hospital Outpatient,Cash,86,200,40,0,2025-09-30,2025-11-01,2027-02-01,489,Cold Chain (2-8°C),2.0,8.0,0,1,Non-Controlled,1,INS-105,Cold Vault-1,Aisle-1-R4,BIN-142,Keep Refrigerated,36,Temperature Breach,6123.6,Hazardous Bio-Waste,Approved
BAT-2026-65724,SKU-675898,684-7825-33,Heparin 5000IU/ml,Anticoagulant,Injectable,Vial,Vial Pack,SUP-9028,PharmaDist Inc,India,PO-26458,656,145.99,7.93,0.05,105759.99,244.27,268.7,15,273,66685.71,26830.44,Hospital Outpatient,Government Health Aid,383,50,20,0,2025-04-30,2025-05-27,2026-09-03,491,Cold Chain (2-8°C),2.0,8.0,1,1,Non-Controlled,1,INS-112,Zone-B,Aisle-19-R3,BIN-632,Protect from Light,0,None,0.0,N/A,N/A
BAT-2026-38683,SKU-237377,780-2402-77,Paracetamol 650mg,Analgesic,Oral,Tablet,Strip,SUP-7152,GlobalMed Logistics,USA,PO-49926,1697,22.58,0.71,0.18,46420.42,35.34,38.87,15,901,31841.34,11496.76,Hospital Outpatient,Credit Card,796,200,80,0,2024-10-31,2025-02-24,2026-09-16,685,Room Temperature (15-25°C),15.0,25.0,1,1,Non-Controlled,0,INS-101,Cold Vault-1,Aisle-11-R1,BIN-206,Protect from Light,0,None,0.0,N/A,N/A
BAT-2026-33053,SKU-402020,469-2108-77,Lorazepam 1mg,Psychiatric,Oral,Tablet,Bottle,SUP-5813,Nexus BioPharma,UK,PO-84481,1112,106.9,6.8,0.12,140699.14,137.48,151.23,10,946,130056.08,28928.68,Emergency ICU,Credit Card,166,100,40,0,2025-08-02,2025-11-05,2027-05-18,654,Room Temperature (15-25°C),15.0,25.0,1,1,Non-Controlled,1,INS-103,Zone-B,Aisle-12-R1,BIN-689,Keep Refrigerated,0,None,0.0,N/A,N/A
BAT-2026-77889,SKU-559398,657-9312-74,Ibuprofen 400mg,Analgesic,Oral,Tablet,Strip,SUP-7152,GlobalMed Logistics,India,PO-63313,745,49.16,1.64,0.05,39677.21,65.14,71.65,15,569,37064.66,9092.62,Online Fulfillment,Credit Card,176,100,40,0,2025-08-31,2025-12-02,2026-10-14,409,Room Temperature (15-25°C),15.0,25.0,0,1,Non-Controlled,1,INS-102,Hazmat Vault,Aisle-6-R2,BIN-104,Fragile Glass,0,None,0.0,N/A,N/A
BAT-2026-70889,SKU-832168,667-1333-59,Atorvastatin 20mg,Cardiovascular,Oral,Tablet,Strip,SUP-0769,BioCare Distribution,Switzerland,PO-68455,895,99.42,5.18,0.12,104294.71,128.88,141.77,10,703,90602.64,20710.38,In-Store Pharmacy,Insurance,192,50,80,0,2024-12-18,2025-02-19,2025-07-13,207,Room Temperature (15-25°C),15.0,25.0,0,1,Non-Controlled,1,INS-112,Hazmat Vault,Aisle-20-R3,BIN-360,Fragile Glass,192,Expired,19088.64,Incineration,Approved
BAT-2026-16582,SKU-608257,994-8702-15,Lorazepam 1mg,Psychiatric,Oral,Tablet,Bottle,SUP-5813,Nexus BioPharma,Germany,PO-20998,1151,13.86,0.93,0.12,18937.63,17.72,19.49,10,980,17365.6,3782.8,Online Fulfillment,Government Health Aid,171,200,40,0,2025-02-08,2025-06-02,2025-08-09,182,Room Temperature (15-25°C),15.0,25.0,0,0,Non-Controlled,1,INS-112,Cold Vault-1,Aisle-13-R2,BIN-663,Fragile Glass,171,Expired,2370.06,Incineration,Approved
BAT-2026-83060,SKU-227324,750-7338-57,Ibuprofen 400mg,Analgesic,Oral,Tablet,Strip,SUP-7152,GlobalMed Logistics,USA,PO-93335,1743,199.4,14.83,0.0,373402.89,328.09,360.9,15,1021,334979.89,131392.49,Emergency ICU,Insurance,722,50,40,0,2025-09-02,2025-10-07,2026-08-05,337,Room Temperature (15-25°C),15.0,25.0,0,1,Non-Controlled,1,INS-112,Cold Vault-2,Aisle-4-R2,BIN-780,Protect from Light,722,Expired,143966.8,Incineration,Approved
BAT-2026-42662,SKU-130271,359-1266-55,Propofol 10mg/ml,Anesthetic,Injectable,Ampoule,Ampoule Box,SUP-7152,GlobalMed Logistics,India,PO-75592,1679,142.91,8.62,0.05,266416.16,213.91,235.3,0,981,209845.71,69651.0,Hospital Outpatient,Cash,698,200,40,0,2025-06-24,2025-07-11,2026-09-15,448,Cold Chain (2-8°C),2.0,8.0,0,1,Non-Controlled,1,INS-106,Cold Vault-1,Aisle-11-R3,BIN-268,Keep Refrigerated,86,Temperature Breach,12290.26,Hazardous Bio-Waste,Approved
BAT-2026-25906,SKU-760626,907-2106-54,Albuterol Inhaler,Respiratory,Inhalation,Inhaler,Canister Box,SUP-5813,Nexus BioPharma,USA,PO-36667,1463,20.42,1.03,0.0,31381.35,25.77,28.35,5,881,22703.37,4713.35,In-Store Pharmacy,Government Health Aid,582,200,80,0,2025-09-01,2025-11-17,2027-01-01,487,Room Temperature (15-25°C),15.0,25.0,0,1,Non-Controlled,1,INS-106,Cold Vault-2,Aisle-3-R3,BIN-857,Protect from Light,0,None,0.0,N/A,N/A
BAT-2026-69829,SKU-738448,346-2698-84,Metformin 800mg,Antidiabetic,Oral,Tablet,Bottle,SUP-5813,Nexus BioPharma,Switzerland,PO-28660,1921,184.41,13.04,0.0,379301.45,263.46,289.81,15,1694,446301.24,133910.7,Online Fulfillment,Insurance,227,50,20,0,2025-07-10,2025-08-04,2027-05-04,663,Room Temperature (15-25°C),15.0,25.0,1,0,Non-Controlled,1,INS-108,Hazmat Vault,Aisle-20-R4,BIN-332,Keep Refrigerated,0,None,0.0,N/A,N/A
BAT-2026-27477,SKU-938141,852-6447-27,Insulin Glargine 100IU/ml,Antidiabetic,Injectable,Vial,Carton Box,SUP-5813,Nexus BioPharma,Germany,PO-58929,1454,179.66,12.65,0.0,279618.74,286.42,315.06,5,1249,357738.58,133343.24,Emergency ICU,Credit Card,205,100,20,0,2025-04-10,2025-04-25,2026-02-11,307,Cold Chain (2-8°C),2.0,8.0,0,1,Non-Controlled,1,INS-112,Cold Vault-2,Aisle-1-R5,BIN-800,Protect from Light,205,Expired,36830.3,Incineration,Approved
BAT-2026-70901,SKU-350921,145-6772-79,Azithromycin 250mg,Antibiotic,Oral,Tablet,Blister Pack,SUP-9028,PharmaDist Inc,Germany,PO-80836,1763,104.91,7.62,0.18,231682.53,135.07,148.58,10,1554,209898.78,46868.64,Hospital Outpatient,Credit Card,209,200,40,0,2025-01-19,2025-02-03,2026-05-08,474,Room Temperature (15-25°C),15.0,25.0,0,1,Non-Controlled,1,INS-104,Zone-A,Aisle-19-R4,BIN-826,Keep Refrigerated,209,Expired,21926.19,Incineration,Approved
BAT-2026-97500,SKU-844261,446-3868-97,Sertraline 50mg,Psychiatric,Oral,Tablet,Blister Pack,SUP-7152,GlobalMed Logistics,Switzerland,PO-32044,1629,140.77,4.35,0.0,236400.48,192.59,211.85,0,824,158694.16,42699.68,Hospital Outpatient,Insurance,805,50,20,0,2025-04-08,2025-05-15,2026-12-06,607,Room Temperature (15-25°C),15.0,25.0,1,1,Non-Controlled,1,INS-103,Zone-A,Aisle-6-R3,BIN-906,Protect from Light,373,Contamination,52507.21,Incineration,Approved
BAT-2026-79616,SKU-266071,575-8840-90,Insulin Glargine 100IU/ml,Antidiabetic,Injectable,Vial,Carton Box,SUP-5813,Nexus BioPharma,Switzerland,PO-42133,1471,75.75,1.96,0.12,127682.8,99.98,109.98,10,1168,116776.64,28300.64,Emergency ICU,Cash,303,50,20,0,2024-12-21,2025-01-16,2025-12-19,363,Cold Chain (2-8°C),2.0,8.0,0,1,Non-Controlled,1,INS-106,Hazmat Vault,Aisle-9-R2,BIN-442,Keep Refrigerated,303,Expired,22952.25,Incineration,Pending Audit
BAT-2026-83259,SKU-425845,286-3209-18,Propofol 10mg/ml,Anesthetic,Injectable,Ampoule,Ampoule Box,SUP-7152,GlobalMed Logistics,Switzerland,PO-80455,1596,194.96,5.4,0.05,335332.37,301.15,331.26,0,655,197253.25,69554.45,Emergency ICU,Cash,941,50,20,0,2025-03-10,2025-06-23,2027-01-22,683,Cold Chain (2-8°C),2.0,8.0,0,1,Schedule IV,1,INS-108,Cold Vault-2,Aisle-17-R3,BIN-600,Standard Handling,0,None,0.0,N/A,N/A
BAT-2026-88047,SKU-677596,833-8498-14,Sertraline 50mg,Psychiatric,Oral,Tablet,Blister Pack,SUP-7152,GlobalMed Logistics,India,PO-65542,1354,18.81,0.67,0.12,29432.17,31.01,34.11,10,616,19102.16,7515.2,In-Store Pharmacy,Insurance,738,100,20,0,2025-02-12,2025-05-21,2026-04-18,430,Room Temperature (15-25°C),15.0,25.0,0,1,Non-Controlled,1,INS-104,Zone-A,Aisle-17-R1,BIN-219,Keep Refrigerated,738,Expired,13881.78,Incineration,Approved
BAT-2026-51588,SKU-114338,400-4302-15,Heparin 5000IU/ml,Anticoagulant,Injectable,Vial,Vial Pack,SUP-5813,Nexus BioPharma,UK,PO-82764,289,20.92,1.43,0.05,6761.44,29.06,31.97,20,226,6567.56,1839.64,In-Store Pharmacy,Credit Card,63,50,40,0,2025-02-08,2025-05-09,2025-09-05,209,Cold Chain (2-8°C),2.0,8.0,1,1,Non-Controlled,1,INS-108,Zone-A,Aisle-16-R3,BIN-433,Standard Handling,63,Expired,1317.96,Incineration,Approved
BAT-2026-68008,SKU-679077,910-4268-15,Propofol 10mg/ml,Anesthetic,Injectable,Ampoule,Ampoule Box,SUP-5813,Nexus BioPharma,Switzerland,PO-69210,1348,28.44,1.87,0.18,47758.56,38.72,42.59,20,942,36474.24,9683.76,Online Fulfillment,Government Health Aid,406,50,80,0,2025-03-31,2025-05-21,2026-01-27,302,Cold Chain (2-8°C),2.0,8.0,0,1,Non-Controlled,1,INS-106,Hazmat Vault,Aisle-6-R1,BIN-849,Protect from Light,406,Expired,11546.64,Incineration,Approved
BAT-2026-90301,SKU-527809,423-6080-75,Heparin 5000IU/ml,Anticoagulant,Injectable,Vial,Vial Pack,SUP-7152,GlobalMed Logistics,Switzerland,PO-15477,1508,164.35,5.09,0.05,267907.51,226.45,249.09,20,757,171422.65,47009.7,Online Fulfillment,Cash,751,50,80,0,2025-02-15,2025-04-24,2026-05-24,463,Cold Chain (2-8°C),2.0,8.0,1,1,Non-Controlled,1,INS-106,Zone-B,Aisle-8-R3,BIN-956,Keep Refrigerated,751,Expired,123426.85,Incineration,Approved
BAT-2026-76162,SKU-197736,507-9897-70,Amoxicillin 500mg,Antibiotic,Oral,Capsule,Blister Pack,SUP-0769,BioCare Distribution,UK,PO-10131,1500,16.82,1.02,0.05,28021.5,25.77,28.35,0,1009,26001.93,9030.55,Online Fulfillment,Government Health Aid,491,50,80,0,2024-11-15,2025-02-26,2026-09-30,684,Room Temperature (15-25°C),15.0,25.0,0,1,Non-Controlled,1,INS-104,Cold Vault-1,Aisle-9-R4,BIN-916,Keep Refrigerated,0,None,0.0,N/A,N/A
BAT-2026-65933,SKU-335615,359-1599-92,Albuterol Inhaler,Respiratory,Inhalation,Inhaler,Canister Box,SUP-8569,Apex Health Supplies,Switzerland,PO-70902,1406,114.43,4.59,0.05,175386.55,149.8,164.78,10,677,101414.6,23945.49,Online Fulfillment,Insurance,729,50,40,0,2025-04-20,2025-08-16,2025-12-24,248,Room Temperature (15-25°C),15.0,25.0,0,1,Non-Controlled,1,INS-111,Cold Vault-2,Aisle-14-R3,BIN-482,Protect from Light,729,Expired,83419.47,Incineration,Approved
BAT-2026-81810,SKU-982277,295-5687-55,Azithromycin 250mg,Antibiotic,Oral,Tablet,Blister Pack,SUP-8569,Apex Health Supplies,UK,PO-91360,732,88.13,2.23,0.05,69369.08,143.42,157.76,5,353,50627.26,19517.37,In-Store Pharmacy,Credit Card,379,200,40,0,2025-05-12,2025-09-05,2026-11-13,550,Room Temperature (15-25°C),15.0,25.0,1,1,Non-Controlled,1,INS-112,Cold Vault-2,Aisle-2-R3,BIN-661,Standard Handling,0,None,0.0,N/A,N/A
BAT-2026-68446,SKU-218972,982-1783-93,Omeprazole 20mg,Gastrointestinal,Oral,Capsule,Bottle,SUP-7152,GlobalMed Logistics,USA,PO-47912,727,192.92,7.97,0.12,162877.37,243.63,267.99,0,539,131316.57,27332.69,Hospital Outpatient,Cash,188,100,20,0,2024-12-11,2025-04-03,2026-10-14,672,Room Temperature (15-25°C),15.0,25.0,0,1,Non-Controlled,1,INS-105,Hazmat Vault,Aisle-15-R1,BIN-504,Protect from Light,0,None,0.0,N/A,N/A
BAT-2026-30861,SKU-583863,439-5476-25,Amoxicillin 500mg,Antibiotic,Oral,Capsule,Blister Pack,SUP-7152,GlobalMed Logistics,USA,PO-95597,1072,48.88,3.16,0.05,58406.85,75.7,83.27,0,594,44965.8,15931.08,Online Fulfillment,Credit Card,478,50,80,0,2025-07-09,2025-09-22,2027-03-27,626,Room Temperature (15-25°C),15.0,25.0,1,1,Non-Controlled,1,INS-105,Cold Vault-2,Aisle-11-R5,BIN-635,Keep Refrigerated,0,None,0.0,N/A,N/A
BAT-2026-72216,SKU-223172,918-7029-65,Paracetamol 650mg,Analgesic,Oral,Tablet,Strip,SUP-5813,Nexus BioPharma,USA,PO-31939,1868,53.68,2.06,0.0,104122.32,87.88,96.67,0,1386,121801.68,47401.2,In-Store Pharmacy,Credit Card,482,50,40,0,2025-05-17,2025-08-28,2026-08-04,444,Room Temperature (15-25°C),15.0,25.0,0,1,Non-Controlled,1,INS-110,Zone-A,Aisle-2-R2,BIN-772,Protect from Light,482,Expired,25873.76,Incineration,Approved
BAT-2026-68991,SKU-779172,509-8204-59,Heparin 5000IU/ml,Anticoagulant,Injectable,Vial,Vial Pack,SUP-7152,GlobalMed Logistics,UK,PO-10071,1382,64.37,4.33,0.05,99391.37,89.88,98.87,10,859,77206.92,21913.09,In-Store Pharmacy,Cash,523,100,20,0,2025-01-21,2025-02-21,2026-11-19,667,Cold Chain (2-8°C),2.0,8.0,0,1,Non-Controlled,1,INS-112,Cold Vault-2,Aisle-20-R1,BIN-939,Protect from Light,0,None,0.0,N/A,N/A
BAT-2026-43972,SKU-972565,447-4060-73,Azithromycin 250mg,Antibiotic,Oral,Tablet,Blister Pack,SUP-9028,PharmaDist Inc,Switzerland,PO-17887,1482,160.56,6.4,0.0,247434.72,235.1,258.61,0,943,221699.3,70291.22,Emergency ICU,Credit Card,539,200,80,0,2025-04-09,2025-05-20,2026-02-05,302,Room Temperature (15-25°C),15.0,25.0,0,1,Schedule IV,1,INS-101,Cold Vault-1,Aisle-19-R1,BIN-502,Protect from Light,539,Expired,86541.84,Incineration,Approved
BAT-2026-42406,SKU-261450,808-9151-57,Heparin 5000IU/ml,Anticoagulant,Injectable,Vial,Vial Pack,SUP-8569,Apex Health Supplies,USA,PO-73201,809,140.74,5.02,0.18,138414.4,237.67,261.44,20,562,133570.54,54474.66,Hospital Outpatient,Credit Card,247,50,40,0,2025-04-29,2025-06-01,2026-11-12,562,Cold Chain (2-8°C),2.0,8.0,0,1,Non-Controlled,0,INS-103,Cold Vault-1,Aisle-10-R4,BIN-324,Keep Refrigerated,171,Temperature Breach,24066.54,Hazardous Bio-Waste,Approved
BAT-2026-93579,SKU-622584,916-9507-44,Lorazepam 1mg,Psychiatric,Oral,Tablet,Bottle,SUP-8569,Apex Health Supplies,USA,PO-45822,1579,147.6,5.56,0.0,241839.64,220.41,242.45,5,1193,262949.13,86862.33,Emergency ICU,Insurance,386,200,20,0,2025-01-27,2025-05-03,2027-01-01,704,Room Temperature (15-25°C),15.0,25.0,0,1,Non-Controlled,1,INS-102,Hazmat Vault,Aisle-7-R4,BIN-690,Standard Handling,0,None,0.0,N/A,N/A
BAT-2026-46347,SKU-851413,920-2353-64,Sertraline 50mg,Psychiatric,Oral,Tablet,Blister Pack,SUP-8569,Apex Health Supplies,Germany,PO-88363,1534,64.98,4.62,0.12,118727.92,89.19,98.11,10,863,76970.97,20893.23,In-Store Pharmacy,Government Health Aid,671,200,80,0,2025-07-28,2025-09-15,2026-02-10,197,Room Temperature (15-25°C),15.0,25.0,0,0,Schedule II,1,INS-111,Zone-A,Aisle-13-R4,BIN-459,Fragile Glass,671,Expired,43601.58,Incineration,Approved
BAT-2026-78327,SKU-406039,180-8055-87,Atorvastatin 20mg,Cardiovascular,Oral,Tablet,Strip,SUP-0769,BioCare Distribution,USA,PO-42884,748,55.85,2.69,0.0,43787.92,80.99,89.09,5,625,50618.75,15712.5,In-Store Pharmacy,Insurance,123,200,80,0,2025-04-18,2025-07-08,2026-07-07,445,Room Temperature (15-25°C),15.0,25.0,0,1,Non-Controlled,1,INS-107,Zone-B,Aisle-2-R3,BIN-867,Keep Refrigerated,123,Expired,6869.55,Incineration,Approved
BAT-2026-73517,SKU-633590,942-3956-79,Metformin 800mg,Antidiabetic,Oral,Tablet,Bottle,SUP-8569,Apex Health Supplies,India,PO-99128,417,16.79,1.21,0.12,8346.17,28.31,31.14,10,262,7417.22,3018.24,In-Store Pharmacy,Credit Card,155,100,40,0,2025-07-19,2025-09-29,2026-06-30,346,Room Temperature (15-25°C),15.0,25.0,0,1,Non-Controlled,1,INS-107,Hazmat Vault,Aisle-13-R3,BIN-517,Keep Refrigerated,155,Expired,2602.45,Incineration,Approved
BAT-2026-92149,SKU-839677,400-6262-23,Amoxicillin 500mg,Antibiotic,Oral,Capsule,Blister Pack,SUP-5813,Nexus BioPharma,UK,PO-59827,1800,42.14,2.32,0.0,80028.0,65.9,72.49,10,771,50808.9,18318.96,Emergency ICU,Insurance,1029,100,20,0,2025-07-20,2025-09-25,2026-03-16,239,Room Temperature (15-25°C),15.0,25.0,0,1,Schedule IV,0,INS-107,Cold Vault-2,Aisle-12-R5,BIN-804,Fragile Glass,1029,Expired,43362.06,Incineration,Approved
BAT-2026-41358,SKU-386706,181-6372-94,Metformin 800mg,Antidiabetic,Oral,Tablet,Bottle,SUP-8569,Apex Health Supplies,UK,PO-56061,1348,156.43,11.99,0.05,237573.54,208.0,228.8,10,620,128960.0,31973.4,Hospital Outpatient,Credit Card,728,100,80,0,2025-10-13,2025-11-27,2026-09-07,329,Room Temperature (15-25°C),15.0,25.0,1,1,Non-Controlled,1,INS-108,Cold Vault-1,Aisle-14-R4,BIN-869,Keep Refrigerated,0,None,0.0,N/A,N/A
BAT-2026-45992,SKU-535673,402-6021-67,Heparin 5000IU/ml,Anticoagulant,Injectable,Vial,Vial Pack,SUP-0769,BioCare Distribution,Germany,PO-92864,1942,117.77,2.86,0.18,275431.14,178.88,196.77,10,715,127899.2,43693.65,Emergency ICU,Insurance,1227,200,40,0,2025-09-20,2025-10-27,2027-02-09,507,Cold Chain (2-8°C),2.0,8.0,0,0,Non-Controlled,1,INS-101,Hazmat Vault,Aisle-11-R2,BIN-208,Fragile Glass,0,None,0.0,N/A,N/A
BAT-2026-67654,SKU-975271,717-7981-31,Albuterol Inhaler,Respiratory,Inhalation,Inhaler,Canister Box,SUP-8569,Apex Health Supplies,USA,PO-37886,1357,32.77,2.4,0.12,53061.96,50.27,55.3,5,1066,53587.82,18655.0,Hospital Outpatient,Cash,291,100,20,0,2024-10-04,2025-01-05,2026-07-18,652,Room Temperature (15-25°C),15.0,25.0,0,1,Non-Controlled,1,INS-109,Zone-B,Aisle-12-R3,BIN-331,Protect from Light,291,Expired,9536.07,Incineration,Approved
BAT-2026-20155,SKU-605937,806-8272-54,Paracetamol 650mg,Analgesic,Oral,Tablet,Strip,SUP-7152,GlobalMed Logistics,Switzerland,PO-86697,783,34.55,1.73,0.12,31653.56,53.07,58.38,20,280,14859.6,5185.6,Online Fulfillment,Insurance,503,100,80,0,2025-08-13,2025-11-24,2026-06-27,318,Room Temperature (15-25°C),15.0,25.0,1,1,Non-Controlled,1,INS-101,Zone-A,Aisle-18-R2,BIN-755,Keep Refrigerated,503,Expired,17378.65,Incineration,Approved
BAT-2026-47450,SKU-595158,557-1693-55,Paracetamol 650mg,Analgesic,Oral,Tablet,Strip,SUP-0769,BioCare Distribution,USA,PO-76889,763,94.28,6.79,0.05,80713.19,141.78,155.96,5,384,54443.52,18240.0,Online Fulfillment,Insurance,379,200,40,0,2025-09-01,2025-09-20,2027-02-28,545,Room Temperature (15-25°C),15.0,25.0,0,1,Non-Controlled,1,INS-109,Cold Vault-2,Aisle-16-R3,BIN-759,Fragile Glass,0,None,0.0,N/A,N/A
BAT-2026-40735,SKU-355570,729-8126-45,Lisinopril 10mg,Cardiovascular,Oral,Tablet,Bottle,SUP-5813,Nexus BioPharma,Germany,PO-46872,1950,82.49,3.54,0.05,175801.28,122.54,134.79,20,1141,139818.14,45697.05,Emergency ICU,Credit Card,809,200,80,0,2024-12-27,2025-03-28,2025-12-09,347,Room Temperature (15-25°C),15.0,25.0,0,1,Non-Controlled,1,INS-106,Zone-B,Aisle-9-R1,BIN-564,Standard Handling,809,Expired,66734.41,Incineration,Approved
BAT-2026-45614,SKU-578975,754-1939-19,Omeprazole 20mg,Gastrointestinal,Oral,Capsule,Bottle,SUP-0769,BioCare Distribution,USA,PO-15961,1497,108.11,4.1,0.0,167978.37,166.25,182.88,10,1157,192351.25,67267.98,In-Store Pharmacy,Insurance,340,50,20,0,2025-03-16,2025-04-23,2025-11-05,234,Room Temperature (15-25°C),15.0,25.0,1,1,Schedule IV,1,INS-101,Zone-B,Aisle-15-R1,BIN-259,Fragile Glass,340,Expired,36757.4,Incineration,Approved
BAT-2026-54020,SKU-678043,787-7655-56,Lorazepam 1mg,Psychiatric,Oral,Tablet,Bottle,SUP-8569,Apex Health Supplies,UK,PO-31157,1795,193.0,4.49,0.12,396066.75,268.14,294.95,0,1639,439481.46,123154.46,Hospital Outpatient,Cash,156,100,40,0,2025-06-10,2025-09-24,2026-09-12,459,Room Temperature (15-25°C),15.0,25.0,1,1,Non-Controlled,1,INS-110,Cold Vault-1,Aisle-11-R5,BIN-954,Protect from Light,0,None,0.0,N/A,N/A
BAT-2026-51904,SKU-251668,625-3621-13,Paracetamol 650mg,Analgesic,Oral,Tablet,Strip,SUP-8569,Apex Health Supplies,Switzerland,PO-80004,1731,43.11,3.07,0.0,79937.58,60.62,66.68,10,1353,82018.86,23691.03,Hospital Outpatient,Insurance,378,50,40,0,2025-08-03,2025-10-20,2027-02-03,549,Room Temperature (15-25°C),15.0,25.0,0,1,Non-Controlled,1,INS-107,Zone-A,Aisle-4-R1,BIN-810,Keep Refrigerated,0,None,0.0,N/A,N/A
BAT-2026-80798,SKU-502219,246-8179-14,Sertraline 50mg,Psychiatric,Oral,Tablet,Blister Pack,SUP-0769,BioCare Distribution,Germany,PO-83804,1595,63.04,1.78,0.05,108415.34,94.11,103.52,10,618,58159.98,19201.26,Hospital Outpatient,Credit Card,977,50,80,0,2025-06-22,2025-09-23,2027-02-21,609,Room Temperature (15-25°C),15.0,25.0,1,0,Non-Controlled,0,INS-101,Cold Vault-1,Aisle-5-R1,BIN-871,Standard Handling,0,None,0.0,N/A,N/A
BAT-2026-20561,SKU-299869,229-2101-40,Propofol 10mg/ml,Anesthetic,Injectable,Ampoule,Ampoule Box,SUP-7152,GlobalMed Logistics,Germany,PO-19166,1356,54.47,1.74,0.12,85084.12,87.81,96.59,10,1191,104581.71,39707.94,Hospital Outpatient,Credit Card,165,50,20,0,2024-12-13,2025-01-08,2026-06-10,544,Cold Chain (2-8°C),2.0,8.0,0,1,Non-Controlled,1,INS-109,Hazmat Vault,Aisle-8-R1,BIN-292,Keep Refrigerated,165,Expired,8987.55,Incineration,Approved
BAT-2026-28136,SKU-728492,897-7001-56,Sertraline 50mg,Psychiatric,Oral,Tablet,Blister Pack,SUP-0769,BioCare Distribution,USA,PO-49405,1815,25.74,1.15,0.18,57214.61,37.29,41.02,15,1654,61677.66,19103.7,Online Fulfillment,Credit Card,161,200,40,0,2025-01-29,2025-05-04,2025-09-15,229,Room Temperature (15-25°C),15.0,25.0,0,1,Non-Controlled,0,INS-106,Zone-B,Aisle-6-R3,BIN-833,Keep Refrigerated,161,Expired,4144.14,Incineration,Approved
BAT-2026-29769,SKU-632929,492-1530-87,Insulin Glargine 100IU/ml,Antidiabetic,Injectable,Vial,Carton Box,SUP-0769,BioCare Distribution,Germany,PO-21759,1236,33.21,1.8,0.18,50660.92,46.98,51.68,15,1043,49000.14,14362.11,Hospital Outpatient,Insurance,193,50,20,0,2024-12-14,2025-04-13,2026-04-04,476,Cold Chain (2-8°C),2.0,8.0,0,1,Non-Controlled,1,INS-109,Cold Vault-2,Aisle-3-R2,BIN-100,Keep Refrigerated,193,Expired,6409.53,Incineration,Pending Audit
BAT-2026-40311,SKU-882544,257-8371-57,Insulin Glargine 100IU/ml,Antidiabetic,Injectable,Vial,Carton Box,SUP-0769,BioCare Distribution,India,PO-61813,1953,137.84,10.25,0.12,321523.95,188.42,207.26,20,1228,231379.76,62112.24,Online Fulfillment,Government Health Aid,725,200,20,0,2024-10-04,2025-01-27,2026-01-25,478,Cold Chain (2-8°C),2.0,8.0,0,1,Non-Controlled,1,INS-108,Zone-B,Aisle-19-R2,BIN-912,Keep Refrigerated,725,Expired,99934.0,Incineration,Approved
BAT-2026-60205,SKU-243139,480-8273-19,Ibuprofen 400mg,Analgesic,Oral,Tablet,Strip,SUP-9028,PharmaDist Inc,India,PO-26118,1620,165.62,7.86,0.12,313234.13,229.65,252.62,0,867,199106.55,55514.01,In-Store Pharmacy,Insurance,753,50,80,0,2025-03-07,2025-04-29,2027-02-27,722,Room Temperature (15-25°C),15.0,25.0,0,1,Non-Controlled,1,INS-105,Hazmat Vault,Aisle-3-R1,BIN-616,Protect from Light,0,None,0.0,N/A,N/A
BAT-2026-30028,SKU-173201,687-3255-77,Omeprazole 20mg,Gastrointestinal,Oral,Capsule,Bottle,SUP-5813,Nexus BioPharma,UK,PO-28304,541,139.98,5.46,0.05,82469.5,174.98,192.48,15,330,57743.4,11550.0,In-Store Pharmacy,Credit Card,211,200,20,0,2024-11-19,2025-01-17,2025-08-04,258,Room Temperature (15-25°C),15.0,25.0,1,1,Non-Controlled,1,INS-110,Zone-B,Aisle-1-R1,BIN-919,Standard Handling,211,Expired,29535.78,Incineration,Approved
BAT-2026-38043,SKU-389666,475-7521-50,Propofol 10mg/ml,Anesthetic,Injectable,Ampoule,Ampoule Box,SUP-8569,Apex Health Supplies,India,PO-82938,663,9.99,0.63,0.12,7835.86,16.15,17.77,20,325,5248.75,2002.0,Emergency ICU,Government Health Aid,338,50,80,0,2025-06-25,2025-09-01,2027-06-01,706,Cold Chain (2-8°C),2.0,8.0,0,1,Non-Controlled,1,INS-106,Cold Vault-2,Aisle-11-R5,BIN-210,Fragile Glass,0,None,0.0,N/A,N/A
BAT-2026-18418,SKU-910208,765-5566-41,Insulin Glargine 100IU/ml,Antidiabetic,Injectable,Vial,Carton Box,SUP-8569,Apex Health Supplies,India,PO-46629,1391,167.51,11.18,0.12,276518.56,273.31,300.64,5,807,220561.17,85380.6,In-Store Pharmacy,Insurance,584,50,20,0,2025-03-30,2025-04-14,2026-04-12,378,Cold Chain (2-8°C),2.0,8.0,0,1,Non-Controlled,1,INS-111,Zone-B,Aisle-3-R2,BIN-607,Keep Refrigerated,584,Expired,97825.84,Incineration,Approved
BAT-2026-64377,SKU-928381,216-1424-33,Atorvastatin 20mg,Cardiovascular,Oral,Tablet,Strip,SUP-8569,Apex Health Supplies,USA,PO-66618,1633,66.9,3.3,0.18,134301.19,93.98,103.38,15,610,57327.8,16518.8,Online Fulfillment,Credit Card,1023,100,80,0,2024-12-21,2025-03-17,2025-12-23,367,Room Temperature (15-25°C),15.0,25.0,0,0,Non-Controlled,1,INS-102,Cold Vault-2,Aisle-19-R4,BIN-247,Fragile Glass,1023,Expired,68438.7,Incineration,Approved
BAT-2026-63424,SKU-995916,611-9482-59,Propofol 10mg/ml,Anesthetic,Injectable,Ampoule,Ampoule Box,SUP-5813,Nexus BioPharma,UK,PO-37636,1930,20.06,1.16,0.05,42890.39,29.31,32.24,5,1484,43496.04,13727.0,Emergency ICU,Credit Card,446,100,80,0,2025-03-15,2025-04-29,2025-12-16,276,Cold Chain (2-8°C),2.0,8.0,0,1,Non-Controlled,1,INS-112,Cold Vault-2,Aisle-11-R1,BIN-173,Keep Refrigerated,446,Expired,8946.76,Incineration,Approved
BAT-2026-53369,SKU-535098,675-2929-43,Lorazepam 1mg,Psychiatric,Oral,Tablet,Bottle,SUP-0769,BioCare Distribution,Germany,PO-90012,1509,51.15,1.57,0.0,79554.48,64.13,70.54,5,855,54831.15,11097.9,In-Store Pharmacy,Credit Card,654,200,40,0,2025-01-15,2025-02-23,2026-01-01,351,Room Temperature (15-25°C),15.0,25.0,1,1,Non-Controlled,1,INS-102,Cold Vault-2,Aisle-20-R1,BIN-811,Standard Handling,654,Expired,33452.1,Incineration,Approved
BAT-2026-81121,SKU-456385,893-5264-67,Albuterol Inhaler,Respiratory,Inhalation,Inhaler,Canister Box,SUP-8569,Apex Health Supplies,Germany,PO-76167,1510,72.44,4.21,0.12,128867.63,120.61,132.67,5,797,96126.17,38391.49,Online Fulfillment,Government Health Aid,713,100,80,0,2025-03-17,2025-04-16,2026-08-09,510,Room Temperature (15-25°C),15.0,25.0,0,1,Non-Controlled,0,INS-110,Zone-A,Aisle-2-R2,BIN-413,Keep Refrigerated,713,Expired,51649.72,Incineration,Approved
BAT-2026-71069,SKU-925981,319-5678-98,Ceftriaxone 1g,Antibiotic,Injectable,Vial,Vial Pack,SUP-0769,BioCare Distribution,Germany,PO-51720,1236,103.67,2.1,0.05,137138.53,173.76,191.14,15,863,149954.88,60487.67,In-Store Pharmacy,Insurance,373,200,40,0,2025-02-27,2025-05-20,2026-07-15,503,Cold Chain (2-8°C),2.0,8.0,0,1,Non-Controlled,1,INS-102,Cold Vault-1,Aisle-7-R1,BIN-347,Fragile Glass,373,Expired,38668.91,Incineration,Approved
BAT-2026-64496,SKU-632401,602-4279-25,Metformin 800mg,Antidiabetic,Oral,Tablet,Bottle,SUP-7152,GlobalMed Logistics,Germany,PO-99404,1736,136.08,4.95,0.05,256639.82,199.31,219.24,5,1342,267474.02,84854.66,Online Fulfillment,Insurance,394,200,80,0,2025-05-08,2025-06-04,2026-09-08,488,Room Temperature (15-25°C),15.0,25.0,0,1,Non-Controlled,1,INS-109,Hazmat Vault,Aisle-6-R1,BIN-873,Standard Handling,0,None,0.0,N/A,N/A
BAT-2026-18161,SKU-380150,238-2213-67,Heparin 5000IU/ml,Anticoagulant,Injectable,Vial,Vial Pack,SUP-5813,Nexus BioPharma,Switzerland,PO-54909,1748,53.51,3.51,0.18,116507.35,67.11,73.82,20,1203,80733.33,16360.8,Emergency ICU,Insurance,545,100,20,0,2025-05-07,2025-08-09,2026-08-07,457,Cold Chain (2-8°C),2.0,8.0,1,1,Schedule IV,1,INS-102,Cold Vault-2,Aisle-3-R1,BIN-515,Protect from Light,545,Expired,29162.95,Incineration,Approved
BAT-2026-37110,SKU-960408,276-8292-21,Propofol 10mg/ml,Anesthetic,Injectable,Ampoule,Ampoule Box,SUP-8569,Apex Health Supplies,UK,PO-93252,1051,198.15,5.97,0.12,239520.8,286.07,314.68,20,682,195099.74,59961.44,Emergency ICU,Credit Card,369,200,40,0,2025-06-29,2025-08-29,2027-01-01,551,Cold Chain (2-8°C),2.0,8.0,1,1,Non-Controlled,1,INS-109,Cold Vault-2,Aisle-14-R2,BIN-410,Protect from Light,0,None,0.0,N/A,N/A
BAT-2026-65069,SKU-102689,929-6236-95,Sertraline 50mg,Psychiatric,Oral,Tablet,Blister Pack,SUP-0769,BioCare Distribution,USA,PO-44257,1204,8.15,0.54,0.12,11640.27,11.26,12.39,20,1022,11507.72,3178.42,Emergency ICU,Cash,182,200,20,0,2025-01-07,2025-04-29,2025-10-12,278,Room Temperature (15-25°C),15.0,25.0,0,1,Non-Controlled,1,INS-103,Cold Vault-2,Aisle-7-R1,BIN-945,Standard Handling,182,Expired,1483.3,Incineration,Approved
BAT-2026-61049,SKU-396578,455-2063-80,Lisinopril 10mg,Cardiovascular,Oral,Tablet,Bottle,SUP-9028,PharmaDist Inc,India,PO-69338,798,82.07,4.05,0.05,71998.35,111.13,122.24,15,637,70789.81,18511.22,Hospital Outpatient,Government Health Aid,161,100,20,0,2024-11-04,2025-01-27,2026-11-01,727,Room Temperature (15-25°C),15.0,25.0,1,0,Non-Controlled,1,INS-109,Cold Vault-2,Aisle-3-R4,BIN-314,Standard Handling,0,None,0.0,N/A,N/A
BAT-2026-86556,SKU-861319,655-5757-48,Lisinopril 10mg,Cardiovascular,Oral,Tablet,Bottle,SUP-0769,BioCare Distribution,Germany,PO-45784,212,91.54,6.02,0.12,23011.5,114.72,126.19,15,137,15716.64,3175.66,Hospital Outpatient,Insurance,75,200,20,0,2025-09-11,2025-11-29,2027-03-05,540,Room Temperature (15-25°C),15.0,25.0,1,1,Non-Controlled,1,INS-102,Zone-A,Aisle-11-R5,BIN-654,Standard Handling,0,None,0.0,N/A,N/A
BAT-2026-12560,SKU-413058,971-3580-99,Metformin 800mg,Antidiabetic,Oral,Tablet,Bottle,SUP-0769,BioCare Distribution,Switzerland,PO-42234,101,150.12,3.8,0.18,18275.1,212.89,234.18,10,61,12986.29,3828.97,Hospital Outpatient,Insurance,40,50,20,0,2024-12-29,2025-02-10,2025-11-21,327,Room Temperature (15-25°C),15.0,25.0,1,1,Schedule IV,1,INS-110,Cold Vault-1,Aisle-7-R4,BIN-753,Keep Refrigerated,40,Expired,6004.8,Incineration,Approved
BAT-2026-85456,SKU-978157,753-3852-56,Lisinopril 10mg,Cardiovascular,Oral,Tablet,Bottle,SUP-7152,GlobalMed Logistics,UK,PO-96805,741,51.47,2.93,0.18,47175.47,73.87,81.26,0,608,44912.96,13619.2,Hospital Outpatient,Credit Card,133,100,40,0,2025-01-07,2025-03-22,2025-07-19,193,Room Temperature (15-25°C),15.0,25.0,0,1,Non-Controlled,1,INS-108,Zone-A,Aisle-7-R4,BIN-198,Standard Handling,133,Expired,6845.51,Incineration,Approved
BAT-2026-59857,SKU-715448,620-4673-25,Atorvastatin 20mg,Cardiovascular,Oral,Tablet,Strip,SUP-0769,BioCare Distribution,UK,PO-52157,319,93.48,5.42,0.18,36916.72,140.43,154.47,10,119,16711.17,5587.05,Emergency ICU,Cash,200,50,20,0,2025-04-12,2025-08-03,2026-02-26,320,Room Temperature (15-25°C),15.0,25.0,1,1,Non-Controlled,1,INS-110,Zone-B,Aisle-20-R2,BIN-934,Fragile Glass,200,Expired,18696.0,Incineration,Approved
BAT-2026-72518,SKU-708093,305-3275-40,Ceftriaxone 1g,Antibiotic,Injectable,Vial,Vial Pack,SUP-9028,PharmaDist Inc,UK,PO-54778,1689,161.17,7.12,0.12,316907.75,230.09,253.1,5,1549,356409.41,106757.08,Emergency ICU,Credit Card,140,100,80,0,2024-12-16,2025-03-21,2026-11-26,710,Cold Chain (2-8°C),2.0,8.0,1,1,Non-Controlled,1,INS-111,Cold Vault-1,Aisle-16-R3,BIN-295,Standard Handling,0,None,0.0,N/A,N/A
BAT-2026-10772,SKU-791998,909-9094-13,Ibuprofen 400mg,Analgesic,Oral,Tablet,Strip,SUP-5813,Nexus BioPharma,India,PO-37606,954,29.68,2.31,0.12,33916.23,39.28,43.21,15,615,24157.2,5904.0,Emergency ICU,Credit Card,339,50,80,0,2025-04-10,2025-07-18,2026-07-22,468,Room Temperature (15-25°C),15.0,25.0,0,1,Non-Controlled,1,INS-104,Hazmat Vault,Aisle-19-R1,BIN-124,Fragile Glass,339,Expired,10061.52,Incineration,Approved
BAT-2026-56105,SKU-613425,469-7044-69,Ibuprofen 400mg,Analgesic,Oral,Tablet,Strip,SUP-0769,BioCare Distribution,USA,PO-70266,1859,4.37,0.19,0.18,9939.33,6.91,7.6,15,1069,7386.79,2715.26,Emergency ICU,Cash,790,200,20,0,2025-03-26,2025-05-06,2026-10-08,561,Room Temperature (15-25°C),15.0,25.0,0,1,Non-Controlled,1,INS-102,Hazmat Vault,Aisle-15-R2,BIN-116,Protect from Light,0,None,0.0,N/A,N/A
BAT-2026-49139,SKU-255813,922-3126-88,Azithromycin 250mg,Antibiotic,Oral,Tablet,Blister Pack,SUP-7152,GlobalMed Logistics,USA,PO-88579,1348,166.41,3.7,0.0,229308.28,237.2,260.92,5,1036,245739.2,73338.44,Online Fulfillment,Government Health Aid,312,100,20,0,2025-01-07,2025-02-26,2026-11-14,676,Room Temperature (15-25°C),15.0,25.0,1,1,Non-Controlled,1,INS-111,Zone-B,Aisle-17-R1,BIN-131,Fragile Glass,0,None,0.0,N/A,N/A
BAT-2026-61116,SKU-568238,188-2077-49,Omeprazole 20mg,Gastrointestinal,Oral,Capsule,Bottle,SUP-0769,BioCare Distribution,Germany,PO-53051,484,196.55,6.28,0.05,102926.23,279.15,307.06,15,323,90165.45,26679.8,Hospital Outpatient,Cash,161,50,80,0,2025-01-20,2025-02-10,2026-09-13,601,Room Temperature (15-25°C),15.0,25.0,1,1,Non-Controlled,0,INS-107,Zone-B,Aisle-3-R2,BIN-402,Fragile Glass,0,None,0.0,N/A,N/A
BAT-2026-64921,SKU-664742,507-8842-77,Heparin 5000IU/ml,Anticoagulant,Injectable,Vial,Vial Pack,SUP-5813,Nexus BioPharma,Germany,PO-12080,1526,27.88,1.18,0.0,44345.56,38.15,41.97,15,983,37501.45,10095.41,In-Store Pharmacy,Credit Card,543,200,80,0,2025-04-20,2025-05-29,2026-09-30,528,Cold Chain (2-8°C),2.0,8.0,1,1,Non-Controlled,1,INS-105,Hazmat Vault,Aisle-7-R3,BIN-223,Standard Handling,0,None,0.0,N/A,N/A
BAT-2026-80545,SKU-607868,520-7708-83,Propofol 10mg/ml,Anesthetic,Injectable,Ampoule,Ampoule Box,SUP-8569,Apex Health Supplies,India,PO-27527,1761,165.09,3.44,0.12,331668.15,237.73,261.5,20,1249,296924.77,90727.36,Hospital Outpatient,Government Health Aid,512,50,80,0,2025-10-17,2025-11-15,2026-09-28,346,Cold Chain (2-8°C),2.0,8.0,1,1,Non-Controlled,1,INS-108,Zone-A,Aisle-5-R5,BIN-312,Keep Refrigerated,0,None,0.0,N/A,N/A
BAT-2026-81582,SKU-461888,175-3053-50,Omeprazole 20mg,Gastrointestinal,Oral,Capsule,Bottle,SUP-9028,PharmaDist Inc,Switzerland,PO-94730,1253,75.7,2.98,0.05,103328.64,102.79,113.07,0,473,48619.67,12813.57,Hospital Outpatient,Government Health Aid,780,100,20,0,2025-07-20,2025-11-13,2026-04-30,284,Room Temperature (15-25°C),15.0,25.0,0,1,Non-Controlled,1,INS-108,Cold Vault-1,Aisle-19-R2,BIN-290,Keep Refrigerated,780,Expired,59046.0,Incineration,Approved
BAT-2026-89069,SKU-448588,757-2215-67,Paracetamol 650mg,Analgesic,Oral,Tablet,Strip,SUP-7152,GlobalMed Logistics,UK,PO-10268,1176,126.8,8.88,0.05,167015.52,202.12,222.33,10,606,122484.72,45643.92,In-Store Pharmacy,Cash,570,200,80,0,2025-01-12,2025-02-15,2026-02-19,403,Room Temperature (15-25°C),15.0,25.0,0,1,Non-Controlled,1,INS-112,Cold Vault-2,Aisle-4-R1,BIN-947,Standard Handling,570,Expired,72276.0,Incineration,Approved
BAT-2026-38906,SKU-678727,577-9476-54,Metformin 800mg,Antidiabetic,Oral,Tablet,Bottle,SUP-8569,Apex Health Supplies,USA,PO-89794,1807,129.65,4.08,0.12,269763.42,215.15,236.67,5,1042,224186.3,89091.0,Hospital Outpatient,Government Health Aid,765,50,40,0,2024-12-18,2025-03-30,2025-11-21,338,Room Temperature (15-25°C),15.0,25.0,0,0,Non-Controlled,1,INS-103,Cold Vault-2,Aisle-7-R2,BIN-894,Keep Refrigerated,765,Expired,99182.25,Incineration,Approved
BAT-2026-73993,SKU-899929,231-3981-26,Metformin 800mg,Antidiabetic,Oral,Tablet,Bottle,SUP-8569,Apex Health Supplies,Switzerland,PO-72459,829,117.3,7.11,0.0,103135.89,189.25,208.18,20,434,82134.5,31226.3,Online Fulfillment,Government Health Aid,395,50,20,0,2025-03-14,2025-05-28,2027-02-07,695,Room Temperature (15-25°C),15.0,25.0,1,1,Non-Controlled,1,INS-111,Cold Vault-2,Aisle-11-R2,BIN-796,Standard Handling,0,None,0.0,N/A,N/A
BAT-2026-38760,SKU-669827,543-9238-17,Paracetamol 650mg,Analgesic,Oral,Tablet,Strip,SUP-8569,Apex Health Supplies,Switzerland,PO-10560,1795,53.25,3.07,0.0,101094.4,82.97,91.27,5,1475,122380.75,43837.0,Online Fulfillment,Credit Card,320,100,80,0,2025-07-20,2025-10-06,2026-08-30,406,Room Temperature (15-25°C),15.0,25.0,1,1,Non-Controlled,1,INS-106,Zone-B,Aisle-6-R4,BIN-173,Fragile Glass,320,Expired,17040.0,Incineration,Approved
BAT-2026-45774,SKU-495533,951-3034-76,Azithromycin 250mg,Antibiotic,Oral,Tablet,Blister Pack,SUP-8569,Apex Health Supplies,Germany,PO-11255,1833,162.92,5.69,0.0,309062.13,224.52,246.97,10,1123,252135.96,69176.8,Emergency ICU,Insurance,710,50,80,0,2025-01-02,2025-02-08,2026-01-09,372,Room Temperature (15-25°C),15.0,25.0,1,1,Schedule IV,1,INS-102,Hazmat Vault,Aisle-19-R3,BIN-168,Keep Refrigerated,710,Expired,115673.2,Incineration,Approved
BAT-2026-67125,SKU-577463,256-5982-31,Amoxicillin 500mg,Antibiotic,Oral,Capsule,Blister Pack,SUP-8569,Apex Health Supplies,Germany,PO-98172,1539,6.32,0.39,0.0,10326.69,10.01,11.01,0,909,9099.09,3354.21,In-Store Pharmacy,Insurance,630,200,20,0,2025-02-24,2025-03-31,2027-02-12,718,Room Temperature (15-25°C),15.0,25.0,0,1,Non-Controlled,1,INS-103,Cold Vault-1,Aisle-20-R4,BIN-359,Protect from Light,0,None,0.0,N/A,N/A
BAT-2026-73654,SKU-437408,265-6286-38,Albuterol Inhaler,Respiratory,Inhalation,Inhaler,Canister Box,SUP-7152,GlobalMed Logistics,USA,PO-32745,346,14.77,0.6,0.18,6237.9,23.84,26.22,15,242,5769.28,2194.94,Online Fulfillment,Insurance,104,200,40,0,2025-07-15,2025-10-23,2027-07-09,724,Room Temperature (15-25°C),15.0,25.0,1,1,Schedule IV,1,INS-111,Zone-B,Aisle-17-R3,BIN-563,Fragile Glass,0,None,0.0,N/A,N/A
BAT-2026-13804,SKU-297816,454-9501-46,Propofol 10mg/ml,Anesthetic,Injectable,Ampoule,Ampoule Box,SUP-0769,BioCare Distribution,Switzerland,PO-64154,935,180.69,5.01,0.05,182076.76,259.44,285.38,10,356,92360.64,28035.0,Emergency ICU,Insurance,579,200,80,0,2025-09-01,2025-09-21,2026-06-24,296,Cold Chain (2-8°C),2.0,8.0,0,1,Non-Controlled,1,INS-110,Cold Vault-1,Aisle-7-R4,BIN-221,Fragile Glass,579,Expired,104619.51,Incineration,Approved
BAT-2026-60968,SKU-831380,966-2292-42,Metformin 800mg,Antidiabetic,Oral,Tablet,Bottle,SUP-8569,Apex Health Supplies,Germany,PO-82848,1562,89.8,3.86,0.0,146296.92,146.74,161.41,10,1006,147620.44,57281.64,Hospital Outpatient,Cash,556,50,80,0,2025-02-15,2025-03-08,2026-10-15,607,Room Temperature (15-25°C),15.0,25.0,1,1,Non-Controlled,1,INS-106,Zone-B,Aisle-9-R3,BIN-532,Fragile Glass,0,None,0.0,N/A,N/A
BAT-2026-54057,SKU-350405,301-5496-26,Albuterol Inhaler,Respiratory,Inhalation,Inhaler,Canister Box,SUP-8569,Apex Health Supplies,Germany,PO-74091,302,27.5,1.52,0.12,9760.64,36.63,40.29,5,130,4761.9,1186.9,Online Fulfillment,Government Health Aid,172,200,40,0,2025-04-06,2025-07-12,2027-01-17,651,Room Temperature (15-25°C),15.0,25.0,1,0,Non-Controlled,1,INS-108,Zone-A,Aisle-8-R5,BIN-466,Protect from Light,0,None,0.0,N/A,N/A
BAT-2026-97670,SKU-699573,740-5961-88,Metformin 800mg,Antidiabetic,Oral,Tablet,Bottle,SUP-7152,GlobalMed Logistics,Germany,PO-61483,1307,181.21,5.44,0.18,286583.01,250.13,275.14,15,1075,268889.75,74089.0,Emergency ICU,Insurance,232,100,20,0,2025-02-06,2025-04-08,2025-10-22,258,Room Temperature (15-25°C),15.0,25.0,0,1,Non-Controlled,1,INS-109,Zone-A,Aisle-1-R3,BIN-777,Standard Handling,232,Expired,42040.72,Incineration,Approved
BAT-2026-99016,SKU-501574,646-2530-74,Amoxicillin 500mg,Antibiotic,Oral,Capsule,Blister Pack,SUP-9028,PharmaDist Inc,Germany,PO-80533,222,166.21,11.54,0.05,41305.43,255.4,280.94,15,134,34223.6,11951.46,Hospital Outpatient,Cash,88,100,20,0,2025-01-21,2025-03-13,2025-11-16,299,Room Temperature (15-25°C),15.0,25.0,1,1,Schedule IV,1,INS-112,Zone-A,Aisle-10-R2,BIN-512,Standard Handling,88,Expired,14626.48,Incineration,Pending Audit
BAT-2026-62994,SKU-344907,756-3762-85,Paracetamol 650mg,Analgesic,Oral,Tablet,Strip,SUP-9028,PharmaDist Inc,Switzerland,PO-20636,500,67.65,2.56,0.12,39164.0,103.37,113.71,15,380,39280.6,13573.6,Online Fulfillment,Credit Card,120,100,80,0,2025-09-12,2025-10-23,2026-07-23,314,Room Temperature (15-25°C),15.0,25.0,0,1,Non-Controlled,1,INS-112,Zone-A,Aisle-3-R1,BIN-110,Standard Handling,120,Expired,8118.0,Incineration,Approved
BAT-2026-31632,SKU-997594,694-3526-31,Lisinopril 10mg,Cardiovascular,Oral,Tablet,Bottle,SUP-8569,Apex Health Supplies,UK,PO-95078,866,10.45,0.39,0.18,11016.39,14.34,15.77,20,358,5133.72,1392.62,Online Fulfillment,Government Health Aid,508,200,20,0,2024-12-30,2025-03-10,2025-07-15,197,Room Temperature (15-25°C),15.0,25.0,0,0,Non-Controlled,1,INS-107,Zone-B,Aisle-3-R4,BIN-814,Fragile Glass,508,Expired,5308.6,Incineration,Approved
BAT-2026-71261,SKU-913217,774-6531-82,Ibuprofen 400mg,Analgesic,Oral,Tablet,Strip,SUP-5813,Nexus BioPharma,UK,PO-95362,393,93.28,5.94,0.05,40826.41,142.74,157.01,10,311,44392.14,15382.06,Hospital Outpatient,Cash,82,200,40,0,2024-12-08,2025-01-24,2026-10-10,671,Room Temperature (15-25°C),15.0,25.0,0,0,Non-Controlled,1,INS-101,Cold Vault-1,Aisle-12-R1,BIN-711,Protect from Light,0,None,0.0,N/A,N/A
BAT-2026-26728,SKU-530728,142-1464-20,Amoxicillin 500mg,Antibiotic,Oral,Capsule,Blister Pack,SUP-9028,PharmaDist Inc,Switzerland,PO-20161,379,35.26,1.97,0.12,15713.79,47.05,51.76,10,335,15761.75,3949.65,Hospital Outpatient,Credit Card,44,100,20,0,2025-08-22,2025-10-18,2027-02-09,536,Room Temperature (15-25°C),15.0,25.0,0,1,Non-Controlled,1,INS-107,Cold Vault-2,Aisle-20-R4,BIN-407,Standard Handling,0,None,0.0,N/A,N/A
BAT-2026-91560,SKU-145767,146-5336-93,Metformin 800mg,Antidiabetic,Oral,Tablet,Bottle,SUP-5813,Nexus BioPharma,Germany,PO-80601,1960,115.63,4.66,0.05,247100.14,145.55,160.11,20,1463,212939.65,43772.96,In-Store Pharmacy,Credit Card,497,100,80,0,2025-04-28,2025-07-30,2026-09-09,499,Room Temperature (15-25°C),15.0,25.0,1,1,Non-Controlled,0,INS-110,Zone-B,Aisle-3-R4,BIN-451,Standard Handling,431,Damaged/Spillage,49836.53,Incineration,Approved
BAT-2026-80008,SKU-433632,315-7825-89,Paracetamol 650mg,Analgesic,Oral,Tablet,Strip,SUP-9028,PharmaDist Inc,UK,PO-14056,983,164.69,12.07,0.18,202895.33,209.54,230.49,0,419,87797.26,18792.15,Emergency ICU,Credit Card,564,50,20,0,2024-12-08,2025-04-05,2026-06-12,551,Room Temperature (15-25°C),15.0,25.0,1,1,Schedule IV,1,INS-105,Cold Vault-1,Aisle-1-R1,BIN-497,Fragile Glass,564,Expired,92885.16,Incineration,Approved
BAT-2026-13534,SKU-880879,754-1496-73,Heparin 5000IU/ml,Anticoagulant,Injectable,Vial,Vial Pack,SUP-7152,GlobalMed Logistics,Switzerland,PO-98029,1733,80.21,6.4,0.0,150095.13,119.57,131.53,20,1015,121363.55,39950.4,Emergency ICU,Government Health Aid,718,50,80,0,2024-09-24,2025-01-14,2025-08-12,322,Cold Chain (2-8°C),2.0,8.0,1,1,Non-Controlled,1,INS-101,Zone-A,Aisle-11-R5,BIN-483,Standard Handling,718,Expired,57590.78,Incineration,Approved
BAT-2026-61645,SKU-595951,742-9938-47,Amoxicillin 500mg,Antibiotic,Oral,Capsule,Blister Pack,SUP-8569,Apex Health Supplies,India,PO-68350,297,7.84,0.32,0.18,2842.65,10.46,11.51,0,180,1882.8,471.6,Emergency ICU,Insurance,117,100,40,0,2025-08-12,2025-10-24,2027-05-06,632,Room Temperature (15-25°C),15.0,25.0,1,1,Non-Controlled,1,INS-110,Cold Vault-2,Aisle-12-R5,BIN-313,Fragile Glass,0,None,0.0,N/A,N/A
BAT-2026-87580,SKU-839485,757-5949-71,Lorazepam 1mg,Psychiatric,Oral,Tablet,Bottle,SUP-7152,GlobalMed Logistics,Germany,PO-98112,1081,137.28,10.17,0.12,177201.41,177.92,195.71,5,488,86824.96,19832.32,In-Store Pharmacy,Insurance,593,200,40,0,2024-12-23,2025-01-12,2026-12-08,715,Room Temperature (15-25°C),15.0,25.0,0,1,Non-Controlled,1,INS-107,Zone-A,Aisle-3-R5,BIN-411,Protect from Light,0,None,0.0,N/A,N/A
BAT-2026-83975,SKU-950823,350-7653-48,Azithromycin 250mg,Antibiotic,Oral,Tablet,Blister Pack,SUP-8569,Apex Health Supplies,UK,PO-26176,1634,36.22,1.51,0.0,61650.82,49.66,54.63,5,1121,55668.86,15066.24,Hospital Outpatient,Cash,513,100,80,0,2025-02-01,2025-03-01,2026-07-16,530,Room Temperature (15-25°C),15.0,25.0,0,1,Non-Controlled,1,INS-101,Zone-A,Aisle-9-R3,BIN-538,Fragile Glass,513,Expired,18580.86,Incineration,Approved
BAT-2026-96900,SKU-499749,564-2195-98,Paracetamol 650mg,Analgesic,Oral,Tablet,Strip,SUP-8569,Apex Health Supplies,Switzerland,PO-56267,851,44.51,1.39,0.05,40954.8,69.96,76.96,10,643,44984.28,16364.35,In-Store Pharmacy,Insurance,208,50,20,0,2024-10-23,2025-02-09,2025-10-14,356,Room Temperature (15-25°C),15.0,25.0,1,1,Non-Controlled,0,INS-101,Cold Vault-2,Aisle-15-R3,BIN-734,Fragile Glass,208,Expired,9258.08,Incineration,Approved
BAT-2026-13552,SKU-504832,161-3589-66,Propofol 10mg/ml,Anesthetic,Injectable,Ampoule,Ampoule Box,SUP-8569,Apex Health Supplies,India,PO-59332,243,39.06,3.0,0.05,10695.16,61.61,67.77,20,113,6961.93,2548.15,Emergency ICU,Government Health Aid,130,100,40,0,2025-06-05,2025-06-26,2026-10-09,491,Cold Chain (2-8°C),2.0,8.0,0,1,Non-Controlled,1,INS-104,Hazmat Vault,Aisle-16-R3,BIN-703,Standard Handling,62,Temperature Breach,2421.72,Hazardous Bio-Waste,Approved
BAT-2026-21003,SKU-795928,525-8933-69,Metformin 800mg,Antidiabetic,Oral,Tablet,Bottle,SUP-0769,BioCare Distribution,Germany,PO-88815,708,57.41,4.31,0.05,45730.07,77.78,85.56,20,431,33523.18,8779.47,Hospital Outpatient,Government Health Aid,277,50,20,0,2024-11-01,2025-01-23,2025-05-29,209,Room Temperature (15-25°C),15.0,25.0,0,1,Non-Controlled,1,INS-106,Cold Vault-2,Aisle-16-R3,BIN-589,Fragile Glass,277,Expired,15902.57,Incineration,Approved
BAT-2026-94246,SKU-930884,308-6573-87,Atorvastatin 20mg,Cardiovascular,Oral,Tablet,Strip,SUP-7152,GlobalMed Logistics,UK,PO-56919,1324,176.92,7.82,0.18,286759.33,233.15,256.47,20,652,152013.8,36661.96,Hospital Outpatient,Government Health Aid,672,50,20,0,2025-09-29,2025-11-05,2026-07-27,301,Room Temperature (15-25°C),15.0,25.0,1,1,Non-Controlled,1,INS-107,Hazmat Vault,Aisle-16-R3,BIN-750,Fragile Glass,672,Expired,118890.24,Incineration,Approved
BAT-2026-66179,SKU-960616,247-6121-50,Ibuprofen 400mg,Analgesic,Oral,Tablet,Strip,SUP-7152,GlobalMed Logistics,USA,PO-60692,1247,8.86,0.3,0.05,11974.94,13.04,14.34,20,928,12101.12,3879.04,Online Fulfillment,Insurance,319,50,80,0,2025-05-06,2025-06-10,2026-06-17,407,Room Temperature (15-25°C),15.0,25.0,1,1,Non-Controlled,1,INS-103,Zone-A,Aisle-18-R2,BIN-729,Keep Refrigerated,319,Expired,2826.34,Incineration,Approved
BAT-2026-27786,SKU-783691,851-6658-61,Omeprazole 20mg,Gastrointestinal,Oral,Capsule,Bottle,SUP-5813,Nexus BioPharma,India,PO-33224,286,124.6,7.93,0.05,39685.36,174.92,192.41,15,247,43205.24,12429.04,Hospital Outpatient,Government Health Aid,39,100,20,0,2024-11-09,2025-03-04,2025-09-16,311,Room Temperature (15-25°C),15.0,25.0,0,1,Non-Controlled,1,INS-105,Zone-B,Aisle-8-R5,BIN-707,Standard Handling,39,Expired,4859.4,Incineration,Approved
BAT-2026-70515,SKU-259493,233-7070-75,Metformin 800mg,Antidiabetic,Oral,Tablet,Bottle,SUP-9028,PharmaDist Inc,Switzerland,PO-11105,1449,50.67,1.41,0.05,79134.96,70.44,77.48,15,1164,81992.16,23012.28,Online Fulfillment,Insurance,285,200,80,0,2025-11-09,2025-11-27,2026-09-30,325,Room Temperature (15-25°C),15.0,25.0,1,0,Non-Controlled,1,INS-104,Zone-B,Aisle-6-R1,BIN-142,Protect from Light,0,None,0.0,N/A,N/A
BAT-2026-33819,SKU-619389,675-2739-50,Propofol 10mg/ml,Anesthetic,Injectable,Ampoule,Ampoule Box,SUP-5813,Nexus BioPharma,USA,PO-26353,563,60.43,3.87,0.18,42324.88,97.28,107.01,5,427,41538.56,15734.95,In-Store Pharmacy,Cash,136,100,80,0,2025-01-19,2025-04-06,2026-03-07,412,Cold Chain (2-8°C),2.0,8.0,1,1,Non-Controlled,1,INS-110,Zone-A,Aisle-12-R4,BIN-795,Fragile Glass,136,Expired,8218.48,Incineration,Approved
BAT-2026-16590,SKU-138817,347-8642-25,Insulin Glargine 100IU/ml,Antidiabetic,Injectable,Vial,Carton Box,SUP-0769,BioCare Distribution,Germany,PO-70646,1472,83.57,4.63,0.12,144592.2,141.99,156.19,15,618,87749.82,36103.56,Hospital Outpatient,Government Health Aid,854,50,20,0,2025-01-24,2025-04-14,2026-06-02,494,Cold Chain (2-8°C),2.0,8.0,0,1,Non-Controlled,1,INS-111,Zone-B,Aisle-15-R4,BIN-603,Standard Handling,854,Expired,71368.78,Incineration,Approved
BAT-2026-44099,SKU-232378,373-8366-41,Lisinopril 10mg,Cardiovascular,Oral,Tablet,Bottle,SUP-0769,BioCare Distribution,USA,PO-58559,1894,111.04,3.35,0.0,216654.66,161.97,178.17,0,786,127308.42,40030.98,Emergency ICU,Cash,1108,50,20,0,2025-02-14,2025-03-15,2025-12-19,308,Room Temperature (15-25°C),15.0,25.0,0,0,Non-Controlled,1,INS-106,Hazmat Vault,Aisle-11-R4,BIN-132,Fragile Glass,1108,Expired,123032.32,Incineration,Approved
BAT-2026-59689,SKU-626690,244-2586-16,Heparin 5000IU/ml,Anticoagulant,Injectable,Vial,Vial Pack,SUP-9028,PharmaDist Inc,USA,PO-35295,759,14.07,0.59,0.05,11660.9,22.6,24.86,20,460,10396.0,3923.8,Emergency ICU,Cash,299,100,40,0,2025-03-13,2025-04-06,2026-04-11,394,Cold Chain (2-8°C),2.0,8.0,0,1,Non-Controlled,1,INS-109,Cold Vault-2,Aisle-15-R4,BIN-611,Fragile Glass,299,Expired,4206.93,Incineration,Pending Audit
BAT-2026-52906,SKU-718849,397-7293-88,Heparin 5000IU/ml,Anticoagulant,Injectable,Vial,Vial Pack,SUP-5813,Nexus BioPharma,Germany,PO-68271,863,57.4,3.39,0.18,61378.29,80.28,88.31,15,480,38534.4,10982.4,Emergency ICU,Insurance,383,50,80,0,2024-12-29,2025-02-12,2025-11-07,313,Cold Chain (2-8°C),2.0,8.0,1,1,Non-Controlled,1,INS-108,Hazmat Vault,Aisle-15-R2,BIN-427,Standard Handling,383,Expired,21984.2,Incineration,Approved
BAT-2026-37742,SKU-448121,528-5067-30,Albuterol Inhaler,Respiratory,Inhalation,Inhaler,Canister Box,SUP-7152,GlobalMed Logistics,Switzerland,PO-11227,1054,29.17,0.65,0.05,32967.54,47.54,52.29,5,683,32469.82,12546.71,Emergency ICU,Government Health Aid,371,200,20,0,2025-03-01,2025-06-16,2025-11-16,260,Room Temperature (15-25°C),15.0,25.0,0,1,Non-Controlled,1,INS-111,Cold Vault-2,Aisle-5-R4,BIN-459,Standard Handling,371,Expired,10822.07,Incineration,Approved
BAT-2026-69598,SKU-205239,933-6364-83,Albuterol Inhaler,Respiratory,Inhalation,Inhaler,Canister Box,SUP-9028,PharmaDist Inc,UK,PO-39035,502,41.49,3.01,0.0,22339.0,69.63,76.59,15,285,19844.55,8019.9,Emergency ICU,Cash,217,50,20,0,2025-02-19,2025-05-01,2026-10-27,615,Room Temperature (15-25°C),15.0,25.0,0,1,Non-Controlled,1,INS-111,Cold Vault-2,Aisle-14-R1,BIN-131,Protect from Light,0,None,0.0,N/A,N/A
BAT-2026-52840,SKU-986088,838-6123-34,Omeprazole 20mg,Gastrointestinal,Oral,Capsule,Bottle,SUP-9028,PharmaDist Inc,Germany,PO-12592,1469,177.16,6.26,0.12,300673.74,225.92,248.51,0,1176,265681.92,57341.76,Online Fulfillment,Cash,293,50,20,0,2025-03-07,2025-06-05,2025-12-26,294,Room Temperature (15-25°C),15.0,25.0,1,1,Non-Controlled,1,INS-104,Hazmat Vault,Aisle-5-R3,BIN-361,Fragile Glass,293,Expired,51907.88,Incineration,Approved
BAT-2026-54236,SKU-561694,881-3610-73,Metformin 800mg,Antidiabetic,Oral,Tablet,Bottle,SUP-8569,Apex Health Supplies,India,PO-46848,1634,106.11,5.53,0.12,203225.81,169.67,186.64,10,1048,177814.16,66610.88,Hospital Outpatient,Insurance,586,50,40,0,2025-04-07,2025-07-05,2025-12-22,259,Room Temperature (15-25°C),15.0,25.0,0,1,Non-Controlled,1,INS-110,Zone-B,Aisle-13-R2,BIN-817,Protect from Light,586,Expired,62180.46,Incineration,Approved
BAT-2026-59692,SKU-204555,627-8648-73,Sertraline 50mg,Psychiatric,Oral,Tablet,Blister Pack,SUP-5813,Nexus BioPharma,Germany,PO-99201,246,126.89,2.91,0.05,33491.55,162.69,178.96,20,219,35629.11,7840.2,In-Store Pharmacy,Insurance,27,200,40,0,2025-05-12,2025-07-07,2025-11-27,199,Room Temperature (15-25°C),15.0,25.0,1,1,Non-Controlled,1,INS-106,Zone-B,Aisle-13-R3,BIN-584,Fragile Glass,27,Expired,3426.03,Incineration,Approved
BAT-2026-46471,SKU-651499,415-9148-12,Omeprazole 20mg,Gastrointestinal,Oral,Capsule,Bottle,SUP-7152,GlobalMed Logistics,UK,PO-56900,1271,160.83,12.82,0.0,220709.15,235.06,258.57,15,719,169008.14,53371.37,In-Store Pharmacy,Insurance,552,50,20,0,2025-07-02,2025-09-08,2027-05-08,675,Room Temperature (15-25°C),15.0,25.0,0,1,Schedule II,1,INS-112,Hazmat Vault,Aisle-1-R4,BIN-981,Fragile Glass,0,None,0.0,N/A,N/A
BAT-2026-65255,SKU-579123,192-7442-74,Sertraline 50mg,Psychiatric,Oral,Tablet,Blister Pack,SUP-8569,Apex Health Supplies,India,PO-35101,963,159.38,9.52,0.05,170324.85,213.01,234.31,10,545,116090.45,29228.35,Online Fulfillment,Government Health Aid,418,100,20,0,2025-10-05,2025-11-14,2027-06-18,621,Room Temperature (15-25°C),15.0,25.0,0,1,Non-Controlled,1,INS-110,Zone-B,Aisle-6-R2,BIN-916,Fragile Glass,0,None,0.0,N/A,N/A
BAT-2026-43065,SKU-116093,568-4944-37,Ceftriaxone 1g,Antibiotic,Injectable,Vial,Vial Pack,SUP-9028,PharmaDist Inc,India,PO-21792,1834,197.9,11.72,0.12,427996.91,322.32,354.55,0,1445,465752.4,179786.9,Online Fulfillment,Government Health Aid,389,50,20,0,2024-10-13,2025-01-31,2025-05-24,223,Cold Chain (2-8°C),2.0,8.0,0,1,Non-Controlled,1,INS-103,Zone-A,Aisle-19-R2,BIN-492,Fragile Glass,389,Expired,76983.1,Incineration,Pending Audit
BAT-2026-20735,SKU-857537,697-6781-16,Metformin 800mg,Antidiabetic,Oral,Tablet,Bottle,SUP-0769,BioCare Distribution,Switzerland,PO-90405,1943,156.82,3.32,0.18,365998.25,253.7,279.07,5,1690,428753.0,163727.2,Emergency ICU,Credit Card,253,200,40,0,2025-03-21,2025-06-30,2026-04-06,381,Room Temperature (15-25°C),15.0,25.0,0,1,Non-Controlled,1,INS-104,Hazmat Vault,Aisle-7-R1,BIN-870,Fragile Glass,253,Expired,39675.46,Incineration,Approved
BAT-2026-71644,SKU-251157,151-5609-73,Paracetamol 650mg,Analgesic,Oral,Tablet,Strip,SUP-8569,Apex Health Supplies,USA,PO-91951,588,73.1,4.49,0.18,53359.82,118.62,130.48,0,395,46854.9,17980.4,Online Fulfillment,Cash,193,50,40,0,2024-12-23,2025-02-17,2025-10-09,290,Room Temperature (15-25°C),15.0,25.0,0,1,Non-Controlled,1,INS-103,Zone-A,Aisle-1-R4,BIN-651,Standard Handling,193,Expired,14108.3,Incineration,Approved
BAT-2026-12540,SKU-529893,711-8710-46,Paracetamol 650mg,Analgesic,Oral,Tablet,Strip,SUP-9028,PharmaDist Inc,UK,PO-49738,1028,109.81,4.94,0.18,138282.24,143.29,157.62,20,746,106894.34,24976.08,In-Store Pharmacy,Insurance,282,200,20,0,2025-06-08,2025-07-22,2026-01-07,213,Room Temperature (15-25°C),15.0,25.0,0,1,Non-Controlled,1,INS-104,Zone-B,Aisle-16-R2,BIN-888,Standard Handling,282,Expired,30966.42,Incineration,Approved
BAT-2026-80702,SKU-786587,649-1133-23,Ibuprofen 400mg,Analgesic,Oral,Tablet,Strip,SUP-0769,BioCare Distribution,Germany,PO-38986,1763,97.97,4.19,0.0,180108.08,156.33,171.96,5,767,119905.11,44762.12,Emergency ICU,Insurance,996,50,40,0,2025-07-10,2025-11-01,2027-06-15,705,Room Temperature (15-25°C),15.0,25.0,1,1,Non-Controlled,1,INS-105,Cold Vault-2,Aisle-9-R3,BIN-200,Protect from Light,0,None,0.0,N/A,N/A
BAT-2026-16826,SKU-261859,541-3194-43,Ceftriaxone 1g,Antibiotic,Injectable,Vial,Vial Pack,SUP-9028,PharmaDist Inc,UK,PO-40704,650,182.71,9.65,0.0,125034.0,248.86,273.75,0,549,136624.14,36316.35,Hospital Outpatient,Credit Card,101,50,20,0,2024-12-16,2025-01-14,2025-08-13,240,Cold Chain (2-8°C),2.0,8.0,0,1,Non-Controlled,1,INS-103,Zone-B,Aisle-7-R1,BIN-532,Keep Refrigerated,101,Expired,18453.71,Incineration,Approved
BAT-2026-55870,SKU-178463,844-6992-61,Azithromycin 250mg,Antibiotic,Oral,Tablet,Blister Pack,SUP-8569,Apex Health Supplies,India,PO-74724,437,101.47,4.92,0.12,51813.52,162.05,178.26,20,197,31923.85,11934.26,Online Fulfillment,Credit Card,240,100,40,0,2025-02-07,2025-04-04,2026-11-29,660,Room Temperature (15-25°C),15.0,25.0,0,1,Non-Controlled,1,INS-102,Hazmat Vault,Aisle-16-R4,BIN-805,Fragile Glass,0,None,0.0,N/A,N/A
BAT-2026-39389,SKU-592296,474-1741-61,Ceftriaxone 1g,Antibiotic,Injectable,Vial,Vial Pack,SUP-7152,GlobalMed Logistics,USA,PO-57579,971,78.9,2.3,0.0,78845.2,114.35,125.79,15,733,83818.55,25984.85,Online Fulfillment,Cash,238,50,20,0,2024-12-27,2025-02-09,2025-10-24,301,Cold Chain (2-8°C),2.0,8.0,0,1,Non-Controlled,1,INS-101,Cold Vault-1,Aisle-6-R3,BIN-701,Fragile Glass,238,Expired,18778.2,Incineration,Approved
BAT-2026-95215,SKU-919488,152-4189-56,Ceftriaxone 1g,Antibiotic,Injectable,Vial,Vial Pack,SUP-0769,BioCare Distribution,India,PO-14822,740,37.6,2.32,0.12,32879.68,59.48,65.43,0,435,25873.8,9517.8,Emergency ICU,Insurance,305,200,40,0,2025-08-11,2025-09-07,2026-10-24,439,Cold Chain (2-8°C),2.0,8.0,0,1,Non-Controlled,1,INS-109,Hazmat Vault,Aisle-18-R3,BIN-735,Fragile Glass,0,None,0.0,N/A,N/A
BAT-2026-18993,SKU-377896,666-5728-19,Omeprazole 20mg,Gastrointestinal,Oral,Capsule,Bottle,SUP-7152,GlobalMed Logistics,Germany,PO-46799,1902,65.14,3.77,0.12,145934.37,82.41,90.65,5,1001,82492.41,17287.27,In-Store Pharmacy,Credit Card,901,200,20,0,2024-12-29,2025-02-12,2025-08-10,224,Room Temperature (15-25°C),15.0,25.0,0,1,Non-Controlled,1,INS-110,Zone-A,Aisle-8-R2,BIN-459,Fragile Glass,901,Expired,58691.14,Incineration,Approved
BAT-2026-95426,SKU-455007,495-9261-67,Lorazepam 1mg,Psychiatric,Oral,Tablet,Bottle,SUP-0769,BioCare Distribution,Germany,PO-74597,572,45.37,1.73,0.05,28238.78,66.12,72.73,5,450,29754.0,9337.5,Hospital Outpatient,Credit Card,122,50,40,0,2025-07-20,2025-11-06,2026-03-24,247,Room Temperature (15-25°C),15.0,25.0,1,1,Schedule II,0,INS-101,Zone-B,Aisle-16-R5,BIN-801,Protect from Light,122,Expired,5535.14,Incineration,Approved
BAT-2026-15276,SKU-753534,882-5582-89,Lisinopril 10mg,Cardiovascular,Oral,Tablet,Bottle,SUP-5813,Nexus BioPharma,UK,PO-89433,250,179.36,10.71,0.18,55588.7,286.43,315.07,0,151,43250.93,16167.57,In-Store Pharmacy,Cash,99,200,80,0,2025-04-30,2025-07-06,2026-08-31,488,Room Temperature (15-25°C),15.0,25.0,1,1,Non-Controlled,1,INS-103,Hazmat Vault,Aisle-16-R4,BIN-602,Standard Handling,99,Expired,17756.64,Incineration,Approved
BAT-2026-14067,SKU-826353,796-2946-26,Amoxicillin 500mg,Antibiotic,Oral,Capsule,Blister Pack,SUP-9028,PharmaDist Inc,Switzerland,PO-37405,1538,156.15,9.33,0.18,297736.81,231.81,254.99,15,1087,251977.47,82242.42,Online Fulfillment,Cash,451,100,20,0,2024-12-08,2025-01-17,2025-06-16,190,Room Temperature (15-25°C),15.0,25.0,0,1,Non-Controlled,0,INS-109,Hazmat Vault,Aisle-14-R2,BIN-127,Fragile Glass,451,Expired,70423.65,Incineration,Approved
BAT-2026-42411,SKU-516791,199-7453-57,Ibuprofen 400mg,Analgesic,Oral,Tablet,Strip,SUP-9028,PharmaDist Inc,Switzerland,PO-10935,1421,13.6,0.49,0.12,22340.96,23.01,25.31,10,592,13621.92,5570.72,In-Store Pharmacy,Credit Card,829,50,20,0,2025-09-17,2025-11-19,2026-06-22,278,Room Temperature (15-25°C),15.0,25.0,1,1,Schedule II,1,INS-106,Cold Vault-1,Aisle-16-R1,BIN-489,Keep Refrigerated,829,Expired,11274.4,Incineration,Approved
BAT-2026-36130,SKU-781403,913-6555-81,Ibuprofen 400mg,Analgesic,Oral,Tablet,Strip,SUP-5813,Nexus BioPharma,Switzerland,PO-35701,1734,198.32,11.17,0.0,363255.66,290.1,319.11,5,736,213513.6,67550.08,In-Store Pharmacy,Credit Card,998,50,80,0,2025-05-27,2025-07-09,2026-03-29,306,Room Temperature (15-25°C),15.0,25.0,0,1,Non-Controlled,1,INS-102,Cold Vault-1,Aisle-12-R1,BIN-139,Fragile Glass,998,Expired,197923.36,Incineration,Approved
BAT-2026-12671,SKU-184216,474-3363-35,Ibuprofen 400mg,Analgesic,Oral,Tablet,Strip,SUP-9028,PharmaDist Inc,Germany,PO-93681,362,106.83,3.02,0.12,44406.4,166.3,182.93,5,168,27938.4,9990.96,Emergency ICU,Credit Card,194,100,40,0,2025-03-05,2025-03-29,2026-03-30,390,Room Temperature (15-25°C),15.0,25.0,0,0,Schedule IV,1,INS-106,Cold Vault-1,Aisle-3-R3,BIN-599,Keep Refrigerated,194,Expired,20725.02,Incineration,Approved
BAT-2026-91439,SKU-993140,716-9341-61,Paracetamol 650mg,Analgesic,Oral,Tablet,Strip,SUP-7152,GlobalMed Logistics,UK,PO-61915,1887,153.83,10.74,0.18,362793.49,213.89,235.28,10,1330,284473.7,79879.8,Online Fulfillment,Credit Card,557,50,40,0,2025-08-07,2025-10-21,2026-08-26,384,Room Temperature (15-25°C),15.0,25.0,1,1,Non-Controlled,1,INS-106,Hazmat Vault,Aisle-16-R5,BIN-877,Standard Handling,557,Expired,85683.31,Incineration,Approved
BAT-2026-29973,SKU-444525,612-1659-15,Amoxicillin 500mg,Antibiotic,Oral,Capsule,Blister Pack,SUP-8569,Apex Health Supplies,UK,PO-24541,243,199.92,5.26,0.05,52287.77,278.96,306.86,20,120,33475.2,9484.8,In-Store Pharmacy,Credit Card,123,100,40,0,2025-07-02,2025-09-29,2026-07-06,369,Room Temperature (15-25°C),15.0,25.0,0,1,Non-Controlled,1,INS-104,Zone-A,Aisle-10-R2,BIN-188,Protect from Light,123,Expired,24590.16,Incineration,Approved
BAT-2026-41266,SKU-993744,139-3245-52,Ceftriaxone 1g,Antibiotic,Injectable,Vial,Vial Pack,SUP-7152,GlobalMed Logistics,UK,PO-46352,445,194.85,12.3,0.18,107789.24,298.73,328.6,0,272,81254.56,28255.36,Hospital Outpatient,Credit Card,173,50,80,0,2025-01-01,2025-03-19,2026-06-24,539,Cold Chain (2-8°C),2.0,8.0,1,1,Non-Controlled,1,INS-111,Zone-A,Aisle-8-R5,BIN-586,Keep Refrigerated,173,Expired,33709.05,Incineration,Approved
BAT-2026-26544,SKU-807115,923-8761-76,Lisinopril 10mg,Cardiovascular,Oral,Tablet,Bottle,SUP-5813,Nexus BioPharma,Switzerland,PO-84593,723,21.83,0.59,0.12,18103.63,27.7,30.47,15,605,16758.5,3551.35,Online Fulfillment,Insurance,118,100,40,0,2025-10-03,2025-10-24,2026-04-30,209,Room Temperature (15-25°C),15.0,25.0,0,0,Non-Controlled,1,INS-104,Cold Vault-1,Aisle-16-R2,BIN-358,Protect from Light,118,Expired,2575.94,Incineration,Approved
BAT-2026-72070,SKU-659543,567-3440-87,Azithromycin 250mg,Antibiotic,Oral,Tablet,Blister Pack,SUP-8569,Apex Health Supplies,USA,PO-75578,1116,132.06,3.54,0.12,169015.08,220.78,242.86,0,736,162494.08,65297.92,In-Store Pharmacy,Insurance,380,100,20,0,2025-05-04,2025-07-13,2026-01-31,272,Room Temperature (15-25°C),15.0,25.0,1,1,Schedule II,0,INS-104,Zone-B,Aisle-14-R4,BIN-656,Keep Refrigerated,380,Expired,50182.8,Incineration,Pending Audit
BAT-2026-97747,SKU-498468,627-3290-51,Sertraline 50mg,Psychiatric,Oral,Tablet,Blister Pack,SUP-0769,BioCare Distribution,USA,PO-74751,1695,54.77,1.44,0.18,111986.28,81.3,89.43,10,598,48617.4,15864.94,Emergency ICU,Insurance,1097,100,20,0,2025-06-23,2025-07-26,2026-05-18,329,Room Temperature (15-25°C),15.0,25.0,0,1,Non-Controlled,1,INS-105,Cold Vault-1,Aisle-1-R3,BIN-194,Protect from Light,1097,Expired,60082.69,Incineration,Approved
BAT-2026-24993,SKU-432043,727-6218-30,Lorazepam 1mg,Psychiatric,Oral,Tablet,Bottle,SUP-8569,Apex Health Supplies,UK,PO-32344,980,163.62,5.22,0.18,194325.77,223.18,245.5,20,836,186578.48,49792.16,Emergency ICU,Cash,144,200,40,0,2025-08-15,2025-09-26,2026-11-22,464,Room Temperature (15-25°C),15.0,25.0,0,1,Non-Controlled,1,INS-103,Hazmat Vault,Aisle-6-R3,BIN-184,Standard Handling,0,None,0.0,N/A,N/A
BAT-2026-83920,SKU-757246,502-5902-85,Paracetamol 650mg,Analgesic,Oral,Tablet,Strip,SUP-0769,BioCare Distribution,Switzerland,PO-82323,101,183.62,5.87,0.0,19138.49,282.29,310.52,0,49,13832.21,4834.83,Emergency ICU,Insurance,52,50,20,0,2024-10-20,2025-01-21,2026-04-09,536,Room Temperature (15-25°C),15.0,25.0,0,1,Schedule II,1,INS-107,Zone-B,Aisle-10-R5,BIN-351,Standard Handling,52,Expired,9548.24,Incineration,Approved
BAT-2026-38569,SKU-853629,444-9311-75,Metformin 800mg,Antidiabetic,Oral,Tablet,Bottle,SUP-8569,Apex Health Supplies,UK,PO-35397,996,13.07,0.47,0.05,14136.73,17.51,19.26,5,682,11941.82,3028.08,In-Store Pharmacy,Credit Card,314,100,20,0,2025-04-30,2025-07-12,2026-10-22,540,Room Temperature (15-25°C),15.0,25.0,1,1,Non-Controlled,1,INS-105,Zone-B,Aisle-14-R5,BIN-841,Keep Refrigerated,131,Contamination,1712.17,Incineration,Approved
BAT-2026-70952,SKU-896290,645-9025-82,Metformin 800mg,Antidiabetic,Oral,Tablet,Bottle,SUP-7152,GlobalMed Logistics,Switzerland,PO-96486,1427,199.29,10.24,0.18,350188.94,328.71,361.58,10,886,291237.06,114666.12,Hospital Outpatient,Government Health Aid,541,100,80,0,2025-06-08,2025-07-15,2026-05-18,344,Room Temperature (15-25°C),15.0,25.0,1,1,Non-Controlled,0,INS-104,Cold Vault-2,Aisle-4-R5,BIN-950,Protect from Light,541,Expired,107815.89,Incineration,Approved
BAT-2026-43586,SKU-611650,406-8780-12,Metformin 800mg,Antidiabetic,Oral,Tablet,Bottle,SUP-5813,Nexus BioPharma,UK,PO-84148,353,45.44,1.46,0.05,17357.72,74.46,81.91,15,206,15338.76,5978.12,Hospital Outpatient,Insurance,147,200,80,0,2025-05-21,2025-07-24,2027-04-13,692,Room Temperature (15-25°C),15.0,25.0,0,1,Non-Controlled,1,INS-104,Zone-B,Aisle-5-R5,BIN-832,Protect from Light,0,None,0.0,N/A,N/A
BAT-2026-58351,SKU-667296,477-6427-96,Propofol 10mg/ml,Anesthetic,Injectable,Ampoule,Ampoule Box,SUP-0769,BioCare Distribution,Switzerland,PO-98103,1775,169.61,10.55,0.05,334836.89,228.64,251.5,15,701,160276.64,41380.03,Emergency ICU,Insurance,1074,100,80,0,2025-09-24,2025-11-25,2026-11-25,427,Cold Chain (2-8°C),2.0,8.0,0,1,Non-Controlled,1,INS-106,Hazmat Vault,Aisle-10-R3,BIN-746,Protect from Light,0,None,0.0,N/A,N/A
BAT-2026-31992,SKU-137642,212-7824-84,Omeprazole 20mg,Gastrointestinal,Oral,Capsule,Bottle,SUP-5813,Nexus BioPharma,Switzerland,PO-99441,552,159.88,6.03,0.0,91582.32,207.97,228.77,5,382,79444.54,18370.38,In-Store Pharmacy,Government Health Aid,170,50,80,0,2025-09-04,2025-10-06,2027-08-02,697,Room Temperature (15-25°C),15.0,25.0,1,1,Non-Controlled,1,INS-101,Cold Vault-1,Aisle-12-R2,BIN-196,Standard Handling,0,None,0.0,N/A,N/A
BAT-2026-89415,SKU-747453,415-1436-86,Insulin Glargine 100IU/ml,Antidiabetic,Injectable,Vial,Carton Box,SUP-0769,BioCare Distribution,UK,PO-89032,1160,72.25,1.62,0.12,95746.4,110.89,121.98,0,567,62874.63,21908.88,In-Store Pharmacy,Credit Card,593,200,20,0,2024-11-15,2025-01-27,2025-07-22,249,Cold Chain (2-8°C),2.0,8.0,1,1,Non-Controlled,1,INS-103,Zone-B,Aisle-12-R5,BIN-565,Protect from Light,593,Expired,42844.25,Incineration,Approved
BAT-2026-89593,SKU-171744,585-5350-93,Ceftriaxone 1g,Antibiotic,Injectable,Vial,Vial Pack,SUP-7152,GlobalMed Logistics,USA,PO-84074,1283,168.17,8.37,0.05,237288.93,234.77,258.25,5,849,199319.73,56543.4,Online Fulfillment,Credit Card,434,200,20,0,2025-05-20,2025-09-04,2026-02-25,281,Cold Chain (2-8°C),2.0,8.0,1,1,Non-Controlled,1,INS-108,Hazmat Vault,Aisle-16-R1,BIN-488,Keep Refrigerated,434,Expired,72985.78,Incineration,Approved
BAT-2026-25012,SKU-346174,901-4728-16,Insulin Glargine 100IU/ml,Antidiabetic,Injectable,Vial,Carton Box,SUP-0769,BioCare Distribution,Germany,PO-33006,1114,169.35,5.5,0.05,204215.7,224.44,246.88,20,783,175736.52,43135.47,Online Fulfillment,Insurance,331,50,40,0,2024-12-26,2025-02-03,2025-07-08,194,Cold Chain (2-8°C),2.0,8.0,0,1,Non-Controlled,1,INS-102,Zone-B,Aisle-1-R4,BIN-867,Protect from Light,331,Expired,56054.85,Incineration,Approved
BAT-2026-31465,SKU-761820,697-8871-31,Atorvastatin 20mg,Cardiovascular,Oral,Tablet,Strip,SUP-9028,PharmaDist Inc,Germany,PO-18566,108,36.87,2.8,0.05,4483.46,50.67,55.74,15,72,3648.24,993.6,In-Store Pharmacy,Insurance,36,100,40,0,2025-06-13,2025-09-16,2027-06-04,721,Room Temperature (15-25°C),15.0,25.0,1,1,Non-Controlled,1,INS-107,Cold Vault-1,Aisle-12-R4,BIN-445,Keep Refrigerated,0,None,0.0,N/A,N/A
BAT-2026-50768,SKU-817644,636-7229-28,Omeprazole 20mg,Gastrointestinal,Oral,Capsule,Bottle,SUP-9028,PharmaDist Inc,USA,PO-87091,1356,119.32,4.75,0.05,176328.82,155.57,171.13,15,1112,172993.84,40310.0,Online Fulfillment,Cash,244,100,40,0,2025-02-17,2025-04-18,2026-03-26,402,Room Temperature (15-25°C),15.0,25.0,1,1,Non-Controlled,1,INS-101,Zone-A,Aisle-8-R2,BIN-347,Standard Handling,244,Expired,29114.08,Incineration,Approved
BAT-2026-24168,SKU-401338,941-4968-14,Metformin 800mg,Antidiabetic,Oral,Tablet,Bottle,SUP-9028,PharmaDist Inc,USA,PO-26809,1222,161.63,3.26,0.12,225197.0,259.43,285.37,0,461,119597.23,45085.8,Emergency ICU,Government Health Aid,761,200,80,0,2025-04-08,2025-05-27,2026-04-19,376,Room Temperature (15-25°C),15.0,25.0,0,1,Non-Controlled,1,INS-108,Cold Vault-2,Aisle-11-R2,BIN-718,Fragile Glass,761,Expired,123000.43,Incineration,Approved
BAT-2026-85849,SKU-338536,686-2800-34,Lorazepam 1mg,Psychiatric,Oral,Tablet,Bottle,SUP-7152,GlobalMed Logistics,India,PO-18526,1782,140.13,8.45,0.0,264769.56,175.73,193.3,15,774,136015.02,27554.4,Emergency ICU,Credit Card,1008,200,80,0,2025-07-26,2025-09-04,2026-11-06,468,Room Temperature (15-25°C),15.0,25.0,0,1,Non-Controlled,1,INS-112,Zone-B,Aisle-11-R4,BIN-580,Protect from Light,0,None,0.0,N/A,N/A
BAT-2026-13365,SKU-883041,119-8225-50,Heparin 5000IU/ml,Anticoagulant,Injectable,Vial,Vial Pack,SUP-9028,PharmaDist Inc,India,PO-26702,915,182.97,13.62,0.05,188250.73,232.17,255.39,5,660,153232.2,32472.0,Emergency ICU,Cash,255,50,80,0,2025-05-26,2025-07-22,2026-05-16,355,Cold Chain (2-8°C),2.0,8.0,0,1,Non-Controlled,1,INS-112,Hazmat Vault,Aisle-9-R5,BIN-135,Keep Refrigerated,255,Expired,46657.35,Incineration,Approved
BAT-2026-50888,SKU-194769,528-3481-62,Paracetamol 650mg,Analgesic,Oral,Tablet,Strip,SUP-0769,BioCare Distribution,Switzerland,PO-44029,307,7.58,0.53,0.18,2908.64,12.15,13.37,5,113,1372.95,516.41,Online Fulfillment,Credit Card,194,200,20,0,2025-07-04,2025-08-04,2027-07-04,730,Room Temperature (15-25°C),15.0,25.0,1,0,Non-Controlled,1,INS-104,Cold Vault-2,Aisle-11-R5,BIN-430,Keep Refrigerated,0,None,0.0,N/A,N/A
BAT-2026-85470,SKU-555052,807-4340-62,Omeprazole 20mg,Gastrointestinal,Oral,Capsule,Bottle,SUP-8569,Apex Health Supplies,Switzerland,PO-84698,1254,140.71,8.46,0.12,208233.22,205.98,226.58,5,1049,216073.02,68468.23,Online Fulfillment,Government Health Aid,205,50,20,0,2025-03-10,2025-03-29,2025-09-10,184,Room Temperature (15-25°C),15.0,25.0,1,1,Schedule II,1,INS-107,Cold Vault-2,Aisle-11-R2,BIN-417,Protect from Light,205,Expired,28845.55,Incineration,Approved
BAT-2026-98781,SKU-203225,613-8726-17,Sertraline 50mg,Psychiatric,Oral,Tablet,Blister Pack,SUP-8569,Apex Health Supplies,Switzerland,PO-39879,503,189.62,5.49,0.0,98140.33,287.9,316.69,10,367,105659.3,36068.76,Hospital Outpatient,Cash,136,50,80,0,2025-05-21,2025-09-01,2026-02-26,281,Room Temperature (15-25°C),15.0,25.0,1,1,Schedule II,1,INS-101,Cold Vault-1,Aisle-5-R3,BIN-665,Keep Refrigerated,136,Expired,25788.32,Incineration,Approved
BAT-2026-59192,SKU-897305,822-3262-76,Lorazepam 1mg,Psychiatric,Oral,Tablet,Bottle,SUP-9028,PharmaDist Inc,Germany,PO-78561,251,113.59,2.89,0.18,34368.48,160.97,177.07,15,207,33320.79,9807.66,Online Fulfillment,Credit Card,44,200,80,0,2024-12-10,2025-03-07,2026-01-13,399,Room Temperature (15-25°C),15.0,25.0,0,1,Non-Controlled,1,INS-108,Zone-A,Aisle-19-R2,BIN-895,Keep Refrigerated,44,Expired,4997.96,Incineration,Pending Audit
BAT-2026-61990,SKU-764532,312-6325-94,Lorazepam 1mg,Psychiatric,Oral,Tablet,Bottle,SUP-7152,GlobalMed Logistics,UK,PO-45956,153,113.5,5.75,0.18,21371.04,146.45,161.09,15,79,11569.55,2603.05,Online Fulfillment,Cash,74,100,40,0,2025-10-25,2025-11-16,2027-09-21,696,Room Temperature (15-25°C),15.0,25.0,0,0,Non-Controlled,1,INS-108,Hazmat Vault,Aisle-19-R5,BIN-820,Keep Refrigerated,0,None,0.0,N/A,N/A
BAT-2026-35995,SKU-838083,589-9609-58,Propofol 10mg/ml,Anesthetic,Injectable,Ampoule,Ampoule Box,SUP-9028,PharmaDist Inc,USA,PO-35146,1243,39.27,2.49,0.18,60693.95,51.87,57.06,5,1087,56382.69,13696.2,Hospital Outpatient,Insurance,156,100,20,0,2025-04-21,2025-06-10,2027-02-16,666,Cold Chain (2-8°C),2.0,8.0,1,0,Non-Controlled,1,INS-107,Hazmat Vault,Aisle-8-R2,BIN-975,Keep Refrigerated,0,None,0.0,N/A,N/A
BAT-2026-19961,SKU-205389,421-3837-68,Paracetamol 650mg,Analgesic,Oral,Tablet,Strip,SUP-0769,BioCare Distribution,India,PO-98864,1796,197.63,5.15,0.05,381940.05,255.17,280.69,20,678,173005.26,39012.12,Online Fulfillment,Credit Card,1118,200,20,0,2025-09-18,2025-10-20,2027-03-27,555,Room Temperature (15-25°C),15.0,25.0,0,1,Non-Controlled,1,INS-104,Cold Vault-2,Aisle-16-R5,BIN-562,Fragile Glass,0,None,0.0,N/A,N/A
BAT-2026-87607,SKU-565230,645-6608-79,Amoxicillin 500mg,Antibiotic,Oral,Capsule,Blister Pack,SUP-0769,BioCare Distribution,UK,PO-13030,727,176.56,6.24,0.05,139313.56,269.85,296.84,20,427,115225.95,39834.83,Online Fulfillment,Government Health Aid,300,50,80,0,2025-08-21,2025-09-19,2026-08-25,369,Room Temperature (15-25°C),15.0,25.0,0,1,Schedule IV,1,INS-104,Cold Vault-1,Aisle-16-R1,BIN-321,Fragile Glass,300,Expired,52968.0,Incineration,Approved
BAT-2026-92213,SKU-274446,462-5331-88,Ibuprofen 400mg,Analgesic,Oral,Tablet,Strip,SUP-0769,BioCare Distribution,USA,PO-98832,686,99.46,3.37,0.18,82822.7,165.99,182.59,10,309,51290.91,20557.77,Emergency ICU,Insurance,377,100,20,0,2024-11-19,2025-02-01,2026-08-11,630,Room Temperature (15-25°C),15.0,25.0,1,1,Non-Controlled,1,INS-107,Zone-A,Aisle-11-R5,BIN-728,Keep Refrigerated,377,Expired,37496.42,Incineration,Approved
BAT-2026-41830,SKU-827712,595-4150-41,Propofol 10mg/ml,Anesthetic,Injectable,Ampoule,Ampoule Box,SUP-5813,Nexus BioPharma,India,PO-79853,1748,63.19,5.01,0.0,119213.6,107.34,118.07,20,1281,137502.54,56556.15,Emergency ICU,Cash,467,50,80,0,2025-07-04,2025-09-15,2026-04-19,289,Cold Chain (2-8°C),2.0,8.0,1,1,Non-Controlled,1,INS-110,Hazmat Vault,Aisle-4-R4,BIN-520,Protect from Light,467,Expired,29509.73,Incineration,Pending Audit
BAT-2026-23356,SKU-414012,385-5890-38,Lorazepam 1mg,Psychiatric,Oral,Tablet,Bottle,SUP-8569,Apex Health Supplies,UK,PO-90538,1543,99.11,3.74,0.05,166343.89,151.77,166.95,5,1077,163456.29,56714.82,In-Store Pharmacy,Insurance,466,50,20,0,2025-01-15,2025-03-24,2026-01-15,365,Room Temperature (15-25°C),15.0,25.0,0,0,Schedule IV,1,INS-102,Zone-B,Aisle-5-R5,BIN-197,Fragile Glass,466,Expired,46185.26,Incineration,Approved
BAT-2026-49529,SKU-130353,404-5735-36,Amoxicillin 500mg,Antibiotic,Oral,Capsule,Blister Pack,SUP-8569,Apex Health Supplies,Switzerland,PO-43150,1545,19.87,0.95,0.0,32166.9,25.37,27.91,20,1149,29150.13,6319.5,In-Store Pharmacy,Cash,396,200,80,0,2025-03-30,2025-05-05,2026-09-24,543,Room Temperature (15-25°C),15.0,25.0,1,1,Non-Controlled,1,INS-102,Zone-B,Aisle-11-R1,BIN-110,Standard Handling,0,None,0.0,N/A,N/A
BAT-2026-99687,SKU-148225,806-9011-50,Paracetamol 650mg,Analgesic,Oral,Tablet,Strip,SUP-9028,PharmaDist Inc,USA,PO-99218,203,48.06,1.25,0.05,10497.74,74.02,81.42,15,139,10288.78,3608.44,In-Store Pharmacy,Government Health Aid,64,100,80,0,2025-01-28,2025-05-20,2026-08-19,568,Room Temperature (15-25°C),15.0,25.0,0,1,Schedule IV,1,INS-103,Cold Vault-2,Aisle-17-R4,BIN-800,Standard Handling,64,Expired,3075.84,Incineration,Approved
BAT-2026-88697,SKU-440131,591-6714-81,Heparin 5000IU/ml,Anticoagulant,Injectable,Vial,Vial Pack,SUP-7152,GlobalMed Logistics,UK,PO-83415,1975,45.32,1.38,0.05,96707.85,70.95,78.05,10,1577,111888.15,40418.51,In-Store Pharmacy,Cash,398,50,20,0,2025-06-06,2025-08-03,2027-02-10,614,Cold Chain (2-8°C),2.0,8.0,0,1,Schedule IV,1,INS-109,Hazmat Vault,Aisle-15-R5,BIN-231,Protect from Light,252,Temperature Breach,11420.64,Hazardous Bio-Waste,Approved
BAT-2026-25866,SKU-934816,914-5480-46,Sertraline 50mg,Psychiatric,Oral,Tablet,Blister Pack,SUP-8569,Apex Health Supplies,Germany,PO-69497,353,106.24,2.38,0.05,40218.0,170.64,187.7,5,159,27131.76,10239.6,Online Fulfillment,Insurance,194,200,20,0,2025-03-09,2025-04-21,2026-04-12,399,Room Temperature (15-25°C),15.0,25.0,1,1,Non-Controlled,1,INS-110,Hazmat Vault,Aisle-9-R1,BIN-707,Protect from Light,194,Expired,20610.56,Incineration,Approved
BAT-2026-84177,SKU-158845,224-9899-58,Lorazepam 1mg,Psychiatric,Oral,Tablet,Bottle,SUP-9028,PharmaDist Inc,India,PO-10256,1350,2.14,0.08,0.0,2997.0,2.8,3.08,0,822,2301.6,542.52,Emergency ICU,Cash,528,50,40,0,2024-11-19,2025-01-10,2026-10-26,706,Room Temperature (15-25°C),15.0,25.0,1,1,Non-Controlled,1,INS-112,Zone-B,Aisle-15-R4,BIN-983,Keep Refrigerated,0,None,0.0,N/A,N/A
BAT-2026-15383,SKU-407618,504-6654-28,Metformin 800mg,Antidiabetic,Oral,Tablet,Bottle,SUP-7152,GlobalMed Logistics,USA,PO-65982,1235,183.74,12.51,0.05,253714.7,248.91,273.8,5,839,208835.49,54677.63,Online Fulfillment,Government Health Aid,396,200,20,0,2025-06-08,2025-09-08,2026-07-26,413,Room Temperature (15-25°C),15.0,25.0,0,0,Non-Controlled,1,INS-109,Zone-B,Aisle-7-R3,BIN-791,Fragile Glass,396,Expired,72761.04,Incineration,Approved
BAT-2026-55508,SKU-475876,397-1689-46,Insulin Glargine 100IU/ml,Antidiabetic,Injectable,Vial,Carton Box,SUP-9028,PharmaDist Inc,India,PO-94012,609,41.89,1.62,0.0,26497.59,70.87,77.96,15,536,37986.32,15533.28,In-Store Pharmacy,Insurance,73,50,20,0,2025-07-13,2025-08-17,2027-03-02,597,Cold Chain (2-8°C),2.0,8.0,1,1,Non-Controlled,1,INS-102,Hazmat Vault,Aisle-5-R3,BIN-899,Fragile Glass,0,None,0.0,N/A,N/A
BAT-2026-79827,SKU-493049,831-2294-54,Ceftriaxone 1g,Antibiotic,Injectable,Vial,Vial Pack,SUP-9028,PharmaDist Inc,Switzerland,PO-98224,1596,27.84,1.79,0.05,49511.11,44.68,49.15,0,643,28729.24,10828.12,Hospital Outpatient,Cash,953,50,20,0,2024-10-17,2025-02-10,2025-08-08,295,Cold Chain (2-8°C),2.0,8.0,1,0,Schedule II,1,INS-103,Cold Vault-1,Aisle-2-R4,BIN-128,Fragile Glass,953,Expired,26531.52,Incineration,Approved
BAT-2026-66148,SKU-551607,552-5201-71,Omeprazole 20mg,Gastrointestinal,Oral,Capsule,Bottle,SUP-5813,Nexus BioPharma,Germany,PO-95200,198,143.95,3.7,0.12,32654.95,228.95,251.84,15,103,23581.85,8755.0,Emergency ICU,Credit Card,95,200,40,0,2025-02-13,2025-06-09,2026-06-29,501,Room Temperature (15-25°C),15.0,25.0,1,0,Non-Controlled,1,INS-104,Cold Vault-1,Aisle-8-R2,BIN-618,Keep Refrigerated,95,Expired,13675.25,Incineration,Approved
BAT-2026-96706,SKU-252640,319-4310-78,Omeprazole 20mg,Gastrointestinal,Oral,Capsule,Bottle,SUP-5813,Nexus BioPharma,Switzerland,PO-16797,252,183.92,12.05,0.05,51701.83,296.57,326.23,20,141,41816.37,15883.65,Emergency ICU,Cash,111,200,20,0,2025-08-01,2025-11-05,2026-06-03,306,Room Temperature (15-25°C),15.0,25.0,0,0,Non-Controlled,1,INS-102,Cold Vault-1,Aisle-1-R3,BIN-555,Keep Refrigerated,111,Expired,20415.12,Incineration,Approved
BAT-2026-58571,SKU-356059,377-5450-27,Metformin 800mg,Antidiabetic,Oral,Tablet,Bottle,SUP-8569,Apex Health Supplies,India,PO-52336,1984,169.17,3.85,0.18,403685.67,244.86,269.35,5,1122,274732.92,84924.18,Online Fulfillment,Government Health Aid,862,50,20,0,2024-10-07,2025-01-08,2026-07-26,657,Room Temperature (15-25°C),15.0,25.0,0,1,Non-Controlled,1,INS-108,Zone-A,Aisle-12-R5,BIN-170,Keep Refrigerated,862,Expired,145824.54,Incineration,Approved
BAT-2026-19038,SKU-656968,211-4920-41,Lorazepam 1mg,Psychiatric,Oral,Tablet,Bottle,SUP-8569,Apex Health Supplies,Switzerland,PO-66694,1013,66.07,4.7,0.0,71690.01,88.32,97.15,20,393,34709.76,8744.25,In-Store Pharmacy,Insurance,620,200,20,0,2025-06-14,2025-07-20,2026-04-02,292,Room Temperature (15-25°C),15.0,25.0,0,1,Non-Controlled,1,INS-112,Hazmat Vault,Aisle-16-R5,BIN-614,Keep Refrigerated,620,Expired,40963.4,Incineration,Pending Audit
BAT-2026-76317,SKU-532067,151-9700-38,Ceftriaxone 1g,Antibiotic,Injectable,Vial,Vial Pack,SUP-0769,BioCare Distribution,Germany,PO-63330,977,6.34,0.38,0.12,7308.74,9.89,10.88,10,579,5726.31,2055.45,In-Store Pharmacy,Cash,398,50,80,0,2025-07-08,2025-10-04,2027-06-20,712,Cold Chain (2-8°C),2.0,8.0,1,1,Non-Controlled,1,INS-110,Zone-A,Aisle-5-R3,BIN-285,Standard Handling,0,None,0.0,N/A,N/A
BAT-2026-94874,SKU-693418,753-4814-16,Heparin 5000IU/ml,Anticoagulant,Injectable,Vial,Vial Pack,SUP-8569,Apex Health Supplies,Switzerland,PO-45918,437,118.15,3.57,0.0,53191.64,166.73,183.4,20,290,48351.7,14088.2,Online Fulfillment,Insurance,147,200,80,0,2025-08-13,2025-11-06,2026-06-28,319,Cold Chain (2-8°C),2.0,8.0,1,1,Non-Controlled,1,INS-106,Cold Vault-1,Aisle-11-R4,BIN-574,Keep Refrigerated,147,Expired,17368.05,Incineration,Approved
BAT-2026-54725,SKU-814919,202-7771-52,Amoxicillin 500mg,Antibiotic,Oral,Capsule,Blister Pack,SUP-5813,Nexus BioPharma,USA,PO-25953,1829,183.61,7.61,0.05,366532.51,240.64,264.7,15,945,227404.8,53893.35,Emergency ICU,Insurance,884,200,20,0,2025-07-26,2025-09-08,2027-06-13,687,Room Temperature (15-25°C),15.0,25.0,0,1,Non-Controlled,1,INS-112,Cold Vault-2,Aisle-11-R5,BIN-381,Keep Refrigerated,0,None,0.0,N/A,N/A
BAT-2026-11658,SKU-931016,834-8739-22,Insulin Glargine 100IU/ml,Antidiabetic,Injectable,Vial,Carton Box,SUP-8569,Apex Health Supplies,Germany,PO-99151,921,155.32,7.19,0.18,175420.66,256.96,282.66,15,392,100728.32,39842.88,Emergency ICU,Cash,529,200,40,0,2025-03-14,2025-04-09,2026-09-14,549,Cold Chain (2-8°C),2.0,8.0,0,0,Non-Controlled,1,INS-106,Hazmat Vault,Aisle-18-R2,BIN-813,Fragile Glass,0,None,0.0,N/A,N/A
BAT-2026-65057,SKU-288803,797-3252-10,Ceftriaxone 1g,Antibiotic,Injectable,Vial,Vial Pack,SUP-9028,PharmaDist Inc,UK,PO-77933,1286,169.6,9.72,0.18,269864.53,249.04,273.94,15,959,238829.36,76182.96,Hospital Outpatient,Credit Card,327,200,40,0,2025-03-06,2025-05-12,2026-06-24,475,Cold Chain (2-8°C),2.0,8.0,0,0,Non-Controlled,1,INS-107,Cold Vault-1,Aisle-7-R5,BIN-678,Standard Handling,327,Expired,55459.2,Incineration,Approved
BAT-2026-74251,SKU-278240,663-3587-62,Amoxicillin 500mg,Antibiotic,Oral,Capsule,Blister Pack,SUP-9028,PharmaDist Inc,UK,PO-71156,1843,172.41,12.54,0.18,398058.14,249.46,274.41,20,933,232746.18,71887.65,Hospital Outpatient,Government Health Aid,910,200,40,0,2025-01-12,2025-04-03,2025-08-21,221,Room Temperature (15-25°C),15.0,25.0,0,1,Non-Controlled,1,INS-104,Cold Vault-2,Aisle-20-R1,BIN-497,Standard Handling,910,Expired,156893.1,Incineration,Approved
BAT-2026-23833,SKU-283573,768-8793-71,Ceftriaxone 1g,Antibiotic,Injectable,Vial,Vial Pack,SUP-0769,BioCare Distribution,UK,PO-74955,1056,192.19,4.92,0.05,218295.79,265.73,292.3,0,686,182290.78,50448.44,Online Fulfillment,Government Health Aid,370,200,20,0,2025-04-15,2025-07-01,2026-01-04,264,Cold Chain (2-8°C),2.0,8.0,0,1,Non-Controlled,1,INS-104,Zone-A,Aisle-10-R1,BIN-920,Standard Handling,370,Expired,71110.3,Incineration,Approved
BAT-2026-66822,SKU-182804,766-4267-46,Atorvastatin 20mg,Cardiovascular,Oral,Tablet,Strip,SUP-7152,GlobalMed Logistics,Germany,PO-57378,1804,75.97,5.23,0.05,153337.29,118.79,130.67,0,1170,138984.3,50099.4,Emergency ICU,Government Health Aid,634,100,20,0,2025-02-20,2025-04-03,2026-07-20,515,Room Temperature (15-25°C),15.0,25.0,0,0,Non-Controlled,1,INS-102,Zone-B,Aisle-7-R5,BIN-648,Keep Refrigerated,634,Expired,48164.98,Incineration,Pending Audit
BAT-2026-57472,SKU-739098,428-5676-92,Heparin 5000IU/ml,Anticoagulant,Injectable,Vial,Vial Pack,SUP-7152,GlobalMed Logistics,Switzerland,PO-77797,260,188.5,5.84,0.18,59350.2,251.72,276.89,10,194,48833.68,12264.68,Online Fulfillment,Government Health Aid,66,100,40,0,2024-12-05,2025-03-05,2026-10-21,685,Cold Chain (2-8°C),2.0,8.0,0,1,Schedule IV,1,INS-109,Hazmat Vault,Aisle-17-R3,BIN-769,Fragile Glass,0,None,0.0,N/A,N/A
BAT-2026-93307,SKU-501126,160-2465-93,Sertraline 50mg,Psychiatric,Oral,Tablet,Blister Pack,SUP-8569,Apex Health Supplies,UK,PO-15697,1703,80.33,3.54,0.05,149670.71,107.16,117.88,15,1190,127520.4,31927.7,Online Fulfillment,Government Health Aid,513,50,80,0,2025-05-22,2025-08-05,2026-03-16,298,Room Temperature (15-25°C),15.0,25.0,0,1,Non-Controlled,1,INS-106,Zone-B,Aisle-8-R4,BIN-841,Keep Refrigerated,513,Expired,41209.29,Incineration,Approved
BAT-2026-70258,SKU-749813,687-4804-78,Sertraline 50mg,Psychiatric,Oral,Tablet,Blister Pack,SUP-9028,PharmaDist Inc,Germany,PO-39431,900,22.0,1.71,0.05,22329.0,30.94,34.03,10,371,11478.74,3316.74,In-Store Pharmacy,Credit Card,529,100,80,0,2025-03-09,2025-05-22,2026-10-04,574,Room Temperature (15-25°C),15.0,25.0,0,1,Non-Controlled,1,INS-108,Zone-B,Aisle-14-R1,BIN-149,Keep Refrigerated,0,None,0.0,N/A,N/A
BAT-2026-30052,SKU-816318,856-1611-32,Omeprazole 20mg,Gastrointestinal,Oral,Capsule,Bottle,SUP-8569,Apex Health Supplies,Switzerland,PO-16155,497,61.75,2.24,0.12,35485.8,97.54,107.29,10,380,37065.2,13600.2,Hospital Outpatient,Cash,117,100,80,0,2025-03-28,2025-05-17,2026-07-11,470,Room Temperature (15-25°C),15.0,25.0,0,1,Non-Controlled,1,INS-105,Hazmat Vault,Aisle-10-R3,BIN-359,Protect from Light,117,Expired,7224.75,Incineration,Approved
BAT-2026-67080,SKU-352528,527-3880-14,Atorvastatin 20mg,Cardiovascular,Oral,Tablet,Strip,SUP-0769,BioCare Distribution,Switzerland,PO-46429,1400,29.02,1.25,0.05,44409.4,39.87,43.86,15,991,39511.17,10752.35,Online Fulfillment,Government Health Aid,409,100,40,0,2025-03-19,2025-04-04,2026-12-26,647,Room Temperature (15-25°C),15.0,25.0,0,1,Schedule IV,1,INS-109,Zone-A,Aisle-7-R2,BIN-699,Keep Refrigerated,0,None,0.0,N/A,N/A
BAT-2026-33086,SKU-621841,956-7504-73,Ceftriaxone 1g,Antibiotic,Injectable,Vial,Vial Pack,SUP-0769,BioCare Distribution,Germany,PO-65058,915,33.19,2.36,0.12,36172.51,53.9,59.29,20,835,45006.5,17292.85,Hospital Outpatient,Insurance,80,200,40,0,2025-04-04,2025-07-21,2026-08-16,499,Cold Chain (2-8°C),2.0,8.0,1,1,Non-Controlled,1,INS-102,Cold Vault-1,Aisle-10-R1,BIN-220,Protect from Light,80,Expired,2655.2,Incineration,Approved
BAT-2026-78386,SKU-711484,290-5742-14,Lisinopril 10mg,Cardiovascular,Oral,Tablet,Bottle,SUP-8569,Apex Health Supplies,USA,PO-79784,1627,189.84,12.91,0.18,385470.79,315.42,346.96,5,1017,320782.14,127714.86,In-Store Pharmacy,Credit Card,610,100,80,0,2025-07-12,2025-09-19,2027-04-07,634,Room Temperature (15-25°C),15.0,25.0,0,1,Non-Controlled,1,INS-108,Cold Vault-1,Aisle-1-R4,BIN-814,Keep Refrigerated,0,None,0.0,N/A,N/A
BAT-2026-95256,SKU-250069,109-5888-82,Lisinopril 10mg,Cardiovascular,Oral,Tablet,Bottle,SUP-9028,PharmaDist Inc,India,PO-68833,1515,158.78,9.36,0.0,254732.1,238.1,261.91,15,1124,267624.4,89155.68,Emergency ICU,Government Health Aid,391,50,40,0,2024-11-17,2025-03-06,2026-01-02,411,Room Temperature (15-25°C),15.0,25.0,0,1,Non-Controlled,1,INS-101,Cold Vault-2,Aisle-3-R3,BIN-629,Protect from Light,391,Expired,62082.98,Incineration,Pending Audit
BAT-2026-45400,SKU-343467,717-2758-52,Sertraline 50mg,Psychiatric,Oral,Tablet,Blister Pack,SUP-9028,PharmaDist Inc,Germany,PO-51450,1258,192.21,13.03,0.05,270281.93,246.22,270.84,5,1109,273057.98,59897.09,Emergency ICU,Cash,149,200,40,0,2025-03-09,2025-04-24,2026-10-27,597,Room Temperature (15-25°C),15.0,25.0,1,1,Non-Controlled,1,INS-101,Zone-A,Aisle-15-R2,BIN-602,Keep Refrigerated,0,None,0.0,N/A,N/A
BAT-2026-90728,SKU-583550,391-8444-92,Propofol 10mg/ml,Anesthetic,Injectable,Ampoule,Ampoule Box,SUP-0769,BioCare Distribution,Switzerland,PO-10676,1318,130.54,3.5,0.18,207634.03,172.28,189.51,5,1202,207080.56,50171.48,Hospital Outpatient,Insurance,116,200,80,0,2025-10-11,2025-11-26,2027-01-31,477,Cold Chain (2-8°C),2.0,8.0,0,1,Non-Controlled,1,INS-107,Zone-B,Aisle-15-R4,BIN-278,Standard Handling,7,Temperature Breach,913.78,Hazardous Bio-Waste,Approved
BAT-2026-80539,SKU-768891,656-9590-73,Ibuprofen 400mg,Analgesic,Oral,Tablet,Strip,SUP-5813,Nexus BioPharma,Germany,PO-61361,500,36.49,2.25,0.18,22654.1,50.47,55.52,20,256,12920.32,3578.88,Hospital Outpatient,Cash,244,100,40,0,2025-05-13,2025-07-08,2027-01-21,618,Room Temperature (15-25°C),15.0,25.0,0,1,Non-Controlled,1,INS-107,Cold Vault-2,Aisle-18-R2,BIN-562,Standard Handling,0,None,0.0,N/A,N/A
BAT-2026-73372,SKU-366314,237-9261-69,Lisinopril 10mg,Cardiovascular,Oral,Tablet,Bottle,SUP-7152,GlobalMed Logistics,India,PO-35507,739,193.81,4.56,0.05,153756.71,265.23,291.75,15,515,136593.45,36781.3,Online Fulfillment,Cash,224,50,20,0,2025-02-06,2025-04-17,2026-02-14,373,Room Temperature (15-25°C),15.0,25.0,0,1,Non-Controlled,1,INS-107,Zone-B,Aisle-20-R4,BIN-400,Keep Refrigerated,224,Expired,43413.44,Incineration,Approved
BAT-2026-70931,SKU-581894,379-4159-24,Omeprazole 20mg,Gastrointestinal,Oral,Capsule,Bottle,SUP-5813,Nexus BioPharma,USA,PO-53870,1156,139.32,10.66,0.0,173376.88,197.17,216.89,15,613,120865.21,35462.05,In-Store Pharmacy,Insurance,543,50,40,0,2025-02-21,2025-05-21,2025-10-30,251,Room Temperature (15-25°C),15.0,25.0,1,0,Schedule II,1,INS-102,Cold Vault-2,Aisle-11-R1,BIN-974,Keep Refrigerated,543,Expired,75650.76,Incineration,Approved
BAT-2026-67091,SKU-367729,438-3662-68,Insulin Glargine 100IU/ml,Antidiabetic,Injectable,Vial,Carton Box,SUP-9028,PharmaDist Inc,UK,PO-20722,787,185.91,5.5,0.0,150639.67,232.45,255.7,15,511,118781.95,23781.94,Online Fulfillment,Insurance,276,200,20,0,2025-05-12,2025-06-24,2027-03-10,667,Cold Chain (2-8°C),2.0,8.0,0,0,Non-Controlled,1,INS-106,Zone-B,Aisle-9-R4,BIN-266,Fragile Glass,0,None,0.0,N/A,N/A
BAT-2026-87656,SKU-799233,763-5215-33,Metformin 800mg,Antidiabetic,Oral,Tablet,Bottle,SUP-0769,BioCare Distribution,USA,PO-84949,559,157.82,7.1,0.05,96601.35,242.59,266.85,5,512,124206.08,43402.24,Emergency ICU,Cash,47,200,20,0,2024-12-06,2025-03-06,2026-06-15,556,Room Temperature (15-25°C),15.0,25.0,0,1,Non-Controlled,1,INS-106,Zone-B,Aisle-9-R2,BIN-140,Standard Handling,47,Expired,7417.54,Incineration,Approved
BAT-2026-45179,SKU-109853,114-6523-47,Atorvastatin 20mg,Cardiovascular,Oral,Tablet,Strip,SUP-8569,Apex Health Supplies,Germany,PO-13325,1054,46.2,2.56,0.18,60158.1,65.63,72.19,20,581,38131.03,11288.83,Online Fulfillment,Government Health Aid,473,50,80,0,2025-10-08,2025-11-11,2026-10-06,363,Room Temperature (15-25°C),15.0,25.0,0,0,Non-Controlled,1,INS-105,Cold Vault-2,Aisle-20-R4,BIN-397,Fragile Glass,0,None,0.0,N/A,N/A
BAT-2026-52245,SKU-943718,681-4164-32,Metformin 800mg,Antidiabetic,Oral,Tablet,Bottle,SUP-5813,Nexus BioPharma,UK,PO-39573,569,118.61,8.08,0.05,75461.06,158.17,173.99,0,241,38118.97,9533.96,Online Fulfillment,Cash,328,50,80,0,2025-07-18,2025-10-14,2026-01-27,193,Room Temperature (15-25°C),15.0,25.0,0,1,Non-Controlled,1,INS-102,Cold Vault-1,Aisle-10-R2,BIN-715,Standard Handling,328,Expired,38904.08,Incineration,Approved
BAT-2026-42177,SKU-587853,725-7643-64,Amoxicillin 500mg,Antibiotic,Oral,Capsule,Blister Pack,SUP-9028,PharmaDist Inc,UK,PO-65550,1498,36.72,2.23,0.0,58347.1,46.21,50.83,15,1004,46394.84,9527.96,Hospital Outpatient,Cash,494,200,40,0,2025-02-18,2025-03-05,2027-01-02,683,Room Temperature (15-25°C),15.0,25.0,1,1,Non-Controlled,1,INS-107,Cold Vault-1,Aisle-19-R2,BIN-439,Fragile Glass,322,Packaging Defect,11823.84,N/A,Approved
BAT-2026-21359,SKU-401603,627-6372-21,Albuterol Inhaler,Respiratory,Inhalation,Inhaler,Canister Box,SUP-5813,Nexus BioPharma,Switzerland,PO-19757,1145,62.75,1.94,0.05,77662.49,102.63,112.89,0,739,75843.57,29471.32,Emergency ICU,Credit Card,406,200,40,0,2024-11-03,2025-01-10,2025-08-17,287,Room Temperature (15-25°C),15.0,25.0,0,1,Non-Controlled,1,INS-111,Cold Vault-2,Aisle-11-R1,BIN-536,Protect from Light,406,Expired,25476.5,Incineration,Approved
BAT-2026-46559,SKU-810526,510-2562-33,Lisinopril 10mg,Cardiovascular,Oral,Tablet,Bottle,SUP-0769,BioCare Distribution,UK,PO-42765,849,138.32,5.92,0.18,143597.82,221.2,243.32,5,602,133162.4,49893.76,In-Store Pharmacy,Cash,247,100,20,0,2025-05-15,2025-06-04,2026-12-21,585,Room Temperature (15-25°C),15.0,25.0,1,1,Non-Controlled,1,INS-105,Hazmat Vault,Aisle-4-R1,BIN-212,Keep Refrigerated,0,None,0.0,N/A,N/A
BAT-2026-69087,SKU-673149,243-8822-51,Propofol 10mg/ml,Anesthetic,Injectable,Ampoule,Ampoule Box,SUP-7152,GlobalMed Logistics,UK,PO-35805,1793,27.21,1.13,0.0,50813.62,36.94,40.63,5,1130,41742.2,10994.9,Emergency ICU,Government Health Aid,663,50,80,0,2025-04-05,2025-04-25,2026-12-24,628,Cold Chain (2-8°C),2.0,8.0,0,1,Schedule IV,1,INS-104,Cold Vault-1,Aisle-11-R5,BIN-803,Fragile Glass,529,Packaging Defect,14394.09,N/A,Approved
BAT-2026-41963,SKU-265649,354-1111-43,Amoxicillin 500mg,Antibiotic,Oral,Capsule,Blister Pack,SUP-5813,Nexus BioPharma,Germany,PO-31558,137,146.31,3.18,0.0,20480.13,230.36,253.4,10,61,14051.96,5127.05,Online Fulfillment,Government Health Aid,76,50,80,0,2024-11-10,2025-01-24,2026-10-26,715,Room Temperature (15-25°C),15.0,25.0,0,1,Schedule IV,1,INS-112,Hazmat Vault,Aisle-16-R3,BIN-258,Fragile Glass,0,None,0.0,N/A,N/A
BAT-2026-70910,SKU-177449,492-4858-67,Lisinopril 10mg,Cardiovascular,Oral,Tablet,Bottle,SUP-8569,Apex Health Supplies,UK,PO-53152,329,189.86,11.59,0.0,66277.05,293.57,322.93,20,229,67227.53,23749.59,Hospital Outpatient,Insurance,100,50,40,0,2024-09-17,2025-01-03,2025-06-11,267,Room Temperature (15-25°C),15.0,25.0,1,1,Non-Controlled,1,INS-102,Hazmat Vault,Aisle-5-R3,BIN-957,Protect from Light,100,Expired,18986.0,Incineration,Approved
BAT-2026-84691,SKU-563187,871-5374-52,Azithromycin 250mg,Antibiotic,Oral,Tablet,Blister Pack,SUP-7152,GlobalMed Logistics,Switzerland,PO-50737,1488,189.84,13.35,0.18,353193.47,283.34,311.67,10,1121,317624.14,104813.5,Emergency ICU,Government Health Aid,367,100,20,0,2025-03-25,2025-07-16,2026-01-21,302,Room Temperature (15-25°C),15.0,25.0,0,0,Non-Controlled,1,INS-111,Zone-A,Aisle-13-R5,BIN-178,Fragile Glass,367,Expired,69671.28,Incineration,Approved
BAT-2026-89997,SKU-462351,409-1187-43,Amoxicillin 500mg,Antibiotic,Oral,Capsule,Blister Pack,SUP-5813,Nexus BioPharma,UK,PO-18237,662,79.54,6.24,0.05,59419.13,113.29,124.62,0,601,68087.29,20283.75,Hospital Outpatient,Credit Card,61,200,20,0,2025-03-27,2025-06-14,2026-02-16,326,Room Temperature (15-25°C),15.0,25.0,0,1,Non-Controlled,1,INS-111,Cold Vault-2,Aisle-1-R4,BIN-303,Keep Refrigerated,61,Expired,4851.94,Incineration,Approved
BAT-2026-97580,SKU-716113,769-6890-98,Amoxicillin 500mg,Antibiotic,Oral,Capsule,Blister Pack,SUP-8569,Apex Health Supplies,Switzerland,PO-92050,537,198.87,5.54,0.0,109768.17,295.49,325.04,5,188,55552.12,18164.56,Online Fulfillment,Government Health Aid,349,50,80,0,2025-06-28,2025-07-17,2027-02-02,584,Room Temperature (15-25°C),15.0,25.0,1,1,Non-Controlled,1,INS-107,Cold Vault-1,Aisle-11-R4,BIN-593,Standard Handling,0,None,0.0,N/A,N/A
BAT-2026-59674,SKU-413685,341-2017-95,Albuterol Inhaler,Respiratory,Inhalation,Inhaler,Canister Box,SUP-5813,Nexus BioPharma,India,PO-91958,1899,193.11,14.53,0.18,460317.22,284.62,313.08,15,690,196387.8,63141.9,Hospital Outpatient,Credit Card,1209,100,40,0,2025-05-11,2025-07-19,2026-12-22,590,Room Temperature (15-25°C),15.0,25.0,1,1,Non-Controlled,1,INS-108,Cold Vault-2,Aisle-6-R3,BIN-597,Keep Refrigerated,0,None,0.0,N/A,N/A
BAT-2026-54092,SKU-769975,221-8625-49,Omeprazole 20mg,Gastrointestinal,Oral,Capsule,Bottle,SUP-0769,BioCare Distribution,India,PO-22678,1406,8.41,0.23,0.18,14276.24,12.6,13.86,15,993,12511.8,4160.67,Emergency ICU,Credit Card,413,50,40,0,2025-07-23,2025-10-13,2026-05-03,284,Room Temperature (15-25°C),15.0,25.0,0,1,Non-Controlled,1,INS-101,Zone-A,Aisle-20-R1,BIN-355,Protect from Light,413,Expired,3473.33,Incineration,Approved
BAT-2026-13761,SKU-544920,263-7642-97,Propofol 10mg/ml,Anesthetic,Injectable,Ampoule,Ampoule Box,SUP-7152,GlobalMed Logistics,UK,PO-13653,126,121.27,5.42,0.12,17796.54,185.04,203.54,20,52,9622.08,3316.04,Hospital Outpatient,Insurance,74,100,40,0,2025-05-21,2025-07-25,2026-05-08,352,Cold Chain (2-8°C),2.0,8.0,0,0,Non-Controlled,1,INS-105,Zone-A,Aisle-10-R3,BIN-105,Keep Refrigerated,74,Expired,8973.98,Incineration,Approved
BAT-2026-74789,SKU-823846,614-6095-98,Heparin 5000IU/ml,Anticoagulant,Injectable,Vial,Vial Pack,SUP-5813,Nexus BioPharma,UK,PO-72910,325,184.37,4.2,0.0,61285.25,257.23,282.95,0,270,69452.1,19672.2,Emergency ICU,Insurance,55,100,40,0,2024-10-17,2025-01-01,2025-06-20,246,Cold Chain (2-8°C),2.0,8.0,0,1,Non-Controlled,1,INS-112,Cold Vault-1,Aisle-19-R5,BIN-496,Fragile Glass,55,Expired,10140.35,Incineration,Approved
BAT-2026-52600,SKU-362246,220-5833-57,Lorazepam 1mg,Psychiatric,Oral,Tablet,Bottle,SUP-8569,Apex Health Supplies,Switzerland,PO-66616,1400,193.57,6.91,0.18,329451.64,297.79,327.57,10,1128,335907.12,117560.16,In-Store Pharmacy,Insurance,272,50,80,0,2024-10-11,2025-02-06,2026-04-16,552,Room Temperature (15-25°C),15.0,25.0,1,1,Schedule IV,0,INS-111,Zone-A,Aisle-2-R5,BIN-894,Protect from Light,272,Expired,52651.04,Incineration,Pending Audit
BAT-2026-33834,SKU-579027,729-4618-38,Propofol 10mg/ml,Anesthetic,Injectable,Ampoule,Ampoule Box,SUP-7152,GlobalMed Logistics,USA,PO-13148,897,45.74,1.78,0.05,44676.88,59.45,65.4,0,824,48986.8,11297.04,Online Fulfillment,Cash,73,100,80,0,2025-01-19,2025-05-16,2026-02-06,383,Cold Chain (2-8°C),2.0,8.0,0,1,Non-Controlled,1,INS-106,Zone-A,Aisle-2-R2,BIN-862,Fragile Glass,73,Expired,3339.02,Incineration,Approved
BAT-2026-73904,SKU-986365,236-8834-29,Insulin Glargine 100IU/ml,Antidiabetic,Injectable,Vial,Carton Box,SUP-0769,BioCare Distribution,Germany,PO-87664,1732,113.98,7.1,0.18,245244.96,169.31,186.24,0,1014,171680.34,56104.62,Emergency ICU,Government Health Aid,718,50,40,0,2024-12-27,2025-04-10,2026-06-06,526,Cold Chain (2-8°C),2.0,8.0,0,1,Non-Controlled,1,INS-101,Hazmat Vault,Aisle-16-R1,BIN-926,Keep Refrigerated,718,Expired,81837.64,Incineration,Approved
BAT-2026-37802,SKU-416797,565-7121-63,Amoxicillin 500mg,Antibiotic,Oral,Capsule,Blister Pack,SUP-0769,BioCare Distribution,Switzerland,PO-92090,383,187.46,11.37,0.18,89075.38,239.95,263.94,20,206,49429.7,10812.94,Online Fulfillment,Government Health Aid,177,50,40,0,2025-04-03,2025-08-01,2026-04-23,385,Room Temperature (15-25°C),15.0,25.0,0,1,Non-Controlled,1,INS-103,Cold Vault-2,Aisle-3-R2,BIN-769,Keep Refrigerated,177,Expired,33180.42,Incineration,Approved
BAT-2026-56507,SKU-308894,818-9998-70,Propofol 10mg/ml,Anesthetic,Injectable,Ampoule,Ampoule Box,SUP-9028,PharmaDist Inc,UK,PO-53817,978,29.85,1.97,0.12,34623.16,48.53,53.38,10,654,31738.62,12216.72,In-Store Pharmacy,Credit Card,324,100,80,0,2025-01-08,2025-02-04,2026-08-24,593,Cold Chain (2-8°C),2.0,8.0,0,1,Non-Controlled,1,INS-104,Hazmat Vault,Aisle-5-R1,BIN-280,Standard Handling,324,Expired,9671.4,Incineration,Approved
BAT-2026-43862,SKU-503380,875-9806-95,Paracetamol 650mg,Analgesic,Oral,Tablet,Strip,SUP-9028,PharmaDist Inc,Switzerland,PO-42821,1059,149.58,8.17,0.0,167057.25,195.71,215.28,15,755,147761.05,34828.15,Emergency ICU,Cash,304,200,20,0,2025-06-14,2025-08-25,2026-04-15,305,Room Temperature (15-25°C),15.0,25.0,1,1,Non-Controlled,1,INS-103,Hazmat Vault,Aisle-17-R2,BIN-891,Fragile Glass,304,Expired,45472.32,Incineration,Approved
BAT-2026-54608,SKU-994787,945-4578-41,Lorazepam 1mg,Psychiatric,Oral,Tablet,Bottle,SUP-7152,GlobalMed Logistics,Switzerland,PO-42394,1604,49.12,2.65,0.18,97221.01,80.71,88.78,15,571,46085.41,18037.89,In-Store Pharmacy,Cash,1033,100,80,0,2024-12-23,2025-03-11,2026-02-14,418,Room Temperature (15-25°C),15.0,25.0,0,1,Non-Controlled,1,INS-110,Zone-A,Aisle-8-R1,BIN-485,Standard Handling,1033,Expired,50740.96,Incineration,Approved
BAT-2026-46655,SKU-606680,796-2341-77,Insulin Glargine 100IU/ml,Antidiabetic,Injectable,Vial,Carton Box,SUP-7152,GlobalMed Logistics,Germany,PO-24134,552,196.51,15.46,0.05,122431.12,263.51,289.86,5,256,67458.56,17152.0,Hospital Outpatient,Credit Card,296,100,40,0,2025-04-29,2025-06-13,2027-01-03,614,Cold Chain (2-8°C),2.0,8.0,1,1,Non-Controlled,1,INS-101,Hazmat Vault,Aisle-12-R3,BIN-144,Protect from Light,211,Temperature Breach,41463.61,Hazardous Bio-Waste,Approved
BAT-2026-88139,SKU-211834,557-9653-56,Paracetamol 650mg,Analgesic,Oral,Tablet,Strip,SUP-9028,PharmaDist Inc,India,PO-72072,1119,35.24,2.12,0.12,46537.87,51.75,56.93,10,571,29549.25,9427.21,Hospital Outpatient,Insurance,548,50,40,0,2025-08-07,2025-09-01,2027-06-29,691,Room Temperature (15-25°C),15.0,25.0,0,0,Schedule IV,1,INS-103,Cold Vault-2,Aisle-11-R1,BIN-409,Protect from Light,0,None,0.0,N/A,N/A
BAT-2026-46211,SKU-348728,179-2838-17,Albuterol Inhaler,Respiratory,Inhalation,Inhaler,Canister Box,SUP-7152,GlobalMed Logistics,UK,PO-41242,1952,177.29,7.14,0.18,422299.97,229.49,252.44,5,1562,358463.38,81536.4,Emergency ICU,Cash,390,50,20,0,2025-03-31,2025-06-25,2026-07-09,465,Room Temperature (15-25°C),15.0,25.0,0,1,Schedule IV,1,INS-109,Zone-B,Aisle-14-R3,BIN-287,Fragile Glass,390,Expired,69143.1,Incineration,Approved
BAT-2026-82848,SKU-499889,948-9972-74,Paracetamol 650mg,Analgesic,Oral,Tablet,Strip,SUP-7152,GlobalMed Logistics,Switzerland,PO-54669,915,19.57,1.01,0.05,19726.03,29.49,32.44,20,480,14155.2,4761.6,Online Fulfillment,Cash,435,50,80,0,2024-11-06,2025-02-25,2026-02-08,459,Room Temperature (15-25°C),15.0,25.0,1,1,Non-Controlled,1,INS-103,Zone-A,Aisle-3-R4,BIN-328,Standard Handling,435,Expired,8512.95,Incineration,Approved
BAT-2026-11330,SKU-699704,307-9792-29,Ibuprofen 400mg,Analgesic,Oral,Tablet,Strip,SUP-8569,Apex Health Supplies,Switzerland,PO-17134,758,142.38,8.83,0.0,114617.18,231.56,254.72,0,484,112075.04,43163.12,Emergency ICU,Insurance,274,200,40,0,2025-11-11,2025-11-27,2027-06-23,589,Room Temperature (15-25°C),15.0,25.0,0,1,Non-Controlled,1,INS-103,Cold Vault-1,Aisle-13-R5,BIN-448,Standard Handling,0,None,0.0,N/A,N/A
BAT-2026-77715,SKU-476395,268-6375-76,Lorazepam 1mg,Psychiatric,Oral,Tablet,Bottle,SUP-7152,GlobalMed Logistics,UK,PO-53724,1639,128.54,3.31,0.12,241383.4,198.73,218.6,15,876,174087.48,61486.44,Emergency ICU,Insurance,763,100,40,0,2025-08-17,2025-11-28,2027-02-12,544,Room Temperature (15-25°C),15.0,25.0,1,1,Schedule IV,1,INS-112,Cold Vault-2,Aisle-2-R5,BIN-986,Keep Refrigerated,0,None,0.0,N/A,N/A
BAT-2026-35042,SKU-702733,552-2904-97,Metformin 800mg,Antidiabetic,Oral,Tablet,Bottle,SUP-0769,BioCare Distribution,USA,PO-78114,646,177.56,10.6,0.18,142198.04,263.96,290.36,0,228,60182.88,19699.2,Online Fulfillment,Insurance,418,100,80,0,2025-07-13,2025-10-29,2027-05-11,667,Room Temperature (15-25°C),15.0,25.0,1,1,Non-Controlled,1,INS-108,Cold Vault-2,Aisle-14-R4,BIN-799,Protect from Light,0,None,0.0,N/A,N/A
BAT-2026-21221,SKU-410244,310-9008-21,Ceftriaxone 1g,Antibiotic,Injectable,Vial,Vial Pack,SUP-7152,GlobalMed Logistics,Germany,PO-41030,1315,90.43,3.16,0.12,137340.7,141.58,155.74,0,974,137898.92,49820.1,Hospital Outpatient,Insurance,341,100,20,0,2025-09-20,2025-11-26,2027-05-07,594,Cold Chain (2-8°C),2.0,8.0,0,1,Non-Controlled,1,INS-101,Hazmat Vault,Aisle-5-R5,BIN-697,Keep Refrigerated,0,None,0.0,N/A,N/A
BAT-2026-41635,SKU-833247,622-8298-17,Paracetamol 650mg,Analgesic,Oral,Tablet,Strip,SUP-7152,GlobalMed Logistics,India,PO-19556,1172,54.51,2.22,0.05,69681.85,74.42,81.86,15,638,47479.96,12702.58,Online Fulfillment,Insurance,534,100,40,0,2025-03-25,2025-05-06,2027-01-30,676,Room Temperature (15-25°C),15.0,25.0,1,1,Non-Controlled,1,INS-101,Zone-B,Aisle-3-R2,BIN-965,Protect from Light,0,None,0.0,N/A,N/A
BAT-2026-63271,SKU-409571,564-3161-75,Heparin 5000IU/ml,Anticoagulant,Injectable,Vial,Vial Pack,SUP-5813,Nexus BioPharma,Switzerland,PO-88638,1635,51.41,3.11,0.0,89140.2,72.74,80.01,15,1247,90706.78,26598.51,Emergency ICU,Government Health Aid,388,100,20,0,2025-09-12,2025-10-13,2027-08-16,703,Cold Chain (2-8°C),2.0,8.0,0,1,Non-Controlled,1,INS-110,Cold Vault-1,Aisle-15-R2,BIN-605,Keep Refrigerated,0,None,0.0,N/A,N/A
BAT-2026-74038,SKU-123005,525-8484-82,Albuterol Inhaler,Respiratory,Inhalation,Inhaler,Canister Box,SUP-5813,Nexus BioPharma,UK,PO-91207,116,15.42,0.66,0.0,1865.28,23.48,25.83,10,81,1901.88,652.86,Emergency ICU,Government Health Aid,35,200,20,0,2025-01-08,2025-03-09,2026-04-18,465,Room Temperature (15-25°C),15.0,25.0,1,1,Non-Controlled,1,INS-104,Hazmat Vault,Aisle-4-R3,BIN-334,Fragile Glass,35,Expired,539.7,Incineration,Approved
BAT-2026-82768,SKU-970357,159-8575-96,Metformin 800mg,Antidiabetic,Oral,Tablet,Bottle,SUP-0769,BioCare Distribution,Germany,PO-67478,1295,52.82,3.72,0.0,73219.3,67.71,74.48,15,474,32094.54,7057.86,Hospital Outpatient,Credit Card,821,50,80,0,2025-08-19,2025-10-10,2026-07-15,330,Room Temperature (15-25°C),15.0,25.0,0,0,Non-Controlled,1,INS-112,Zone-A,Aisle-8-R2,BIN-830,Standard Handling,821,Expired,43365.22,Incineration,Approved
BAT-2026-41499,SKU-790203,926-6049-12,Albuterol Inhaler,Respiratory,Inhalation,Inhaler,Canister Box,SUP-9028,PharmaDist Inc,Germany,PO-22539,1343,23.39,1.25,0.0,33091.52,39.03,42.93,5,604,23574.12,9446.56,Online Fulfillment,Government Health Aid,739,50,40,0,2025-03-04,2025-04-18,2026-12-09,645,Room Temperature (15-25°C),15.0,25.0,0,1,Non-Controlled,1,INS-111,Zone-B,Aisle-2-R5,BIN-555,Fragile Glass,0,None,0.0,N/A,N/A
BAT-2026-72402,SKU-515032,505-5169-10,Albuterol Inhaler,Respiratory,Inhalation,Inhaler,Canister Box,SUP-5813,Nexus BioPharma,India,PO-91965,257,2.25,0.18,0.18,728.6,3.02,3.32,15,138,416.76,106.26,Hospital Outpatient,Cash,119,200,80,0,2025-03-01,2025-06-06,2025-12-16,290,Room Temperature (15-25°C),15.0,25.0,1,0,Non-Controlled,1,INS-105,Zone-A,Aisle-1-R1,BIN-927,Keep Refrigerated,119,Expired,267.75,Incineration,Approved
BAT-2026-94659,SKU-387813,863-4570-84,Amoxicillin 500mg,Antibiotic,Oral,Capsule,Blister Pack,SUP-0769,BioCare Distribution,Germany,PO-68517,576,78.42,1.83,0.05,48482.5,115.37,126.91,0,312,35995.44,11528.4,Online Fulfillment,Insurance,264,100,40,0,2025-07-17,2025-08-12,2026-05-18,305,Room Temperature (15-25°C),15.0,25.0,0,0,Non-Controlled,1,INS-106,Cold Vault-1,Aisle-8-R4,BIN-817,Keep Refrigerated,264,Expired,20702.88,Incineration,Approved
BAT-2026-74332,SKU-108491,174-1742-64,Albuterol Inhaler,Respiratory,Inhalation,Inhaler,Canister Box,SUP-5813,Nexus BioPharma,India,PO-85882,1169,147.05,8.62,0.12,202606.4,242.69,266.96,0,857,207985.33,81963.48,In-Store Pharmacy,Government Health Aid,312,50,40,0,2025-06-23,2025-07-10,2026-09-02,436,Room Temperature (15-25°C),15.0,25.0,1,1,Non-Controlled,1,INS-110,Zone-B,Aisle-2-R1,BIN-218,Fragile Glass,0,None,0.0,N/A,N/A
BAT-2026-68743,SKU-693419,452-2044-79,Paracetamol 650mg,Analgesic,Oral,Tablet,Strip,SUP-5813,Nexus BioPharma,India,PO-26361,1496,193.88,5.7,0.18,350779.69,249.33,274.26,10,1304,325126.32,72306.8,Emergency ICU,Cash,192,100,80,0,2025-05-12,2025-07-27,2027-03-24,681,Room Temperature (15-25°C),15.0,25.0,1,0,Non-Controlled,1,INS-107,Zone-A,Aisle-8-R2,BIN-203,Keep Refrigerated,0,None,0.0,N/A,N/A
BAT-2026-12260,SKU-819112,161-2130-70,Ceftriaxone 1g,Antibiotic,Injectable,Vial,Vial Pack,SUP-5813,Nexus BioPharma,Switzerland,PO-21211,617,177.14,12.56,0.12,130160.35,285.28,313.81,0,496,141498.88,53637.44,Hospital Outpatient,Insurance,121,100,80,0,2025-05-18,2025-08-26,2027-04-07,689,Cold Chain (2-8°C),2.0,8.0,0,1,Non-Controlled,1,INS-103,Zone-B,Aisle-5-R2,BIN-268,Standard Handling,0,None,0.0,N/A,N/A
BAT-2026-22196,SKU-916118,132-5703-62,Ibuprofen 400mg,Analgesic,Oral,Tablet,Strip,SUP-9028,PharmaDist Inc,USA,PO-17954,198,99.63,7.08,0.0,21128.58,127.26,139.99,5,142,18070.92,3923.46,In-Store Pharmacy,Credit Card,56,100,80,0,2025-09-22,2025-11-15,2026-11-12,416,Room Temperature (15-25°C),15.0,25.0,0,1,Non-Controlled,1,INS-107,Zone-B,Aisle-17-R3,BIN-242,Fragile Glass,0,None,0.0,N/A,N/A
BAT-2026-48566,SKU-880841,284-3218-92,Albuterol Inhaler,Respiratory,Inhalation,Inhaler,Canister Box,SUP-5813,Nexus BioPharma,UK,PO-14370,1868,76.99,5.56,0.05,161394.27,115.57,127.13,10,1166,134754.62,44984.28,Emergency ICU,Cash,702,100,40,0,2025-10-16,2025-11-20,2026-08-29,317,Room Temperature (15-25°C),15.0,25.0,1,1,Non-Controlled,1,INS-103,Zone-B,Aisle-11-R4,BIN-235,Protect from Light,702,Expired,54046.98,Incineration,Approved
BAT-2026-39045,SKU-151426,846-7887-57,Albuterol Inhaler,Respiratory,Inhalation,Inhaler,Canister Box,SUP-7152,GlobalMed Logistics,Germany,PO-59465,1160,110.11,2.7,0.18,153850.57,184.13,202.54,15,820,150986.6,60696.4,Online Fulfillment,Credit Card,340,200,40,0,2024-10-06,2025-01-19,2025-05-04,210,Room Temperature (15-25°C),15.0,25.0,0,1,Non-Controlled,1,INS-103,Cold Vault-2,Aisle-13-R1,BIN-858,Keep Refrigerated,340,Expired,37437.4,Incineration,Approved
BAT-2026-63005,SKU-735863,491-8348-58,Propofol 10mg/ml,Anesthetic,Injectable,Ampoule,Ampoule Box,SUP-0769,BioCare Distribution,India,PO-51062,379,22.08,1.09,0.12,9785.63,31.73,34.9,15,325,10312.25,3136.25,Emergency ICU,Insurance,54,200,20,0,2025-08-04,2025-10-16,2026-05-12,281,Cold Chain (2-8°C),2.0,8.0,0,1,Schedule II,1,INS-109,Zone-A,Aisle-17-R3,BIN-719,Standard Handling,54,Expired,1192.32,Incineration,Approved
BAT-2026-41890,SKU-881369,484-2314-97,Azithromycin 250mg,Antibiotic,Oral,Tablet,Blister Pack,SUP-5813,Nexus BioPharma,UK,PO-18523,1472,96.94,3.34,0.12,164735.64,137.27,151.0,15,965,132465.55,38918.45,Emergency ICU,Cash,507,50,20,0,2025-08-07,2025-11-03,2026-03-29,234,Room Temperature (15-25°C),15.0,25.0,0,1,Non-Controlled,1,INS-103,Cold Vault-1,Aisle-16-R1,BIN-676,Fragile Glass,507,Expired,49148.58,Incineration,Approved
BAT-2026-50135,SKU-620856,777-9835-27,Heparin 5000IU/ml,Anticoagulant,Injectable,Vial,Vial Pack,SUP-0769,BioCare Distribution,India,PO-26716,596,173.08,13.54,0.18,129793.54,271.53,298.68,0,322,87432.66,31700.9,Online Fulfillment,Cash,274,100,20,0,2024-10-14,2025-02-01,2025-06-20,249,Cold Chain (2-8°C),2.0,8.0,0,0,Non-Controlled,1,INS-112,Zone-A,Aisle-14-R5,BIN-124,Protect from Light,274,Expired,47423.92,Incineration,Approved
BAT-2026-97026,SKU-973294,769-6697-25,Atorvastatin 20mg,Cardiovascular,Oral,Tablet,Strip,SUP-0769,BioCare Distribution,Germany,PO-18126,401,130.89,3.01,0.12,59992.33,212.13,233.34,0,319,67669.47,25915.56,Hospital Outpatient,Cash,82,100,40,0,2025-05-16,2025-08-13,2027-04-06,690,Room Temperature (15-25°C),15.0,25.0,0,0,Non-Controlled,1,INS-111,Zone-B,Aisle-3-R1,BIN-548,Keep Refrigerated,0,None,0.0,N/A,N/A
BAT-2026-86225,SKU-400096,282-9802-60,Metformin 800mg,Antidiabetic,Oral,Tablet,Bottle,SUP-8569,Apex Health Supplies,Germany,PO-67923,280,138.06,4.61,0.12,44586.42,189.09,208.0,20,164,31010.76,8368.92,In-Store Pharmacy,Credit Card,116,200,40,0,2025-01-12,2025-01-30,2025-08-07,207,Room Temperature (15-25°C),15.0,25.0,0,1,Non-Controlled,1,INS-103,Hazmat Vault,Aisle-7-R5,BIN-608,Standard Handling,116,Expired,16014.96,Incineration,Approved
BAT-2026-58368,SKU-913423,641-3086-38,Ibuprofen 400mg,Analgesic,Oral,Tablet,Strip,SUP-8569,Apex Health Supplies,Switzerland,PO-17181,706,34.21,2.0,0.18,29911.67,43.39,47.73,5,545,23647.55,5003.1,In-Store Pharmacy,Cash,161,200,20,0,2024-10-29,2025-01-10,2025-10-27,363,Room Temperature (15-25°C),15.0,25.0,1,1,Non-Controlled,1,INS-106,Zone-A,Aisle-2-R2,BIN-475,Fragile Glass,161,Expired,5507.81,Incineration,Approved
BAT-2026-72031,SKU-937665,954-1056-12,Lisinopril 10mg,Cardiovascular,Oral,Tablet,Bottle,SUP-7152,GlobalMed Logistics,UK,PO-49514,1222,16.59,0.73,0.05,22178.69,21.26,23.39,15,1009,21451.34,4712.03,Online Fulfillment,Credit Card,213,100,40,0,2025-07-19,2025-10-01,2027-02-10,571,Room Temperature (15-25°C),15.0,25.0,1,1,Non-Controlled,1,INS-102,Cold Vault-1,Aisle-8-R5,BIN-913,Fragile Glass,0,None,0.0,N/A,N/A
BAT-2026-82544,SKU-341296,405-8585-96,Azithromycin 250mg,Antibiotic,Oral,Tablet,Blister Pack,SUP-8569,Apex Health Supplies,India,PO-90050,799,169.46,5.78,0.18,164388.5,235.0,258.5,5,415,97525.0,27199.1,Hospital Outpatient,Insurance,384,100,20,0,2025-06-11,2025-10-02,2026-11-07,514,Room Temperature (15-25°C),15.0,25.0,0,1,Non-Controlled,1,INS-103,Cold Vault-2,Aisle-16-R1,BIN-815,Standard Handling,0,None,0.0,N/A,N/A
BAT-2026-79588,SKU-736553,836-9920-64,Metformin 800mg,Antidiabetic,Oral,Tablet,Bottle,SUP-8569,Apex Health Supplies,Germany,PO-92075,1092,60.39,2.87,0.18,80950.18,101.16,111.28,15,833,84266.28,33961.41,In-Store Pharmacy,Government Health Aid,259,50,20,0,2025-09-17,2025-10-19,2026-08-19,336,Room Temperature (15-25°C),15.0,25.0,1,1,Non-Controlled,1,INS-101,Zone-A,Aisle-12-R1,BIN-540,Keep Refrigerated,259,Expired,15641.01,Incineration,Approved
BAT-2026-55056,SKU-940886,644-7214-39,Atorvastatin 20mg,Cardiovascular,Oral,Tablet,Strip,SUP-0769,BioCare Distribution,USA,PO-66602,1239,65.11,4.43,0.05,90193.62,109.53,120.48,10,656,71851.68,29139.52,In-Store Pharmacy,Government Health Aid,583,200,20,0,2024-10-14,2025-01-27,2026-02-16,490,Room Temperature (15-25°C),15.0,25.0,0,1,Non-Controlled,1,INS-108,Zone-A,Aisle-19-R3,BIN-121,Keep Refrigerated,583,Expired,37959.13,Incineration,Approved
BAT-2026-65771,SKU-469435,353-8546-54,Ceftriaxone 1g,Antibiotic,Injectable,Vial,Vial Pack,SUP-5813,Nexus BioPharma,Switzerland,PO-18623,290,190.43,8.93,0.12,64441.36,246.36,271.0,5,190,46808.4,10626.7,Online Fulfillment,Insurance,100,100,80,0,2025-07-23,2025-09-27,2026-04-27,278,Cold Chain (2-8°C),2.0,8.0,0,0,Non-Controlled,1,INS-104,Hazmat Vault,Aisle-17-R2,BIN-825,Fragile Glass,100,Expired,19043.0,Incineration,Approved
BAT-2026-82140,SKU-329642,258-5516-34,Insulin Glargine 100IU/ml,Antidiabetic,Injectable,Vial,Carton Box,SUP-9028,PharmaDist Inc,UK,PO-23346,352,16.69,1.19,0.18,7351.24,26.31,28.94,5,164,4314.84,1577.68,Online Fulfillment,Government Health Aid,188,200,40,0,2025-04-16,2025-05-24,2025-12-30,258,Cold Chain (2-8°C),2.0,8.0,1,1,Non-Controlled,1,INS-105,Zone-A,Aisle-13-R2,BIN-637,Keep Refrigerated,188,Expired,3137.72,Incineration,Approved
BAT-2026-53357,SKU-767542,996-2848-14,Ibuprofen 400mg,Analgesic,Oral,Tablet,Strip,SUP-8569,Apex Health Supplies,Germany,PO-98809,1080,35.68,1.67,0.12,44962.13,53.14,58.45,0,799,42458.86,13950.54,In-Store Pharmacy,Insurance,281,100,40,0,2024-09-11,2025-01-05,2026-08-24,712,Room Temperature (15-25°C),15.0,25.0,0,1,Non-Controlled,1,INS-107,Zone-B,Aisle-5-R5,BIN-810,Standard Handling,281,Expired,10026.08,Incineration,Approved
BAT-2026-56112,SKU-299367,928-7868-88,Ibuprofen 400mg,Analgesic,Oral,Tablet,Strip,SUP-7152,GlobalMed Logistics,Germany,PO-17312,1027,76.34,2.07,0.12,89935.21,101.93,112.12,20,827,84296.11,21162.93,Online Fulfillment,Government Health Aid,200,100,20,0,2024-12-16,2025-02-16,2026-10-31,684,Room Temperature (15-25°C),15.0,25.0,1,1,Non-Controlled,1,INS-111,Zone-B,Aisle-1-R5,BIN-477,Standard Handling,0,None,0.0,N/A,N/A
BAT-2026-69473,SKU-751051,884-1256-40,Atorvastatin 20mg,Cardiovascular,Oral,Tablet,Strip,SUP-5813,Nexus BioPharma,USA,PO-83303,1284,146.93,7.32,0.12,220695.97,218.45,240.3,0,1099,240076.55,78600.48,Online Fulfillment,Cash,185,200,40,0,2025-05-27,2025-08-30,2027-03-15,657,Room Temperature (15-25°C),15.0,25.0,1,1,Schedule IV,1,INS-106,Hazmat Vault,Aisle-10-R3,BIN-750,Keep Refrigerated,0,None,0.0,N/A,N/A
BAT-2026-45509,SKU-362801,311-2102-22,Omeprazole 20mg,Gastrointestinal,Oral,Capsule,Bottle,SUP-7152,GlobalMed Logistics,India,PO-16842,1379,110.32,6.53,0.18,188519.78,150.25,165.28,5,760,114190.0,30346.8,Online Fulfillment,Government Health Aid,619,50,20,0,2025-07-25,2025-10-07,2026-08-15,386,Room Temperature (15-25°C),15.0,25.0,1,1,Non-Controlled,0,INS-105,Cold Vault-1,Aisle-18-R3,BIN-656,Fragile Glass,619,Expired,68288.08,Incineration,Approved
BAT-2026-50189,SKU-810687,708-1550-67,Azithromycin 250mg,Antibiotic,Oral,Tablet,Blister Pack,SUP-5813,Nexus BioPharma,India,PO-48655,1446,179.83,4.7,0.05,279832.09,275.39,302.93,10,1305,359383.95,124705.8,Emergency ICU,Government Health Aid,141,200,20,0,2025-05-17,2025-08-30,2026-09-09,480,Room Temperature (15-25°C),15.0,25.0,0,1,Non-Controlled,1,INS-110,Zone-B,Aisle-17-R4,BIN-208,Keep Refrigerated,0,None,0.0,N/A,N/A
BAT-2026-42951,SKU-892280,712-1797-41,Heparin 5000IU/ml,Anticoagulant,Injectable,Vial,Vial Pack,SUP-7152,GlobalMed Logistics,Switzerland,PO-59998,227,20.43,0.91,0.0,4844.18,27.18,29.9,0,115,3125.7,776.25,In-Store Pharmacy,Government Health Aid,112,200,40,0,2025-04-21,2025-07-26,2027-03-11,689,Cold Chain (2-8°C),2.0,8.0,0,1,Non-Controlled,1,INS-106,Zone-A,Aisle-6-R2,BIN-528,Standard Handling,0,None,0.0,N/A,N/A
BAT-2026-40217,SKU-855948,858-1724-61,Sertraline 50mg,Psychiatric,Oral,Tablet,Blister Pack,SUP-9028,PharmaDist Inc,Germany,PO-62649,117,119.62,6.39,0.05,15442.95,189.85,208.84,20,43,8163.55,3019.89,Emergency ICU,Insurance,74,50,80,0,2025-06-20,2025-07-05,2027-05-03,682,Room Temperature (15-25°C),15.0,25.0,0,1,Schedule II,1,INS-101,Zone-A,Aisle-20-R3,BIN-585,Protect from Light,0,None,0.0,N/A,N/A
BAT-2026-25814,SKU-904751,549-4839-79,Heparin 5000IU/ml,Anticoagulant,Injectable,Vial,Vial Pack,SUP-0769,BioCare Distribution,Switzerland,PO-22560,1916,123.5,2.47,0.18,283951.2,177.45,195.19,15,1744,309472.8,94088.8,Hospital Outpatient,Cash,172,200,20,0,2025-01-02,2025-04-07,2026-11-29,696,Cold Chain (2-8°C),2.0,8.0,0,1,Schedule IV,1,INS-101,Cold Vault-2,Aisle-11-R2,BIN-134,Standard Handling,0,None,0.0,N/A,N/A
BAT-2026-35242,SKU-791201,322-1924-27,Paracetamol 650mg,Analgesic,Oral,Tablet,Strip,SUP-0769,BioCare Distribution,UK,PO-90911,1858,97.58,2.48,0.05,194976.66,126.61,139.27,5,1313,166238.93,38116.39,Emergency ICU,Credit Card,545,50,80,0,2025-10-01,2025-10-25,2026-12-22,447,Room Temperature (15-25°C),15.0,25.0,0,1,Non-Controlled,1,INS-106,Cold Vault-1,Aisle-11-R3,BIN-385,Standard Handling,0,None,0.0,N/A,N/A
BAT-2026-51359,SKU-813928,615-5739-39,Amoxicillin 500mg,Antibiotic,Oral,Capsule,Blister Pack,SUP-0769,BioCare Distribution,Switzerland,PO-63884,665,8.14,0.46,0.0,5719.0,12.51,13.76,0,552,6905.52,2412.24,Emergency ICU,Cash,113,200,40,0,2024-11-06,2025-01-09,2026-04-21,531,Room Temperature (15-25°C),15.0,25.0,0,1,Non-Controlled,1,INS-101,Cold Vault-1,Aisle-13-R1,BIN-546,Standard Handling,113,Expired,919.82,Incineration,Approved
BAT-2026-25670,SKU-979060,935-6224-83,Omeprazole 20mg,Gastrointestinal,Oral,Capsule,Bottle,SUP-8569,Apex Health Supplies,UK,PO-40554,669,188.6,10.78,0.05,139693.89,266.13,292.74,0,451,120024.63,34966.03,In-Store Pharmacy,Government Health Aid,218,200,20,0,2025-01-01,2025-04-14,2025-07-18,198,Room Temperature (15-25°C),15.0,25.0,1,0,Schedule IV,1,INS-108,Hazmat Vault,Aisle-10-R4,BIN-670,Keep Refrigerated,218,Expired,41114.8,Incineration,Approved
BAT-2026-80236,SKU-243423,712-6253-40,Albuterol Inhaler,Respiratory,Inhalation,Inhaler,Canister Box,SUP-0769,BioCare Distribution,India,PO-88587,1446,34.67,1.33,0.18,61079.91,50.49,55.54,10,827,41755.23,13083.14,Emergency ICU,Cash,619,50,40,0,2025-05-18,2025-07-14,2025-12-16,212,Room Temperature (15-25°C),15.0,25.0,0,0,Non-Controlled,1,INS-101,Zone-A,Aisle-1-R4,BIN-818,Protect from Light,619,Expired,21460.73,Incineration,Approved
BAT-2026-34267,SKU-758765,409-3347-94,Albuterol Inhaler,Respiratory,Inhalation,Inhaler,Canister Box,SUP-7152,GlobalMed Logistics,India,PO-96471,1995,178.17,9.0,0.12,416058.05,276.05,303.66,5,1375,379568.75,134585.0,In-Store Pharmacy,Cash,620,50,80,0,2025-02-05,2025-04-28,2026-10-18,620,Room Temperature (15-25°C),15.0,25.0,1,1,Non-Controlled,1,INS-112,Cold Vault-2,Aisle-20-R5,BIN-532,Standard Handling,175,Recall,31179.75,N/A,Approved
BAT-2026-35105,SKU-201883,633-4621-62,Paracetamol 650mg,Analgesic,Oral,Tablet,Strip,SUP-9028,PharmaDist Inc,Switzerland,PO-91789,785,33.11,1.07,0.0,26831.3,54.54,59.99,15,661,36050.94,14165.23,In-Store Pharmacy,Government Health Aid,124,50,40,0,2025-06-01,2025-06-20,2026-03-29,301,Room Temperature (15-25°C),15.0,25.0,0,1,Non-Controlled,1,INS-103,Zone-A,Aisle-13-R2,BIN-168,Standard Handling,124,Expired,4105.64,Incineration,Pending Audit
BAT-2026-38361,SKU-757937,407-5508-17,Paracetamol 650mg,Analgesic,Oral,Tablet,Strip,SUP-8569,Apex Health Supplies,UK,PO-11390,1915,22.05,1.33,0.05,46883.99,29.22,32.14,10,1490,43537.8,10683.3,Emergency ICU,Insurance,425,100,20,0,2025-06-02,2025-07-24,2026-12-26,572,Room Temperature (15-25°C),15.0,25.0,0,1,Non-Controlled,1,INS-107,Zone-B,Aisle-6-R1,BIN-166,Keep Refrigerated,0,None,0.0,N/A,N/A
BAT-2026-73464,SKU-777737,670-3869-90,Propofol 10mg/ml,Anesthetic,Injectable,Ampoule,Ampoule Box,SUP-7152,GlobalMed Logistics,Germany,PO-69429,725,42.7,3.29,0.18,38915.1,56.84,62.52,5,545,30977.8,7706.3,Online Fulfillment,Credit Card,180,100,80,0,2025-07-04,2025-09-11,2027-04-05,640,Cold Chain (2-8°C),2.0,8.0,0,1,Schedule II,1,INS-101,Zone-A,Aisle-2-R4,BIN-189,Protect from Light,135,Temperature Breach,5764.5,Hazardous Bio-Waste,Approved
BAT-2026-46241,SKU-141337,795-7999-81,Metformin 800mg,Antidiabetic,Oral,Tablet,Bottle,SUP-8569,Apex Health Supplies,USA,PO-60321,1411,39.62,1.66,0.0,58246.08,56.68,62.35,5,746,42283.28,12726.76,Online Fulfillment,Cash,665,50,20,0,2025-07-07,2025-10-26,2026-11-21,502,Room Temperature (15-25°C),15.0,25.0,1,1,Non-Controlled,1,INS-109,Cold Vault-1,Aisle-4-R2,BIN-369,Protect from Light,0,None,0.0,N/A,N/A
BAT-2026-87278,SKU-423939,607-1768-54,Propofol 10mg/ml,Anesthetic,Injectable,Ampoule,Ampoule Box,SUP-7152,GlobalMed Logistics,India,PO-70844,953,140.04,3.26,0.0,136564.9,196.32,215.95,0,350,68712.0,19698.0,Emergency ICU,Government Health Aid,603,200,40,0,2025-05-26,2025-07-14,2026-12-12,565,Cold Chain (2-8°C),2.0,8.0,0,1,Non-Controlled,1,INS-107,Hazmat Vault,Aisle-7-R5,BIN-998,Protect from Light,0,None,0.0,N/A,N/A
BAT-2026-78765,SKU-926918,758-7244-77,Atorvastatin 20mg,Cardiovascular,Oral,Tablet,Strip,SUP-7152,GlobalMed Logistics,Switzerland,PO-66112,1786,144.96,4.84,0.05,280487.73,191.52,210.67,20,1046,200329.92,48701.76,Online Fulfillment,Government Health Aid,740,100,40,0,2025-07-20,2025-11-01,2027-04-14,633,Room Temperature (15-25°C),15.0,25.0,1,1,Non-Controlled,1,INS-110,Cold Vault-2,Aisle-10-R2,BIN-780,Standard Handling,0,None,0.0,N/A,N/A
BAT-2026-88222,SKU-562236,426-7821-62,Insulin Glargine 100IU/ml,Antidiabetic,Injectable,Vial,Carton Box,SUP-5813,Nexus BioPharma,USA,PO-91292,1061,146.53,6.93,0.18,190805.36,249.0,273.9,5,671,167079.0,68757.37,Hospital Outpatient,Insurance,390,50,80,0,2025-02-17,2025-05-21,2026-11-29,650,Cold Chain (2-8°C),2.0,8.0,0,1,Schedule II,1,INS-112,Cold Vault-1,Aisle-19-R3,BIN-466,Protect from Light,366,Temperature Breach,53629.98,Hazardous Bio-Waste,Approved
BAT-2026-47093,SKU-134985,252-5913-58,Heparin 5000IU/ml,Anticoagulant,Injectable,Vial,Vial Pack,SUP-7152,GlobalMed Logistics,Germany,PO-91163,1762,54.52,2.92,0.18,118500.84,79.02,86.92,15,855,67562.1,20947.5,In-Store Pharmacy,Insurance,907,50,20,0,2025-02-23,2025-05-18,2025-09-27,216,Cold Chain (2-8°C),2.0,8.0,1,1,Non-Controlled,1,INS-109,Hazmat Vault,Aisle-12-R4,BIN-586,Protect from Light,907,Expired,49449.64,Incineration,Approved
BAT-2026-23176,SKU-707727,288-9813-70,Azithromycin 250mg,Antibiotic,Oral,Tablet,Blister Pack,SUP-8569,Apex Health Supplies,USA,PO-23274,254,57.74,3.3,0.0,15504.16,81.33,89.46,0,154,12524.82,3632.86,In-Store Pharmacy,Cash,100,100,80,0,2025-03-19,2025-06-15,2025-10-18,213,Room Temperature (15-25°C),15.0,25.0,0,1,Non-Controlled,1,INS-103,Cold Vault-1,Aisle-2-R2,BIN-510,Standard Handling,100,Expired,5774.0,Incineration,Approved
BAT-2026-35443,SKU-482584,346-4692-48,Heparin 5000IU/ml,Anticoagulant,Injectable,Vial,Vial Pack,SUP-8569,Apex Health Supplies,Switzerland,PO-54514,589,49.03,2.37,0.0,30274.6,68.24,75.06,20,525,35826.0,10085.25,Hospital Outpatient,Credit Card,64,100,20,0,2025-07-09,2025-11-02,2026-07-05,361,Cold Chain (2-8°C),2.0,8.0,0,1,Non-Controlled,1,INS-103,Cold Vault-2,Aisle-19-R3,BIN-619,Standard Handling,64,Expired,3137.92,Incineration,Approved
BAT-2026-48829,SKU-867934,978-3365-69,Paracetamol 650mg,Analgesic,Oral,Tablet,Strip,SUP-8569,Apex Health Supplies,Germany,PO-95317,1509,11.83,0.7,0.12,21049.95,20.07,22.08,0,714,14329.98,5883.36,Online Fulfillment,Government Health Aid,795,200,20,0,2025-06-12,2025-07-23,2026-10-15,490,Room Temperature (15-25°C),15.0,25.0,0,1,Schedule IV,1,INS-102,Hazmat Vault,Aisle-7-R5,BIN-349,Fragile Glass,0,None,0.0,N/A,N/A
BAT-2026-39816,SKU-237795,159-7761-63,Heparin 5000IU/ml,Anticoagulant,Injectable,Vial,Vial Pack,SUP-7152,GlobalMed Logistics,USA,PO-98575,884,115.21,7.25,0.05,113346.92,160.84,176.92,15,461,74147.24,21035.43,Emergency ICU,Insurance,423,50,80,0,2025-03-27,2025-07-20,2026-03-10,348,Cold Chain (2-8°C),2.0,8.0,0,1,Non-Controlled,1,INS-101,Hazmat Vault,Aisle-1-R3,BIN-996,Standard Handling,423,Expired,48733.83,Incineration,Approved
BAT-2026-57301,SKU-194511,670-9683-27,Metformin 800mg,Antidiabetic,Oral,Tablet,Bottle,SUP-0769,BioCare Distribution,Germany,PO-13404,1227,168.29,4.52,0.12,236816.89,238.51,262.36,10,507,120924.57,35601.54,Online Fulfillment,Insurance,720,100,40,0,2025-05-23,2025-09-02,2027-04-06,683,Room Temperature (15-25°C),15.0,25.0,1,1,Non-Controlled,1,INS-106,Cold Vault-2,Aisle-1-R2,BIN-240,Keep Refrigerated,0,None,0.0,N/A,N/A
BAT-2026-33519,SKU-409445,497-4978-42,Azithromycin 250mg,Antibiotic,Oral,Tablet,Blister Pack,SUP-9028,PharmaDist Inc,Germany,PO-69516,1516,32.41,2.12,0.0,52347.48,51.66,56.83,15,1208,62405.28,23254.0,Hospital Outpatient,Insurance,308,100,80,0,2025-03-27,2025-04-21,2026-12-08,621,Room Temperature (15-25°C),15.0,25.0,0,0,Non-Controlled,1,INS-104,Zone-A,Aisle-6-R3,BIN-223,Keep Refrigerated,0,None,0.0,N/A,N/A
BAT-2026-49618,SKU-442589,308-6411-92,Atorvastatin 20mg,Cardiovascular,Oral,Tablet,Strip,SUP-9028,PharmaDist Inc,USA,PO-77792,1934,73.44,2.45,0.0,146771.26,106.03,116.63,0,1534,162650.02,49993.06,Online Fulfillment,Government Health Aid,400,100,80,0,2025-07-26,2025-10-28,2026-06-08,317,Room Temperature (15-25°C),15.0,25.0,1,1,Non-Controlled,1,INS-102,Hazmat Vault,Aisle-7-R4,BIN-124,Standard Handling,400,Expired,29376.0,Incineration,Approved
BAT-2026-11854,SKU-883790,180-8369-57,Insulin Glargine 100IU/ml,Antidiabetic,Injectable,Vial,Carton Box,SUP-0769,BioCare Distribution,Germany,PO-53017,345,86.67,3.51,0.18,36494.31,136.65,150.32,20,300,40995.0,14994.0,Emergency ICU,Insurance,45,200,80,0,2025-01-28,2025-03-26,2026-06-11,499,Cold Chain (2-8°C),2.0,8.0,0,0,Schedule II,1,INS-107,Hazmat Vault,Aisle-13-R3,BIN-265,Keep Refrigerated,45,Expired,3900.15,Incineration,Approved
BAT-2026-80010,SKU-535686,194-9775-34,Omeprazole 20mg,Gastrointestinal,Oral,Capsule,Bottle,SUP-8569,Apex Health Supplies,USA,PO-87045,1299,60.32,4.21,0.18,97928.49,91.91,101.1,0,783,71965.53,24734.97,Online Fulfillment,Credit Card,516,200,20,0,2025-05-05,2025-08-22,2026-12-04,578,Room Temperature (15-25°C),15.0,25.0,0,1,Non-Controlled,1,INS-102,Zone-A,Aisle-15-R4,BIN-188,Standard Handling,0,None,0.0,N/A,N/A
BAT-2026-26591,SKU-284171,152-5398-58,Lorazepam 1mg,Psychiatric,Oral,Tablet,Bottle,SUP-9028,PharmaDist Inc,India,PO-35228,1162,133.08,10.36,0.12,185233.96,200.07,220.08,0,423,84629.61,28336.77,Emergency ICU,Cash,739,100,80,0,2025-01-02,2025-01-24,2026-11-12,679,Room Temperature (15-25°C),15.0,25.0,1,1,Non-Controlled,1,INS-102,Cold Vault-2,Aisle-20-R2,BIN-684,Standard Handling,0,None,0.0,N/A,N/A
BAT-2026-45954,SKU-310548,789-1647-19,Propofol 10mg/ml,Anesthetic,Injectable,Ampoule,Ampoule Box,SUP-5813,Nexus BioPharma,USA,PO-24156,1600,120.84,4.53,0.0,200592.0,162.68,178.95,15,1000,162680.0,41840.0,Emergency ICU,Cash,600,50,80,0,2025-02-24,2025-05-15,2025-12-13,292,Cold Chain (2-8°C),2.0,8.0,1,1,Non-Controlled,1,INS-108,Cold Vault-1,Aisle-16-R4,BIN-291,Fragile Glass,600,Expired,72504.0,Incineration,Approved
