Movie_ID,IMDb_ID,Title,Original_Title,Original_Language,Status,Budget_USD,Revenue_USD,Net_Profit_USD,ROI_Percentage,Popularity_Score,Adult_Content,Vote_Average,Vote_Count,Weighted_Rating_Score,Has_Overview,Overview_Character_Length,Runtime_Minutes,Tagline,Has_Tagline,Homepage_URL_Exists,Primary_Genre,Secondary_Genre,Genre_Count,Genres_List,Keywords_List,Release_Date,Release_Year,Release_Month,Release_Day,Release_Quarter,Is_Released,Video_Available,Cast_Count,Lead_Actor,Lead_Actor_Gender,Supporting_Actor_1,Supporting_Actor_2,Supporting_Actor_3,Top_5_Cast_Names,Director_Name,Director_Count,Writer_Name,Producer_Name,Total_Crew_Count,Production_Company_Lead,Production_Companies_Count,Production_Countries_Count,Primary_Production_Country,Spoken_Languages_Count,Primary_Spoken_Language,Poster_Path_Exists,Backdrop_Path_Exists,Belongs_To_Collection
969681,tt22084616,Spider-Man: Brand New Day,Spider-Man: Brand New Day,en,Released,225000000.0,2451171000.0,2226171000,989.4093333333334,766.2638,False,7.847,2656,6.603812420785805,True,370,145,A brand new day starts now.,True,True,Science Fiction,Action,3,"Science Fiction, Action, Adventure","mind control, new york city, hero, mutation, secret identity, superhero, spider, villain, based on comic, sequel",2026-07-29,2026.0,7.0,29.0,3.0,True,False,60,Tom Holland,2.0,Zendaya,Mark Ruffalo,Jon Bernthal,"Tom Holland, Zendaya, Mark Ruffalo, Jon Bernthal, Jacob Batalon",Destin Daniel Cretton,1,Stan Lee,Kevin Feige,312,Marvel Studios,4,1,US,1,en,True,True,True
1204680,tt1756855,Coyote vs. Acme,Coyote vs. Acme,en,Released,72000000.0,64997869.0,-7002131,-9.725181944444444,593.0284,False,7.632,359,3.189625145518044,True,167,103,The movie ACME doesn't want you to see.,True,True,Comedy,Adventure,3,"Comedy, Adventure, Family","judge, lawsuit, lawyer, courtroom, unlikely friendship, coyote, live action and animation, based on magazine, newspaper or article, cartoon characters, cgi-live action hybrid",2026-08-20,2026.0,8.0,20.0,3.0,True,False,29,Will Forte,2.0,Lana Condor,John Cena,Tone Bell,"Will Forte, Lana Condor, John Cena, Tone Bell, Martha Kelly",Dave Green,1,Samy Burch,Christopher DeFaria,109,Troll Court Entertainment,4,1,US,1,en,True,True,False
1368337,tt33764258,The Odyssey,The Odyssey,en,Released,250000000.0,1684432000.0,1434432000,573.7728,433.1516,False,8.006,3666,7.0451262602016325,True,280,173,Defy the gods.,True,True,Adventure,Action,3,"Adventure, Action, Fantasy","ship, trojan war, greek mythology, historical fiction, ancient world, period drama, based on song, poem or rhyme, greek history, voyage, peplum",2026-07-15,2026.0,7.0,15.0,3.0,True,False,68,Matt Damon,2.0,Tom Holland,Anne Hathaway,Robert Pattinson,"Matt Damon, Tom Holland, Anne Hathaway, Robert Pattinson, Himesh Patel",Christopher Nolan,1,Christopher Nolan,Christopher Nolan,251,Universal Pictures,2,2,GB,1,en,True,True,False
1375646,tt34385135,Colony,군체,ko,Released,,,0,,454.2796,False,8.079,783,4.930519875292284,True,320,123,Survive the hive.,True,True,Action,Horror,3,"Action, Horror, Science Fiction",zombie,2026-05-21,2026.0,5.0,21.0,2.0,True,False,26,Gianna Jun,1.0,Koo Kyo-hwan,Ji Chang-wook,Kim Shin-rock,"Gianna Jun, Koo Kyo-hwan, Ji Chang-wook, Kim Shin-rock, Shin Hyun-been",Yeon Sang-ho,1,Yeon Sang-ho,Kim Yeon-ho,12,Wow Point,3,1,KR,1,ko,True,True,False
1288445,tt32338669,Mutiny,Mutiny,en,Released,40000000.0,20824283.0,-19175717,-47.9392925,348.4092,False,6.407,382,2.774913832199547,True,200,95,There's blood in the water.,True,True,Action,Thriller,2,"Action, Thriller","revenge, conspiracy, one man army, cargo ship, framed for murder",2026-08-19,2026.0,8.0,19.0,3.0,True,False,32,Jason Statham,2.0,Annabelle Wallis,Roland Møller,Ramon Tikaram,"Jason Statham, Annabelle Wallis, Roland Møller, Ramon Tikaram, Arnas Fedaravičius",Jean-François Richet,1,Lindsay Michel,Jason Statham,45,Punch Palace Productions,2,2,GB,1,en,True,True,False
1108427,tt27419466,Moana,Moana,en,Released,250000000.0,308159595.0,58159595,23.263838,346.4058,False,7.206,600,3.930545454545455,True,204,115,The ocean chose her for a reason.,True,True,Family,Fantasy,4,"Family, Fantasy, Comedy, Adventure","sailboat, sea, friendship, ocean, leaving one's family, musical, remake, curse, explorer, based on movie",2026-07-08,2026.0,7.0,8.0,3.0,True,False,27,Catherine Lagaʻaia,1.0,Dwayne Johnson,Rena Owen,John Tui,"Catherine Lagaʻaia, Dwayne Johnson, Rena Owen, John Tui, Frankie Adams",Thomas Kail,1,Jared Bush,Beau Flynn,155,Walt Disney Pictures,4,1,US,1,en,True,True,False
1294189,tt13611778,The Mongoose,The Mongoose,en,In Production,,,0,,331.2514,False,0.0,0,0.0,True,243,99,,False,False,Action,Thriller,2,"Action, Thriller","fugitive, police pursuit, car chase",2026-10-30,2026.0,10.0,30.0,4.0,False,False,13,Liam Neeson,2.0,Marisa Tomei,Ving Rhames,Michael Chiklis,"Liam Neeson, Marisa Tomei, Ving Rhames, Michael Chiklis, Brett Tucker",Mark Vanselow,1,Thompson Evans,Al Corley,13,Code Entertainment,2,1,US,1,en,True,True,False
1440098,tt36073210,Drawn Together,Enfrentados: Marfil,es,Released,,,0,,261.3111,False,6.548,62,0.7223772241992883,True,168,104,,False,True,Romance,Thriller,2,"Romance, Thriller","based on novel or book, kidnapping, bodyguard, family secrets, sexual tension, dark romance",2026-09-09,2026.0,9.0,9.0,3.0,True,False,18,Ester Expósito,1.0,Hugo Diego Garcia,Pablo Molinero,Lluís Homar,"Ester Expósito, Hugo Diego Garcia, Pablo Molinero, Lluís Homar, Joaquín Ferreira",Óscar Pedraza,1,Sofía Cuenca,Álex de la Iglesia,91,Pokeepsie Films,1,1,ES,4,es,True,True,True
1285366,tt33349025,Shape of My Heart,愛のぬくもり,ja,Released,,,0,,179.5319,False,5.167,6,0.06126877470355731,True,244,91,,False,False,Romance,None,1,Romance,"supernatural, older man younger woman relationship, body-swap, girls' love (gl), age-gap relationship",2024-07-06,2024.0,7.0,6.0,3.0,True,False,7,Keisuke Koide,2.0,Kei Fubuki,Manami Shindo,Yohta Kawase,"Keisuke Koide, Kei Fubuki, Manami Shindo, Yohta Kawase, Kotaro Tanaka",Shinji Imaoka,1,Shinji Imaoka,Kenji Ejiri,11,Legend Pictures,1,1,JP,1,ja,True,True,False
1137844,tt28014327,Mayday,Mayday,en,Released,,,0,,202.6626,False,7.923,540,4.1138653846153845,True,182,111,A friendship with major red flags.,True,True,Action,Comedy,2,"Action, Comedy","cold war, fighter pilot, u.s. navy, behind enemy lines, ex kgb, buddy comedy, playful",2026-09-03,2026.0,9.0,3.0,3.0,True,False,64,Ryan Reynolds,2.0,Kenneth Branagh,Marcin Dorociński,Maria Bakalova,"Ryan Reynolds, Kenneth Branagh, Marcin Dorociński, Maria Bakalova, David Morse",Jonathan Goldstein,2,Jonathan Goldstein,Don Granger,206,Skydance Media,3,1,US,2,en,True,True,False
1393326,tt9000310,Ghost in the Cell,Hantu Dalam Sel,id,Released,,,0,,201.0163,False,7.2,57,0.7368043087971275,True,180,106,,False,False,Horror,Comedy,3,"Horror, Comedy, Thriller","prison, prisoner, prison cell, gore, terror cell, satire, jail, inmate, ghost, shocking",2026-04-16,2026.0,4.0,16.0,2.0,True,False,54,Abimana Aryasatya,2.0,Bront Palarae,Dimas Danang,Endy Arfian,"Abimana Aryasatya, Bront Palarae, Dimas Danang, Endy Arfian, Lukman Sardi",Joko Anwar,1,Joko Anwar,Tia Hasibuan,68,Come and See Pictures,4,2,ID,1,id,True,True,True
1386315,tt34564059,The Runner,The Runner,en,Released,,,0,,201.7627,False,6.761,450,3.2025789473684214,True,275,86,One hour. One chance to save her son.,True,True,Thriller,Action,2,"Thriller, Action","mother, london, england, kidnapping, son, child kidnapping, nervous, abduction, child rescue, mother son relationship, anxious",2026-09-03,2026.0,9.0,3.0,3.0,True,False,41,Gal Gadot,1.0,Damian Lewis,Rory Wilmot,Alfred Enoch,"Gal Gadot, Damian Lewis, Rory Wilmot, Alfred Enoch, Phoenix Di Sebastiani",Kevin Macdonald,1,Mark Gibson,David Kosse,113,Amazon MGM Studios,2,2,US,0,Unknown,True,True,False
1506560,tt37752275,Clash of the Thundermans,Clash of the Thundermans,en,Released,,,0,,175.6085,False,6.7,50,0.6090909090909091,True,447,72,This changes everything.,True,False,TV Movie,Family,3,"TV Movie, Family, Action","superhero, family relationships, sequel, sitcom, based on tv series",2026-09-03,2026.0,9.0,3.0,3.0,True,False,29,Kira Kosarin,1.0,Jack Griffo,Maya Le Clark,Rosa Blasi,"Kira Kosarin, Jack Griffo, Maya Le Clark, Rosa Blasi, Chris Tallman",Trevor Kirschner,1,Jed Spingarn,Unknown,11,Paramount Television Studios,1,2,CA,1,en,True,True,True
1339713,tt37287335,Obsession,Obsession,en,Released,750000.0,513852715.0,513102715,68413.69533333332,153.3138,False,8.19,5491,7.506474712068102,True,210,109,Be careful who you wish for…,True,True,Horror,Thriller,2,"Horror, Thriller","obsession, supernatural, possession, wish, unrequited love, couple, absurdism, self-harm, supernatural horror, psychological",2026-05-13,2026.0,5.0,13.0,2.0,True,False,47,Michael Johnston,2.0,Inde Navarrette,Cooper Tomlinson,Megan Lawless,"Michael Johnston, Inde Navarrette, Cooper Tomlinson, Megan Lawless, Andy Richter",Curry Barker,1,Curry Barker,James Harris,97,Tea Shop Productions,4,2,US,1,en,True,True,False
1084244,tt29355505,Toy Story 5,Toy Story 5,en,Released,250000000.0,1136476240.0,886476240,354.59049600000003,157.1631,False,8.353,2129,6.764373145682769,True,220,102,It's on.,True,True,Animation,Family,4,"Animation, Family, Comedy, Adventure","farm, island, pig, horse, rescue mission, rivalry, sequel, love, stranded, wedding",2026-06-17,2026.0,6.0,17.0,2.0,True,False,30,Joan Cusack,1.0,Tom Hanks,Tim Allen,Conan O'Brien,"Joan Cusack, Tom Hanks, Tim Allen, Conan O'Brien, Scarlett Spears",Andrew Stanton,1,Andrew Stanton,Lindsey Collins,77,Pixar,1,1,US,3,en,True,True,True
1516698,tt37654096,The Last Sunrise,The Last Sunrise,en,Released,,,0,,139.7479,False,6.736,163,1.6560603318250378,True,317,107,One summer to feel everything.,True,True,Romance,Drama,2,"Romance, Drama","spain, based on novel or book, tension, summer, woman director, chronic illness, appreciative, audacious, comforting, enthusiastic",2026-08-26,2026.0,8.0,26.0,3.0,True,False,33,Maia Reficco,1.0,Fernando Lindez,Eva Longoria,Chloé Sweetlove,"Maia Reficco, Fernando Lindez, Eva Longoria, Chloé Sweetlove, Andrés Velencoso",Carlson Young,1,Anna Todd,Anna Todd,86,Amazon MGM Studios,6,2,US,1,en,True,True,False
1101383,tt27165187,The End of Oak Street,The End of Oak Street,en,Released,80000000.0,117234000.0,37234000,46.5425,136.6446,False,6.4,487,3.1578520770010132,True,264,100,Where goes the neighborhood.,True,True,Science Fiction,Mystery,3,"Science Fiction, Mystery, Thriller","teleportation, giant snake, family relationships, suburbia, survival, dinosaur, survival horror, neighborhood, 1980s, suburban",2026-08-12,2026.0,8.0,12.0,3.0,True,False,30,Anne Hathaway,1.0,Ewan McGregor,Maisy Stella,Christian Convery,"Anne Hathaway, Ewan McGregor, Maisy Stella, Christian Convery, Jordan Alexa Davis",David Robert Mitchell,1,David Robert Mitchell,Hannah Minghella,56,Warner Bros. Pictures,4,1,US,1,en,True,True,False
1323244,tt29512655,Rage of Stars,Rage of Stars,en,Released,,,0,,134.4788,False,6.0,102,1.0166112956810631,True,124,106,,False,True,Action,Science Fiction,3,"Action, Science Fiction, Thriller","military unit, prophetic visions, dark visions",2026-08-06,2026.0,8.0,6.0,3.0,True,False,7,Andrea Tivadar,1.0,Jord Knotter,Jack McEvoy,Elijah Rowen,"Andrea Tivadar, Jord Knotter, Jack McEvoy, Elijah Rowen, Małgorzata Klara",Łukasz Róg,1,Łukasz Róg,Łukasz Róg,37,Lukra Films,1,1,PL,1,en,True,True,False
1621552,tt39390497,Facing El Chapo,La captura,es,Released,,,0,,128.4552,False,8.832,642,4.965099824868652,True,103,91,,False,True,Crime,Action,3,"Crime, Action, Thriller","fast-paced, based on true events",2026-08-21,2026.0,8.0,21.0,3.0,True,False,20,Alfonso Herrera,2.0,Noé Hernández,Hector Kotsifakis,Paola Fernández,"Alfonso Herrera, Noé Hernández, Hector Kotsifakis, Paola Fernández, Gerardo Trejoluna",Chava Cartas,1,Bernardo Esquinca,Francisco González Compeán,25,Draco Films,1,1,MX,2,pt,True,True,False
1315772,tt32890033,Minions & Monsters,Minions & Monsters,en,Released,85000000.0,505515960.0,420515960,494.7246588235294,130.682,False,7.552,1100,5.191999999999999,True,261,90,Hollywood has a monster problem.,True,True,Adventure,Animation,5,"Adventure, Animation, Comedy, Family, Fantasy","magic, sequel, alien, prequel, hollywood, spin off, henchman, filmmaking, silent film, framing device",2026-06-24,2026.0,6.0,24.0,2.0,True,False,48,Pierre Coffin,2.0,Trey Parker,Christoph Waltz,Allison Janney,"Pierre Coffin, Trey Parker, Christoph Waltz, Allison Janney, Jesse Eisenberg",Pierre Coffin,1,Brian Lynch,Chris Meledandri,65,Universal Pictures,2,1,US,2,en,True,True,True
1494843,,丫丫,丫丫,zh,Released,,,0,,107.0026,False,0.0,0,0.0,False,0,0,,False,False,Unknown,None,0,,,1979-03-01,1979.0,3.0,1.0,1.0,True,False,2,Song Xiaoying,1.0,Luan Furen,None,None,"Song Xiaoying, Luan Furen",Unknown,0,Unknown,Unknown,0,Independent,0,0,Unknown,1,zh,True,False,False
1560520,tt32333324,Batman: Knightfall Part 1: Knightfall,Batman: Knightfall Part 1: Knightfall,en,Released,,,0,,108.5427,False,9.175,295,3.404559748427673,True,267,79,,False,True,Animation,Action,4,"Animation, Action, Adventure, Science Fiction","asylum, superhero, based on comic, masked vigilante, hero's fall",2026-06-23,2026.0,6.0,23.0,2.0,True,False,22,Anson Mount,2.0,Michael Mando,Pablo Schreiber,Jeff Bennett,"Anson Mount, Michael Mando, Pablo Schreiber, Jeff Bennett, Luis Bermudez",Jeff Wamester,1,Jeremy Adams,Jim Krieg,76,Warner Bros. Animation,2,1,US,1,en,True,True,True
1408162,tt35836025,Vishwanath & Sons,விஸ்வநாத் & சன்ஸ்,ta,Released,,,0,,139.4111,False,7.382,17,0.2427350096711799,True,140,161,,False,False,Drama,Romance,3,"Drama, Romance, Comedy",age-gap relationship,2026-08-14,2026.0,8.0,14.0,3.0,True,False,37,Suriya,2.0,Mamitha Baiju,Radhika Sarathkumar,Raveena Tandon,"Suriya, Mamitha Baiju, Radhika Sarathkumar, Raveena Tandon, Sunil",Venky Atluri,1,Venky Atluri,Suryadevara Naga Vamsi,47,Sithara Entertainments,3,1,IN,2,ta,True,True,False
1514682,tt37603783,Above & Below,Above & Below,en,Released,,325692.0,325692,,113.3582,False,6.4,32,0.3849624060150376,True,191,96,,False,False,Action,Thriller,4,"Action, Thriller, Horror, Crime","shark, killer shark, open water swimming, cartel leader",2026-07-29,2026.0,7.0,29.0,3.0,True,False,12,Laura Marano,1.0,Christina Ochoa,Mario Tardón,Antonio Banderas,"Laura Marano, Christina Ochoa, Mario Tardón, Antonio Banderas, Ramiro Alonso",Jesse V. Johnson,1,Anthony Steven Giordano,Frank Ariza,19,Capstone Pictures,3,2,US,1,en,True,True,False
1232569,tt30887701,Pinocchio: Unstrung,Pinocchio: Unstrung,en,Released,500000.0,821127.0,321127,64.2254,123.4203,False,6.611,99,1.092636060100167,True,172,82,He has no strings to hold him back now.,True,True,Horror,Fantasy,3,"Horror, Fantasy, Mystery","lie, puppet, killer doll, dark fantasy, aftercreditsstinger, evil puppet, toy comes to life, mysterious, aggressive, teamwork",2026-07-22,2026.0,7.0,22.0,3.0,True,False,48,Jude Evan Lloyd,2.0,Cameron Bell,Richard Brake,Jessica Balmer,"Jude Evan Lloyd, Cameron Bell, Richard Brake, Jessica Balmer, Jack Art Gray",Rhys Frake-Waterfield,1,Carlo Collodi,Scott Chambers,40,Jagged Edge Productions,1,1,GB,1,en,True,True,False
1180894,tt6215522,Under Your Feet,Bajo tus pies,es,Released,,,0,,109.6617,False,5.412,17,0.17795744680851064,True,253,93,,False,False,Horror,None,1,Horror,,2026-02-19,2026.0,2.0,19.0,1.0,True,False,8,Maribel Verdú,1.0,Sofía Otero,Erik Probanza,Urko Olazábal,"Maribel Verdú, Sofía Otero, Erik Probanza, Urko Olazábal, Marcelo Galván",Cristian Bernard,1,Cristian Bernard,Unknown,10,Basque Films,1,2,AR,1,es,True,True,False
1482547,tt36980377,Zip Wire,Zip Wire,en,Released,,,0,,133.7686,False,8.0,6,0.09486166007905138,True,391,95,Hold on tight.,True,False,Action,Thriller,2,"Action, Thriller",,2026-08-31,2026.0,8.0,31.0,3.0,True,False,5,MyAnna Buring,1.0,Joseph Millson,Saffron Burrows,Michael Amariah,"MyAnna Buring, Joseph Millson, Saffron Burrows, Michael Amariah, Silvia Presente",Howard J. Ford,1,Tom Boyle,Dean Fisher,5,Scanner-Rhodes Productions,3,3,DK,1,en,True,True,False
30723,tt0088891,Cavegirl,Cavegirl,en,Released,,,0,,114.9691,False,4.0,25,0.19047619047619047,True,415,85,"Rex is taking his first big trip...back 25,000 years!",True,True,Comedy,None,1,Comedy,"time travel, cave woman",1985-05-01,1985.0,5.0,1.0,2.0,True,False,39,Daniel Roebuck,2.0,Cynthia Thompson,Darren Young,Saba Moor-Doucette,"Daniel Roebuck, Cynthia Thompson, Darren Young, Saba Moor-Doucette, Jeff Chayette",David Oliver Pfeil,1,Phil Groves,David Oliver Pfeil,35,Crown International Pictures,1,1,US,1,en,True,True,False
1130948,tt27844906,Rosebush Pruning,Rosebush Pruning,en,Released,,,0,,103.5464,False,6.08,44,0.4917647058823529,True,208,95,People are roses. Families are rosebushes. Rosebushes need pruning.,True,False,Comedy,Drama,3,"Comedy, Drama, Thriller","based on novel or book, dark comedy, dysfunctional family, social satire, family drama, tragicomedy",2026-04-23,2026.0,4.0,23.0,2.0,True,False,16,Callum Turner,2.0,Riley Keough,Jamie Bell,Lukas Gage,"Callum Turner, Riley Keough, Jamie Bell, Lukas Gage, Tracy Letts",Karim Aïnouz,1,Efthimis Filippou,Viola Fügen,40,Kavac Film,14,7,DE,1,en,True,True,False
860508,tt11561116,The Whisper Man,The Whisper Man,en,Released,50000000.0,,-50000000,-100.0,92.0494,False,6.809,648,3.8434076655052265,True,153,111,"If you leave a door half open, soon you'll hear the whispers spoken.",True,True,Crime,Drama,3,"Crime, Drama, Thriller","based on novel or book, serial killer, writer, abduction, father son relationship, retired detective",2026-08-27,2026.0,8.0,27.0,3.0,True,False,36,Robert De Niro,2.0,Michelle Monaghan,Adam Scott,Acston Luca Porto,"Robert De Niro, Michelle Monaghan, Adam Scott, Acston Luca Porto, Michael Keaton",James Ashcroft,1,Alex North,Anthony Russo,231,AGBO,1,1,US,1,en,True,True,False
1058424,tt27369017,Hope,호프,ko,Released,40000000.0,41620116.0,1620116,4.05029,92.0451,False,7.827,52,0.7373260869565218,True,362,157,Is this how it ends?,True,True,Science Fiction,Mystery,3,"Science Fiction, Mystery, Action","police chief, police officer, hunted, remote village, aliens, 20th century, grand, exhilarated, fight for survival, unknown entity",2026-07-15,2026.0,7.0,15.0,3.0,True,False,28,Hwang Jung-min,2.0,Zo In-sung,Hoyeon,Alicia Vikander,"Hwang Jung-min, Zo In-sung, Hoyeon, Alicia Vikander, Michael Fassbender",Na Hong-jin,1,Na Hong-jin,Na Hong-jin,29,Forged Films,3,1,KR,1,ko,True,True,False
1275779,tt15047880,Disclosure Day,Disclosure Day,en,Released,115000000.0,241186430.0,126186430,109.7273304347826,98.2393,False,7.472,3307,6.490649855529289,True,256,146,We deserve to know.,True,True,Science Fiction,Thriller,2,"Science Fiction, Thriller","new york city, childhood trauma, alien, on the run, kansas city, mind reading, alien invasion, meteorologist, mysterious, paranoid",2026-06-10,2026.0,6.0,10.0,2.0,True,False,86,Emily Blunt,1.0,Josh O'Connor,Colin Firth,Eve Hewson,"Emily Blunt, Josh O'Connor, Colin Firth, Eve Hewson, Colman Domingo",Steven Spielberg,1,Steven Spielberg,Kristie Macosko Krieger,199,Universal Pictures,2,1,US,3,en,True,True,False
980431,tt18259538,Avatar Aang: The Last Airbender,Avatar Aang: The Last Airbender,en,Released,,,0,,95.7363,False,9.147,1119,6.322108091414454,True,291,99,The legacy reawakens.,True,True,Animation,Adventure,4,"Animation, Adventure, Fantasy, Action","martial arts, extinction, quest, cultural identity, based on tv series, anime inspired",2026-07-24,2026.0,7.0,24.0,3.0,True,False,25,Eric Nam,2.0,Dave Bautista,Jessica Matten,Román Zaragoza,"Eric Nam, Dave Bautista, Jessica Matten, Román Zaragoza, Steven Yeun",Lauren Montgomery,1,Steve Ahn,Latifa Ouaou,56,Nickelodeon Movies,5,3,US,1,en,True,True,True
755898,tt13186306,War of the Worlds,War of the Worlds,en,Released,10000000.0,,-10000000,-100.0,94.035,False,4.015,1131,2.784160024524831,True,271,91,Your data is deadly.,True,True,Science Fiction,Thriller,2,"Science Fiction, Thriller","government, attack, privacy, surveillance, found footage, cybersecurity, district, online privacy, screenlife, war",2025-07-29,2025.0,7.0,29.0,3.0,True,False,10,Ice Cube,2.0,Eva Longoria,Clark Gregg,Iman Benson,"Ice Cube, Eva Longoria, Clark Gregg, Iman Benson, Henry Hunter Hall",Rich Lee,1,H. G. Wells,Timur Bekmambetov,95,Universal Pictures,3,1,US,1,en,True,True,False
687163,tt12042730,Project Hail Mary,Project Hail Mary,en,Released,200000000.0,684234722.0,484234722,242.117361,94.1575,False,8.64,7730,8.115091130012152,True,366,157,Believe in the Hail Mary.,True,True,Science Fiction,Adventure,2,"Science Fiction, Adventure","friendship, coma, based on novel or book, bravery, sun, language barrier, space travel, space mission, alien, space",2026-03-15,2026.0,3.0,15.0,1.0,True,False,28,Ryan Gosling,2.0,Sandra Hüller,James Ortiz,Lionel Boyce,"Ryan Gosling, Sandra Hüller, James Ortiz, Lionel Boyce, Milana Vayntrub",Phil Lord,2,Andy Weir,Rachel O'Connor,397,Lord Miller,5,1,US,5,zh,True,True,False
1127384,tt29516222,Deep Water,Deep Water,en,Released,40000000.0,7340233.0,-32659767,-81.6494175,107.0923,False,7.107,486,3.50304462474645,True,310,107,Surviving the crash is just the beginning.,True,False,Horror,Thriller,2,"Horror, Thriller","deep sea, shark",2026-04-30,2026.0,4.0,30.0,2.0,True,False,40,Aaron Eckhart,2.0,Ben Kingsley,Molly Belle Wright,Angus Sampson,"Aaron Eckhart, Ben Kingsley, Molly Belle Wright, Angus Sampson, Elijah Tamati",Renny Harlin,1,Shayne Armstrong,Gene Simmons,40,Magenta Light Studios,8,5,US,2,en,True,True,False
1083381,tt26657236,Backrooms,Backrooms,en,Released,10000000.0,394122453.0,384122453,3841.2245300000004,89.2013,False,7.044,3267,6.1090384921688345,True,66,111,See how far it goes.,True,True,Horror,Mystery,3,"Horror, Mystery, Science Fiction","california, monster, therapist, surrealism, childhood trauma, alcoholism, found footage, 1990s, other dimension, based on web series",2026-05-27,2026.0,5.0,27.0,2.0,True,False,24,Chiwetel Ejiofor,2.0,Renate Reinsve,Finn Bennett,Lukita Maxwell,"Chiwetel Ejiofor, Renate Reinsve, Finn Bennett, Lukita Maxwell, Mark Duplass",Kane Parsons,1,Kane Parsons,Shawn Levy,183,Atomic Monster,5,2,US,1,en,True,True,True
1433367,tt37853455,One Night Only,One Night Only,en,Released,25000000.0,15728345.0,-9271655,-37.086619999999996,84.0502,False,6.7,120,1.2967741935483872,True,121,103,12 hours can change everything.,True,True,Romance,Comedy,2,"Romance, Comedy","new york city, romcom, meet cute, searching for love, single man, single woman, lyrical, strangers, lighthearted, romantic",2026-08-06,2026.0,8.0,6.0,3.0,True,False,74,Monica Barbaro,1.0,Callum Turner,Maya Hawke,King Princess,"Monica Barbaro, Callum Turner, Maya Hawke, King Princess, Molly Ringwald",Will Gluck,1,Travis Braun,Will Gluck,131,Universal Pictures,2,1,US,1,en,True,True,False
1599993,tt34224947,Animals,Animales,es,Released,,,0,,90.3982,False,6.279,43,0.49723204419889505,True,136,0,Hay puertas que no se deben abrir.,True,False,Comedy,Thriller,2,"Comedy, Thriller",,2026-02-05,2026.0,2.0,5.0,1.0,True,False,8,Nashla Bogaert,1.0,Frank Perozo,Pamela Sued,David Maler,"Nashla Bogaert, Frank Perozo, Pamela Sued, David Maler, Camila Issa",José Ramón Alama,1,José Ramón Alama,Unknown,2,Star Distribution,1,1,DO,1,es,True,True,False
1228710,tt30825738,The Mandalorian and Grogu,The Mandalorian and Grogu,en,Released,165000000.0,345166617.0,180166617,109.19188909090909,81.2985,False,7.481,1608,5.706569259962049,True,283,132,"If you're searching for new adventure, ""this is the way.""",True,True,Action,Adventure,3,"Action, Adventure, Science Fiction","galaxy, bounty hunter, spin off, space opera, space adventure, based on tv series, lighthearted, master apprentice relationship",2026-05-20,2026.0,5.0,20.0,2.0,True,False,30,Pedro Pascal,2.0,Jeremy Allen White,Sigourney Weaver,Brendan Wayne,"Pedro Pascal, Jeremy Allen White, Sigourney Weaver, Brendan Wayne, Lateef Crowder",Jon Favreau,1,Jon Favreau,Jon Favreau,120,Lucasfilm Ltd.,2,1,US,2,en,True,True,False
1302904,tt32588798,Practical Magic 2,Practical Magic 2,en,Released,75000000.0,46000000.0,-29000000,-38.666666666666664,86.1043,False,5.952,42,0.4612250922509225,True,103,130,Everything you've witched for.,True,True,Romance,Fantasy,3,"Romance, Fantasy, Comedy","witch, based on novel or book, magic, family relationships, sequel, family, legacy",2026-09-09,2026.0,9.0,9.0,3.0,True,False,38,Sandra Bullock,1.0,Nicole Kidman,Joey King,Maisie Williams,"Sandra Bullock, Nicole Kidman, Joey King, Maisie Williams, Xolo Maridueña",Susanne Bier,1,Akiva Goldsman,Denise Di Novi,31,Di Novi Pictures,6,1,US,1,en,True,True,True
1081003,tt8814476,Supergirl,Supergirl,en,Released,175000000.0,126366532.0,-48633468,-27.790553142857142,79.073,False,6.697,2269,5.487718671000361,True,207,108,Truth. Justice. Whatever.,True,True,Action,Adventure,3,"Action, Adventure, Science Fiction","galaxy, hero, superhero, villain, based on comic, space, female protagonist, dog, super power, heroine",2026-06-24,2026.0,6.0,24.0,2.0,True,False,41,Milly Alcock,1.0,Eve Ridley,Matthias Schoenaerts,Jason Momoa,"Milly Alcock, Eve Ridley, Matthias Schoenaerts, Jason Momoa, David Krumholtz",Craig Gillespie,1,Ana Nogueira,James Gunn,118,DC Studios,4,1,US,1,en,True,True,False
278,tt0111161,The Shawshank Redemption,The Shawshank Redemption,en,Released,25000000.0,28341469.0,3341469,13.365875999999998,75.7909,False,8.731,31312,8.59377190997108,True,392,142,Fear can hold you prisoner. Hope can set you free.,True,False,Drama,Crime,2,"Drama, Crime","prison, friendship, police brutality, corruption, based on novel or book, freedom, hope, prison cell, delinquent, redemption",1994-09-23,1994.0,9.0,23.0,3.0,True,False,59,Tim Robbins,2.0,Morgan Freeman,Bob Gunton,William Sadler,"Tim Robbins, Morgan Freeman, Bob Gunton, William Sadler, Clancy Brown",Frank Darabont,1,Frank Darabont,Niki Marvin,144,Castle Rock Entertainment,1,1,US,1,en,True,True,False
1185806,tt29356163,PAW Patrol: The Dino Movie,PAW Patrol: The Dino Movie,en,Released,40000000.0,138326933.0,98326933,245.81733250000002,87.3228,False,7.27,89,1.098522920203735,True,225,88,An adventure of prehistoric pawportions.,True,True,Animation,Adventure,5,"Animation, Adventure, Family, Fantasy, Comedy","diamond mine, sequel, based on cartoon, based on toy, prehistory, dinosaur, dog, corrupt mayor, children's adventure, talking animal",2026-07-23,2026.0,7.0,23.0,3.0,True,False,32,Carter Young,2.0,Mckenna Grace,Terry Crews,Meredith MacNeill,"Carter Young, Mckenna Grace, Terry Crews, Meredith MacNeill, Ron Pardo",Cal Brunker,1,Cal Brunker,Jennifer Dodge,18,Spin Master,3,2,CA,1,en,True,True,True
218,tt0088247,The Terminator,The Terminator,en,Released,6400000.0,78371200.0,71971200,1124.55,90.2489,False,7.692,15099,7.445445733700878,True,389,108,Your future is in its hands.,True,True,Action,Thriller,3,"Action, Thriller, Science Fiction","man vs machine, artificial intelligence (a.i.), saving the world, laser gun, cyborg, killer robot, shotgun, rebel, dystopia, villain",1984-10-26,1984.0,10.0,26.0,4.0,True,False,48,Arnold Schwarzenegger,2.0,Michael Biehn,Linda Hamilton,Paul Winfield,"Arnold Schwarzenegger, Michael Biehn, Linda Hamilton, Paul Winfield, Lance Henriksen",James Cameron,1,James Cameron,Gale Anne Hurd,104,Hemdale,2,2,GB,2,en,True,True,True
634649,tt10872600,Spider-Man: No Way Home,Spider-Man: No Way Home,en,Released,200000000.0,1921426073.0,1721426073,860.7130364999999,71.8886,False,7.946,23098,7.777638274430036,True,258,148,Enter the Multiverse.,True,True,Action,Adventure,3,"Action, Adventure, Science Fiction","new york city, hero, showdown, magic, loss of loved one, secret identity, superhero, villain, portal, based on comic",2021-12-15,2021.0,12.0,15.0,4.0,True,False,64,Tom Holland,2.0,Zendaya,Benedict Cumberbatch,Jacob Batalon,"Tom Holland, Zendaya, Benedict Cumberbatch, Jacob Batalon, Jon Favreau",Jon Watts,1,Stan Lee,Kevin Feige,195,Marvel Studios,3,1,US,2,en,True,True,True
1101412,tt31192372,Fall 2: Deadpoint,Fall 2: Deadpoint,en,Released,3000000.0,9256541.0,6256541,208.55136666666664,74.6718,False,6.786,28,0.35986363636363633,True,226,98,Are you down?,True,True,Thriller,None,1,Thriller,"sequel, rock climbing, sport climbing, climb, mountain climber",2026-09-01,2026.0,9.0,1.0,3.0,True,False,16,Harriet Slater,1.0,Arsema Thomas,Tom Brittney,Virginia Gardner,"Harriet Slater, Arsema Thomas, Tom Brittney, Virginia Gardner, Sahajak Boonthanakit",Peter Spierig,2,Jonathan Frank,Mark Lane,26,Tea Shop Productions,4,2,GB,1,en,True,True,True
299536,tt4154756,Avengers: Infinity War,Avengers: Infinity War,en,Released,300000000.0,2052415039.0,1752415039,584.1383463333333,60.9938,False,8.242,32881,8.118546538450017,True,490,149,An entire universe. Once and for all.,True,True,Adventure,Action,3,"Adventure, Action, Science Fiction","sacrifice, magic, superhero, based on comic, space, battlefield, genocide, magical object, super power, superhero team",2018-04-25,2018.0,4.0,25.0,2.0,True,False,69,Robert Downey Jr.,2.0,Chris Evans,Chris Hemsworth,Josh Brolin,"Robert Downey Jr., Chris Evans, Chris Hemsworth, Josh Brolin, Mark Ruffalo",Joe Russo,2,Joe Simon,Kevin Feige,737,Marvel Studios,1,1,US,2,en,True,True,True
1273221,tt32093575,Scary Movie,Scary Movie,en,Released,30000000.0,231886052.0,201886052,672.9535066666666,56.6033,False,6.392,1872,5.044613827993254,True,154,96,Every line will be crossed.,True,True,Comedy,None,1,Comedy,"parody, sequel, slapstick comedy, crude humor, spoof, animated scene, slasher, horror spoof, dildo, reboot",2026-06-03,2026.0,6.0,3.0,2.0,True,False,67,Marlon Wayans,2.0,Shawn Wayans,Anna Faris,Regina Hall,"Marlon Wayans, Shawn Wayans, Anna Faris, Regina Hall, Olivia Rose Keegan",Michael Tiddes,1,Marlon Wayans,Keenen Ivory Wayans,40,Wayans Bros. Entertainment,2,1,US,4,en,True,True,True
1311031,tt32820897,Demon Slayer: Kimetsu no Yaiba Infinity Castle,劇場版「鬼滅の刃」無限城編 第一章 猗窩座再来,ja,Released,20000000.0,733030221.0,713030221,3565.1511050000004,72.5086,False,8.787,2123,7.112009531071293,True,204,156,It's time to have some fun.,True,False,Animation,Action,3,"Animation, Action, Fantasy","supernatural, sequel, based on manga, demon, shounen, anime, brother sister relationship, taisho period",2025-07-18,2025.0,7.0,18.0,3.0,True,False,48,Natsuki Hanae,2.0,Takahiro Sakurai,Akira Ishida,Hiro Shimono,"Natsuki Hanae, Takahiro Sakurai, Akira Ishida, Hiro Shimono, Yoshimasa Hosoya",Haruo Sotozaki,1,Koyoharu Gotouge,Masanori Miyake,334,ufotable,3,1,JP,1,ja,True,True,True
1419406,tt34610311,The Shadow's Edge,捕风追影,zh,Released,,174400000.0,174400000,,70.7428,False,8.252,1394,6.073541710665259,True,129,142,He's training a new generation of law enforcers for a dangerous mission to save the world from ruthless criminals.,True,False,Action,Crime,4,"Action, Crime, Drama, Thriller","race against time, ex-cop, betrayal, nostalgic, macau, hand to hand combat, manhunt, hidden agenda, dramatic, hacked camera system",2025-08-16,2025.0,8.0,16.0,3.0,True,False,49,Jackie Chan,2.0,Zhang Zifeng,Tony Leung Ka-fai,Ci Sha,"Jackie Chan, Zhang Zifeng, Tony Leung Ka-fai, Ci Sha, Jun",Larry Yang,1,Larry Yang,Victoria Hon,15,iQIYI Pictures （重复 同 iQiyi Motion Pictures）,4,2,CN,1,zh,True,True,False
1284465,tt32273171,The Death of Robin Hood,The Death of Robin Hood,en,Released,25000000.0,3200000.0,-21800000,-87.2,68.0173,False,6.205,302,2.3365461346633416,True,216,123,He was no hero.,True,True,Adventure,Drama,3,"Adventure, Drama, Action","robin hood, based on myths, legends or folklore, grim, salvation, grimdark",2026-06-18,2026.0,6.0,18.0,2.0,True,False,21,Hugh Jackman,2.0,Jodie Comer,Bill Skarsgård,Murray Bartlett,"Hugh Jackman, Jodie Comer, Bill Skarsgård, Murray Bartlett, Noah Jupe",Michael Sarnoski,1,Michael Sarnoski,Aaron Ryder,71,Lyrical Media,2,1,US,1,en,True,True,False
6435,tt0120791,Practical Magic,Practical Magic,en,Released,75000000.0,94400000.0,19400000,25.866666666666667,76.4094,False,6.8,1893,5.379189302131216,True,416,104,"For two sisters from a family of witches, falling in love is the trickiest spell of all.",True,True,Romance,Fantasy,3,"Romance, Fantasy, Comedy","witch, based on novel or book, magic, exorcism, haunting, aunt niece relationship, family history, sorcery, sister, evil spirit",1998-10-16,1998.0,10.0,16.0,4.0,True,False,33,Sandra Bullock,1.0,Nicole Kidman,Stockard Channing,Dianne Wiest,"Sandra Bullock, Nicole Kidman, Stockard Channing, Dianne Wiest, Goran Višnjić",Griffin Dunne,1,Robin Swicord,Denise Di Novi,88,Di Novi Pictures,4,1,US,1,en,True,True,True
1084242,tt26443597,Zootopia 2,Zootopia 2,en,Released,150000000.0,1868208796.0,1718208796,1145.4725306666667,65.8122,False,7.676,3420,6.69691836734694,True,367,108,They're back with a twissst.,True,True,Animation,Adventure,5,"Animation, Adventure, Comedy, Mystery, Family","snake, bunny, fox, cop, sequel, anthropomorphism, animals, displacement, buddy cop, buddy comedy",2025-11-26,2025.0,11.0,26.0,4.0,True,False,71,Ginnifer Goodwin,1.0,Jason Bateman,Ke Huy Quan,Fortune Feimster,"Ginnifer Goodwin, Jason Bateman, Ke Huy Quan, Fortune Feimster, Andy Samberg",Jared Bush,2,Jared Bush,Yvett Merino,458,Walt Disney Animation Studios,2,2,US,1,en,True,True,True
83533,tt1757678,Avatar: Fire and Ash,Avatar: Fire and Ash,en,Released,350000000.0,1485999890.0,1135999890,324.5713971428571,66.0021,False,7.644,4308,6.849074875207987,True,361,198,The world of Pandora will change forever.,True,True,Science Fiction,Adventure,3,"Science Fiction, Adventure, Fantasy","witch, clone, space war, tribe, sequel, alien, transhumanism, family, space adventure, motion capture",2025-12-17,2025.0,12.0,17.0,4.0,True,False,60,Sam Worthington,2.0,Zoe Saldaña,Sigourney Weaver,Stephen Lang,"Sam Worthington, Zoe Saldaña, Sigourney Weaver, Stephen Lang, Oona Chaplin",James Cameron,1,James Cameron,Jon Landau,135,20th Century Studios,3,1,US,1,en,True,True,True
1545484,tt30247172,Deathwoods,Deathwoods,en,Released,85000.0,,-85000,-100.0,70.751,False,6.3,3,0.03757455268389662,True,262,83,Bring a sleeping bag... leave in a body bag!,True,False,Horror,Comedy,2,"Horror, Comedy",,2026-08-07,2026.0,8.0,7.0,3.0,True,False,15,Felissa Rose,1.0,Jessa Jupiter Flux,KateLynn E. Newberry,Anna Clary,"Felissa Rose, Jessa Jupiter Flux, KateLynn E. Newberry, Anna Clary, Celeste Blandon",Jake Kopronica,2,Jake Kopronica,Jake Kopronica,16,Simpatico Pictures,1,0,Unknown,1,en,True,True,False
19995,tt0499549,Avatar,Avatar,en,Released,237000000.0,2923706026.0,2686706026,1133.6312345991562,83.9227,False,7.6,34644,7.491873435010243,True,175,162,Enter the world of Pandora.,True,True,Science Fiction,Action,3,"Science Fiction, Action, Adventure","paraplegic, attachment to nature, culture clash, indigenous, space travel, space colony, tribe, alien planet, distant future, marine",2009-12-16,2009.0,12.0,16.0,4.0,True,False,68,Sam Worthington,2.0,Zoe Saldaña,Sigourney Weaver,Stephen Lang,"Sam Worthington, Zoe Saldaña, Sigourney Weaver, Stephen Lang, Michelle Rodriguez",James Cameron,1,James Cameron,James Cameron,999,Dune Entertainment,4,2,US,2,en,True,True,True
1625673,tt39493762,Blood Covenant,Blood Covenant,en,Released,,,0,,65.1311,False,5.5,2,0.021912350597609563,True,212,85,What would you sacrifice for a great story?,True,False,Horror,None,1,Horror,"anthology, horror anthology",2026-05-26,2026.0,5.0,26.0,2.0,True,False,0,Unknown,,None,None,None,,Mariano Cattaneo,6,Mariano Cattaneo,Mariano Cattaneo,33,Black Mandala Films,1,2,AR,0,Unknown,True,True,False
315635,tt2250912,Spider-Man: Homecoming,Spider-Man: Homecoming,en,Released,175000000.0,880978185.0,705978185,403.41610571428566,60.2959,False,7.333,23886,7.182647338636923,True,289,133,Homework can wait. The city can't.,True,True,Action,Adventure,3,"Action, Adventure, Science Fiction","high school, new york city, washington dc, usa, secret identity, superhero, based on comic, coming of age, reboot, aftercreditsstinger, duringcreditsstinger",2017-07-05,2017.0,7.0,5.0,3.0,True,False,82,Tom Holland,2.0,Michael Keaton,Robert Downey Jr.,Marisa Tomei,"Tom Holland, Michael Keaton, Robert Downey Jr., Marisa Tomei, Jon Favreau",Jon Watts,1,Stan Lee,Kevin Feige,277,Marvel Studios,4,1,US,1,en,True,True,True
1226863,tt28650488,The Super Mario Galaxy Movie,The Super Mario Galaxy Movie,en,Released,110000000.0,1012203331.0,902203331,820.1848463636363,61.6999,False,8.227,3664,7.239127761767532,True,310,98,The galaxy awaits.,True,True,Family,Comedy,5,"Family, Comedy, Adventure, Fantasy, Animation","galaxy, friendship, sibling relationship, space travel, sequel, space, based on video game, buddy comedy, aftercreditsstinger, duringcreditsstinger",2026-04-01,2026.0,4.0,1.0,2.0,True,False,45,Chris Pratt,2.0,Charlie Day,Anya Taylor-Joy,Jack Black,"Chris Pratt, Charlie Day, Anya Taylor-Joy, Jack Black, Keegan-Michael Key",Aaron Horvath,2,Matthew Fogel,Shigeru Miyamoto,54,Illumination,3,2,JP,1,en,True,True,True
1594914,tt19035928,Lucky Strike,Lucky Strike,en,Released,10000000.0,803112.0,-9196888,-91.96888,65.1401,False,6.89,41,0.5221626617375231,True,222,102,One man's fight to survive.,True,True,Action,War,2,"Action, War","world war ii, based on true story, behind enemy lines, battle of the bulge, 1940s",2026-06-26,2026.0,6.0,26.0,2.0,True,False,35,Scott Eastwood,2.0,Colin Hanks,Aunjanue Ellis-Taylor,Taylor John Smith,"Scott Eastwood, Colin Hanks, Aunjanue Ellis-Taylor, Taylor John Smith, Lorne MacFadyen",Rod Lurie,1,Rod Lurie,Marc Frydman,43,Perfection Hunter Productions,3,1,US,1,en,True,True,False
157336,tt0816692,Interstellar,Interstellar,en,Released,165000000.0,746606706.0,581606706,352.48891272727275,50.3767,False,8.487,41135,8.385078539690165,True,198,169,Mankind was born on Earth. It was never meant to die here.,True,True,Adventure,Drama,3,"Adventure, Drama, Science Fiction","spacecraft, race against time, artificial intelligence (a.i.), nasa, time warp, dystopia, expedition, time travel, space travel, wormhole",2014-11-05,2014.0,11.0,5.0,4.0,True,False,35,Matthew McConaughey,2.0,Anne Hathaway,Michael Caine,Jessica Chastain,"Matthew McConaughey, Anne Hathaway, Michael Caine, Jessica Chastain, Casey Affleck",Christopher Nolan,1,Jonathan Nolan,Christopher Nolan,511,Legendary Pictures,3,2,GB,1,en,True,True,False
813418,tt14119302,Hot Spot,Hot Spot,en,Released,6000000.0,256350.0,-5743650,-95.72749999999999,72.9225,False,4.7,15,0.13689320388349516,True,261,101,The system is unstable.,True,True,Science Fiction,Action,5,"Science Fiction, Action, Crime, Fantasy, Thriller","artificial intelligence (a.i.), telepathy, post-apocalyptic future, hypnosis, private detective, vagrant, woman director, seizure, cybercrime, self-driving car",2026-08-21,2026.0,8.0,21.0,3.0,True,False,31,Andrzej Konopka,2.0,Noomi Rapace,Reika Kirishima,Filippa Kaye,"Andrzej Konopka, Noomi Rapace, Reika Kirishima, Filippa Kaye, George Aurimas Cris",Agnieszka Smoczyńska,1,Robert Bolesto,Klaudia Śmieja-Rostworowska,36,Madants,4,3,PL,3,en,True,True,False
299534,tt4154796,Avengers: Endgame,Avengers: Endgame,en,Released,356000000.0,2799439100.0,2443439100,686.359297752809,63.7377,False,8.243,28638,8.101552405793123,True,327,181,Avenge the fallen.,True,True,Adventure,Science Fiction,3,"Adventure, Science Fiction, Action","superhero, time travel, space travel, time machine, based on comic, sequel, alien invasion, superhero team, marvel cinematic universe (mcu), alternate timeline",2019-04-24,2019.0,4.0,24.0,2.0,True,False,103,Robert Downey Jr.,2.0,Chris Evans,Mark Ruffalo,Chris Hemsworth,"Robert Downey Jr., Chris Evans, Mark Ruffalo, Chris Hemsworth, Scarlett Johansson",Joe Russo,2,Steve Gan,Kevin Feige,613,Marvel Studios,1,1,US,3,en,True,True,True
76341,tt1392190,Mad Max: Fury Road,Mad Max: Fury Road,en,Released,150000000.0,378858340.0,228858340,152.57222666666667,79.3379,False,7.637,24581,7.484753279374825,True,270,121,The future belongs to the mad.,True,True,Action,Adventure,3,"Action, Adventure, Science Fiction","rescue, australia, dystopia, sandstorm, post-apocalyptic future, sequel, survival, on the run, peak oil, dark future",2015-05-13,2015.0,5.0,13.0,2.0,True,False,62,Tom Hardy,2.0,Charlize Theron,Nicholas Hoult,Hugh Keays-Byrne,"Tom Hardy, Charlize Theron, Nicholas Hoult, Hugh Keays-Byrne, Josh Helman",George Miller,1,Nico Lathouris,Doug Mitchell,170,Warner Bros. Pictures,4,2,AU,1,en,True,True,True
24428,tt0848228,The Avengers,The Avengers,en,Released,220000000.0,1518815515.0,1298815515,590.3706886363636,60.0009,False,8.075,39697,7.974557180884145,True,297,143,Some assembly required.,True,True,Science Fiction,Action,3,"Science Fiction, Action, Adventure","new york city, superhero, shield, based on comic, alien invasion, superhero team, aftercreditsstinger, duringcreditsstinger, marvel cinematic universe (mcu)",2012-04-25,2012.0,4.0,25.0,2.0,True,False,112,Robert Downey Jr.,2.0,Chris Evans,Mark Ruffalo,Chris Hemsworth,"Robert Downey Jr., Chris Evans, Mark Ruffalo, Chris Hemsworth, Scarlett Johansson",Joss Whedon,1,Joss Whedon,Kevin Feige,640,Marvel Studios,1,1,US,3,en,True,True,True
49494,tt1034389,The Eagle,The Eagle,en,Released,25000000.0,27122040.0,2122040,8.48816,85.337,False,6.24,1469,4.655439309294057,True,519,114,The destiny of a soldier. The honour of a slave. The fate of an empire.,True,True,Adventure,Drama,2,"Adventure, Drama","roman empire, scotland, slavery, eagle, ancient rome, honor, disappearance, ancient world, britain, slave",2011-02-08,2011.0,2.0,8.0,1.0,True,False,19,Channing Tatum,2.0,Mark Strong,Jamie Bell,Donald Sutherland,"Channing Tatum, Mark Strong, Jamie Bell, Donald Sutherland, Denis O'Hare",Kevin Macdonald,1,Rosemary Sutcliff,Duncan Kenworthy,75,Prime Focus,5,1,US,1,en,True,True,False
49026,tt1345836,The Dark Knight Rises,The Dark Knight Rises,en,Released,250000000.0,1081041287.0,831041287,332.4165148,71.2361,False,7.797,24917,7.643618405004524,True,428,165,The legend ends.,True,True,Action,Crime,4,"Action, Crime, Drama, Thriller","airplane, fight, burglar, hostage, secret identity, crime fighter, superhero, villainess, time bomb, based on comic",2012-07-17,2012.0,7.0,17.0,3.0,True,False,166,Christian Bale,2.0,Gary Oldman,Tom Hardy,Joseph Gordon-Levitt,"Christian Bale, Gary Oldman, Tom Hardy, Joseph Gordon-Levitt, Anne Hathaway",Christopher Nolan,1,David S. Goyer,Christopher Nolan,561,Syncopy,4,2,GB,1,en,True,True,True
1213243,tt27530512,Toxic: A Fairy Tale for Grown-ups,ಟಾಕ್ಸಿಕ್,kn,Released,60000000.0,3386250.0,-56613750,-94.35625,48.4309,False,8.0,73,1.019197207678883,True,183,192,,False,False,Action,Crime,3,"Action, Crime, Drama","gangster, goa, betrayal, loving",2026-08-26,2026.0,8.0,26.0,3.0,True,False,19,Yash,2.0,Kiara Advani,Nayanthara,Huma Qureshi,"Yash, Kiara Advani, Nayanthara, Huma Qureshi, Tara Sutaria",Geetu Mohandas,1,Geetu Mohandas,Venkat K Narayana,46,KVN Productions,2,1,IN,2,kn,True,True,False
324857,tt4633694,Spider-Man: Into the Spider-Verse,Spider-Man: Into the Spider-Verse,en,Released,90000000.0,394884133.0,304884133,338.7601477777778,71.1571,False,8.4,17853,8.171154579632757,True,458,117,Enter a universe where more than one wears the mask.,True,True,Animation,Action,4,"Animation, Action, Adventure, Science Fiction","superhero, based on comic, aftercreditsstinger, alternate universe",2018-12-06,2018.0,12.0,6.0,4.0,True,False,73,Shameik Moore,2.0,Jake Johnson,Hailee Steinfeld,Mahershala Ali,"Shameik Moore, Jake Johnson, Hailee Steinfeld, Mahershala Ali, Brian Tyree Henry",Bob Persichetti,3,Phil Lord,Phil Lord,420,Columbia Pictures,6,1,US,3,en,True,True,True
936075,tt11378946,Michael,Michael,en,Released,250000000.0,1032616139.0,782616139,313.0464556,56.3347,False,8.641,4325,7.745559585492227,True,444,128,Discover the making of a king.,True,True,Music,Drama,2,"Music, Drama","child abuse, sibling relationship, 1970s, abusive father, ambition, biography, based on true story, singer, period drama, music history",2026-04-22,2026.0,4.0,22.0,2.0,True,False,68,Jaafar Jackson,2.0,Colman Domingo,Nia Long,Juliano Krue Valdi,"Jaafar Jackson, Colman Domingo, Nia Long, Juliano Krue Valdi, KeiLyn Durrel Jones",Antoine Fuqua,1,John Logan,John Branca,119,Lionsgate,3,1,US,1,en,True,True,True
454639,tt0427340,Masters of the Universe,Masters of the Universe,en,Released,200000000.0,113763426.0,-86236574,-43.118287,57.309,False,7.128,2111,5.763005744925316,True,355,141,"Legends aren't born, they're forged.",True,True,Action,Fantasy,3,"Action, Fantasy, Science Fiction","skeleton, superhero, nostalgia, alien planet, based on toy, super power, reboot, aftercreditsstinger, duringcreditsstinger, warrior",2026-06-03,2026.0,6.0,3.0,2.0,True,False,56,Nicholas Galitzine,2.0,Camila Mendes,Idris Elba,Jared Leto,"Nicholas Galitzine, Camila Mendes, Idris Elba, Jared Leto, Alison Brie",Travis Knight,1,Chris Butler,Robbie Brenner,155,Escape Artists,3,1,US,1,en,True,True,False
1377237,tt31349844,Runner,Runner,en,Released,,6432956.0,6432956,,63.3353,False,8.0,15,0.23300970873786409,True,170,97,Next-day delivery isn't an option.,True,True,Action,Comedy,3,"Action, Comedy, Thriller","race against time, black market, drug cartel, organ transplant, colombian drug cartels., children dying from illness, rare blood types",2026-09-07,2026.0,9.0,7.0,3.0,True,False,37,Alan Ritchson,2.0,Owen Wilson,Rodrigo Santoro,Leila George,"Alan Ritchson, Owen Wilson, Rodrigo Santoro, Leila George, Kate Box",Scott Waugh,1,Tommy White,Todd Garner,25,Broken Road Productions,9,3,US,2,en,True,True,False
238,tt0068646,The Godfather,The Godfather,en,Released,6000000.0,245066411.0,239066411,3984.4401833333336,58.4855,False,8.686,23545,8.505380328550634,True,307,175,An offer you can't refuse.,True,True,Drama,Crime,2,"Drama, Crime","based on novel or book, loss of loved one, love at first sight, italy, gangster, symbolism, patriarch, europe, organized crime, mafia",1972-03-14,1972.0,3.0,14.0,1.0,True,False,81,Marlon Brando,2.0,Al Pacino,James Caan,Robert Duvall,"Marlon Brando, Al Pacino, James Caan, Robert Duvall, Richard S. Castellano",Francis Ford Coppola,1,Mario Puzo,Albert S. Ruddy,106,Paramount Pictures,3,1,US,3,en,True,True,True
822119,tt14513804,Captain America: Brave New World,Captain America: Brave New World,en,Released,180000000.0,415101577.0,235101577,130.61198722222224,55.108,False,5.957,3395,5.192301668806161,True,243,119,The future favors the brave.,True,True,Action,Thriller,3,"Action, Thriller, Science Fiction","hero, usa president, the white house, superhero, based on comic, sequel, revenge, superhuman, summit, aftercreditsstinger",2025-02-12,2025.0,2.0,12.0,1.0,True,False,55,Anthony Mackie,2.0,Harrison Ford,Danny Ramirez,Shira Haas,"Anthony Mackie, Harrison Ford, Danny Ramirez, Shira Haas, Tim Blake Nelson",Julius Onah,1,Joe Simon,Kevin Feige,519,Marvel Studios,2,1,US,3,en,True,True,True
1523145,tt38190257,Your Heart Will Be Broken,Твоё сердце будет разбито,ru,Released,3716000.0,7578000.0,3862000,103.92895586652315,57.3023,False,7.124,121,1.3880901771336553,True,319,134,,False,False,Romance,None,1,Romance,based on novel or book,2026-03-26,2026.0,3.0,26.0,1.0,True,False,30,Daniel Vegas,2.0,Veronika Zhuravleva,Ivan Trushin,Maksim Saprykin,"Daniel Vegas, Veronika Zhuravleva, Ivan Trushin, Maksim Saprykin, Alya Mayer",Mikhail Vaynberg,1,Anna Jane,Georgy Shabanov,19,All Media A Start Company,5,1,RU,1,ru,True,True,True
1212763,tt31170389,Evil Dead Burn,Evil Dead Burn,en,Released,20000000.0,71491178.0,51491178,257.45589,57.6955,False,7.696,1514,5.785374379344587,True,285,110,Every family has its demons.,True,True,Horror,None,1,Horror,"funeral, widow, supernatural, possession, dysfunctional family, sequel, grief, spirit, demon, spin off",2026-07-07,2026.0,7.0,7.0,3.0,True,False,21,Souheila Yacoub,1.0,Tandi Wright,Hunter Doohan,Luciane Buchanan,"Souheila Yacoub, Tandi Wright, Hunter Doohan, Luciane Buchanan, Erroll Shand",Sébastien Vaniček,1,Sébastien Vaniček,Robert Tapert,51,New Line Cinema,3,1,US,2,en,True,True,True
1290821,tt32357218,Shelter,Shelter,en,Released,50000000.0,53933639.0,3933639,7.867278,54.6128,False,7.767,1856,6.118655348047539,True,205,107,Her safety. His mission.,True,True,Action,Crime,3,"Action, Crime, Thriller","home invasion, mysterious girl, ghosts of the past, isolated island, child protection, audacious, solitary life, hidden secret, close‑quarters combat, dangerous escalation",2026-01-28,2026.0,1.0,28.0,1.0,True,False,31,Jason Statham,2.0,Bodhi Rae Breathnach,Naomi Ackie,Daniel Mays,"Jason Statham, Bodhi Rae Breathnach, Naomi Ackie, Daniel Mays, Harriet Walter",Ric Roman Waugh,1,Ward Parry,Jason Statham,34,Black Bear Pictures,4,2,US,1,en,True,True,False
671,tt0241527,Harry Potter and the Philosopher's Stone,Harry Potter and the Philosopher's Stone,en,Released,125000000.0,1029374615.0,904374615,723.4996920000001,44.4026,False,7.903,30207,7.774315986582863,True,406,152,Let the magic begin.,True,True,Adventure,Fantasy,2,"Adventure, Fantasy","witch, school friend, friendship, london, england, based on novel or book, magic, boarding school, male friendship, child hero, school of witchcraft",2001-11-16,2001.0,11.0,16.0,4.0,True,False,64,Daniel Radcliffe,2.0,Rupert Grint,Emma Watson,Richard Harris,"Daniel Radcliffe, Rupert Grint, Emma Watson, Richard Harris, Tom Felton",Chris Columbus,1,J.K. Rowling,David Heyman,225,Warner Bros. Pictures,3,2,GB,1,en,True,True,True
27205,tt1375666,Inception,Inception,en,Released,160000000.0,839030630.0,679030630,424.39414375,52.7091,False,8.373,40164,8.270046527641156,True,280,148,Your mind is the scene of the crime.,True,True,Action,Science Fiction,3,"Action, Science Fiction, Adventure","mission, dreams, kidnapping, spy, allegory, intellectual, manipulation, heist, memory, dream world",2010-07-15,2010.0,7.0,15.0,3.0,True,False,52,Leonardo DiCaprio,2.0,Joseph Gordon-Levitt,Ken Watanabe,Tom Hardy,"Leonardo DiCaprio, Joseph Gordon-Levitt, Ken Watanabe, Tom Hardy, Elliot Page",Christopher Nolan,1,Christopher Nolan,Christopher Nolan,736,Warner Bros. Pictures,1,2,GB,4,en,True,True,False
155,tt0468569,The Dark Knight,The Dark Knight,en,Released,185000000.0,1004558444.0,819558444,443.00456432432435,43.8306,False,8.535,36684,8.42023289586919,True,396,152,Some men just want to watch the world burn.,True,True,Action,Thriller,2,"Action, Thriller","sadism, chaos, secret identity, crime fighter, superhero, anti hero, scarecrow, based on comic, vigilante, organized crime",2008-07-16,2008.0,7.0,16.0,3.0,True,False,138,Christian Bale,2.0,Heath Ledger,Aaron Eckhart,Michael Caine,"Christian Bale, Heath Ledger, Aaron Eckhart, Michael Caine, Maggie Gyllenhaal",Christopher Nolan,1,David S. Goyer,Emma Thomas,149,Warner Bros. Pictures,4,2,GB,2,en,True,True,True
1288059,tt32332915,I Want Your Sex,I Want Your Sex,en,Released,10000000.0,2000000.0,-8000000,-80.0,45.4232,False,6.141,64,0.6968510638297872,True,194,90,"Don't worry, you'll like it.",True,True,Comedy,None,1,Comedy,"eroticism, artist, satire, muse, sexual harassment, sexual art, mansion, los angeles, california, art gallery, masturbation",2026-07-29,2026.0,7.0,29.0,3.0,True,False,19,Olivia Wilde,1.0,Cooper Hoffman,Mason Gooding,Chase Sui Wonders,"Olivia Wilde, Cooper Hoffman, Mason Gooding, Chase Sui Wonders, Johnny Knoxville",Gregg Araki,1,Karley Sciortino,Seth Caplan,121,Black Bear Pictures,2,1,US,1,en,True,True,False
533535,tt6263850,Deadpool & Wolverine,Deadpool & Wolverine,en,Released,200000000.0,1338073645.0,1138073645,569.0368225,52.3561,False,7.586,9430,7.204026183282981,True,248,128,Come together.,True,True,Action,Comedy,3,"Action, Comedy, Science Fiction","hero, superhero, anti hero, mutant, breaking the fourth wall, aftercreditsstinger, duringcreditsstinger, marvel cinematic universe (mcu), mutants, superhero teamup",2024-07-24,2024.0,7.0,24.0,3.0,True,False,60,Ryan Reynolds,2.0,Hugh Jackman,Emma Corrin,Matthew Macfadyen,"Ryan Reynolds, Hugh Jackman, Emma Corrin, Matthew Macfadyen, Dafne Keen",Shawn Levy,1,Rhett Reese,Ryan Reynolds,554,Marvel Studios,6,1,US,1,en,True,True,True
71578,tt0415748,Desnudos,Desnudos,es,Released,,,0,,64.0235,False,3.8,12,0.08906249999999999,True,206,98,Love is baring body and soul,True,False,Drama,Romance,2,"Drama, Romance",,2004-10-22,2004.0,10.0,22.0,4.0,True,False,17,Karyme Lozano,1.0,Juan Vidal,Rafael Amaya,Carmen Rodríguez,"Karyme Lozano, Juan Vidal, Rafael Amaya, Carmen Rodríguez, Angélica Aragón",Enrique Gómez Vadillo,1,Mauricio Pichardo,René Cardona III,6,Instituto Mexicano de Cinematografía,2,1,MX,1,es,True,True,False
1365884,tt38267923,Call My Agent! The Movie,Dix Pour Cent ! Le Film,fr,Released,,,0,,51.3628,False,6.0,38,0.42379182156133827,True,157,117,,False,True,Comedy,Drama,2,"Comedy, Drama","workplace comedy, talent agency, based on tv series",2026-08-29,2026.0,8.0,29.0,3.0,True,False,21,Camille Cottin,1.0,Thibault de Montalembert,Grégory Montel,Liliane Rovère,"Camille Cottin, Thibault de Montalembert, Grégory Montel, Liliane Rovère, Fanny Sidney",Émilie Noblet,1,Fanny Herrero,Dominique Besnehard,60,Mon Voisin Productions,3,1,FR,1,fr,True,True,False
1522689,tt38061210,Why Did I Get Married Again?,Why Did I Get Married Again?,en,Released,,,0,,50.4493,False,7.2,18,0.25019305019305016,True,152,112,Ring any bells?,True,True,Comedy,Romance,3,"Comedy, Romance, Drama",sequel,2026-09-08,2026.0,9.0,8.0,3.0,True,False,22,Tyler Perry,2.0,Taraji P. Henson,Jill Scott,Richard T. Jones,"Tyler Perry, Taraji P. Henson, Jill Scott, Richard T. Jones, Tasha Smith",Tyler Perry,1,Tyler Perry,Tyler Perry,119,Tyler Perry Studios,1,1,US,1,en,True,True,True
1122573,tt27681354,In the Grey,In the Grey,en,Released,70000000.0,27117528.0,-42882472,-61.26067428571429,42.5009,False,7.588,955,4.980439862542955,True,233,97,"When billions get stolen, meet the pros who steal it back.",True,True,Action,Thriller,2,"Action, Thriller","mission, heist, agent, dangerous mission, irreverent, provocative, audacious, enthusiastic, sarcastic",2026-05-13,2026.0,5.0,13.0,2.0,True,False,27,Henry Cavill,2.0,Jake Gyllenhaal,Eiza González,Carlos Bardem,"Henry Cavill, Jake Gyllenhaal, Eiza González, Carlos Bardem, Michael Vu",Guy Ritchie,1,Guy Ritchie,Guy Ritchie,51,C2 Motion Picture Group,4,3,GB,2,en,True,True,False
1698863,tt41605854,The Odyssey,The Odyssey,en,Released,,,0,,53.0283,False,4.018,539,2.084410009624639,True,256,86,The most epic voyage of all time!,True,False,Adventure,Fantasy,3,"Adventure, Fantasy, Action","mockbuster, disgusted",2026-07-03,2026.0,7.0,3.0,3.0,True,False,10,Myrom Kingery,2.0,Morgan Flanagan,Patrick Byrnes,Dominic Keating,"Myrom Kingery, Morgan Flanagan, Patrick Byrnes, Dominic Keating, Llana Barron",Marcel Walz,1,Joshua Pruett,Unknown,4,The Asylum,1,1,US,1,en,True,True,False
687259,,Ghost Stories,镜花风月三之螺女挑情,zh,Released,,,0,,41.5965,False,6.2,2,0.024701195219123506,False,0,80,,False,False,Horror,None,1,Horror,,1982-01-01,1982.0,1.0,1.0,1.0,True,False,5,Jiang Ling-Ling,1.0,Ai Ting,Chu Hui-Te,Kao Wen-Song,"Jiang Ling-Ling, Ai Ting, Chu Hui-Te, Kao Wen-Song, Chia-bao Lan",Hsin Yen,1,Unknown,Unknown,1,Independent,0,1,TW,1,zh,True,False,True
1184918,tt29623480,The Wild Robot,The Wild Robot,en,Released,78000000.0,331982078.0,253982078,325.6180487179487,48.9057,False,8.306,6580,7.7194180790960445,True,196,102,Discover your true nature.,True,True,Family,Animation,4,"Family, Animation, Science Fiction, Adventure","island, based on novel or book, parent child relationship, fox, robot, based on children's book, kindness, goose, nostalgic, aftercreditsstinger",2024-09-12,2024.0,9.0,12.0,3.0,True,False,30,Lupita Nyong'o,1.0,Pedro Pascal,Kit Connor,Bill Nighy,"Lupita Nyong'o, Pedro Pascal, Kit Connor, Bill Nighy, Stephanie Hsu",Chris Sanders,1,Chris Sanders,Jeff Hermann,124,DreamWorks Animation,1,1,US,1,en,True,True,True
1314481,tt33612209,The Devil Wears Prada 2,The Devil Wears Prada 2,en,Released,100000000.0,691379651.0,591379651,591.379651,51.5621,False,7.047,2317,5.796201277955271,True,258,119,Icons reign forever.,True,True,Comedy,Drama,2,"Comedy, Drama","new york city, based on novel or book, sequel, fashion, fashion magazine, dramedy, magazine editor, fashion industry, fashionista, whimsical",2026-04-29,2026.0,4.0,29.0,2.0,True,False,92,Anne Hathaway,1.0,Meryl Streep,Emily Blunt,Stanley Tucci,"Anne Hathaway, Meryl Streep, Emily Blunt, Stanley Tucci, Kenneth Branagh",David Frankel,1,Aline Brosh McKenna,Wendy Finerman,73,20th Century Studios,2,1,US,2,en,True,True,True
557,tt0145487,Spider-Man,Spider-Man,en,Released,139000000.0,821708551.0,682708551,491.15723093525185,46.0879,False,7.354,21405,7.1861387811002055,True,190,121,Go for the ultimate spin.,True,True,Action,Science Fiction,2,"Action, Science Fiction","new york city, adolescence, photographer, loss of loved one, photography, secret identity, hostility, superhero, spider, bad boss",2002-05-01,2002.0,5.0,1.0,2.0,True,False,93,Tobey Maguire,2.0,Willem Dafoe,Kirsten Dunst,James Franco,"Tobey Maguire, Willem Dafoe, Kirsten Dunst, James Franco, Cliff Robertson",Sam Raimi,1,David Koepp,Ian Bryce,218,Marvel Enterprises,3,1,US,1,en,True,True,True
603,tt0133093,The Matrix,The Matrix,en,Released,63000000.0,463517383.0,400517383,635.7418777777779,41.109,False,8.258,28706,8.116624940080804,True,181,136,Believe the unbelievable.,True,True,Action,Science Fiction,2,"Action, Science Fiction","man vs machine, martial arts, fortune teller, artificial intelligence (a.i.), saving the world, prophecy, philosophy, dystopia, allegory, insurgence",1999-03-31,1999.0,3.0,31.0,1.0,True,False,37,Keanu Reeves,2.0,Laurence Fishburne,Carrie-Anne Moss,Hugo Weaving,"Keanu Reeves, Laurence Fishburne, Carrie-Anne Moss, Hugo Weaving, Gloria Foster",Lana Wachowski,2,Lana Wachowski,Joel Silver,177,Village Roadshow Pictures,4,1,US,1,en,True,True,True
53653,tt0093304,Prison on Fire,監獄風雲,cn,Released,,4046485.0,4046485,,43.9301,False,7.0,109,1.2528735632183907,True,130,101,,False,False,Crime,Drama,2,"Crime, Drama",,1987-11-13,1987.0,11.0,13.0,4.0,True,False,18,Tony Leung Ka-fai,2.0,Chow Yun-Fat,Roy Cheung Yiu-Yeung,William Ho,"Tony Leung Ka-fai, Chow Yun-Fat, Roy Cheung Yiu-Yeung, William Ho, Tommy Wong",Ringo Lam Ling-Tung,1,Nam Yin,Ringo Lam Ling-Tung,11,Cinema City Company Limited,1,1,HK,1,cn,True,True,True
569094,tt9362722,Spider-Man: Across the Spider-Verse,Spider-Man: Across the Spider-Verse,en,Released,100000000.0,690897910.0,590897910,590.89791,45.8465,False,8.348,9230,7.919017471736897,True,412,140,It's how you wear the mask that matters.,True,True,Animation,Action,4,"Animation, Action, Adventure, Science Fiction","new york city, hero, double life, sacrifice, secret identity, superhero, villain, portal, based on comic, sequel",2023-05-31,2023.0,5.0,31.0,2.0,True,False,110,Shameik Moore,2.0,Hailee Steinfeld,Brian Tyree Henry,Luna Lauren Vélez,"Shameik Moore, Hailee Steinfeld, Brian Tyree Henry, Luna Lauren Vélez, Jake Johnson",Kemp Powers,3,Phil Lord,Avi Arad,544,Columbia Pictures,6,1,US,4,en,True,True,True
1110034,tt19838566,Kraken,Kraken,no,Released,1000000.0,14329678.0,13329678,1332.9678,52.7636,False,6.267,320,2.445658536585366,True,236,94,Only 5% of the ocean has been explored for a reason…,True,True,Horror,Action,3,"Horror, Action, Thriller","sea monster, norwegian folklore, cautionary",2026-02-06,2026.0,2.0,6.0,1.0,True,False,15,Sara Khorami,1.0,Mikkel Bratt Silset,Ingvild Holthe Bygdnes,Øyvind Brandtzæg,"Sara Khorami, Mikkel Bratt Silset, Ingvild Holthe Bygdnes, Øyvind Brandtzæg, Jenny Evensen",Pål Øie,1,Vilde Eide,Einar Loftesnes,59,Handmade films in Norwegian Woods,2,1,NO,1,no,True,True,False
1327819,tt26443616,Hoppers,Hoppers,en,Released,150000000.0,389685783.0,239685783,159.79052199999998,49.0886,False,8.153,2330,6.712540636042403,True,296,104,Act natural.,True,True,Adventure,Animation,5,"Adventure, Animation, Comedy, Family, Science Fiction","human vs nature, spy, beaver, oregon, usa, transhumanism, consciousness, aftercreditsstinger, duringcreditsstinger, human becoming an animal, robotic animal",2026-03-04,2026.0,3.0,4.0,1.0,True,False,31,Piper Curda,3.0,Bobby Moynihan,Jon Hamm,Kathy Najimy,"Piper Curda, Bobby Moynihan, Jon Hamm, Kathy Najimy, Dave Franco",Daniel Chong,1,Max Sachar,Nicole Paradis Grindle,111,Pixar,1,1,US,1,en,True,True,False
456931,tt6263802,Islands,Les Îles,fr,Released,,,0,,48.3555,False,4.2,25,0.2,True,289,23,,False,False,Drama,Fantasy,4,"Drama, Fantasy, Horror, Romance","lgbt, short film",2017-05-21,2017.0,5.0,21.0,2.0,True,False,14,Sarah-Megan Allouch,1.0,Mathilde Mennetrier,Alphonse Maitrepierre,Romain Merle,"Sarah-Megan Allouch, Mathilde Mennetrier, Alphonse Maitrepierre, Romain Merle, Simone Thiébaut",Yann Gonzalez,1,Yann Gonzalez,Yann Gonzalez,22,Ecce Films,1,1,FR,1,fr,True,True,False
1384216,tt21285562,The Dog Stars,The Dog Stars,en,Released,110000000.0,37416959.0,-72583041,-65.98458272727272,46.8591,False,6.613,260,2.262342105263158,True,315,119,"At the end of the world, no one survives alone.",True,True,Science Fiction,Thriller,2,"Science Fiction, Thriller","based on novel or book, dystopia, denver, colorado, pilot, colorado, grief, pandemic, detached, lonely man, death of wife",2026-08-26,2026.0,8.0,26.0,3.0,True,False,34,Jacob Elordi,2.0,Margaret Qualley,Josh Brolin,Guy Pearce,"Jacob Elordi, Margaret Qualley, Josh Brolin, Guy Pearce, Allison Janney",Ridley Scott,1,Mark L. Smith,Mark L. Smith,37,20th Century Studios,2,1,US,1,en,True,True,False
1355228,tt33354945,Gandhari,गांधारी,hi,Released,,,0,,46.0966,False,5.1,8,0.08031496062992126,True,135,117,,False,True,Action,Drama,3,"Action, Drama, Thriller",,2026-09-03,2026.0,9.0,3.0,3.0,True,False,11,Taapsee Pannu,1.0,Ishwak Singh,Mita Vashisht,Swastika Mukherjee,"Taapsee Pannu, Ishwak Singh, Mita Vashisht, Swastika Mukherjee, Chhaya Kadam",Devashish Makhija,1,Kanika Dhillon,Kanika Dhillon,26,Kathha Pictures,2,1,IN,1,hi,True,True,False
1423191,tt35538033,Resident Evil,Resident Evil,en,Released,80000000.0,,-80000000,-100.0,49.1529,False,10.0,3,0.05964214711729622,True,133,93,A new era of evil.,True,True,Horror,Thriller,3,"Horror, Thriller, Adventure","outbreak, survival, zombie, based on video game, survival horror, reboot, zombie apocalypse, body horror, zombie horror",2026-09-16,2026.0,9.0,16.0,3.0,True,False,5,Austin Abrams,2.0,Zach Cherry,Kali Reis,Paul Walter Hauser,"Austin Abrams, Zach Cherry, Kali Reis, Paul Walter Hauser, Johnno Wilson",Zach Cregger,1,Shay Hatten,Robert Kulzer,28,Constantin Film,7,3,US,1,en,True,True,False
1284041,tt32268156,The Last House,The Last House,en,Released,,,0,,44.648,False,6.871,1320,4.983362637362638,True,145,110,How long can you survive?,True,True,Horror,Science Fiction,3,"Horror, Science Fiction, Thriller","monster, isolation, water monster, sea creature, baffled, disapproving, dangerous rain",2026-08-06,2026.0,8.0,6.0,3.0,True,False,19,Greta Lee,1.0,Wagner Moura,Riley Chung,Noah Alexander Sosnowski,"Greta Lee, Wagner Moura, Riley Chung, Noah Alexander Sosnowski, Emma Ho",Louis Leterrier,1,Matthew Robinson,Louis Leterrier,163,Chernin Entertainment,2,1,US,1,en,True,True,False
872585,tt15398776,Oppenheimer,Oppenheimer,en,Released,100000000.0,952000000.0,852000000,852.0,42.2933,False,8.022,12463,7.712580884054617,True,100,181,The world forever changes.,True,True,Drama,History,2,"Drama, History","husband wife relationship, based on novel or book, atomic bomb, patriotism, new mexico, world war ii, atomic bomb test, physics, biography, based on true story",2023-07-19,2023.0,7.0,19.0,3.0,True,False,80,Cillian Murphy,2.0,Emily Blunt,Matt Damon,Robert Downey Jr.,"Cillian Murphy, Emily Blunt, Matt Damon, Robert Downey Jr., Florence Pugh",Christopher Nolan,1,Christopher Nolan,Christopher Nolan,225,Syncopy,5,2,GB,2,nl,True,True,False
1291595,tt32393988,Insidious: Out of the Further,Insidious: Out of the Further,en,Released,18000000.0,155230000.0,137230000,762.3888888888889,45.6179,False,6.5,148,1.4845679012345678,True,195,106,Evil found a way out.,True,True,Horror,Thriller,2,"Horror, Thriller","supernatural, haunted house, cult, stalker, sequel, evil spirit, demon, dentist, other dimension, mother daughter relationship",2026-08-19,2026.0,8.0,19.0,3.0,True,False,49,Amelia Eve,1.0,Island Austin,Brandon Perea,Lin Shaye,"Amelia Eve, Island Austin, Brandon Perea, Lin Shaye, Maisie Richardson-Sellers",Jacob Chase,1,Leigh Whannell,Jason Blum,96,Blumhouse Productions,5,1,US,1,en,True,True,True
1727780,tt28638842,Borderline,Borderline,en,Released,,,0,,47.9596,False,5.969,16,0.18508527131782948,True,322,94,,False,True,Thriller,None,1,Thriller,"mexico, washington dc, usa, government, immigration, conspiracy, virginia, illegal, political thriller, independent film, gang members",2026-07-17,2026.0,7.0,17.0,3.0,True,False,6,Marissa Arguijo,0.0,Michael-Eoin Stanney,Marcus Jean Pirae,Dominic Hernandez,"Marissa Arguijo, Michael-Eoin Stanney, Marcus Jean Pirae, Dominic Hernandez, Nigel Vonas",Ryan Jordan,1,Jeff Cohen,Marissa Arguijo,6,"Gen1 Entertainment, LLC",1,2,US,2,en,True,True,False
1726,tt0371746,Iron Man,Iron Man,en,Released,140000000.0,585174222.0,445174222,317.98158714285717,42.2914,False,7.7,28799,7.568596197822452,True,132,126,Heroes aren't born. They're built.,True,True,Action,Science Fiction,3,"Action, Science Fiction, Adventure","middle east, kidnapping, superhero, arms dealer, based on comic, aftercreditsstinger, marvel cinematic universe (mcu), aggressive, counterterrorism, antagonistic",2008-04-30,2008.0,4.0,30.0,2.0,True,False,65,Robert Downey Jr.,2.0,Terrence Howard,Jeff Bridges,Gwyneth Paltrow,"Robert Downey Jr., Terrence Howard, Jeff Bridges, Gwyneth Paltrow, Leslie Bibb",Jon Favreau,1,Jack Kirby,Avi Arad,200,Marvel Studios,3,1,US,4,en,True,True,True
405746,tt0223150,Door,DOOR,ja,Released,,,0,,44.3184,False,6.063,32,0.36469172932330823,True,323,94,,False,False,Horror,Mystery,3,"Horror, Mystery, Thriller","salesman, home invasion, back stabbing, obsessed with a woman, suspense",1988-05-14,1988.0,5.0,14.0,2.0,True,False,7,Keiko Takahashi,1.0,Daijiro Tsutsumi,Shirō Shimomoto,Takuto Yonezu,"Keiko Takahashi, Daijiro Tsutsumi, Shirō Shimomoto, Takuto Yonezu, Masao Ishida",Banmei Takahashi,1,Banmei Takahashi,Kosuke Kuri,15,Directors Company,3,1,JP,1,ja,True,True,True
1723013,tt42764234,Hibla 2,Hibla 2,tl,Released,,,0,,49.6867,False,3.0,1,0.005988023952095809,True,271,80,,False,True,Drama,None,1,Drama,"softcore, sexy",2026-06-30,2026.0,6.0,30.0,2.0,True,False,4,Aliya Raymundo,1.0,Margaret Diaz,Albie Casiño,Ghion Layug,"Aliya Raymundo, Margaret Diaz, Albie Casiño, Ghion Layug",Topel Lee,1,Erick Castro,Unknown,2,Vivamax,1,1,PH,1,tl,True,True,False
1156869,,Blaze of Love,性迷宮,en,Released,,,0,,42.8953,False,0.0,0,0.0,True,15,0,,False,False,Unknown,None,0,,,1994-01-01,1994.0,1.0,1.0,1.0,True,False,3,Jacqueline Ng Suet-Man,1.0,Alex Fong Chung-Sun,Edward Mok,None,"Jacqueline Ng Suet-Man, Alex Fong Chung-Sun, Edward Mok",Lai Hok-Man,1,Unknown,Charles Heung,3,Independent,0,0,Unknown,0,Unknown,True,False,False
597,tt0120338,Titanic,Titanic,en,Released,200000000.0,2264162353.0,2064162353,1032.0811765,36.3325,False,7.9,27720,7.7600283486888735,True,360,194,Nothing on earth could come between them.,True,True,Drama,Romance,2,"Drama, Romance","ship, soulmates, shipwreck, atlantic ocean, evacuation, iceberg, titanic, forbidden love, ocean liner, based on true story",1997-12-18,1997.0,12.0,18.0,4.0,True,False,116,Leonardo DiCaprio,2.0,Kate Winslet,Billy Zane,Kathy Bates,"Leonardo DiCaprio, Kate Winslet, Billy Zane, Kathy Bates, Frances Fisher",James Cameron,1,James Cameron,Jon Landau,270,Paramount Pictures,3,1,US,6,en,True,True,False
194117,tt0095052,Woman in the Moon,La donna della luna,it,Released,,,0,,33.2972,False,5.6,8,0.08818897637795275,True,117,90,,False,False,Drama,Romance,3,"Drama, Romance, Crime","moon, sicily, italy, road movie",1988-03-31,1988.0,3.0,31.0,1.0,True,False,8,Greta Scacchi,1.0,Luca Orlandini,Tim Finn,Mike Magistro,"Greta Scacchi, Luca Orlandini, Tim Finn, Mike Magistro, Marcello Perracchio",Vito Zagarrio,1,Vito Zagarrio,Grazia Volpi,29,Reteitalia,2,1,IT,1,it,True,True,False
1731694,tt43679852,LEGO Star Wars: The Mandalorian,LEGO Star Wars: The Mandalorian,en,Released,,,0,,43.1427,False,6.82,25,0.32476190476190475,True,179,50,Some heroes juct click.,True,True,Animation,Science Fiction,5,"Animation, Science Fiction, Adventure, Family, Action",,2026-09-02,2026.0,9.0,2.0,3.0,True,False,24,Gavin Hammon,2.0,Amy Sedaris,Bill Burr,David Pasquesi,"Gavin Hammon, Amy Sedaris, Bill Burr, David Pasquesi, Katee Sackhoff",Chris Buckley,1,Unknown,Unknown,7,Lucasfilm Ltd.,2,1,US,1,en,True,True,False
1480574,tt36948232,Just Play Dead,Just Play Dead,en,Released,,,0,,41.9829,False,6.05,40,0.44814814814814813,True,215,97,Til death do they part.,True,False,Thriller,Crime,2,"Thriller, Crime","insurance fraud, betrayal, fake death, battle of wits",2026-08-28,2026.0,8.0,28.0,3.0,True,False,31,Samuel L. Jackson,2.0,Eva Green,María Pedraza,Eoin Macken,"Samuel L. Jackson, Eva Green, María Pedraza, Eoin Macken, Jason Fernández",Martin Campbell,1,Dan Gordon,Phil Hunt,18,Head Gear Films,3,1,GB,1,en,True,True,False
1439930,tt36042156,The Punisher: One Last Kill,The Punisher: One Last Kill,en,Released,,,0,,44.859,False,8.276,2214,6.751313190862195,True,103,51,Hey Frank.,True,True,Action,Drama,3,"Action, Drama, Crime","new york city, post-traumatic stress disorder (ptsd), gun, anti hero, hallucination, based on comic, revenge, one man army, death of family, mental health",2026-05-12,2026.0,5.0,12.0,2.0,True,False,35,Jon Bernthal,2.0,Deborah Ann Woll,Jason R. Moore,Judith Light,"Jon Bernthal, Deborah Ann Woll, Jason R. Moore, Judith Light, Kelli Barrett",Reinaldo Marcus Green,1,Reinaldo Marcus Green,David Chambers,395,Marvel Studios,2,1,US,1,en,True,True,False
1234821,tt31036941,Jurassic World Rebirth,Jurassic World Rebirth,en,Released,180000000.0,869146189.0,689146189,382.8589938888889,43.9172,False,6.256,3750,5.52,True,482,134,A new era is born.,True,True,Science Fiction,Adventure,3,"Science Fiction, Adventure, Action","island, secret mission, tyrannosaurus rex, spinosaurus, sequel, stranded, dinosaur, family, genetic experiment, mosasaurus",2025-06-23,2025.0,6.0,23.0,2.0,True,False,17,Scarlett Johansson,1.0,Mahershala Ali,Jonathan Bailey,Rupert Friend,"Scarlett Johansson, Mahershala Ali, Jonathan Bailey, Rupert Friend, Manuel Garcia-Rulfo",Gareth Edwards,1,David Koepp,Frank Marshall,92,Universal Pictures,2,1,US,2,en,True,True,True
693134,tt15239678,Dune: Part Two,Dune: Part Two,en,Released,190000000.0,714844358.0,524844358,276.23387263157895,42.9452,False,8.1,8540,7.651991150442478,True,305,167,Long live the fighters.,True,True,Science Fiction,Adventure,2,"Science Fiction, Adventure","based on novel or book, sandstorm, chosen one, sequel, distant future, creature, planet, desert, destiny, giant worm",2024-02-27,2024.0,2.0,27.0,1.0,True,False,98,Timothée Chalamet,2.0,Zendaya,Rebecca Ferguson,Javier Bardem,"Timothée Chalamet, Zendaya, Rebecca Ferguson, Javier Bardem, Josh Brolin",Denis Villeneuve,1,Denis Villeneuve,Mary Parent,152,Legendary Pictures,1,1,US,1,en,True,True,True
1003596,tt21357150,Avengers: Doomsday,Avengers: Doomsday,en,Post Production,,,0,,41.8055,False,0.0,0,0.0,True,154,165,,False,True,Science Fiction,Action,3,"Science Fiction, Action, Adventure","superhero, based on comic, sequel, superhero team, marvel cinematic universe (mcu), team up, multiverse",2026-12-16,2026.0,12.0,16.0,4.0,False,False,35,Robert Downey Jr.,2.0,Chris Evans,Chris Hemsworth,Pedro Pascal,"Robert Downey Jr., Chris Evans, Chris Hemsworth, Pedro Pascal, Paul Rudd",Joe Russo,2,Stephen McFeely,Kevin Feige,26,Marvel Studios,3,1,US,1,en,True,True,True
1379963,tt34434461,Tell Me Softly,Dímelo bajito,es,Released,,,0,,35.9881,False,6.288,203,1.8157382645803697,True,401,119,,False,True,Romance,Drama,2,"Romance, Drama","based on novel or book, love triangle, romantic drama, amused",2025-12-11,2025.0,12.0,11.0,4.0,True,False,10,Alícia Falcó,1.0,Fernando Lindez,Diego Vidales,Jan Buxaderas,"Alícia Falcó, Fernando Lindez, Diego Vidales, Jan Buxaderas, Eve Ryan",Denis Rovira van Boekholt,1,Mercedes Ron,Borja Pena,14,Vaca Films,2,1,ES,1,es,True,True,False
1432706,tt29719182,Bury the Devil,Bury the Devil,en,Released,,,0,,42.4625,False,5.81,21,0.2341842610364683,True,190,84,Nothing stays buried forever.,True,False,Horror,Thriller,2,"Horror, Thriller","dementia, melancholy, one take, independent film, hospice care",2026-03-06,2026.0,3.0,6.0,1.0,True,False,4,Emmanuelle Lussier Martinez,1.0,Bill Rowat,Mark Antony Krupa,Dawn Ford,"Emmanuelle Lussier Martinez, Bill Rowat, Mark Antony Krupa, Dawn Ford",Adam O'Brien,1,Adam O'Brien,Benoit Beaulieu,10,Delirium Pictures,1,2,CA,1,en,True,True,False
931285,tt17490712,Mortal Kombat II,Mortal Kombat II,en,Released,80000000.0,129470110.0,49470110,61.8376375,41.8818,False,7.816,2567,6.541790674926638,True,245,116,Their fight. Our future.,True,True,Action,Fantasy,3,"Action, Fantasy, Adventure","martial arts, magic, ninja fighter, gore, sequel, god, alternate dimension, ninja, fighting, based on video game",2026-05-06,2026.0,5.0,6.0,2.0,True,False,28,Adeline Rudolph,1.0,Karl Urban,Martyn Ford,Tati Gabrielle,"Adeline Rudolph, Karl Urban, Martyn Ford, Tati Gabrielle, Jessica McNamee",Simon McQuoid,1,Jeremy Slater,James Wan,52,New Line Cinema,5,1,US,1,en,True,True,True
270303,tt3235888,It Follows,It Follows,en,Released,2300000.0,23374076.0,21074076,916.2641739130434,36.3457,False,6.582,7136,6.151015191199581,True,84,101,It doesn't think. It doesn't feel. It doesn't give up.,True,False,Horror,Mystery,2,"Horror, Mystery","beach, chase, supernatural, friends, vision, teenage girl, school, detroit, michigan, entity, evil",2015-02-04,2015.0,2.0,4.0,1.0,True,False,30,Maika Monroe,1.0,Keir Gilchrist,Daniel Zovatto,Jake Weary,"Maika Monroe, Keir Gilchrist, Daniel Zovatto, Jake Weary, Olivia Luccardi",David Robert Mitchell,1,David Robert Mitchell,Rebecca Green,46,Two Flints,3,1,US,1,en,True,True,True
1280738,tt33311069,The Furious,火遮眼,zh,Released,20000000.0,39745080.0,19745080,98.7254,41.9709,False,8.188,712,4.8101122112211225,True,344,113,"To save their loved ones, they will fight everyone.",True,True,Action,Crime,3,"Action, Crime, Thriller","martial arts, kung fu, rescue mission, police corruption, child trafficking, child kidnapping, missing wife, child rescue, relentless vengeance, dynamic duo",2026-06-10,2026.0,6.0,10.0,2.0,True,False,69,Xie Miao,2.0,Joe Taslim,Yang Enyou,Yayan Ruhian,"Xie Miao, Joe Taslim, Yang Enyou, Yayan Ruhian, JeeJa Yanin",Kenji Tanigaki,1,Shum Kwan-Sin,Bill Kong,27,Edko Films,3,3,HK,5,en,True,True,False
122,tt0167260,The Lord of the Rings: The Return of the King,The Lord of the Rings: The Return of the King,en,Released,94000000.0,1118888979.0,1024888979,1090.3074244680852,33.6316,False,8.505,27335,8.35222471708281,True,523,201,There can be no triumph without loss. No victory without suffering. No freedom without sacrifice.,True,True,Adventure,Fantasy,3,"Adventure, Fantasy, Action","army, based on novel or book, elves, dwarf, magic, kingdom, obsession, bravery, castle, volcano",2003-12-17,2003.0,12.0,17.0,4.0,True,False,74,Elijah Wood,2.0,Ian McKellen,Viggo Mortensen,Sean Astin,"Elijah Wood, Ian McKellen, Viggo Mortensen, Sean Astin, Andy Serkis",Peter Jackson,1,J. R. R. Tolkien,Peter Jackson,172,New Line Cinema,3,2,NZ,1,en,True,True,True
1487861,tt37042085,Elize: Shadows of a Woman,Elize: Sombras de uma Mulher,pt,Released,,,0,,40.9709,False,7.507,207,2.1979476661951907,True,150,93,The truth behind a perfect marriage.,True,True,Thriller,Crime,3,"Thriller, Crime, Drama","biography, based on true story, real incident, true story",2026-07-22,2026.0,7.0,22.0,3.0,True,False,17,Lorena Comparato,1.0,Henrique Kimura,Denise Weinberg,Gustavo Falcão,"Lorena Comparato, Henrique Kimura, Denise Weinberg, Gustavo Falcão, Julia Shimura",Vellas,1,Raphael Montes,Gustavo Mello,22,Boutique Filmes,1,1,BR,1,pt,True,True,False
414906,tt1877830,The Batman,The Batman,en,Released,185000000.0,772775278.0,587775278,317.7163664864865,38.1627,False,7.668,12494,7.372940741880868,True,162,177,Unmask the truth.,True,True,Crime,Mystery,3,"Crime, Mystery, Thriller","police, psychopath, secret identity, crime fighter, superhero, nightclub, politician, based on comic, vigilante, organized crime",2022-03-01,2022.0,3.0,1.0,1.0,True,False,86,Robert Pattinson,2.0,Zoë Kravitz,Jeffrey Wright,Colin Farrell,"Robert Pattinson, Zoë Kravitz, Jeffrey Wright, Colin Farrell, Paul Dano",Matt Reeves,1,Peter Craig,Dylan Clark,268,6th & Idaho Motion Picture Company,4,1,US,1,en,True,True,True
1709391,tt39390582,Hanuman Ansh,हनुमान अंश,hi,Released,,,0,,38.5734,False,8.6,10,0.16862745098039217,True,196,150,"Jinke kaam mein seva, jinke bhav mein bhakti, aur jinke hriday mein Sita Ram.",True,True,Family,Drama,2,"Family, Drama",,2026-08-07,2026.0,8.0,7.0,3.0,True,False,11,Chandan Anand,2.0,Shobhinaw Satyaa,Purnima Tiwari,Vihaan Shedge,"Chandan Anand, Shobhinaw Satyaa, Purnima Tiwari, Vihaan Shedge, Anil Rastogi",Vishal Chaturvedi,1,Vishal Chaturvedi,Namrata G Singh,27,Independent,0,1,IN,1,hi,True,True,False
1007757,tt29552248,Swapped,Swapped,en,Released,7.0,7.0,0,0.0,41.527,False,8.869,2176,7.2118624813153955,True,299,102,Transform your destiny.,True,True,Adventure,Animation,4,"Adventure, Animation, Family, Fantasy","wolf, buddy, body-swap, forest fire, woodlands, forest lore, bird, 3d animation, enchant, animal adventure",2026-05-01,2026.0,5.0,1.0,2.0,True,False,20,Michael B. Jordan,2.0,Juno Temple,Tracy Morgan,Cedric the Entertainer,"Michael B. Jordan, Juno Temple, Tracy Morgan, Cedric the Entertainer, Justina Machado",Nathan Greno,1,Christian Magalhaes,Dana Goldberg,69,Skydance Animation,2,2,US,1,en,True,True,False
1265609,tt15940132,War Machine,War Machine,en,Released,73000000.0,,-73000000,-100.0,42.3787,False,7.482,2450,6.213864406779662,True,151,110,All grit. No quit.,True,True,Action,Science Fiction,3,"Action, Science Fiction, Thriller","struggle for survival, military training, afghanistan veteran, grim, alien hunters, alien arrival, military sci-fi, u.s. army ranger, special forces training, firefights",2026-02-12,2026.0,2.0,12.0,1.0,True,False,40,Alan Ritchson,2.0,Stephan James,Blake Richardson,Dennis Quaid,"Alan Ritchson, Stephan James, Blake Richardson, Dennis Quaid, Esai Morales",Patrick Hughes,1,Patrick Hughes,Patrick Hughes,72,Lionsgate,4,2,AU,1,en,True,True,True
1558568,tt38616652,Go Team!,"Gracias, equipo",es,Released,,,0,,39.1642,False,6.0,12,0.140625,True,152,93,The same f**king team building every year.,True,True,Comedy,None,1,Comedy,,2026-09-11,2026.0,9.0,11.0,3.0,True,False,17,Alexandra Jiménez,1.0,Maribel Verdú,Pedro Casablanc,Raúl Tejón,"Alexandra Jiménez, Maribel Verdú, Pedro Casablanc, Raúl Tejón, Blanca Martínez",Diego Núñez Irigoyen,1,Adolfo Valor,Unknown,5,Independent,0,1,ES,1,es,True,True,False
912649,tt16366836,Venom: The Last Dance,Venom: The Last Dance,en,Released,120000000.0,478937618.0,358937618,299.1146816666667,35.485,False,6.673,4511,6.007164837357813,True,205,109,'Til death do they part.,True,True,Science Fiction,Action,3,"Science Fiction, Action, Adventure","hero, superhero, anti hero, villain, alien life-form, based on comic, sequel, aftercreditsstinger, duringcreditsstinger, hunted",2024-10-22,2024.0,10.0,22.0,4.0,True,False,27,Tom Hardy,2.0,Chiwetel Ejiofor,Juno Temple,Rhys Ifans,"Tom Hardy, Chiwetel Ejiofor, Juno Temple, Rhys Ifans, Stephen Graham",Kelly Marcel,1,David Michelinie,Avi Arad,97,Columbia Pictures,5,1,US,2,en,True,True,True
1564614,tt39143902,Leviticus,Leviticus,en,Released,3500000.0,8493480.0,4993480,142.67085714285713,43.7713,False,6.761,497,3.3703279839518556,True,110,88,It will never stop.,True,True,Horror,Romance,2,"Horror, Romance","supernatural, priest, teenage boy, lgbt, lgbt teen, shocking, angry, conversion therapy, queer, supernatural horror",2026-06-17,2026.0,6.0,17.0,2.0,True,False,29,Joe Bird,2.0,Stacy Clausen,Mia Wasikowska,Nicholas Hope,"Joe Bird, Stacy Clausen, Mia Wasikowska, Nicholas Hope, Tyallah Bullock",Adrian Chiarella,1,Adrian Chiarella,Samantha Jennings,155,Causeway Films,6,2,AU,1,en,True,True,False
12445,tt1201607,Harry Potter and the Deathly Hallows: Part 2,Harry Potter and the Deathly Hallows: Part 2,en,Released,125000000.0,1341511219.0,1216511219,973.2089752,39.4083,False,8.08,22425,7.903773173391494,True,263,130,It all ends.,True,True,Adventure,Fantasy,2,"Adventure, Fantasy","witch, dying and death, saving the world, based on novel or book, self sacrifice, magic, school of witchcraft, sequel, sorcerer, school",2011-07-12,2011.0,7.0,12.0,3.0,True,False,106,Daniel Radcliffe,2.0,Emma Watson,Rupert Grint,Ralph Fiennes,"Daniel Radcliffe, Emma Watson, Rupert Grint, Ralph Fiennes, Alan Rickman",David Yates,1,J.K. Rowling,David Barron,167,Warner Bros. Pictures,2,2,GB,1,en,True,True,True
1669051,tt40705143,Kesong Puti,Kesong puti,tl,Released,,,0,,38.8982,False,3.8,4,0.030158730158730156,True,220,78,,False,False,Drama,None,1,Drama,"softcore, sexy",2026-04-24,2026.0,4.0,24.0,2.0,True,False,6,Apphle Celso,0.0,Van Allen Ong,Rinoa Halili,Mark Dionisio,"Apphle Celso, Van Allen Ong, Rinoa Halili, Mark Dionisio, Aya Fortes",Rodante Pajemna Jr.,1,Unknown,Unknown,1,Vivamax,1,1,PH,1,tl,True,True,False
550,tt0137523,Fight Club,Fight Club,en,Released,63000000.0,100853753.0,37853753,60.085322222222224,32.7537,False,8.437,32849,8.310504452907132,True,295,139,Mischief. Mayhem. Soap.,True,True,Drama,Thriller,2,"Drama, Thriller","dual identity, rage and hate, based on novel or book, nihilism, fight, support group, dystopia, insomnia, alter ego, breaking the fourth wall",1999-10-15,1999.0,10.0,15.0,4.0,True,False,76,Edward Norton,2.0,Brad Pitt,Helena Bonham Carter,Meat Loaf,"Edward Norton, Brad Pitt, Helena Bonham Carter, Meat Loaf, Jared Leto",David Fincher,1,Chuck Palahniuk,Ross Grayson Bell,188,Fox 2000 Pictures,5,2,DE,1,en,True,True,False
976912,tt13452544,Graphic Desires,Graphic Desires,en,Released,,,0,,32.2785,False,6.9,150,1.5923076923076922,True,138,90,An erotic thriller for the Tinder generation.,True,True,Thriller,Crime,2,"Thriller, Crime","infidelity, cheating, killing, murder, softcore, erotic thriller, murdered, dating app",2023-08-31,2023.0,8.0,31.0,3.0,True,False,24,David Wayman,2.0,Sian Altman,May Kelly,Ocean M Harris,"David Wayman, Sian Altman, May Kelly, Ocean M Harris, Valis Volkova",Andy Edwards,1,Andy Edwards,Andy Edwards,19,Paranoid Android Films,4,1,GB,1,en,True,True,False
68718,tt1853728,Django Unchained,Django Unchained,en,Released,100000000.0,425368238.0,325368238,325.36823799999996,32.4601,False,8.193,28578,8.052120297131852,True,126,165,"Life, liberty, and the pursuit of vengeance.",True,True,Drama,Western,2,"Drama, Western","rescue, friendship, bounty hunter, ku klux klan, texas, slavery, plantation, revenge, racism, slave trade",2012-12-25,2012.0,12.0,25.0,4.0,True,False,136,Jamie Foxx,2.0,Christoph Waltz,Leonardo DiCaprio,Kerry Washington,"Jamie Foxx, Christoph Waltz, Leonardo DiCaprio, Kerry Washington, Samuel L. Jackson",Quentin Tarantino,1,Quentin Tarantino,Reginald Hudlin,122,The Weinstein Company,2,1,US,3,en,True,True,False
672,tt0295297,Harry Potter and the Chamber of Secrets,Harry Potter and the Chamber of Secrets,en,Released,100000000.0,876688482.0,776688482,776.6884819999999,31.9381,False,7.707,24053,7.5500538019793915,True,328,161,Something evil has returned to Hogwarts!,True,True,Adventure,Fantasy,2,"Adventure, Fantasy","witch, flying car, based on novel or book, elves, magic, sword, diary, child hero, school of witchcraft, giant spider",2002-11-13,2002.0,11.0,13.0,4.0,True,False,77,Daniel Radcliffe,2.0,Rupert Grint,Emma Watson,Kenneth Branagh,"Daniel Radcliffe, Rupert Grint, Emma Watson, Kenneth Branagh, Toby Jones",Chris Columbus,1,Steve Kloves,David Heyman,198,Warner Bros. Pictures,4,3,GB,1,en,True,True,True
390062,tt3758172,Jungle,Jungle,en,Released,,1906640.0,1906640,,37.7419,False,6.72,2266,5.50524945770065,True,321,115,Nature has only one law - Survival.,True,True,Adventure,Thriller,2,"Adventure, Thriller","based on novel or book, river, hiking, hallucination, bolivia, forest, amazon rainforest, based on true story, alone, survival",2017-06-27,2017.0,6.0,27.0,2.0,True,False,29,Daniel Radcliffe,2.0,Alex Russell,Thomas Kretschmann,Joel Jackson,"Daniel Radcliffe, Alex Russell, Thomas Kretschmann, Joel Jackson, Yasmin Kassim",Greg McLean,1,Justin Monjo,Mike Gabrawy,72,Screen Queensland,4,3,AU,4,en,True,True,False
680,tt0110912,Pulp Fiction,Pulp Fiction,en,Released,8000000.0,213928762.0,205928762,2574.109525,37.8125,False,8.48,30851,8.344757105036523,True,239,154,You won’t know the facts until you’ve seen the fiction.,True,True,Thriller,Crime,3,"Thriller, Crime, Comedy","drug dealer, drug crime, gangster, dark comedy, stolen money, crime boss, redemption, los angeles, california, theft, couple",1994-09-10,1994.0,9.0,10.0,3.0,True,False,52,John Travolta,2.0,Samuel L. Jackson,Uma Thurman,Bruce Willis,"John Travolta, Samuel L. Jackson, Uma Thurman, Bruce Willis, Ving Rhames",Quentin Tarantino,1,Quentin Tarantino,Lawrence Bender,129,Miramax,3,1,US,3,en,True,True,False
1514026,tt37281055,Buddy,Buddy,en,Released,3000000.0,21291635.0,18291635,609.7211666666667,35.9953,False,8.0,55,0.7927927927927928,True,126,95,It's Buddy!,True,True,Horror,Comedy,2,"Horror, Comedy","supernatural, dark comedy, slasher, madness, unicorn, tv host, shocking, suburban, supernatural horror, independent film",2026-08-27,2026.0,8.0,27.0,3.0,True,False,29,Cristin Milioti,1.0,Delaney Quinn,Topher Grace,Keegan-Michael Key,"Cristin Milioti, Delaney Quinn, Topher Grace, Keegan-Michael Key, Michael Shannon",Casper Kelly,1,Casper Kelly,Tyler Davidson,39,BoulderLight Pictures,4,2,US,2,en,True,True,False
129,tt0245429,Spirited Away,千と千尋の神隠し,ja,Released,19000000.0,274925095.0,255925095,1346.9741842105263,39.9507,False,8.5,18887,8.280780935678548,True,201,125,Beyond the tunnel was a mysterious town.,True,True,Animation,Family,3,"Animation, Family, Fantasy","witch, parent child relationship, darkness, bath house, magic, spirit, parallel world, amusement park, youkai, japanese mythology",2001-07-20,2001.0,7.0,20.0,3.0,True,False,48,Rumi Hiiragi,1.0,Miyu Irino,Mari Natsuki,Takashi Naito,"Rumi Hiiragi, Miyu Irino, Mari Natsuki, Takashi Naito, Yasuko Sawaguchi",Hayao Miyazaki,1,Goro Miyazaki,Toshio Suzuki,93,Studio Ghibli,7,1,JP,1,ja,True,True,False
447365,tt6791350,Guardians of the Galaxy Vol. 3,Guardians of the Galaxy Vol. 3,en,Released,250000000.0,845550000.0,595550000,238.22,38.0159,False,7.932,8798,7.5054566573456665,True,263,150,Once more with feeling.,True,True,Science Fiction,Adventure,3,"Science Fiction, Adventure, Action","hero, superhero, mad scientist, based on comic, sequel, superhero team, space opera, raccoon, aftercreditsstinger, duringcreditsstinger",2023-05-03,2023.0,5.0,3.0,2.0,True,False,89,Chris Pratt,2.0,Zoe Saldaña,Dave Bautista,Karen Gillan,"Chris Pratt, Zoe Saldaña, Dave Bautista, Karen Gillan, Pom Klementieff",James Gunn,1,James Gunn,Kevin Feige,302,Marvel Studios,2,1,US,1,en,True,True,True
1631807,tt37275992,The Secret Woman,Den hemmelige kvinde,da,Released,,,0,,38.0166,False,6.242,95,0.9966218487394958,True,151,119,,False,True,Drama,Thriller,3,"Drama, Thriller, Mystery","based on novel or book, psychological, excited",2026-08-28,2026.0,8.0,28.0,3.0,True,False,19,Natalie Madueño,1.0,Claes Bang,Pål Sverre Hagen,Stina Ekblad,"Natalie Madueño, Claes Bang, Pål Sverre Hagen, Stina Ekblad, Ingrid Bolsø Berdal",Barbara Topsøe-Rothenborg,1,Anders Frithiof August,Marcella Lindstad Dichmann,21,SF Studios,1,1,DK,1,da,True,True,False
120,tt0120737,The Lord of the Rings: The Fellowship of the Ring,The Lord of the Rings: The Fellowship of the Ring,en,Released,93000000.0,871368364.0,778368364,836.9552301075269,31.539,False,8.445,28333,8.298553220268442,True,351,179,One ring to rule them all.,True,True,Adventure,Fantasy,3,"Adventure, Fantasy, Action","based on novel or book, elves, dwarf, magic, obsession, allegory, bravery, castle, troll, battle",2001-12-18,2001.0,12.0,18.0,4.0,True,False,117,Elijah Wood,2.0,Ian McKellen,Viggo Mortensen,Sean Astin,"Elijah Wood, Ian McKellen, Viggo Mortensen, Sean Astin, Ian Holm",Peter Jackson,1,Peter Jackson,Peter Jackson,183,New Line Cinema,3,2,NZ,1,en,True,True,True
1368166,tt27543632,The Housemaid,The Housemaid,en,Released,35000000.0,399644671.0,364644671,1041.841917142857,39.8292,False,7.258,3048,6.235170236753101,True,260,131,Discover what lies behind closed doors.,True,True,Mystery,Thriller,2,"Mystery, Thriller","based on novel or book, manipulation, psychological thriller, housekeeper, dominance, attic, housemaid, enigmatic, adaptation, secret",2025-12-18,2025.0,12.0,18.0,4.0,True,False,32,Sydney Sweeney,1.0,Amanda Seyfried,Brandon Sklenar,Michele Morrone,"Sydney Sweeney, Amanda Seyfried, Brandon Sklenar, Michele Morrone, Indiana Elle",Paul Feig,1,Rebecca Sonnenshine,Paul Feig,48,Lionsgate,4,1,US,1,en,True,True,True
1471168,tt43706402,Barreda,Barreda,es,Released,,,0,,36.7141,False,7.246,65,0.8336106194690266,True,331,105,El Asesino Que Dividió A Un País,True,False,Drama,Crime,3,"Drama, Crime, History","argentina, true crime, medical scandal, crime drama, ricardo barreda",2026-08-28,2026.0,8.0,28.0,3.0,True,False,12,Luis Machín,2.0,Carla Peterson,Mercedes Morán,Maite Lanata,"Luis Machín, Carla Peterson, Mercedes Morán, Maite Lanata, Margarita Páez",Daniela Goggi,1,Juan Cavoti Caterbona,Armando Bo,31,About Entertainment,3,1,AR,1,es,True,True,False
673,tt0304141,Harry Potter and the Prisoner of Azkaban,Harry Potter and the Prisoner of Azkaban,en,Released,130000000.0,789804554.0,659804554,507.5419646153846,38.5587,False,8.011,23620,7.844934494195687,True,135,141,Something wicked this way comes.,True,True,Adventure,Fantasy,2,"Adventure, Fantasy","witch, school friend, friendship, based on novel or book, flying, magic, bus, traitor, child hero, school of witchcraft",2004-05-31,2004.0,5.0,31.0,2.0,True,False,59,Daniel Radcliffe,2.0,Rupert Grint,Emma Watson,Robbie Coltrane,"Daniel Radcliffe, Rupert Grint, Emma Watson, Robbie Coltrane, Michael Gambon",Alfonso Cuarón,1,J.K. Rowling,Mark Radcliffe,246,Warner Bros. Pictures,4,2,GB,1,en,True,True,True
585,tt0198781,"Monsters, Inc.","Monsters, Inc.",en,Released,115000000.0,579700000.0,464700000,404.08695652173907,32.3242,False,7.857,20233,7.667519461727681,True,321,92,It's nothing personal. It's just their job.,True,True,Animation,Comedy,4,"Animation, Comedy, Family, Fantasy","monster, panic, cheating, kidnapping, door, infant, villain, portal, rivalry, energy supply",2001-11-01,2001.0,11.0,1.0,4.0,True,False,53,John Goodman,2.0,Billy Crystal,Mary Gibbs,Steve Buscemi,"John Goodman, Billy Crystal, Mary Gibbs, Steve Buscemi, James Coburn",Pete Docter,1,Jill Culton,Darla K. Anderson,431,Pixar,1,1,US,1,en,True,True,True
58,tt0383574,Pirates of the Caribbean: Dead Man's Chest,Pirates of the Caribbean: Dead Man's Chest,en,Released,200000000.0,1066179747.0,866179747,433.0898735,39.4453,False,7.4,17566,7.19519539466401,True,419,151,Captain Jack is back!,True,True,Adventure,Fantasy,3,"Adventure, Fantasy, Action","witch, daughter, ship, exotic island, monster, fortune teller, compass, sequel, sword fight, pirate",2006-07-06,2006.0,7.0,6.0,3.0,True,False,72,Johnny Depp,2.0,Orlando Bloom,Keira Knightley,Jack Davenport,"Johnny Depp, Orlando Bloom, Keira Knightley, Jack Davenport, Bill Nighy",Gore Verbinski,1,Ted Elliott,Jerry Bruckheimer,306,Walt Disney Pictures,3,1,US,4,en,True,True,True
10138,tt1228705,Iron Man 2,Iron Man 2,en,Released,200000000.0,623933331.0,423933331,211.9666655,35.9662,False,6.855,22898,6.708513120779554,True,372,124,"It's not the armor that makes the hero, but the man inside.",True,True,Adventure,Action,3,"Adventure, Action, Science Fiction","technology, superhero, malibu, based on comic, sequel, revenge, aftercreditsstinger, marvel cinematic universe (mcu), break out",2010-04-28,2010.0,4.0,28.0,2.0,True,False,86,Robert Downey Jr.,2.0,Gwyneth Paltrow,Don Cheadle,Scarlett Johansson,"Robert Downey Jr., Gwyneth Paltrow, Don Cheadle, Scarlett Johansson, Sam Rockwell",Jon Favreau,1,Justin Theroux,Kevin Feige,158,Marvel Studios,3,1,US,3,en,True,True,True
1489187,tt33086385,You Drive Me Crazy,Сводишь с ума,ru,Released,,,0,,38.0011,False,7.5,19,0.2745664739884393,True,401,99,,False,False,Comedy,Romance,3,"Comedy, Romance, Fantasy",,2025-10-09,2025.0,10.0,9.0,4.0,True,False,23,Mila Ershova,1.0,Yuri Nasonov,Anton Vasilyev,Anton Artemyev,"Mila Ershova, Yuri Nasonov, Anton Vasilyev, Anton Artemyev, Nadezhda Ivanova",Darya Lebedeva,1,Darya Lebedeva,Georgy Shabanov,57,Forza Film,3,1,RU,1,ru,True,True,False
496243,tt6751668,Parasite,기생충,ko,Released,11363000.0,257591776.0,246228776,2166.9345771363196,38.6772,False,8.49,21294,8.295221620629532,True,164,133,Act like you own the place.,True,True,Comedy,Thriller,3,"Comedy, Thriller, Drama","dark comedy, con artist, social commentary, working class, infiltration, psychological thriller, class differences, family, unemployed, domestic worker",2019-05-30,2019.0,5.0,30.0,2.0,True,False,54,Song Kang-ho,2.0,Lee Sun-kyun,Cho Yeo-jeong,Choi Woo-shik,"Song Kang-ho, Lee Sun-kyun, Cho Yeo-jeong, Choi Woo-shik, Park So-dam",Bong Joon Ho,1,Kim Dae-hwan,Jang Young-hwan,170,Barunson E&A,1,1,KR,3,en,True,True,False
862,tt0114709,Toy Story,Toy Story,en,Released,30000000.0,962301978.0,932301978,3107.67326,35.7794,False,7.988,20508,7.797881949733435,True,303,81,Hang on for the comedy that goes to infinity and beyond!,True,True,Family,Comedy,4,"Family, Comedy, Animation, Adventure","rescue, friendship, mission, jealousy, villain, bullying, elementary school, rivalry, anthropomorphism, friends",1995-11-22,1995.0,11.0,22.0,4.0,True,False,37,Tom Hanks,2.0,Tim Allen,Don Rickles,Jim Varney,"Tom Hanks, Tim Allen, Don Rickles, Jim Varney, Wallace Shawn",John Lasseter,1,Joss Whedon,Bonnie Arnold,208,Pixar,1,1,US,1,en,True,True,True
14836,tt0327597,Coraline,Coraline,en,Released,60000000.0,185860104.0,125860104,209.76684,37.7138,False,7.938,9418,7.537818511796734,True,226,100,Be careful what you wish for.,True,True,Animation,Family,3,"Animation, Family, Fantasy","friendship, dreams, based on novel or book, eye, stuffed animal, stop motion, parallel world, button, new home, secret door",2009-02-05,2009.0,2.0,5.0,1.0,True,False,20,Dakota Fanning,1.0,Teri Hatcher,Jennifer Saunders,Dawn French,"Dakota Fanning, Teri Hatcher, Jennifer Saunders, Dawn French, Keith David",Henry Selick,1,Henry Selick,Mary Sandell,260,LAIKA,2,1,US,1,en,True,True,False
617126,tt10676052,The Fantastic 4: First Steps,The Fantastic 4: First Steps,en,Released,200000000.0,521858728.0,321858728,160.929364,34.1606,False,6.948,3854,6.150112999540652,True,283,115,Welcome to the family.,True,True,Science Fiction,Adventure,3,"Science Fiction, Adventure, Action","strong woman, saving the world, superhero, based on comic, end of the world, super power, superhero team, alternative reality, aftercreditsstinger, duringcreditsstinger",2025-07-23,2025.0,7.0,23.0,3.0,True,False,71,Pedro Pascal,2.0,Vanessa Kirby,Ebon Moss-Bachrach,Joseph Quinn,"Pedro Pascal, Vanessa Kirby, Ebon Moss-Bachrach, Joseph Quinn, Ralph Ineson",Matt Shakman,1,Jack Kirby,Kevin Feige,666,Marvel Studios,2,1,US,3,fr,True,True,False
271110,tt3498820,Captain America: Civil War,Captain America: Civil War,en,Released,250000000.0,1155046416.0,905046416,362.0185664,33.4615,False,7.454,24558,7.305265065049086,True,295,147,United we stand. Divided we fall.,True,True,Adventure,Action,3,"Adventure, Action, Science Fiction","superhero, based on comic, sequel, super soldier, aftercreditsstinger, duringcreditsstinger, marvel cinematic universe (mcu), superhero teamup, versus fighting, versus",2016-04-27,2016.0,4.0,27.0,2.0,True,False,104,Chris Evans,2.0,Robert Downey Jr.,Scarlett Johansson,Sebastian Stan,"Chris Evans, Robert Downey Jr., Scarlett Johansson, Sebastian Stan, Anthony Mackie",Joe Russo,2,Stephen McFeely,Kevin Feige,292,Marvel Studios,1,1,US,4,ro,True,True,True
1297842,tt27613895,GOAT,GOAT,en,Released,90000000.0,193566330.0,103566330,115.07369999999999,36.5984,False,8.063,1076,5.5049416243654825,True,196,100,You're never too small to dream big.,True,True,Animation,Comedy,3,"Animation, Comedy, Family","underdog, friendship, sports, allies, ambition, bullying, challenge, basketball, rivalry, coming of age",2026-02-11,2026.0,2.0,11.0,1.0,True,False,67,Caleb McLaughlin,2.0,Gabrielle Union,Stephen Curry,Aaron Pierre,"Caleb McLaughlin, Gabrielle Union, Stephen Curry, Aaron Pierre, Nicola Coughlan",Tyree Dillihay,1,Airin Budiman,Erick Peyton,234,Sony Pictures Animation,6,1,US,1,en,True,True,False
674,tt0330373,Harry Potter and the Goblet of Fire,Harry Potter and the Goblet of Fire,en,Released,150000000.0,895921036.0,745921036,497.28069066666666,37.3428,False,7.802,22616,7.633242429486069,True,243,157,Dark and difficult times lie ahead.,True,True,Adventure,Fantasy,2,"Adventure, Fantasy","witch, based on novel or book, magic, maze, school of witchcraft, black magic, sequel, tournament, dragon, wizard",2005-11-16,2005.0,11.0,16.0,4.0,True,False,77,Daniel Radcliffe,2.0,Rupert Grint,Emma Watson,Brendan Gleeson,"Daniel Radcliffe, Rupert Grint, Emma Watson, Brendan Gleeson, Michael Gambon",Mike Newell,1,Steve Kloves,David Heyman,225,Warner Bros. Pictures,3,2,GB,2,en,True,True,True
1304313,tt32612507,Lee Cronin's The Mummy,Lee Cronin's The Mummy,en,Released,22000000.0,90552113.0,68552113,311.60051363636364,39.3349,False,7.878,2645,6.625535771065183,True,221,133,What happened to Katie?,True,True,Horror,Mystery,2,"Horror, Mystery","journalist, egypt, monster, ritual, kidnapping, pyramid, investigation, supernatural, mummy, possession",2026-04-15,2026.0,4.0,15.0,2.0,True,False,32,Jack Reynor,2.0,Laia Costa,May Calamawy,Natalie Grace,"Jack Reynor, Laia Costa, May Calamawy, Natalie Grace, Shylo Molina",Lee Cronin,1,Lee Cronin,James Wan,54,Atomic Monster,6,2,US,3,ar,True,True,False
99861,tt2395427,Avengers: Age of Ultron,Avengers: Age of Ultron,en,Released,235000000.0,1405403694.0,1170403694,498.04412510638304,35.9741,False,7.278,25007,7.135333281060101,True,394,141,A new age has come.,True,True,Action,Adventure,3,"Action, Adventure, Science Fiction","artificial intelligence (a.i.), saving the world, superhero, based on comic, sequel, vision, robot, superhero team, creator, super villain",2015-04-22,2015.0,4.0,22.0,2.0,True,False,75,Robert Downey Jr.,2.0,Chris Hemsworth,Mark Ruffalo,Chris Evans,"Robert Downey Jr., Chris Hemsworth, Mark Ruffalo, Chris Evans, Scarlett Johansson",Joss Whedon,1,Joss Whedon,Kevin Feige,660,Marvel Studios,1,1,US,1,en,True,True,True
361743,tt1745960,Top Gun: Maverick,Top Gun: Maverick,en,Released,170000000.0,1488732821.0,1318732821,775.7251888235294,34.0817,False,8.157,11530,7.817972568578554,True,291,131,Feel the need... The need for speed.,True,True,Action,Drama,2,"Action, Drama","fighter pilot, u.s. navy, sequel, nuclear weapons, military, aircraft carrier, naval aviation, war",2022-05-21,2022.0,5.0,21.0,2.0,True,False,46,Tom Cruise,2.0,Miles Teller,Jennifer Connelly,Bashir Salahuddin,"Tom Cruise, Miles Teller, Jennifer Connelly, Bashir Salahuddin, Jon Hamm",Joseph Kosinski,1,Eric Warren Singer,Christopher McQuarrie,454,Skydance Media,3,1,US,1,en,True,True,True
1356071,tt30458710,Eastern Western,Eastern Western,en,Released,,,0,,30.3889,False,7.5,2,0.029880478087649404,True,470,108,,False,False,Drama,Western,2,"Drama, Western","immigrant, native american, bulgaria, orphan, cowboy, pioneers, american west, horsemanship, eastern european, bosnia",2025-12-05,2025.0,12.0,5.0,4.0,True,False,5,Duncan Vezain,0.0,Igor Galijasevic,Walter Runningcrane Jr.,Shawn Perkins,"Duncan Vezain, Igor Galijasevic, Walter Runningcrane Jr., Shawn Perkins, Zdravko Strkalj",Biliana Grozdanova,2,Biliana Grozdanova,Biliana Grozdanova,15,El Jinete Films,1,3,BA,3,en,True,True,False
12444,tt0926084,Harry Potter and the Deathly Hallows: Part 1,Harry Potter and the Deathly Hallows: Part 1,en,Released,250000000.0,954305868.0,704305868,281.7223472,35.0946,False,7.733,20783,7.551329182915942,True,298,146,Nowhere is safe.,True,True,Adventure,Fantasy,2,"Adventure, Fantasy","witch, friendship, london, england, corruption, based on novel or book, escape, teleportation, isolation, magic, bravery",2010-11-17,2010.0,11.0,17.0,4.0,True,False,106,Daniel Radcliffe,2.0,Emma Watson,Rupert Grint,Toby Jones,"Daniel Radcliffe, Emma Watson, Rupert Grint, Toby Jones, Helena Bonham Carter",David Yates,1,Steve Kloves,David Heyman,157,Warner Bros. Pictures,2,2,GB,1,en,True,True,True
497,tt0120689,The Green Mile,The Green Mile,en,Released,60000000.0,286801374.0,226801374,378.00229,35.1433,False,8.506,19796,8.296451320457233,True,303,189,Paul Edgecomb didn't believe in miracles. Until the day he met one.,True,True,Fantasy,Drama,3,"Fantasy, Drama, Crime","mentally disabled, death penalty, based on novel or book, southern usa, psychopath, death row, jail guard, supernatural, great depression, prison guard",1999-12-10,1999.0,12.0,10.0,4.0,True,False,44,Tom Hanks,2.0,David Morse,Bonnie Hunt,Michael Clarke Duncan,"Tom Hanks, David Morse, Bonnie Hunt, Michael Clarke Duncan, James Cromwell",Frank Darabont,1,Stephen King,Frank Darabont,64,Castle Rock Entertainment,2,1,US,2,fr,True,True,False
354912,tt2380307,Coco,Coco,en,Released,175000000.0,814641172.0,639641172,365.50924114285715,35.2449,False,8.197,21389,8.009759833706427,True,446,105,The celebration of a lifetime.,True,True,Family,Animation,4,"Family, Animation, Music, Adventure","skeleton, mexico, guitar, afterlife, musician, holiday, villain, singer, murderer, life after death",2017-10-27,2017.0,10.0,27.0,4.0,True,False,83,Anthony Gonzalez,2.0,Gael García Bernal,Benjamin Bratt,Alanna Ubach,"Anthony Gonzalez, Gael García Bernal, Benjamin Bratt, Alanna Ubach, Renée Victor",Lee Unkrich,1,Enrico Casarosa,Darla K. Anderson,184,Pixar,1,1,US,2,en,True,True,True
1171145,tt32430579,Crime 101,Crime 101,en,Released,90000000.0,72900246.0,-17099754,-18.999726666666668,35.0997,False,7.01,1348,5.1133549783549785,True,370,141,Always have an exit.,True,True,Crime,Thriller,2,"Crime, Thriller","robbery, based on novel or book, jewelry, heist, police chase, los angeles, california, police detective, diamond heist, insurance, lapd",2026-02-11,2026.0,2.0,11.0,1.0,True,False,56,Chris Hemsworth,2.0,Mark Ruffalo,Halle Berry,Barry Keoghan,"Chris Hemsworth, Mark Ruffalo, Halle Berry, Barry Keoghan, Monica Barbaro",Bart Layton,1,Don Winslow,Chris Hemsworth,91,Working Title Films,5,2,GB,1,en,True,True,False
13,tt0109830,Forrest Gump,Forrest Gump,en,Released,55000000.0,677387716.0,622387716,1131.614029090909,33.6632,False,8.462,30444,8.325269131334023,True,238,142,The world will never be the same once you've seen it through the eyes of Forrest Gump.,True,True,Comedy,Drama,3,"Comedy, Drama, Romance","new year's eve, vietnam war, vietnam veteran, mentally disabled, friendship, usa president, washington dc, usa, post-traumatic stress disorder (ptsd), waitress, based on novel or book",1994-06-23,1994.0,6.0,23.0,2.0,True,False,145,Tom Hanks,2.0,Robin Wright,Gary Sinise,Sally Field,"Tom Hanks, Robin Wright, Gary Sinise, Sally Field, Mykelti Williamson",Robert Zemeckis,1,Eric Roth,Steve Tisch,177,Paramount Pictures,3,1,US,1,en,True,True,False
8587,tt0110357,The Lion King,The Lion King,en,Released,45000000.0,763455561.0,718455561,1596.5679133333333,34.8553,False,8.251,20127,8.05099515198526,True,316,89,The greatest adventure of all is finding our place in the Circle of Life.,True,True,Animation,Family,3,"Animation, Family, Drama","father murder, loss of loved one, africa, lion, cartoon, manipulation, villain, redemption, musical, uncle",1994-06-15,1994.0,6.0,15.0,2.0,True,False,27,Matthew Broderick,2.0,Moira Kelly,Jeremy Irons,Nathan Lane,"Matthew Broderick, Moira Kelly, Jeremy Irons, Nathan Lane, Ernie Sabella",Roger Allers,2,Linda Woolverton,Don Hahn,215,Walt Disney Pictures,2,1,US,1,en,True,True,True
1325734,tt33071426,The Drama,The Drama,en,Released,28000000.0,132588401.0,104588401,373.5300035714286,33.3493,False,6.906,1769,5.384184222124284,True,107,105,Witness the wedding of the year.,True,True,Romance,Comedy,3,"Romance, Comedy, Drama","infidelity, boston, massachusetts, dark comedy, romcom, engaged couple, trust issues, provocative, amused, audacious, complicated",2026-04-01,2026.0,4.0,1.0,2.0,True,False,27,Zendaya,1.0,Robert Pattinson,Alana Haim,Mamoudou Athie,"Zendaya, Robert Pattinson, Alana Haim, Mamoudou Athie, Hailey Benton Gates",Kristoffer Borgli,1,Kristoffer Borgli,Ari Aster,129,A24,3,1,US,1,en,True,True,False
511987,tt8364368,Crawl,Crawl,en,Released,13500000.0,91542097.0,78042097,578.0896074074075,29.2333,False,6.334,3461,5.534454430699318,True,287,87,If the storm doesn't get you... they will.,True,True,Horror,Thriller,2,"Horror, Thriller","florida, hurricane, animal attack, alligator, creature, flood, animal horror, crawlspace, father daughter relationship",2019-07-10,2019.0,7.0,10.0,3.0,True,False,14,Kaya Scodelario,1.0,Barry Pepper,Morfydd Clark,Ross Anderson,"Kaya Scodelario, Barry Pepper, Morfydd Clark, Ross Anderson, Jose Palma",Alexandre Aja,1,Shawn Rasmussen,Sam Raimi,239,Raimi Productions,4,2,RS,1,en,True,True,True
280,tt0103064,Terminator 2: Judgment Day,Terminator 2: Judgment Day,en,Released,102000000.0,517814175.0,415814175,407.66095588235294,31.6289,False,8.167,14823,7.900505188279057,True,241,137,It's nothing personal.,True,True,Action,Thriller,3,"Action, Thriller, Science Fiction","man vs machine, artificial intelligence (a.i.), cyborg, shotgun, dystopia, moral ambiguity, post-apocalyptic future, villain, time travel, sequel",1991-07-03,1991.0,7.0,3.0,3.0,True,False,69,Arnold Schwarzenegger,2.0,Linda Hamilton,Edward Furlong,Robert Patrick,"Arnold Schwarzenegger, Linda Hamilton, Edward Furlong, Robert Patrick, Earl Boen",James Cameron,1,James Cameron,James Cameron,547,Carolco Pictures,4,2,FR,2,en,True,True,True
1061474,tt5950044,Superman,Superman,en,Released,225000000.0,618723803.0,393723803,174.9883568888889,33.7787,False,7.325,5432,6.707585974376265,True,136,130,Look up.,True,True,Science Fiction,Adventure,3,"Science Fiction, Adventure, Action","dual identity, superhero, based on comic, dog, super power, reboot, kaiju, modern day adaptation, aftercreditsstinger, duringcreditsstinger",2025-07-09,2025.0,7.0,9.0,3.0,True,False,95,David Corenswet,2.0,Rachel Brosnahan,Nicholas Hoult,Edi Gathegi,"David Corenswet, Rachel Brosnahan, Nicholas Hoult, Edi Gathegi, Nathan Fillion",James Gunn,1,James Gunn,James Gunn,292,Troll Court Entertainment,4,1,US,3,en,True,True,True
1612018,tt39316472,Jackass: Best and Last,Jackass: Best and Last,en,Released,10000000.0,27795255.0,17795255,177.95255,36.5046,False,7.498,239,2.4249282814614346,True,98,92,One. Last. Ride.,True,True,Action,Comedy,3,"Action, Comedy, Documentary","stunt, sequel, prank, hilarious, jackass",2026-06-25,2026.0,6.0,25.0,2.0,True,False,37,Johnny Knoxville,2.0,Steve-O,Chris Pontius,Jason 'Wee Man' Acuña,"Johnny Knoxville, Steve-O, Chris Pontius, Jason 'Wee Man' Acuña, Dave England",Jeff Tremaine,1,Jason 'Wee Man' Acuña,Johnny Knoxville,34,Paramount Pictures,4,1,US,1,en,True,True,True
840464,tt14850054,Greenland 2: Migration,Greenland 2: Migration,en,Released,90000000.0,44856736.0,-45143264,-50.15918222222222,38.0816,False,6.394,1536,4.8237642436149315,True,218,98,Hope is uncharted territory.,True,True,Adventure,Thriller,3,"Adventure, Thriller, Science Fiction","natural disaster, sequel, shelter, protective father, traumatized child, audacious, human resilience, emotional trauma, post‑apocalyptic journey, family survival",2026-01-07,2026.0,1.0,7.0,1.0,True,False,48,Gerard Butler,2.0,Morena Baccarin,Roman Griffin Davis,Tommie Earl Jenkins,"Gerard Butler, Morena Baccarin, Roman Griffin Davis, Tommie Earl Jenkins, Trond Fausa Aurvåg",Ric Roman Waugh,1,Chris Sparling,Basil Iwanyk,44,STXfilms,6,2,GB,2,en,True,True,True
559,tt0413300,Spider-Man 3,Spider-Man 3,en,Released,258000000.0,894983373.0,636983373,246.89278023255815,32.4718,False,6.482,15756,6.2826274606299215,True,286,139,The greatest battle lies within.,True,True,Action,Adventure,3,"Action, Adventure, Science Fiction","amnesia, dual identity, love of one's life, loss of loved one, forgiveness, hostility, superhero, sandstorm, spider, wretch",2007-05-01,2007.0,5.0,1.0,2.0,True,False,120,Tobey Maguire,2.0,Kirsten Dunst,James Franco,Thomas Haden Church,"Tobey Maguire, Kirsten Dunst, James Franco, Thomas Haden Church, Topher Grace",Sam Raimi,1,Alvin Sargent,Avi Arad,111,Laura Ziskin Productions,3,1,US,2,en,True,True,True
1930,tt0948470,The Amazing Spider-Man,The Amazing Spider-Man,en,Released,215000000.0,758725893.0,543725893,252.89576418604648,33.7745,False,6.8,19084,6.626388888888889,True,113,136,The untold story begins.,True,True,Action,Adventure,3,"Action, Adventure, Science Fiction","new york city, experiment, loss of loved one, superhero, based on comic, vigilante, teenage girl, teenage boy, super power, spider bite",2012-06-23,2012.0,6.0,23.0,2.0,True,False,53,Andrew Garfield,2.0,Emma Stone,Rhys Ifans,Denis Leary,"Andrew Garfield, Emma Stone, Rhys Ifans, Denis Leary, Martin Sheen",Marc Webb,1,James Vanderbilt,Avi Arad,332,Marvel Entertainment,5,1,US,1,en,True,True,True
335984,tt1856101,Blade Runner 2049,Blade Runner 2049,en,Released,150000000.0,259239658.0,109239658,72.82643866666668,31.3947,False,7.605,15653,7.369594812109206,True,301,164,The key to the future is finally unearthed.,True,True,Science Fiction,Drama,2,"Science Fiction, Drama","future, android, bounty hunter, artificial intelligence (a.i.), dystopia, sequel, cyberpunk, transhumanism, los angeles, california, las vegas",2017-10-04,2017.0,10.0,4.0,4.0,True,False,39,Ryan Gosling,2.0,Harrison Ford,Ana de Armas,Dave Bautista,"Ryan Gosling, Harrison Ford, Ana de Armas, Dave Bautista, Robin Wright",Denis Villeneuve,1,Hampton Fancher,Broderick Johnson,830,Alcon Entertainment,6,3,CA,7,en,True,True,True
808,tt0126029,Shrek,Shrek,en,Released,60000000.0,489676241.0,429676241,716.1270683333333,32.7263,False,7.779,19292,7.582481204527081,True,253,90,The greatest fairy tale never told.,True,True,Animation,Comedy,5,"Animation, Comedy, Fantasy, Adventure, Family","princess, based on novel or book, magic, fairy tale, donkey, liberation, lordship, prince, castle, villain",2001-05-18,2001.0,5.0,18.0,2.0,True,False,25,Mike Myers,2.0,Eddie Murphy,Cameron Diaz,John Lithgow,"Mike Myers, Eddie Murphy, Cameron Diaz, John Lithgow, Vincent Cassel",Andrew Adamson,2,Ted Elliott,Aron Warner,293,Pacific Data Images,3,1,US,1,en,True,True,True
138843,tt1457767,The Conjuring,The Conjuring,en,Released,13000000.0,321293998.0,308293998,2371.4922923076924,36.486,False,7.5,13049,7.223226806406377,True,236,112,Based on the true case files of the Warrens.,True,True,Horror,Thriller,2,"Horror, Thriller","sibling relationship, 1970s, cellar, exorcism, haunted house, possession, rhode island, based on true story, paranormal investigation, crucifix",2013-07-18,2013.0,7.0,18.0,3.0,True,False,31,Vera Farmiga,1.0,Patrick Wilson,Lili Taylor,Ron Livingston,"Vera Farmiga, Patrick Wilson, Lili Taylor, Ron Livingston, Hayley McFarland",James Wan,1,Carey Hayes,Tony DeRosa-Grund,153,Evergreen Media Group,3,1,US,1,en,True,True,True
985939,tt15325794,Fall,Fall,en,Released,3000000.0,17363261.0,14363261,478.7753666666666,32.6386,False,7.139,4861,6.473172728968477,True,396,107,Fear reaches new heights.,True,True,Thriller,None,1,Thriller,"stranded, struggle for survival, desert, tower, free climbing, sport climbing, adrenaline junkie, dehydration, middle of nowhere, anxious",2022-08-11,2022.0,8.0,11.0,3.0,True,False,12,Grace Caroline Currey,1.0,Virginia Gardner,Mason Gooding,Jeffrey Dean Morgan,"Grace Caroline Currey, Virginia Gardner, Mason Gooding, Jeffrey Dean Morgan, Jasper Cole",Scott Mann,1,Scott Mann,Scott Mann,50,Tea Shop Productions,3,2,US,1,en,True,True,True
87513,tt2012616,Motor City,Motor City,en,Released,30000000.0,,-30000000,-100.0,33.4934,False,6.3,106,1.1019801980198018,True,196,104,Love will drive you mad.,True,True,Action,Thriller,3,"Action, Thriller, Crime","gangster, 1970s, revenge, detroit, michigan, joyous, awestruck",2026-07-23,2026.0,7.0,23.0,3.0,True,False,24,Alan Ritchson,2.0,Ben Foster,Shailene Woodley,Lionel Boyce,"Alan Ritchson, Ben Foster, Shailene Woodley, Lionel Boyce, Amar Chadha-Patel",Potsy Ponciroli,1,Chad St. John,Jon Berg,171,Stampede Ventures,7,1,US,1,en,True,True,False
1413976,tt35309713,Citizen Vigilante,Citizen Vigilante,en,Released,,,0,,36.3862,False,6.49,389,2.8398312710911138,True,165,89,An action film inspired by real events.,True,True,Thriller,Action,3,"Thriller, Action, Crime","rape, corruption, police, immigration, rape victim, murder, vigilante, xenophobia, news report, vigilantism",2026-06-19,2026.0,6.0,19.0,2.0,True,False,47,Armie Hammer,2.0,Costas Mandylor,Désirée Giorgetti,Steffen Mennekes,"Armie Hammer, Costas Mandylor, Désirée Giorgetti, Steffen Mennekes, Neb Chupin",Uwe Boll,1,Uwe Boll,Uwe Boll,61,Event Film Distribution,3,3,DE,0,Unknown,True,True,False
803796,tt14205554,KPop Demon Hunters,KPop Demon Hunters,en,Released,100000000.0,24619953.0,-75380047,-75.38004699999999,33.8956,False,7.999,3197,6.917176900189343,True,153,96,They sing. They dance. They battle demons.,True,True,Fantasy,Music,4,"Fantasy, Music, Comedy, Animation","double life, loyalty, supernatural, musical, female friendship, female protagonist, demon, self-doubt, sing-along, girl power",2025-06-20,2025.0,6.0,20.0,2.0,True,False,56,Arden Cho,1.0,May Hong,Ji-young Yoo,Ahn Hyo-seop,"Arden Cho, May Hong, Ji-young Yoo, Ahn Hyo-seop, Yunjin Kim",Chris Appelhans,2,Maggie Kang,Michelle L.M. Wong,319,Sony Pictures Animation,1,1,US,2,en,True,True,True
98,tt0172495,Gladiator,Gladiator,en,Released,103000000.0,465516248.0,362516248,351.95752233009705,34.3373,False,8.2,21474,8.013415855101483,True,283,155,What we do in life echoes in eternity.,True,False,Action,Drama,3,"Action, Drama, Adventure","gladiator, rome, italy, arena, senate, roman empire, parent child relationship, emperor, slavery, ancient rome, revenge",2000-05-04,2000.0,5.0,4.0,2.0,True,False,44,Russell Crowe,2.0,Joaquin Phoenix,Connie Nielsen,Oliver Reed,"Russell Crowe, Joaquin Phoenix, Connie Nielsen, Oliver Reed, Richard Harris",Ridley Scott,1,David Franzoni,David Franzoni,212,Universal Pictures,5,2,GB,1,en,True,True,True
177572,tt2245084,Big Hero 6,Big Hero 6,en,Released,165000000.0,657870525.0,492870525,298.7094090909091,30.908,False,7.725,16908,7.503119255514705,True,164,102,Drop everything. Save the world.,True,True,Adventure,Family,5,"Adventure, Family, Animation, Action, Comedy","friendship, martial arts, hero, sibling relationship, san francisco, california, superhero, talent, cartoon, villain, based on comic",2014-10-24,2014.0,10.0,24.0,4.0,True,False,47,Scott Adsit,2.0,Ryan Potter,Daniel Henney,T.J. Miller,"Scott Adsit, Ryan Potter, Daniel Henney, T.J. Miller, Jamie Chung",Chris Williams,2,Duncan Rouleau,Roy Conli,54,Walt Disney Animation Studios,1,1,US,1,en,True,True,False
150540,tt2096673,Inside Out,Inside Out,en,Released,175000000.0,857611174.0,682611174,390.063528,33.023,False,7.906,23875,7.743825641025641,True,250,95,Meet the little voices inside your head.,True,True,Animation,Family,5,"Animation, Family, Adventure, Drama, Comedy","dreams, san francisco, california, minnesota, sadness, cartoon, disgust, ice hockey, imaginary friend, elementary school, family relationships",2015-06-17,2015.0,6.0,17.0,2.0,True,False,58,Amy Poehler,1.0,Phyllis Smith,Richard Kind,Bill Hader,"Amy Poehler, Phyllis Smith, Richard Kind, Bill Hader, Lewis Black",Pete Docter,1,Meg LeFauve,Jonas Rivera,376,Pixar,1,1,US,1,en,True,True,True
11,tt0076759,Star Wars,Star Wars,en,Released,11000000.0,775398007.0,764398007,6949.072790909091,31.8602,False,8.208,22848,8.032224772999829,True,312,121,"A long time ago in a galaxy far, far away...",True,True,Adventure,Action,3,"Adventure, Action, Science Fiction","empire, galaxy, rebellion, android, hermit, smuggling (contraband), freedom, rebel, rescue mission, space",1977-05-25,1977.0,5.0,25.0,2.0,True,False,105,Mark Hamill,2.0,Harrison Ford,Carrie Fisher,Peter Cushing,"Mark Hamill, Harrison Ford, Carrie Fisher, Peter Cushing, Alec Guinness",George Lucas,1,George Lucas,Gary Kurtz,93,Lucasfilm Ltd.,1,1,US,1,en,True,True,True
1218925,tt30472557,Chainsaw Man - The Movie: Reze Arc,劇場版 チェンソーマン レゼ篇,ja,Released,4100000.0,191400000.0,187300000,4568.292682926829,30.6105,False,8.548,1175,5.996358208955224,True,217,100,"Lost Love, Flower, Chainsaw.",True,True,Animation,Action,4,"Animation, Action, Romance, Fantasy","manipulation, gore, sequel, tragedy, loneliness, chainsaw, based on manga, tragic romance, mysterious, shounen",2025-09-19,2025.0,9.0,19.0,3.0,True,False,28,Kikunosuke Toya,2.0,Tomori Kusunoki,Reina Ueda,Shogo Sakata,"Kikunosuke Toya, Tomori Kusunoki, Reina Ueda, Shogo Sakata, Karin Takahashi",Tatsuya Yoshihara,1,Hiroshi Seko,Yusuke Nakai,219,MAPPA,1,1,JP,1,ja,True,True,True
358962,tt4901756,Queen of Spades: The Dark Rite,Пиковая дама: Черный обряд,ru,Released,1000000.0,2228115.0,1228115,122.81150000000001,24.093,False,5.341,91,0.8223874788494078,True,600,94,Evil Lives In The Reflection,True,True,Horror,None,1,Horror,"ritual, affectation, cynical, group of friends, macabre, taunting, angry, candid, malicious, mirror",2015-09-10,2015.0,9.0,10.0,3.0,True,False,11,Alina Babak,1.0,Valeriya Dmitrieva,Igor Khripunov,Evgeniya Loza,"Alina Babak, Valeriya Dmitrieva, Igor Khripunov, Evgeniya Loza, Sergey Pokhodaev",Svyatoslav Podgaevsky,1,Svyatoslav Podgaevsky,Alexey Ageev,22,Volga Film,4,1,RU,1,ru,True,True,True
264980,tt0068986,Loves of a French Pussycat,Das Mädchen mit der heißen Masche,de,Released,,,0,,95.2394,False,4.222,9,0.07465225933202359,True,381,94,The sweetest French Pastry since Pussy Galore!,True,False,Comedy,None,1,Comedy,"softcore, sex comedy",1972-03-09,1972.0,3.0,9.0,1.0,True,False,10,Sybil Danning,1.0,Michael Cromer,Marlène Appelt,Katja Büchele,"Sybil Danning, Michael Cromer, Marlène Appelt, Katja Büchele, Ulla Kopa",Hans Billian,1,Hans Billian,Elio Romano,6,Romano Film,1,1,DE,1,de,True,True,False
424,tt0108052,Schindler's List,Schindler's List,en,Released,22000000.0,321365567.0,299365567,1360.7525772727274,30.6689,False,8.57,17894,8.337043601174297,True,163,195,"Whoever saves one life, saves the world entire.",True,True,Drama,History,3,"Drama, History, War","factory, hero, nazi, concentration camp, ss (nazi schutzstaffel), holocaust (shoah), world war ii, ghetto, jew persecution, kraków, poland",1993-12-15,1993.0,12.0,15.0,4.0,True,False,134,Liam Neeson,2.0,Ben Kingsley,Ralph Fiennes,Caroline Goodall,"Liam Neeson, Ben Kingsley, Ralph Fiennes, Caroline Goodall, Jonathan Sagall",Steven Spielberg,1,Thomas Keneally,Steven Spielberg,74,Amblin Entertainment,1,1,US,4,de,True,True,False
350,tt0458352,The Devil Wears Prada,The Devil Wears Prada,en,Released,35000000.0,326588371.0,291588371,833.1096314285714,28.2482,False,7.436,14219,7.183401318024322,True,219,109,Meet Andy Sachs. A million girls would kill to have her job. She's not one of them.,True,True,Drama,Comedy,2,"Drama, Comedy","new york city, journalist, paris, france, based on novel or book, journalism, fashion journal, assistant, job entrant, job interview, editor-in-chief",2006-06-29,2006.0,6.0,29.0,2.0,True,False,56,Meryl Streep,1.0,Anne Hathaway,Emily Blunt,Stanley Tucci,"Meryl Streep, Anne Hathaway, Emily Blunt, Stanley Tucci, Simon Baker",David Frankel,1,Aline Brosh McKenna,Wendy Finerman,88,Fox 2000 Pictures,4,1,US,2,en,True,True,True
1303331,tt27548557,Dhamaal 4,धमाल ४,hi,Released,21000000.0,,-21000000,-100.0,30.9919,False,3.955,11,0.08513698630136987,True,121,143,,False,False,Comedy,None,1,Comedy,"treasure hunt, slapstick comedy, quest, comedic misadventures, comedy sequel",2026-07-10,2026.0,7.0,10.0,3.0,True,False,21,Ajay Devgn,2.0,Arshad Warsi,Riteish Deshmukh,Javed Jaffrey,"Ajay Devgn, Arshad Warsi, Riteish Deshmukh, Javed Jaffrey, Sanjay Mishra",Indra Kumar,1,Paritosh Painter,Bhushan Kumar,49,T-Series,4,1,IN,1,hi,True,True,True
438631,tt1160419,Dune,Dune,en,Released,165000000.0,410668500.0,245668500,148.89,32.88,False,7.784,15514,7.540962657674535,True,447,155,It begins.,True,True,Science Fiction,Adventure,2,"Science Fiction, Adventure","empire, future, army, based on novel or book, prophecy, dystopia, emperor, sand, spice, chosen one",2021-09-15,2021.0,9.0,15.0,3.0,True,False,39,Timothée Chalamet,2.0,Rebecca Ferguson,Oscar Isaac,Jason Momoa,"Timothée Chalamet, Rebecca Ferguson, Oscar Isaac, Jason Momoa, Stellan Skarsgård",Denis Villeneuve,1,Frank Herbert,Mary Parent,271,Legendary Pictures,1,1,US,1,en,True,True,True
933260,tt17526714,The Substance,The Substance,en,Released,17500000.0,77316812.0,59816812,341.81035428571425,32.4966,False,7.131,6448,6.617830742659758,True,146,141,Have you ever dreamt of a better version of yourself?,True,True,Horror,Science Fiction,2,"Horror, Science Fiction","new year's eve, capitalism, birthday, black market, identity, dark comedy, beauty, satire, aging, celebrity",2024-09-07,2024.0,9.0,7.0,3.0,True,False,120,Demi Moore,1.0,Margaret Qualley,Dennis Quaid,Edward Hamilton-Clark,"Demi Moore, Margaret Qualley, Dennis Quaid, Edward Hamilton-Clark, Gore Abrams",Coralie Fargeat,1,Coralie Fargeat,Coralie Fargeat,156,Working Title Films,3,3,FR,1,en,True,True,False
1241982,tt13622970,Moana 2,Moana 2,en,Released,150000000.0,1059242164.0,909242164,606.1614426666667,33.7839,False,6.993,3278,6.067510322922181,True,225,100,The ocean is calling them back.,True,True,Adventure,Animation,5,"Adventure, Animation, Comedy, Family, Fantasy","sea, ocean, villain, musical, sequel, coming of age, explorer, duringcreditsstinger, polynesia, giant crab",2024-11-21,2024.0,11.0,21.0,4.0,True,False,21,Auliʻi Cravalho,1.0,Dwayne Johnson,Hualālai Chung,Rose Matafeo,"Auliʻi Cravalho, Dwayne Johnson, Hualālai Chung, Rose Matafeo, David Fane",David G. Derrick Jr.,3,Bryson Chun,Christina Chen,59,Walt Disney Animation Studios,2,2,CA,1,en,True,True,True
1010581,tt21909764,My Fault,Culpa mía,es,Released,,,0,,31.1001,False,7.725,4189,6.901263595649391,True,386,116,Love can only survive in the shadow of secrets.,True,True,Drama,Romance,3,"Drama, Romance, Thriller","first time, forbidden love, stepbrother, female protagonist, underage sex, stepsister, disturbed, based on young adult novel, enemies to lovers, passion and romance",2023-06-08,2023.0,6.0,8.0,2.0,True,False,26,Nicole Wallace,1.0,Gabriel Guevara,Marta Hazas,Iván Sánchez,"Nicole Wallace, Gabriel Guevara, Marta Hazas, Iván Sánchez, Eva Ruiz",Domingo González,1,Mercedes Ron,Unknown,25,Pokeepsie Films,2,1,ES,1,es,True,True,True
950396,tt13654226,The Gorge,The Gorge,en,Released,70000000.0,,-70000000,-100.0,33.1887,False,7.695,4187,6.874112438660124,True,201,128,The world's most dangerous secret lies between them.,True,True,Romance,Science Fiction,3,"Romance, Science Fiction, Thriller","isolation, paranoia, fog, tower, elite sniper, trust issues, snipers, long-term observation, unknown threat, mysterious canyon",2025-02-13,2025.0,2.0,13.0,1.0,True,False,10,Miles Teller,2.0,Anya Taylor-Joy,Sigourney Weaver,Ṣọpẹ́ Dìrísù,"Miles Teller, Anya Taylor-Joy, Sigourney Weaver, Ṣọpẹ́ Dìrísù, William Houston",Scott Derrickson,1,Zach Dean,Adam Kolbrenner,173,Skydance Media,3,1,US,2,en,True,True,False
16869,tt0361748,Inglourious Basterds,Inglourious Basterds,en,Released,70000000.0,321457747.0,251457747,359.22535285714287,31.5768,False,8.216,24745,8.053274707862942,True,367,153,Once upon a time in Nazi occupied France...,True,False,Drama,Thriller,3,"Drama, Thriller, War","guerrilla warfare, paris, france, self sacrifice, world war ii, jew persecution, german occupation of france, resistance fighter, nazism, anti-fascism, amused",2009-08-02,2009.0,8.0,2.0,3.0,True,False,73,Brad Pitt,2.0,Mélanie Laurent,Christoph Waltz,Eli Roth,"Brad Pitt, Mélanie Laurent, Christoph Waltz, Eli Roth, Michael Fassbender",Quentin Tarantino,1,Quentin Tarantino,Lawrence Bender,95,Universal Pictures,5,2,DE,4,de,True,True,False
1307118,tt32654916,Soulm8te,Soulm8te,en,Released,,,0,,35.4185,False,7.408,322,2.901917274939173,True,292,99,You can't turn off the power of love.,True,True,Horror,Science Fiction,3,"Horror, Science Fiction, Thriller","android, artificial intelligence (a.i.), obsession, killer robot, grief, relationship, robot, spin off, woman director, erotic thriller",2026-07-31,2026.0,7.0,31.0,3.0,True,False,30,David Rysdahl,2.0,Lily Sullivan,Claudia Doumit,Arty Froushan,"David Rysdahl, Lily Sullivan, Claudia Doumit, Arty Froushan, Elijah Isaiah Cook",Kate Dolan,1,James Wan,James Wan,47,Blumhouse Productions,3,1,US,1,en,True,True,False
156022,tt0455944,The Equalizer,The Equalizer,en,Released,55000000.0,192330738.0,137330738,249.69225090909092,28.8847,False,7.292,10185,6.950773982218063,True,586,132,What do you see when you look at me?,True,True,Thriller,Action,3,"Thriller, Action, Crime","assassin, corruption, hitman, call girl, sadism, hostage, gangster, fbi, gore, remake",2014-09-24,2014.0,9.0,24.0,3.0,True,False,44,Denzel Washington,2.0,Marton Csokas,Chloë Grace Moretz,David Harbour,"Denzel Washington, Marton Csokas, Chloë Grace Moretz, David Harbour, Haley Bennett",Antoine Fuqua,1,Richard Wenk,Denzel Washington,116,Lonetree Entertainment,6,1,US,1,en,True,True,True
911430,tt16311594,F1,F1,en,Released,300000000.0,634142436.0,334142436,111.380812,36.0354,False,7.821,4641,7.060350320949231,True,163,156,Let's ride.,True,True,Action,Drama,2,"Action, Drama","sports, comeback, racing, race car driver, sport competition, aftercreditsstinger, beforecreditsstinger, rookie, formula one (f1), motorsport",2025-06-25,2025.0,6.0,25.0,2.0,True,False,81,Brad Pitt,2.0,Damson Idris,Javier Bardem,Kerry Condon,"Brad Pitt, Damson Idris, Javier Bardem, Kerry Condon, Tobias Menzies",Joseph Kosinski,1,Ehren Kruger,Lewis Hamilton,207,Plan B Entertainment,5,1,US,4,da,True,True,True
822653,tt14523706,Puella Magi Madoka Magica the Movie -Walpurgisnacht: Rising-,劇場版 魔法少女まどか☆マギカ〈ワルプルギスの廻天〉,ja,Released,,10000000.0,10000000,,35.9049,False,0.0,0,0.0,True,269,120,The world will not exonerate her.,True,True,Animation,Drama,4,"Animation, Drama, Mystery, Fantasy","witch, magic, surrealism, female friendship, sequel, school, dark fantasy, subversive, anime, psychological",2026-08-28,2026.0,8.0,28.0,3.0,True,False,10,Aoi Yuuki,1.0,Chiwa Saito,Kaori Mizuhashi,Eri Kitamura,"Aoi Yuuki, Chiwa Saito, Kaori Mizuhashi, Eri Kitamura, Ai Nonaka",Yukihiro Miyamoto,2,Gen Urobuchi,Unknown,102,SHAFT,2,1,JP,1,ja,True,True,True
575265,tt9603208,Mission: Impossible - The Final Reckoning,Mission: Impossible - The Final Reckoning,en,Released,400000000.0,598767057.0,198767057,49.69176425,26.6677,False,7.2,3137,6.210173219686555,True,404,170,Our lives are the sum of our choices.,True,True,Action,Thriller,3,"Action, Thriller, Adventure","mask, artificial intelligence (a.i.), diving, submarine, espionage, spy, nuclear missile, fake identity, secret agent, stunt",2025-05-17,2025.0,5.0,17.0,2.0,True,False,82,Tom Cruise,2.0,Hayley Atwell,Ving Rhames,Simon Pegg,"Tom Cruise, Hayley Atwell, Ving Rhames, Simon Pegg, Esai Morales",Christopher McQuarrie,1,Bruce Geller,Christopher McQuarrie,83,Paramount Pictures,3,1,US,4,en,True,True,True
142237,tt0066300,Right On!,Right On!,en,Released,,,0,,28.1144,False,7.333,3,0.04373558648111332,True,298,78,If You're Ready For It - Right On. If Not - This Movie Could Mess Up Your Mind.,True,False,History,Documentary,3,"History, Documentary, Music","new york city, hip-hop, poetry, ghetto, street theater, rooftop, rap, revolutionaries, african american, lower east side",1970-10-01,1970.0,10.0,1.0,4.0,True,False,7,Gylan Kain,2.0,Felipe Luciano,David Nelson,Carlos Cuebas,"Gylan Kain, Felipe Luciano, David Nelson, Carlos Cuebas, Gene Ballard",Herbert Danska,1,Unknown,Herbert Danska,5,Concept East N.Y.,1,1,US,1,en,True,True,False
1608445,tt37673293,Tarung: Unforgiven,Tarung: Unforgiven,ms,Released,2000000.0,5832817.0,3832817,191.64085,31.7776,False,8.2,4,0.06507936507936507,True,375,100,You're just a cock.,True,False,Action,Crime,3,"Action, Crime, Drama","friendship, martial arts, greed, brotherhood, redemption, mixed martial arts (mma), family",2026-05-07,2026.0,5.0,7.0,2.0,True,False,18,Mierul Aiman,2.0,Aedy Ashraf,Zul Ariffin,Bront Palarae,"Mierul Aiman, Aedy Ashraf, Zul Ariffin, Bront Palarae, Amir Ahnaf",Razaisyam Rashid,1,Razaisyam Rashid,Fatimah Ruzaimi,24,Alpha47 Films,3,1,MY,1,ms,True,True,False
807,tt0114369,Se7en,Se7en,en,Released,33000000.0,327311859.0,294311859,891.8541181818181,33.063,False,8.38,23753,8.207237867480313,True,389,127,Gluttony. Greed. Sloth. Envy. Wrath. Pride. Lust.,True,True,Crime,Mystery,3,"Crime, Mystery, Thriller","rage and hate, police, s.w.a.t., sadism, self-fulfilling prophecy, psychopath, detective, investigation, insomnia, murder",1995-09-22,1995.0,9.0,22.0,3.0,True,False,60,Morgan Freeman,2.0,Brad Pitt,Gwyneth Paltrow,John Cassini,"Morgan Freeman, Brad Pitt, Gwyneth Paltrow, John Cassini, Peter Crombie",David Fincher,1,Andrew Kevin Walker,Arnold Kopelson,182,New Line Cinema,3,1,US,1,en,True,True,False
1479495,tt33045418,Hellcat,Hellcat,en,Released,,,0,,32.0309,False,5.375,24,0.24618320610687022,True,199,91,,False,False,Thriller,Horror,2,"Thriller, Horror","shocking, inspirational, absurd, suspenseful, tense",2025-07-25,2025.0,7.0,25.0,3.0,True,False,5,Dakota Gorman,1.0,Todd Terry,James Austin Johnson,Liz Atwater,"Dakota Gorman, Todd Terry, James Austin Johnson, Liz Atwater, Jordan Mullins",Brock Bodell,1,Brock Bodell,Unknown,4,Independent,0,1,US,1,de,True,True,False
4935,tt0347149,Howl's Moving Castle,ハウルの動く城,ja,Released,24000000.0,236049757.0,212049757,883.5406541666666,26.8213,False,8.4,11426,8.047828274358546,True,202,119,Love Comes First.,True,True,Fantasy,Animation,3,"Fantasy, Animation, Adventure","witch, flying, rain, castle, scarecrow, body exchange, hatter, bakery, curse, steampunk",2004-09-09,2004.0,9.0,9.0,3.0,True,False,57,Chieko Baisho,1.0,Takuya Kimura,Akihiro Miwa,Tatsuya Gashuin,"Chieko Baisho, Takuya Kimura, Akihiro Miwa, Tatsuya Gashuin, Ryunosuke Kamiki",Hayao Miyazaki,1,Hayao Miyazaki,Toshio Suzuki,180,Studio Ghibli,7,1,JP,1,ja,True,True,False
429617,tt6320628,Spider-Man: Far From Home,Spider-Man: Far From Home,en,Released,160000000.0,1132723226.0,972723226,607.9520162499999,30.045,False,7.393,17588,7.188637992038921,True,250,129,It's time to step up.,True,True,Action,Adventure,3,"Action, Adventure, Science Fiction","venice, italy, secret identity, superhero, school trip, europe, based on comic, sequel, travel, aftercreditsstinger, duringcreditsstinger",2019-06-28,2019.0,6.0,28.0,2.0,True,False,141,Tom Holland,2.0,Jake Gyllenhaal,Samuel L. Jackson,Marisa Tomei,"Tom Holland, Jake Gyllenhaal, Samuel L. Jackson, Marisa Tomei, Jon Favreau",Jon Watts,1,Jack Kirby,Kevin Feige,366,Marvel Studios,3,1,US,5,cs,True,True,True
1489543,tt35712605,G.D.N,ஜி.டி.என்,ta,Released,,60641.0,60641,,32.6248,False,0.0,0,0.0,True,117,147,Feared by the British... forgotten by his countrymen.,True,False,Drama,None,1,Drama,"inventor, biopic",2026-08-07,2026.0,8.0,7.0,3.0,True,False,26,R. Madhavan,2.0,Priyamani,Sathyaraj,Jayaram,"R. Madhavan, Priyamani, Sathyaraj, Jayaram, Dushara Vijayan",Krishnakumar Ramakumar,1,Krishnakumar Ramakumar,R. Madhavan,30,Tricolor Films,2,1,IN,1,ta,True,True,False
198663,tt1790864,The Maze Runner,The Maze Runner,en,Released,34000000.0,348319861.0,314319861,924.4701794117648,34.4022,False,7.19,18452,7.000310257492613,True,291,113,Get ready to run.,True,True,Action,Mystery,4,"Action, Mystery, Science Fiction, Thriller","based on novel or book, escape, dystopia, maze, post-apocalyptic future, memory loss, trapped, labyrinth, based on young adult novel",2014-09-10,2014.0,9.0,10.0,3.0,True,False,58,Dylan O'Brien,2.0,Kaya Scodelario,Thomas Brodie-Sangster,Ki Hong Lee,"Dylan O'Brien, Kaya Scodelario, Thomas Brodie-Sangster, Ki Hong Lee, Will Poulter",Wes Ball,1,Grant Pierce Myers,Lindsay Williams,142,Ingenious Media,6,2,US,1,en,True,True,True
348,tt0078748,Alien,Alien,en,Released,11000000.0,104931801.0,93931801,853.9254636363637,26.087,False,8.174,16830,7.9381661858049615,True,420,117,In space no one can hear you scream.,True,True,Horror,Science Fiction,2,"Horror, Science Fiction","android, spacecraft, space marine, biology, dystopia, countdown, space suit, beheading, space travel, cowardice",1979-05-25,1979.0,5.0,25.0,2.0,True,False,9,Tom Skerritt,2.0,Sigourney Weaver,Veronica Cartwright,Harry Dean Stanton,"Tom Skerritt, Sigourney Weaver, Veronica Cartwright, Harry Dean Stanton, John Hurt",Ridley Scott,1,Dan O'Bannon,Gordon Carroll,89,Brandywine Productions,3,2,US,2,en,True,True,True
950028,tt14173636,The Invite,The Invite,en,Released,12000000.0,55505476.0,43505476,362.54563333333334,32.3163,False,7.254,496,3.612433734939759,True,226,107,It'll be fun.,True,True,Comedy,Drama,3,"Comedy, Drama, Romance","husband wife relationship, san francisco, california, remake, firefighter, sexologist, candid, anxious, exuberant, neighbors",2026-06-25,2026.0,6.0,25.0,2.0,True,False,8,Seth Rogen,2.0,Olivia Wilde,Penélope Cruz,Edward Norton,"Seth Rogen, Olivia Wilde, Penélope Cruz, Edward Norton, Skip Howland",Olivia Wilde,1,Cesc Gay,David Permut,192,Annapurna Pictures,3,1,US,3,en,True,True,False
76600,tt1630029,Avatar: The Way of Water,Avatar: The Way of Water,en,Released,460000000.0,2334484620.0,1874484620,407.4966565217391,32.9225,False,7.585,14609,7.333990667813886,True,272,192,Return to Pandora.,True,True,Action,Adventure,3,"Action, Adventure, Science Fiction","dying and death, loss of loved one, alien life-form, resurrection, dysfunctional family, sequel, alien planet, distant future, transhumanism, adopted child",2022-12-14,2022.0,12.0,14.0,4.0,True,False,64,Sam Worthington,2.0,Zoe Saldaña,Sigourney Weaver,Stephen Lang,"Sam Worthington, Zoe Saldaña, Sigourney Weaver, Stephen Lang, Kate Winslet",James Cameron,1,James Cameron,James Cameron,215,20th Century Studios,3,1,US,1,en,True,True,True
49018,tt1591095,Insidious,Insidious,en,Released,1500000.0,100106454.0,98606454,6573.763599999999,31.4682,False,6.957,7589,6.526971566324638,True,227,102,It's not the house that's haunted.,True,True,Horror,Thriller,2,"Horror, Thriller","supernatural, medium, haunted house, evil spirit, house warming, demon, new home, aftercreditsstinger, other dimension, insidious",2011-03-31,2011.0,3.0,31.0,1.0,True,False,16,Patrick Wilson,2.0,Rose Byrne,Lin Shaye,Ty Simpkins,"Patrick Wilson, Rose Byrne, Lin Shaye, Ty Simpkins, Barbara Hershey",James Wan,1,Leigh Whannell,Oren Peli,94,Alliance Films,4,2,CA,1,en,True,True,True
1022789,tt22022452,Inside Out 2,Inside Out 2,en,Released,200000000.0,1698863816.0,1498863816,749.431908,31.0944,False,7.5,6970,6.997991967871486,True,316,97,Make room for new emotions.,True,True,Animation,Adventure,4,"Animation, Adventure, Comedy, Family","sadness, disgust, sequel, computer animation, teenage girl, fear, anger, envy, aftercreditsstinger, duringcreditsstinger",2024-06-11,2024.0,6.0,11.0,2.0,True,False,32,Amy Poehler,1.0,Maya Hawke,Kensington Tallman,Liza Lapira,"Amy Poehler, Maya Hawke, Kensington Tallman, Liza Lapira, Tony Hale",Kelsey Mann,1,John Hoffman,Mark Nielsen,75,Pixar,1,1,US,1,en,True,True,True
22,tt0325980,Pirates of the Caribbean: The Curse of the Black Pearl,Pirates of the Caribbean: The Curse of the Black Pearl,en,Released,140000000.0,655011224.0,515011224,367.86516,30.4803,False,7.835,22750,7.6665053763440865,True,312,143,Prepare to be blown out of the water.,True,True,Adventure,Fantasy,3,"Adventure, Fantasy, Action","ship, blacksmith, gold, exotic island, governor, skeleton, jamaica, british empire, pirate, swashbuckler",2003-07-09,2003.0,7.0,9.0,3.0,True,False,71,Johnny Depp,2.0,Geoffrey Rush,Orlando Bloom,Keira Knightley,"Johnny Depp, Geoffrey Rush, Orlando Bloom, Keira Knightley, Jack Davenport",Gore Verbinski,1,Terry Rossio,Jerry Bruckheimer,331,Walt Disney Pictures,2,1,US,1,en,True,True,True
12,tt0266543,Finding Nemo,Finding Nemo,en,Released,94000000.0,940335536.0,846335536,900.3569531914893,30.4057,False,7.821,20961,7.638785750896976,True,333,100,There are 3.7 trillion fish in the ocean. They're looking for one.,True,True,Animation,Family,3,"Animation, Family, Adventure","fish, sydney, australia, parent child relationship, anthropomorphism, harbor, underwater, shark, pelican, fish tank, great barrier reef",2003-05-30,2003.0,5.0,30.0,2.0,True,False,69,Albert Brooks,2.0,Ellen DeGeneres,Alexander Gould,Willem Dafoe,"Albert Brooks, Ellen DeGeneres, Alexander Gould, Willem Dafoe, Geoffrey Rush",Andrew Stanton,1,Andrew Stanton,Graham Walters,423,Pixar,1,1,US,1,en,True,True,True
1301421,tt32565993,The Sheep Detectives,The Sheep Detectives,en,Released,75000000.0,131550648.0,56550648,75.400864,33.9973,False,7.944,1645,6.092251748251748,True,353,109,A new breed of mystery.,True,True,Comedy,Family,3,"Comedy, Family, Mystery","shepherd, based on novel or book, investigation, murder, aftercreditsstinger, murder mystery, investigate, talking animal, inspirational, whodunnit",2026-04-30,2026.0,4.0,30.0,2.0,True,False,27,Hugh Jackman,2.0,Nicholas Braun,Nicholas Galitzine,Molly Gordon,"Hugh Jackman, Nicholas Braun, Nicholas Galitzine, Molly Gordon, Julia Louis-Dreyfus",Kyle Balda,1,Craig Mazin,Eric Fellner,77,Working Title Films,3,2,US,1,en,True,True,False
1599191,,Renegade Immortal: Battle of the Immortal Slayer,仙逆剧场版：弑仙之战,zh,Planned,,,0,,28.9743,False,0.0,0,0.0,False,0,0,,False,False,Animation,Action,4,"Animation, Action, Adventure, Fantasy","based on fairy tale, xianxia, based on tv series, oriental fantasy",,,,,,False,False,1,Shi Zekun,2.0,None,None,None,Shi Zekun,TouXiong Shi,1,Ergen,Unknown,3,Tencent Video,3,1,CN,0,Unknown,True,True,False
105,tt0088763,Back to the Future,Back to the Future,en,Released,19000000.0,381109762.0,362109762,1905.840852631579,31.975,False,8.329,22370,8.146905553126366,True,327,116,He was never in time for his classes... He wasn't in time for his dinner... Then one day... he wasn't in his time at all.,True,True,Adventure,Comedy,3,"Adventure, Comedy, Science Fiction","flying car, race against time, clock tower, car race, lightning, guitar, inventor, journey in the past, invention, time travel",1985-07-03,1985.0,7.0,3.0,3.0,True,False,53,Michael J. Fox,2.0,Christopher Lloyd,Crispin Glover,Lea Thompson,"Michael J. Fox, Christopher Lloyd, Crispin Glover, Lea Thompson, Claudia Wells",Robert Zemeckis,1,Bob Gale,Bob Gale,110,Universal Pictures,2,1,US,1,en,True,True,True
863,tt0120363,Toy Story 2,Toy Story 2,en,Released,90000000.0,497375404.0,407375404,452.63933777777777,31.5946,False,7.621,15346,7.380529218730279,True,322,92,The toys are back!,True,True,Animation,Comedy,3,"Animation, Comedy, Family","friendship, airplane, museum, prosecution, identity crisis, villain, flea market, collector, sequel, buddy",1999-10-30,1999.0,10.0,30.0,4.0,True,False,45,Tom Hanks,2.0,Tim Allen,Joan Cusack,Kelsey Grammer,"Tom Hanks, Tim Allen, Joan Cusack, Kelsey Grammer, Don Rickles",John Lasseter,1,Andrew Stanton,Karen Robert Jackson,328,Pixar,1,1,US,1,en,True,True,True
1613798,tt37989803,Vengeance,Venganza,es,Released,,,0,,31.8146,False,7.502,310,2.871135802469136,True,308,103,,False,True,Action,Thriller,2,"Action, Thriller","revenge, betrayal, manhunt, vengeance, action thriller, revenge mission, relentless pursuit, corrupt officials, deadly confrontation, dark secrets",2026-02-26,2026.0,2.0,26.0,1.0,True,False,12,Omar Chaparro,2.0,Alejandro Speitzer,Paola Nuñez,Natalia Solián,"Omar Chaparro, Alejandro Speitzer, Paola Nuñez, Natalia Solián, Luis Alberti",Rodrigo Valdes,1,Matt Bosack,Pablo Cruz,10,El Estudio,2,2,US,1,es,True,True,False
522627,tt8367814,The Gentlemen,The Gentlemen,en,Released,22000000.0,115171795.0,93171795,423.5081590909091,29.3205,False,7.656,6866,7.136314960629921,True,264,113,Criminal. Class.,True,True,Action,Comedy,3,"Action, Comedy, Crime","london, england, robbery, businessman, gangster, dark comedy, betrayal, marijuana, business, jewish american, gunfight",2020-01-01,2020.0,1.0,1.0,1.0,True,False,63,Matthew McConaughey,2.0,Charlie Hunnam,Michelle Dockery,Jeremy Strong,"Matthew McConaughey, Charlie Hunnam, Michelle Dockery, Jeremy Strong, Lyne Renee",Guy Ritchie,1,Guy Ritchie,Matthew McConaughey,53,Miramax,3,2,GB,1,en,True,True,False
552524,tt11655566,Lilo & Stitch,Lilo & Stitch,en,Released,100000000.0,1038027526.0,938027526,938.027526,31.3136,False,7.181,2277,5.888057976233346,True,121,108,Hold on to your coconuts.,True,True,Family,Science Fiction,3,"Family, Science Fiction, Comedy","hawaii, bullying, dysfunctional family, alien, loss of job, shape shifting alien, family, nostalgic, evil alien, orphan siblings",2025-05-17,2025.0,5.0,17.0,2.0,True,False,67,Maia Kealoha,1.0,Sydney Agudong,Chris Sanders,Zach Galifianakis,"Maia Kealoha, Sydney Agudong, Chris Sanders, Zach Galifianakis, Billy Magnussen",Dean Fleischer Camp,1,Chris Kekaniokalani Bright,Jonathan Eirich,90,Walt Disney Pictures,2,1,US,1,en,True,True,True
475557,tt7286456,Joker,Joker,en,Released,55000000.0,1078958629.0,1023958629,1861.7429618181816,29.6332,False,8.116,28295,7.975072755686751,True,169,122,Put on a happy face.,True,True,Crime,Thriller,3,"Crime, Thriller, Drama","society, based on comic, social commentary, psychological thriller, criminal mastermind, mental illness, anarchy, character study, clown makeup, outsider",2019-10-01,2019.0,10.0,1.0,4.0,True,False,80,Joaquin Phoenix,2.0,Robert De Niro,Zazie Beetz,Frances Conroy,"Joaquin Phoenix, Robert De Niro, Zazie Beetz, Frances Conroy, Brett Cullen",Todd Phillips,1,Scott Silver,Todd Phillips,235,Warner Bros. Pictures,5,2,CA,1,en,True,True,True
980477,tt34956443,Ne Zha 2,哪吒之魔童闹海,zh,Released,80000000.0,2270700370.0,2190700370,2738.3754625,33.1271,False,8.158,816,5.058455927051671,True,340,144,Witness a hero reborn.,True,True,Animation,Action,4,"Animation, Action, Fantasy, Adventure","fight, magic, sequel, dark fantasy, based on myths, legends or folklore, 3d animation, nezha, chinese mythology, donghua, shenmo",2025-01-29,2025.0,1.0,29.0,1.0,True,False,24,Lu Yanting,1.0,Joseph,Han Mo,Chen Hao,"Lu Yanting, Joseph, Han Mo, Chen Hao, Lu Qi",Jiao Zi,1,Jiao Zi,Liu Wenzhang,12,Chengdu Coco Cartoon,5,1,CN,1,zh,True,True,True
1668364,tt41617470,Desire,Deseo,es,Released,,,0,,31.2608,False,6.756,248,2.239957219251337,True,561,97,,False,False,Mystery,Drama,2,"Mystery, Drama","love triangle, swimmer, extramarital affair, emptiness, swimming instructor, romantic triangle, female lawyer",2026-05-07,2026.0,5.0,7.0,2.0,True,False,29,Ludwika Paleta,1.0,José María Yázpik,Óscar Casas,Leonardo Ortizgris,"Ludwika Paleta, José María Yázpik, Óscar Casas, Leonardo Ortizgris, Matías Coronado",Teresa Simone,1,Giulia Cardamone,Unknown,5,Las películas del Apache,2,1,MX,1,es,True,True,False
12219,tt0118528,12 Angry Men,12 Angry Men,en,Released,1750000.0,2000000.0,250000,14.285714285714285,25.6067,False,7.698,470,3.7299587628865982,True,189,117,,False,False,Drama,TV Movie,2,"Drama, TV Movie","death penalty, right and justice, court, judge, jurors, revelation, trial, jury, remake, lawyer",1997-08-17,1997.0,8.0,17.0,3.0,True,False,15,Courtney B. Vance,2.0,Ossie Davis,George C. Scott,Armin Mueller-Stahl,"Courtney B. Vance, Ossie Davis, George C. Scott, Armin Mueller-Stahl, Dorian Harewood",William Friedkin,1,Reginald Rose,Terence A. Donnelly,20,MGM Television,1,1,US,1,en,True,True,False
502356,tt6718170,The Super Mario Bros. Movie,The Super Mario Bros. Movie,en,Released,100000000.0,1360879735.0,1260879735,1260.879735,29.3371,False,7.594,11119,7.267207677080644,True,252,93,Not all heroes wear capes. Some wear overalls.,True,True,Family,Comedy,5,"Family, Comedy, Adventure, Fantasy, Animation","gorilla, plumber, affectation, villain, anthropomorphism, based on video game, toad, aftercreditsstinger, duringcreditsstinger, damsel in distress",2023-04-05,2023.0,4.0,5.0,2.0,True,False,37,Chris Pratt,2.0,Anya Taylor-Joy,Charlie Day,Jack Black,"Chris Pratt, Anya Taylor-Joy, Charlie Day, Jack Black, Keegan-Michael Key",Michael Jelenic,2,Ed Skudder,Chris Meledandri,286,Universal Pictures,3,2,JP,1,en,True,True,True
1233413,tt31193180,Sinners,Sinners,en,Released,100000000.0,371368759.0,271368759,271.368759,30.4769,False,7.5,5157,6.83710447233516,True,175,138,Dance with the devil.,True,True,Horror,Action,3,"Horror, Action, Thriller","chicago, illinois, capitalism, ku klux klan, musician, immortality, vampire, cousin, surrealism, sin, alcoholism",2025-04-16,2025.0,4.0,16.0,2.0,True,False,58,Michael B. Jordan,2.0,Hailee Steinfeld,Miles Caton,Jack O'Connell,"Michael B. Jordan, Hailee Steinfeld, Miles Caton, Jack O'Connell, Wunmi Mosaku",Ryan Coogler,1,Ryan Coogler,Ryan Coogler,275,Warner Bros. Pictures,3,1,US,3,zh,True,True,False
121,tt0167261,The Lord of the Rings: The Two Towers,The Lord of the Rings: The Two Towers,en,Released,79000000.0,926287400.0,847287400,1072.5156962025317,29.0442,False,8.428,24552,8.259789877055725,True,309,179,The journey continues.,True,True,Adventure,Fantasy,3,"Adventure, Fantasy, Action","mission, based on novel or book, elves, dwarf, magic, obsession, allegory, bravery, castle, reincarnation",2002-12-18,2002.0,12.0,18.0,4.0,True,False,104,Elijah Wood,2.0,Ian McKellen,Viggo Mortensen,Sean Astin,"Elijah Wood, Ian McKellen, Viggo Mortensen, Sean Astin, Andy Serkis",Peter Jackson,1,Fran Walsh,Barrie M. Osborne,182,New Line Cinema,3,2,NZ,1,en,True,True,True
986056,tt20969586,Thunderbolts*,Thunderbolts*,en,Released,180000000.0,382436917.0,202436917,112.46495388888889,31.4762,False,7.3,4037,6.495503636764381,True,183,127,Everyone deserves a second shot.,True,True,Action,Science Fiction,3,"Action, Science Fiction, Adventure","new york city, superhero, anti hero, villain, based on comic, super power, mental health, aftercreditsstinger, duringcreditsstinger, marvel cinematic universe (mcu)",2025-04-30,2025.0,4.0,30.0,2.0,True,False,39,Florence Pugh,1.0,Sebastian Stan,Julia Louis-Dreyfus,Lewis Pullman,"Florence Pugh, Sebastian Stan, Julia Louis-Dreyfus, Lewis Pullman, David Harbour",Jake Schreier,1,Eric Pearson,Kevin Feige,496,Marvel Studios,2,1,US,3,en,True,True,False
10681,tt0910970,WALL·E,WALL·E,en,Released,180000000.0,521311860.0,341311860,189.6177,30.0449,False,8.124,20846,7.93370673662513,True,462,98,"After 700 years of doing what he was built for, he'll discover what he was meant for.",True,True,Animation,Family,3,"Animation, Family, Science Fiction","garbage, dystopia, space travel, distant future, loneliness, robot, aftercreditsstinger, duringcreditsstinger, reflective, 3d animation",2008-06-26,2008.0,6.0,26.0,2.0,True,False,29,Ben Burtt,2.0,Elissa Knight,Jeff Garlin,Fred Willard,"Ben Burtt, Elissa Knight, Jeff Garlin, Fred Willard, John Ratzenberger",Andrew Stanton,1,Jim Reardon,Jim Morris,228,Pixar,1,1,US,1,en,True,True,False
1288341,tt36926359,Seven Snipers,Seven Snipers,en,Released,,,0,,26.3028,False,6.0,132,1.2531645569620253,True,199,87,She escaped her past. It hunted her down.,True,False,Action,Thriller,2,"Action, Thriller","apathetic, cliché, powerful",2026-04-30,2026.0,4.0,30.0,2.0,True,False,10,Radha Mitchell,1.0,Tim Roth,Annabel Wolfe,Ioan Gruffudd,"Radha Mitchell, Tim Roth, Annabel Wolfe, Ioan Gruffudd, Ryan Kwanten",Sandra Sciberras,1,Andrew O'Keefe,Compton Ross,23,Filmbarr,8,2,AU,1,en,True,True,False
1380417,tt34379051,By Any Means,By Any Means,en,Released,30000000.0,9150000.0,-20850000,-69.5,28.8307,False,8.1,15,0.23592233009708738,True,150,107,The FBI couldn't crack it. So they called in the mob.,True,True,History,Crime,3,"History, Crime, Drama","hitman, ku klux klan, based on true story, mafia, 1960s, white savior, civil rights movement, fbi agent, mississippi, unlikely partners",2026-09-02,2026.0,9.0,2.0,3.0,True,False,45,Yahya Abdul-Mateen II,2.0,Mark Wahlberg,Nicole Beharie,Josh Lucas,"Yahya Abdul-Mateen II, Mark Wahlberg, Nicole Beharie, Josh Lucas, David Strathairn",Elegance Bratton,1,Sascha Penn,Alex Lebovici,49,Hammerstone Studios,15,3,US,1,en,True,True,False
377670,tt5344086,Chapo: El Escape Del Siglo,Chapo: El Escape Del Siglo,es,Released,,,0,,34.238,False,5.5,31,0.3210922787193974,True,131,87,,False,False,Thriller,Action,4,"Thriller, Action, Adventure, Crime","police, drug trafficking, drug dealing, corrupt system, narco",2016-01-15,2016.0,1.0,15.0,1.0,True,False,10,Irineo Alvarez,2.0,José Sefami,Pascacio López,Kristoff Raczynski,"Irineo Alvarez, José Sefami, Pascacio López, Kristoff Raczynski, Horacio Castelo",Axel Uriegas,1,Unknown,Unknown,1,Independent,0,1,MX,1,es,True,True,False
652,tt0332452,Troy,Troy,en,Released,175000000.0,497409852.0,322409852,184.23420114285713,24.8346,False,7.191,11500,6.891375,True,436,163,For passion. For honor. For destiny. For victory. For love.,True,False,Action,Adventure,2,"Action, Adventure","adultery, sibling relationship, hostility, bravery, mythology, beauty, trojan war, wall, fraud, sword fight",2004-05-13,2004.0,5.0,13.0,2.0,True,False,37,Brad Pitt,2.0,Orlando Bloom,Eric Bana,Brian Cox,"Brad Pitt, Orlando Bloom, Eric Bana, Brian Cox, Sean Bean",Wolfgang Petersen,1,David Benioff,Wolfgang Petersen,288,Warner Bros. Pictures,4,2,GB,1,en,True,True,False
767,tt0417741,Harry Potter and the Half-Blood Prince,Harry Potter and the Half-Blood Prince,en,Released,250000000.0,933959197.0,683959197,273.5836788,29.1073,False,7.682,21177,7.504807584075287,True,134,153,Dark secrets revealed.,True,True,Adventure,Fantasy,2,"Adventure, Fantasy","witch, dying and death, london, england, based on novel or book, magic, school of witchcraft, sequel, apparition, curse, teenage crush",2009-07-15,2009.0,7.0,15.0,3.0,True,False,60,Daniel Radcliffe,2.0,Rupert Grint,Emma Watson,Jim Broadbent,"Daniel Radcliffe, Rupert Grint, Emma Watson, Jim Broadbent, Michael Gambon",David Yates,1,J.K. Rowling,David Heyman,123,Warner Bros. Pictures,2,2,GB,1,en,True,True,True
1481343,tt36958312,The Devil's Mouth,The Devil's Mouth,en,Released,,,0,,28.9116,False,6.505,777,3.95801487862177,True,211,106,Paradise has an appetite.,True,True,Horror,Thriller,2,"Horror, Thriller","cave, animal attack, thailand, survival, creature, shark, survival horror, killer shark, college friends, animal horror",2026-07-29,2026.0,7.0,29.0,3.0,True,False,8,Kathryn Newton,1.0,Lana Condor,Nico Hiraga,Gavin Casalegno,"Kathryn Newton, Lana Condor, Nico Hiraga, Gavin Casalegno, Tommi Rose",Jeff Wadlow,1,Aja Gabel,Basil Iwanyk,24,Amazon MGM Studios,3,1,US,2,en,True,True,False
1724,tt0800080,The Incredible Hulk,The Incredible Hulk,en,Released,150000000.0,264770996.0,114770996,76.51399733333332,29.4216,False,6.26,13125,6.030275229357798,True,271,114,You'll like him when he's angry.,True,True,Science Fiction,Action,3,"Science Fiction, Action, Adventure","new york city, rio de janeiro, superhero, based on comic, fugitive, on the run, super soldier, scientist, virginia, military",2008-06-12,2008.0,6.0,12.0,2.0,True,False,103,Edward Norton,2.0,Liv Tyler,Tim Roth,William Hurt,"Edward Norton, Liv Tyler, Tim Roth, William Hurt, Tim Blake Nelson",Louis Leterrier,1,Zak Penn,Kevin Feige,140,Marvel Studios,3,1,US,3,pt,True,True,False
10997,tt0106332,Farewell My Concubine,霸王别姬,zh,Released,4000000.0,6400000.0,2400000,60.0,25.1346,False,7.934,708,4.650059602649007,True,145,171,The passionate triangle of two lifelong friends and the woman who comes between them!,True,False,Drama,None,1,Drama,"china, society, transvestite, cultural revolution, woman between two men, best friend, beijing, china, lgbt, chinese opera, female impersonator",1993-01-01,1993.0,1.0,1.0,1.0,True,False,23,Leslie Cheung,2.0,Zhang Fengyi,Gong Li,Lü Qi,"Leslie Cheung, Zhang Fengyi, Gong Li, Lü Qi, Ying Da",Chen Kaige,1,Lilian Lee Bik-Wah,Hsu Feng,44,Beijing Film Studio,3,2,CN,1,zh,True,True,False
240,tt0071562,The Godfather Part II,The Godfather Part II,en,Released,13000000.0,102600000.0,89600000,689.2307692307693,28.3314,False,8.572,14317,8.282737666194237,True,222,202,The rise and fall of the Corleone empire.,True,False,Drama,Crime,2,"Drama, Crime","new year's eve, new york city, based on novel or book, italian american, cuba, italy, gangster, praise, blackmail, symbolism",1974-12-20,1974.0,12.0,20.0,4.0,True,False,112,Al Pacino,2.0,Robert Duvall,Diane Keaton,Robert De Niro,"Al Pacino, Robert Duvall, Diane Keaton, Robert De Niro, John Cazale",Francis Ford Coppola,1,Mario Puzo,Francis Ford Coppola,145,Paramount Pictures,3,1,US,4,en,True,True,True
321612,tt2771200,Beauty and the Beast,Beauty and the Beast,en,Released,160000000.0,1266115964.0,1106115964,691.3224775,33.4155,False,6.967,16155,6.757843590513359,True,142,129,Be our guest.,True,True,Family,Fantasy,3,"Family, Fantasy, Romance","france, magic, fairy tale, transformation, cartoon, castle, musical, remake, curse, creature",2017-03-16,2017.0,3.0,16.0,1.0,True,False,139,Emma Watson,1.0,Dan Stevens,Luke Evans,Kevin Kline,"Emma Watson, Dan Stevens, Luke Evans, Kevin Kline, Emma Thompson",Bill Condon,1,Stephen Chbosky,Todd Lieberman,169,Walt Disney Pictures,2,1,US,2,fr,True,True,False
389,tt0050083,12 Angry Men,12 Angry Men,en,Released,397751.0,4360000.0,3962249,996.1631774652985,29.0345,False,8.571,10356,8.17624134119381,True,332,97,It explodes like 12 sticks of dynamite!,True,False,Drama,None,1,Drama,"death penalty, anonymity, court case, judge, jurors, innocence, witness, knife, matter of life and death, based on play or musical",1957-04-10,1957.0,4.0,10.0,2.0,True,False,18,Martin Balsam,2.0,John Fiedler,Lee J. Cobb,E.G. Marshall,"Martin Balsam, John Fiedler, Lee J. Cobb, E.G. Marshall, Jack Klugman",Sidney Lumet,1,Reginald Rose,Henry Fonda,16,Orion-Nova Productions,1,1,US,1,en,True,True,False
102382,tt1872181,The Amazing Spider-Man 2,The Amazing Spider-Man 2,en,Released,200000000.0,716934779.0,516934779,258.46738949999997,27.9225,False,6.561,14722,6.345489554592038,True,471,141,His greatest battle begins.,True,True,Action,Adventure,3,"Action, Adventure, Science Fiction","new york city, experiment, obsession, secret identity, superhero, based on comic, sequel, electrocution, super power, masked superhero",2014-04-16,2014.0,4.0,16.0,2.0,True,False,75,Andrew Garfield,2.0,Emma Stone,Jamie Foxx,Dane DeHaan,"Andrew Garfield, Emma Stone, Jamie Foxx, Dane DeHaan, Colm Feore",Marc Webb,1,Alex Kurtzman,Matt Tolmach,429,Columbia Pictures,4,1,US,1,en,True,True,True
1530121,tt21452628,The Girl in the River,The Girl in the River,en,Released,,,0,,27.006,False,7.3,9,0.12907662082514734,True,180,92,Every lie floats to the surface.,True,False,Crime,Thriller,2,"Crime, Thriller",,2026-09-04,2026.0,9.0,4.0,3.0,True,False,28,Maggie Grace,1.0,Devon Sawa,Ralph Macchio,Tiffany Haddish,"Maggie Grace, Devon Sawa, Ralph Macchio, Tiffany Haddish, Andrew Stevens",Brando Benetton,1,Brando Benetton,Andrew Stevens,17,Andrew Stevens Entertainment,4,1,US,1,en,True,True,False
964849,tt34383465,Nightborn,Yön lapsi,fi,Released,5900000.0,,-5900000,-100.0,29.9364,False,6.024,123,1.1893290529695024,True,239,92,,False,False,Horror,None,1,Horror,"finnish, folk horror, body horror",2026-07-01,2026.0,7.0,1.0,3.0,True,False,45,Rupert Grint,2.0,Seidi Haarla,Pamela Tola,Pirkko Saisio,"Rupert Grint, Seidi Haarla, Pamela Tola, Pirkko Saisio, Rebecca Lacey",Hanna Bergholm,1,Hanna Bergholm,Daniel Kuitunen,18,Elokuvayhtiö Komeetta,4,4,FI,3,en,True,True,False
1321008,tt32315584,Black Box,Black Box,en,Released,1000000.0,224611.0,-775389,-77.5389,29.3349,False,6.052,87,0.8969744463373084,True,356,85,What happened to Flight 298?,True,True,Horror,Thriller,2,"Horror, Thriller","airplane, supernatural, airplane trip",2026-06-25,2026.0,6.0,25.0,2.0,True,False,22,Tom Brittney,2.0,Holly White,Betsy Blue-English,Dane Whyte O'Hara,"Tom Brittney, Holly White, Betsy Blue-English, Dane Whyte O'Hara, Kaja Chan",Steven Quale,1,Stephen Susco,Stephen Susco,72,Capstone Studios,3,1,US,1,en,True,True,False
920,tt0317219,Cars,Cars,en,Released,120000000.0,461983149.0,341983149,284.9859575,29.5399,False,7.051,15496,6.830601150287572,True,386,117,Ahhh... it's got that new movie smell.,True,True,Animation,Adventure,4,"Animation, Adventure, Comedy, Family","friendship, car race, sports, villain, success, route 66, porsche, retirement, road trip, anthropomorphism",2006-06-08,2006.0,6.0,8.0,2.0,True,False,86,Owen Wilson,2.0,Paul Newman,Bonnie Hunt,Larry the Cable Guy,"Owen Wilson, Paul Newman, Bonnie Hunt, Larry the Cable Guy, Cheech Marin",John Lasseter,1,John Lasseter,Darla K. Anderson,316,Pixar,1,1,US,4,en,True,True,True
14160,tt1049413,Up,Up,en,Released,175000000.0,735103954.0,560103954,320.0594022857143,27.0585,False,7.96,22111,7.783979479014639,True,274,96,Change is in the air.,True,True,Animation,Comedy,4,"Animation, Comedy, Family, Adventure","central and south america, age difference, villain, balloon, travel, dog, duringcreditsstinger, pets, death of wife, exploring",2009-05-28,2009.0,5.0,28.0,2.0,True,False,31,Ed Asner,2.0,Christopher Plummer,Jordan Nagai,Bob Peterson,"Ed Asner, Christopher Plummer, Jordan Nagai, Bob Peterson, Delroy Lindo",Pete Docter,1,Bob Peterson,Jonas Rivera,302,Pixar,1,1,US,1,en,True,True,False
20352,tt1323594,Despicable Me,Despicable Me,en,Released,69000000.0,543284256.0,474284256,687.3684869565217,28.5749,False,7.26,16368,7.044799620583353,True,319,95,Superbad. Superdad.,True,True,Animation,Comedy,5,"Animation, Comedy, Crime, Science Fiction, Family","moon, parent child relationship, orphanage, villain, adoptive father, satire, life's dream, rivalry, ballet, stealing",2010-07-08,2010.0,7.0,8.0,3.0,True,False,32,Steve Carell,2.0,Jason Segel,Russell Brand,Julie Andrews,"Steve Carell, Jason Segel, Russell Brand, Julie Andrews, Will Arnett",Pierre Coffin,2,Ken Daurio,Janet Healy,195,Illumination,2,1,US,1,en,True,True,True
425274,tt4712810,Now You See Me: Now You Don't,Now You See Me: Now You Don't,en,Released,90000000.0,243700000.0,153700000,170.77777777777777,28.9417,False,6.458,1812,5.061373702422146,True,310,112,Unlock the illusion.,True,True,Crime,Thriller,2,"Crime, Thriller","diamond, antwerp, sequel, diamond heist, misdirection, hidden agenda, sleight of hand, team up, absurd, condescending",2025-11-12,2025.0,11.0,12.0,4.0,True,False,33,Jesse Eisenberg,2.0,Dominic Sessa,Ariana Greenblatt,Justice Smith,"Jesse Eisenberg, Dominic Sessa, Ariana Greenblatt, Justice Smith, Rosamund Pike",Ruben Fleischer,1,Edward Ricourt,Bobby Cohen,42,Lionsgate,3,1,US,1,en,True,True,True
228150,tt2713180,Fury,Fury,en,Released,68000000.0,211817906.0,143817906,211.49692058823527,27.7602,False,7.545,13221,7.270056482763646,True,190,135,War never ends quietly.,True,False,War,Drama,3,"War, Drama, Action","hero, nazi, ambush, bravery, world war ii, heroism, tank, europe, execution, battle",2014-10-15,2014.0,10.0,15.0,4.0,True,False,51,Brad Pitt,2.0,Shia LaBeouf,Logan Lerman,Michael Peña,"Brad Pitt, Shia LaBeouf, Logan Lerman, Michael Peña, Jon Bernthal",David Ayer,1,David Ayer,Ethan Smith,115,Columbia Pictures,5,1,US,3,en,True,True,False
9806,tt0317705,The Incredibles,The Incredibles,en,Released,92000000.0,631442092.0,539442092,586.3501,26.4756,False,7.729,19286,7.533685130900637,True,234,115,Super strength can’t carry a family.,True,True,Action,Adventure,4,"Action, Adventure, Animation, Family","hero, secret identity, superhero, villain, family relationships, super power, supervillain, 3d animation, suspenseful, enthusiastic",2004-10-27,2004.0,10.0,27.0,4.0,True,False,53,Craig T. Nelson,2.0,Holly Hunter,Sarah Vowell,Spencer Fox,"Craig T. Nelson, Holly Hunter, Sarah Vowell, Spencer Fox, Jason Lee",Brad Bird,1,Mark Andrews,John Walker,351,Pixar,1,1,US,2,fr,True,True,True
1242898,tt31227572,Predator: Badlands,Predator: Badlands,en,Released,105000000.0,184500000.0,79500000,75.71428571428571,29.9998,False,7.835,3639,6.888515341870017,True,158,107,First hunt. Last chance.,True,True,Action,Science Fiction,3,"Action, Science Fiction, Adventure","sequel, survival, outcast, alien planet, spin off, casual, team up, vibrant, hostile alien wilderness, relentless hunt",2025-11-05,2025.0,11.0,5.0,4.0,True,False,10,Elle Fanning,1.0,Dimitrius Schuster-Koloamatangi,Ravi Narayan,Michael Homick,"Elle Fanning, Dimitrius Schuster-Koloamatangi, Ravi Narayan, Michael Homick, Stefan Grube",Dan Trachtenberg,1,John Thomas,John Davis,85,20th Century Studios,5,1,US,2,en,True,True,True
385687,tt5433140,Fast X,Fast X,en,Released,340000000.0,704709660.0,364709660,107.26754705882354,29.5388,False,6.982,6486,6.482286286859433,True,400,142,The end of the road begins.,True,True,Action,Crime,3,"Action, Crime, Thriller","sequel, revenge, betrayal, racing, family, cliffhanger, cars, bold, brisk, forceful",2023-05-17,2023.0,5.0,17.0,2.0,True,False,39,Vin Diesel,2.0,Michelle Rodriguez,Tyrese Gibson,Ludacris,"Vin Diesel, Michelle Rodriguez, Tyrese Gibson, Ludacris, John Cena",Louis Leterrier,1,Gary Scott Thompson,Justin Lin,237,Universal Pictures,4,1,US,2,en,True,True,True
1318447,tt16431404,Apex,Apex,en,Released,,,0,,30.0247,False,6.892,1918,5.466855252274607,True,153,96,Hunt. Survive.,True,True,Action,Thriller,2,"Action, Thriller","norway, cat and mouse, canoe trip, rock climbing, nutcase, survival instinct, australian wilderness, dangerous threat, extreme challenges, grieving woman",2026-04-24,2026.0,4.0,24.0,2.0,True,False,13,Charlize Theron,1.0,Taron Egerton,Eric Bana,Caitlin Stasey,"Charlize Theron, Taron Egerton, Eric Bana, Caitlin Stasey, Bessie Holland",Baltasar Kormákur,1,Jeremy Robbins,Baltasar Kormákur,73,Chernin Entertainment,4,3,US,1,en,True,True,False
122917,tt2310332,The Hobbit: The Battle of the Five Armies,The Hobbit: The Battle of the Five Armies,en,Released,250000000.0,956019788.0,706019788,282.4079152,27.7858,False,7.337,15736,7.111051490514905,True,395,144,Will you follow me... one last time?,True,True,Action,Adventure,3,"Action, Adventure, Fantasy","gold, corruption, based on novel or book, elves, dwarf, mine, mountain, sequel, troll, dragon",2014-12-10,2014.0,12.0,10.0,4.0,True,False,64,Ian McKellen,2.0,Martin Freeman,Richard Armitage,Orlando Bloom,"Ian McKellen, Martin Freeman, Richard Armitage, Orlando Bloom, Evangeline Lilly",Peter Jackson,1,J. R. R. Tolkien,Fran Walsh,163,New Line Cinema,3,2,NZ,1,en,True,True,True
68721,tt1300854,Iron Man 3,Iron Man 3,en,Released,200000000.0,1215577205.0,1015577205,507.78860249999997,27.0594,False,6.932,23860,6.789717569786536,True,136,130,Unleash the power behind the armor.,True,True,Action,Adventure,3,"Action, Adventure, Science Fiction","california, war on terror, superhero, malibu, based on comic, sequel, tennessee, billionaire, aftercreditsstinger, marvel cinematic universe (mcu)",2013-04-18,2013.0,4.0,18.0,2.0,True,False,109,Robert Downey Jr.,2.0,Gwyneth Paltrow,Don Cheadle,Guy Pearce,"Robert Downey Jr., Gwyneth Paltrow, Don Cheadle, Guy Pearce, Rebecca Hall",Shane Black,1,Drew Pearce,Kevin Feige,310,Marvel Studios,1,1,US,1,en,True,True,True
1462861,tt22406048,Spider Island,Spider Island,en,Released,,,0,,32.205,False,5.176,17,0.1701972920696325,True,121,0,"Eight legs, one bite, no chance",True,False,Comedy,Horror,2,"Comedy, Horror","tropical island, social media influencer",2026-08-28,2026.0,8.0,28.0,3.0,True,False,11,Rose Williams,1.0,Tim McInnerny,Avani Gregg,Abraham Lewis,"Rose Williams, Tim McInnerny, Avani Gregg, Abraham Lewis, Carlotta Banat",Christopher Smith,1,Christopher Jolley,Allan Niblo,19,Vertigo Films,3,1,GB,1,en,True,True,False
1054867,tt30144839,One Battle After Another,One Battle After Another,en,Released,175000000.0,209377100.0,34377100,19.644057142857143,26.0177,False,7.333,4231,6.558005284295076,True,309,162,"Some search for battle, others are born into it...",True,True,Thriller,Crime,3,"Thriller, Crime, Comedy","rebellion, based on novel or book, resistance, usa–mexico border, riot, interracial relationship, on the run, xenophobia, aftercreditsstinger, missing daughter",2025-09-23,2025.0,9.0,23.0,3.0,True,False,104,Leonardo DiCaprio,2.0,Sean Penn,Chase Infiniti,Benicio del Toro,"Leonardo DiCaprio, Sean Penn, Chase Infiniti, Benicio del Toro, Regina Hall",Paul Thomas Anderson,1,Paul Thomas Anderson,Adam Somner,394,Warner Bros. Pictures,3,1,US,3,en,True,True,False
675,tt0373889,Harry Potter and the Order of the Phoenix,Harry Potter and the Order of the Phoenix,en,Released,150000000.0,938212738.0,788212738,525.4751586666667,29.3377,False,7.673,21208,7.496267919660954,True,150,138,The rebellion begins.,True,True,Adventure,Fantasy,2,"Adventure, Fantasy","witch, dying and death, based on novel or book, court, magic, prophecy, loss of loved one, professor, supernatural, child hero",2007-07-08,2007.0,7.0,8.0,3.0,True,False,87,Daniel Radcliffe,2.0,Rupert Grint,Emma Watson,Imelda Staunton,"Daniel Radcliffe, Rupert Grint, Emma Watson, Imelda Staunton, Helena Bonham Carter",David Yates,1,Michael Goldenberg,David Heyman,123,Warner Bros. Pictures,2,2,GB,1,en,True,True,True
1078605,tt26581740,Weapons,Weapons,en,Released,38000000.0,269972492.0,231972492,610.4539263157894,27.3413,False,7.259,3914,6.436729950158587,True,181,129,"Last night at 2:17 AM, every child from Mrs. Gandy's class woke up, got out of bed, went downstairs, opened the front door, walked into the dark ...and they never came back.",True,True,Horror,Mystery,2,"Horror, Mystery","witch, small town, pennsylvania, usa, ritual, junkie, teacher, trance, witchcraft, clown makeup, multiple storylines",2025-08-04,2025.0,8.0,4.0,3.0,True,False,34,Julia Garner,1.0,Josh Brolin,Alden Ehrenreich,Austin Abrams,"Julia Garner, Josh Brolin, Alden Ehrenreich, Austin Abrams, Benedict Wong",Zach Cregger,1,Zach Cregger,Zach Cregger,136,Subconscious,5,1,US,1,en,True,True,True
2062,tt0382932,Ratatouille,Ratatouille,en,Released,150000000.0,623726000.0,473726000,315.81733333333335,27.4251,False,7.8,18921,7.599186447659749,True,276,111,He's dying to become a chef.,True,True,Animation,Comedy,4,"Animation, Comedy, Family, Fantasy","sibling relationship, paris, france, confidence, cooking, leaving one's family, restaurant, chef, nostalgic, unlikely friendship, french restaurant",2007-06-28,2007.0,6.0,28.0,2.0,True,False,26,Patton Oswalt,2.0,Ian Holm,Lou Romano,Brian Dennehy,"Patton Oswalt, Ian Holm, Lou Romano, Brian Dennehy, Peter Sohn",Brad Bird,1,Jan Pinkava,Bradford Lewis,401,Pixar,1,1,US,2,en,True,True,False
505642,tt9114286,Black Panther: Wakanda Forever,Black Panther: Wakanda Forever,en,Released,250000000.0,859102154.0,609102154,243.6408616,28.7265,False,6.993,7766,6.570002177594967,True,336,162,Forever.,True,True,Action,Adventure,3,"Action, Adventure, Science Fiction","hero, loss of loved one, superhero, royal family, based on comic, sequel, royalty, underwater, political intrigue , death in family",2022-11-09,2022.0,11.0,9.0,4.0,True,False,78,Letitia Wright,1.0,Tenoch Huerta Mejía,Lupita Nyong'o,Danai Gurira,"Letitia Wright, Tenoch Huerta Mejía, Lupita Nyong'o, Danai Gurira, Winston Duke",Ryan Coogler,1,Joe Robert Cole,Nate Moore,579,Marvel Studios,1,1,US,5,en,True,True,True
330457,tt4520988,Frozen II,Frozen II,en,Released,150000000.0,1453683476.0,1303683476,869.1223173333333,27.8331,False,7.225,10466,6.895572679190224,True,116,103,The past is not what it seems.,True,True,Family,Animation,5,"Family, Animation, Adventure, Comedy, Fantasy","princess, magic, kingdom, winter, queen, castle, musical, sequel, dam, spirit",2019-11-20,2019.0,11.0,20.0,4.0,True,False,64,Kristen Bell,1.0,Idina Menzel,Josh Gad,Evan Rachel Wood,"Kristen Bell, Idina Menzel, Josh Gad, Evan Rachel Wood, Jonathan Groff",Jennifer Lee,2,Allison Schroeder,Peter Del Vecho,43,Walt Disney Animation Studios,1,1,US,1,en,True,True,True
977942,tt36983905,The Uprising,The Uprising,en,Released,,3250000.0,3250000,,25.5819,False,7.1,10,0.1392156862745098,True,188,128,Rise or die.,True,True,Drama,Action,3,"Drama, Action, History","rebellion, peasant, based on true story, farmer, medieval, revolt, plague, medieval england, 14th century, 1300s",2026-09-10,2026.0,9.0,10.0,3.0,True,False,25,Andrew Garfield,2.0,Jamie Bell,Stephen Dillane,Tom Hollander,"Andrew Garfield, Jamie Bell, Stephen Dillane, Tom Hollander, Cosmo Jarvis",Paul Greengrass,1,Paul Greengrass,Jason Blum,32,Blumhouse Productions,6,3,DE,1,en,True,True,False
49013,tt1216475,Cars 2,Cars 2,en,Released,200000000.0,559852396.0,359852396,179.926198,28.0898,False,6.188,8682,5.8510363755173165,True,239,106,The mission begins.,True,True,Animation,Family,4,"Animation, Family, Adventure, Comedy","car race, sports, spy, villain, sequel, anthropomorphism, best friend, british spy, duringcreditsstinger, angry",2011-06-11,2011.0,6.0,11.0,2.0,True,False,45,Larry the Cable Guy,2.0,Owen Wilson,Michael Caine,Emily Mortimer,"Larry the Cable Guy, Owen Wilson, Michael Caine, Emily Mortimer, Suzy Eddie Izzard",John Lasseter,1,Ben Queen,Denise Ream,235,Pixar,2,1,US,5,en,True,True,True
1569947,tt37594278,The Priest: Thanksgiving Massacre,The Priest: Thanksgiving Massacre,en,Released,,,0,,32.6755,False,3.806,72,0.47907692307692307,True,235,83,The Thanksgiving offering.,True,True,Horror,None,1,Horror,"thanksgiving, cannibalism, pilgrims, killer priest",2025-08-08,2025.0,8.0,8.0,3.0,True,False,7,Jo Krayer,0.0,Liz Soutar,Holly Higbee,Brooklyn Ross,"Jo Krayer, Liz Soutar, Holly Higbee, Brooklyn Ross, Dani Thompson",Steve Lawson,1,Steve Lawson,Unknown,5,Creativ Studios,1,1,GB,1,en,True,True,False
359410,tt3359350,Road House,Road House,en,Released,85000000.0,,-85000000,-100.0,28.2696,False,6.944,3227,6.012419640461498,True,132,121,Take it outside.,True,True,Action,Thriller,3,"Action, Thriller, Drama","florida keys, mixed martial arts (mma), remake, bouncer, fighting, duringcreditsstinger, ufc, lighthearted",2024-03-08,2024.0,3.0,8.0,1.0,True,False,51,Jake Gyllenhaal,2.0,Conor McGregor,Billy Magnussen,Travis Van Winkle,"Jake Gyllenhaal, Conor McGregor, Billy Magnussen, Travis Van Winkle, Darren Barnet",Doug Liman,1,Anthony Bagarozzi,Joel Silver,230,Silver Pictures,2,1,US,1,en,True,True,True
1087192,tt26743210,How to Train Your Dragon,How to Train Your Dragon,en,Released,150000000.0,636351148.0,486351148,324.2340986666667,26.969,False,7.934,3107,6.834194067091767,True,312,125,The legend is real.,True,True,Fantasy,Family,4,"Fantasy, Family, Action, Adventure","flying, vikings (norsemen), remake, dragon, battle, warrior, live action remake, reminiscent",2025-06-06,2025.0,6.0,6.0,2.0,True,False,23,Mason Thames,2.0,Nico Parker,Gerard Butler,Nick Frost,"Mason Thames, Nico Parker, Gerard Butler, Nick Frost, Gabriel Howell",Dean DeBlois,1,Dean DeBlois,Adam Siegel,107,DreamWorks Animation,2,1,US,1,en,True,True,True
577922,tt6723592,Tenet,Tenet,en,Released,205000000.0,365304105.0,160304105,78.1971243902439,21.7954,False,7.171,11505,6.872332778009162,True,223,150,Time runs out.,True,True,Action,Thriller,3,"Action, Thriller, Science Fiction","assassin, espionage, spy, time travel, mumbai (bombay), india, arms dealer, terrorism, terrorist attack, nuclear weapons, terrorist plot",2020-08-22,2020.0,8.0,22.0,3.0,True,False,61,John David Washington,2.0,Robert Pattinson,Elizabeth Debicki,Kenneth Branagh,"John David Washington, Robert Pattinson, Elizabeth Debicki, Kenneth Branagh, Dimple Kapadia",Christopher Nolan,1,Christopher Nolan,Christopher Nolan,491,Warner Bros. Pictures,2,2,GB,4,en,True,True,False
453395,tt9419884,Doctor Strange in the Multiverse of Madness,Doctor Strange in the Multiverse of Madness,en,Released,295400000.0,955775804.0,660375804,223.55308192281652,26.3617,False,7.224,10802,6.904410546805875,True,185,126,Enter a new dimension of Strange.,True,True,Fantasy,Action,3,"Fantasy, Action, Adventure","magic, superhero, based on comic, alternative reality, aftercreditsstinger, duringcreditsstinger, marvel cinematic universe (mcu)",2022-05-04,2022.0,5.0,4.0,2.0,True,False,62,Benedict Cumberbatch,2.0,Xochitl Gomez,Elizabeth Olsen,Chiwetel Ejiofor,"Benedict Cumberbatch, Xochitl Gomez, Elizabeth Olsen, Chiwetel Ejiofor, Benedict Wong",Sam Raimi,1,Stan Lee,Kevin Feige,451,Marvel Studios,2,1,US,3,cn,True,True,True
466272,tt7131622,Once Upon a Time... in Hollywood,Once Upon a Time... in Hollywood,en,Released,95000000.0,393869691.0,298869691,314.59967473684213,27.2607,False,7.4,15222,7.164660984607557,True,333,162,"In this town, it can all change… Like that.",True,True,Comedy,Drama,3,"Comedy, Drama, Thriller","movie business, male friendship, cult, based on true story, celebrity, fame, hollywood, los angeles, california, historical fiction, period drama",2019-07-24,2019.0,7.0,24.0,3.0,True,False,103,Leonardo DiCaprio,2.0,Brad Pitt,Margot Robbie,Emile Hirsch,"Leonardo DiCaprio, Brad Pitt, Margot Robbie, Emile Hirsch, Margaret Qualley",Quentin Tarantino,1,Quentin Tarantino,Shannon McIntosh,226,Heyday Films,3,3,CN,3,en,True,True,True
767036,,The Choice,La scelta,it,Released,,,0,,27.1172,False,0.0,0,0.0,True,234,13,,False,False,Drama,None,1,Drama,,2020-11-15,2020.0,11.0,15.0,4.0,True,False,2,Marco Mottai,0.0,Erik Bernasconi,None,None,"Marco Mottai, Erik Bernasconi",Giorgi Varsimashvili,1,Unknown,Unknown,4,Independent,0,1,CH,1,it,True,False,False
210577,tt2267998,Gone Girl,Gone Girl,en,Released,61000000.0,370890259.0,309890259,508.0168180327869,27.2003,False,7.889,20386,7.700141434453702,True,169,149,You don't know what you've got 'til it's...,True,True,Mystery,Thriller,3,"Mystery, Thriller, Drama","infidelity, based on novel or book, wife, marriage crisis, investigation, disappearance, psychological thriller, whodunit, cynical, missing person",2014-10-01,2014.0,10.0,1.0,4.0,True,False,72,Ben Affleck,2.0,Rosamund Pike,Neil Patrick Harris,Tyler Perry,"Ben Affleck, Rosamund Pike, Neil Patrick Harris, Tyler Perry, Carrie Coon",David Fincher,1,Gillian Flynn,Reese Witherspoon,128,20th Century Fox,3,1,US,1,en,True,True,False
10193,tt0435761,Toy Story 3,Toy Story 3,en,Released,200000000.0,1067316101.0,867316101,433.65805049999994,27.3447,False,7.815,16204,7.581073994252874,True,247,103,No toy gets left behind.,True,True,Animation,Family,3,"Animation, Family, Comedy","escape, hostage, college, villain, sequel, buddy, daycare, teddy bear, duringcreditsstinger, toy comes to life",2010-06-16,2010.0,6.0,16.0,2.0,True,False,59,Tom Hanks,2.0,Tim Allen,Joan Cusack,Don Rickles,"Tom Hanks, Tim Allen, Joan Cusack, Don Rickles, Wallace Shawn",Lee Unkrich,1,Nick Sung,Darla K. Anderson,226,Pixar,1,1,US,2,en,True,True,True
1765072,tt45368240,You Can See Everything,You Can See Everything,en,Released,,,0,,22.5953,False,0.0,0,0.0,True,269,174,,False,True,Documentary,None,1,Documentary,"husband wife relationship, texas, business woman, disgraced, documentary, nathan fielder, fraudster, 3 years, lance oppenheim, elizabeth holmes",2026-10-16,2026.0,10.0,16.0,4.0,True,False,8,Elizabeth Holmes,1.0,Nathan Fielder,Billy Evans,Amanda Seyfried,"Elizabeth Holmes, Nathan Fielder, Billy Evans, Amanda Seyfried, Christopher Abbott",Nathan Fielder,2,Unknown,Lance Oppenheim,16,Blow Out Productions,2,1,US,1,en,True,True,False
131631,tt1951265,The Hunger Games: Mockingjay - Part 1,The Hunger Games: Mockingjay - Part 1,en,Released,125000000.0,755356711.0,630356711,504.2853688,25.9595,False,6.8,16995,6.605658759645613,True,428,123,Fire burns brighter in the darkness.,True,True,Science Fiction,Adventure,3,"Science Fiction, Adventure, Thriller","based on novel or book, resistance, dystopia, post-apocalyptic future, sequel, female protagonist, bow and arrow, game, future war, revolt",2014-11-19,2014.0,11.0,19.0,4.0,True,False,50,Jennifer Lawrence,1.0,Josh Hutcherson,Liam Hemsworth,Woody Harrelson,"Jennifer Lawrence, Josh Hutcherson, Liam Hemsworth, Woody Harrelson, Elizabeth Banks",Francis Lawrence,1,Suzanne Collins,Nina Jacobson,213,Lionsgate,2,1,US,1,en,True,True,True
244786,tt2582802,Whiplash,Whiplash,en,Released,3300000.0,50307484.0,47007484,1424.4692121212122,27.5319,False,8.375,17063,8.136572624266925,True,130,107,The road to greatness can take you to the edge.,True,True,Drama,Music,3,"Drama, Music, Thriller","new york city, jazz, musician, obsession, music teacher, conservatory, drums, montage, perfectionist, public humiliation",2014-10-10,2014.0,10.0,10.0,4.0,True,False,39,Miles Teller,2.0,J.K. Simmons,Paul Reiser,Melissa Benoist,"Miles Teller, J.K. Simmons, Paul Reiser, Melissa Benoist, Austin Stowell",Damien Chazelle,1,Damien Chazelle,David Lancaster,118,Bold Films,3,1,US,1,en,True,True,False
324786,tt2119532,Hacksaw Ridge,Hacksaw Ridge,en,Released,40000000.0,175302354.0,135302354,338.25588500000003,22.3106,False,8.193,15281,7.933415689753501,True,215,139,One of the greatest heroes in American history never fired a bullet.,True,True,Drama,History,3,"Drama, History, War","japan, hero, world war ii, abusive father, pacifism, bible, gore, vegetarian, biography, based on true story",2016-10-07,2016.0,10.0,7.0,4.0,True,False,94,Andrew Garfield,2.0,Sam Worthington,Vince Vaughn,Teresa Palmer,"Andrew Garfield, Sam Worthington, Vince Vaughn, Teresa Palmer, Luke Bracey",Mel Gibson,1,Robert Schenkkan,Bruce Davey,133,Summit Entertainment,11,3,AU,2,ja,True,True,False
106646,tt0993846,The Wolf of Wall Street,The Wolf of Wall Street,en,Released,100000000.0,407039432.0,307039432,307.03943200000003,28.2275,False,8.026,26505,7.877397889279763,True,200,180,Earn. Spend. Party.,True,True,Crime,Drama,3,"Crime, Drama, Comedy","corruption, based on novel or book, drug addiction, anti hero, con man, fraud, wall street, biography, based on true story, rise and fall",2013-12-25,2013.0,12.0,25.0,4.0,True,False,180,Leonardo DiCaprio,2.0,Jonah Hill,Margot Robbie,Matthew McConaughey,"Leonardo DiCaprio, Jonah Hill, Margot Robbie, Matthew McConaughey, Kyle Chandler",Martin Scorsese,1,Terence Winter,Riza Aziz,239,Red Granite Pictures,4,1,US,2,en,True,True,False
260514,tt3606752,Cars 3,Cars 3,en,Released,175000000.0,383925276.0,208925276,119.38587199999999,26.006,False,6.866,6567,6.380221027310032,True,443,102,It's not over until lightning strikes.,True,True,Animation,Drama,4,"Animation, Drama, Family, Adventure","sports, trainer, villain, sequel, anthropomorphism, travel, racing, high tech, aftercreditsstinger, serious",2017-06-15,2017.0,6.0,15.0,2.0,True,False,80,Owen Wilson,2.0,Cristela Alonzo,Chris Cooper,Nathan Fillion,"Owen Wilson, Cristela Alonzo, Chris Cooper, Nathan Fillion, Larry the Cable Guy",Brian Fee,1,Christian Roman,Kevin Reher,205,Pixar,1,1,US,1,en,True,True,True
26827,tt0094321,Who's That Girl,Who's That Girl,en,Released,18500000.0,7305209.0,-11194791,-60.51238378378378,19.573,False,5.513,261,1.8907923784494087,True,191,93,A funny thing happened on the way to the bus station.,True,False,Comedy,Romance,2,"Comedy, Romance","new york city, release from prison, falsely accused, puma, lawyer, screwball comedy, innocent woman, eccentric woman, lighthearted, free-spirited woman",1987-08-07,1987.0,8.0,7.0,3.0,True,False,56,Madonna,1.0,Griffin Dunne,Bibi Besch,John McMartin,"Madonna, Griffin Dunne, Bibi Besch, John McMartin, John Mills",James Foley,1,Ken Finkleman,Rosilyn Heller,38,Warner Bros. Pictures,2,1,US,1,en,True,True,False
950387,tt3566834,A Minecraft Movie,A Minecraft Movie,en,Released,150000000.0,960387780.0,810387780,540.25852,27.9229,False,6.225,3281,5.401805078021687,True,327,101,Be there and be square.,True,True,Family,Fantasy,4,"Family, Fantasy, Comedy, Adventure","friendship, village, surrealism, exploration, portal, miner, friends, survival, zombie, based on video game",2025-03-31,2025.0,3.0,31.0,1.0,True,False,39,Jason Momoa,2.0,Jack Black,Sebastian Eugene Hansen,Emma Myers,"Jason Momoa, Jack Black, Sebastian Eugene Hansen, Emma Myers, Danielle Brooks",Jared Hess,1,Hubbel Palmer,Roy Lee,228,Warner Bros. Pictures,6,2,SE,1,en,True,True,True
111,tt0086250,Scarface,Scarface,en,Released,25000000.0,66023329.0,41023329,164.093316,22.9125,False,8.151,13409,7.857988280969156,True,469,170,He loved the American Dream. With a vengeance.,True,True,Action,Crime,3,"Action, Crime, Drama","corruption, sibling relationship, miami, florida, cuba, loss of loved one, gangster, cocaine, rise and fall, remake, tragedy",1983-12-09,1983.0,12.0,9.0,4.0,True,False,104,Al Pacino,2.0,Steven Bauer,Michelle Pfeiffer,Mary Elizabeth Mastrantonio,"Al Pacino, Steven Bauer, Michelle Pfeiffer, Mary Elizabeth Mastrantonio, Robert Loggia",Brian De Palma,1,Oliver Stone,Martin Bregman,117,Universal Pictures,2,1,US,2,en,True,True,False
549509,tt8999762,The Brutalist,The Brutalist,en,Released,9600000.0,50145227.0,40545227,422.34611458333336,28.0512,False,6.928,1806,5.425831743278405,True,264,215,Welcome to America.,True,True,Drama,None,1,Drama,"new york city, immigrant, husband wife relationship, philadelphia, pennsylvania, venice, italy, capitalism, pennsylvania, usa, drug addiction, architect, american dream",2024-12-20,2024.0,12.0,20.0,4.0,True,False,38,Adrien Brody,2.0,Felicity Jones,Guy Pearce,Joe Alwyn,"Adrien Brody, Felicity Jones, Guy Pearce, Joe Alwyn, Raffey Cassidy",Brady Corbet,1,Brady Corbet,Nick Gordon,201,Brookstreet Pictures,9,2,GB,6,ru,True,True,False
866398,tt15314262,The Beekeeper,The Beekeeper,en,Released,35000000.0,162619535.0,127619535,364.62724285714285,26.9523,False,7.278,4524,6.553676751592357,True,167,106,Expose the corruption. Protect the hive.,True,True,Action,Adventure,4,"Action, Adventure, Crime, Thriller","massachusetts, secret government organization, government conspiracy, hand to hand combat, vengeance, fbi agent, beekeepers, scam call center, retired assassin, revenge mission",2024-01-08,2024.0,1.0,8.0,1.0,True,False,42,Jason Statham,2.0,Emmy Raver-Lampman,Josh Hutcherson,Jeremy Irons,"Jason Statham, Emmy Raver-Lampman, Josh Hutcherson, Jeremy Irons, Bobby Naderi",David Ayer,1,Kurt Wimmer,Jason Statham,180,Miramax,3,2,GB,1,en,True,True,True
1483525,tt37803364,Possible Love,가능한 사랑,ko,Released,,,0,,30.7415,False,0.0,0,0.0,True,121,165,,False,True,Drama,None,1,Drama,,2026-09-23,2026.0,9.0,23.0,3.0,True,False,5,Jeon Do-yeon,1.0,Sul Kyung-gu,Zo In-sung,Cho Yeo-jeong,"Jeon Do-yeon, Sul Kyung-gu, Zo In-sung, Cho Yeo-jeong, Jo Yuri",Lee Chang-dong,1,Lee Chang-dong,Lee Joon-dong,24,Pinehouse Film,3,2,KR,1,ko,True,True,False
11324,tt1130884,Shutter Island,Shutter Island,en,Released,80000000.0,294804195.0,214804195,268.50524375,26.438,False,8.197,26406,8.044673381401918,True,219,138,Someone is missing.,True,True,Drama,Thriller,3,"Drama, Thriller, Mystery","island, based on novel or book, concentration camp, hurricane, investigation, psychiatric hospital, mental institution, escaped patient, psychologist, psychological thriller",2010-02-14,2010.0,2.0,14.0,1.0,True,False,44,Leonardo DiCaprio,2.0,Mark Ruffalo,Ben Kingsley,Max von Sydow,"Leonardo DiCaprio, Mark Ruffalo, Ben Kingsley, Max von Sydow, Michelle Williams",Martin Scorsese,1,Dennis Lehane,Bradley J. Fischer,138,Paramount Pictures,4,1,US,2,en,True,True,False
637649,tt11083552,Wrath of Man,Wrath of Man,en,Released,40000000.0,103966489.0,63966489,159.9162225,27.6937,False,7.571,6294,7.013817191639681,True,327,119,A one man army.,True,True,Thriller,Crime,3,"Thriller, Crime, Drama","crime boss, armored car, remake, revenge, shootout, shooter, los angeles, california, security guard, armored car robbery, marksman",2021-04-22,2021.0,4.0,22.0,2.0,True,False,41,Jason Statham,2.0,Holt McCallany,Rocci Williams,Josh Hartnett,"Jason Statham, Holt McCallany, Rocci Williams, Josh Hartnett, Jeffrey Donovan",Guy Ritchie,1,Éric Besnard,Guy Ritchie,124,Miramax,2,2,GB,1,en,True,True,False
101,tt0110413,Léon: The Professional,Léon,fr,Released,16000000.0,20330788.0,4330788,27.067425,25.2352,False,8.292,16498,8.04808895164137,True,313,111,"If you want the job done right, hire a professional.",True,False,Crime,Drama,3,"Crime, Drama, Action","hotel room, new york city, immigrant, assassin, police brutality, corruption, s.w.a.t., hitman, loss of loved one, gangster",1994-09-14,1994.0,9.0,14.0,3.0,True,False,55,Jean Reno,2.0,Natalie Portman,Gary Oldman,Danny Aiello,"Jean Reno, Natalie Portman, Gary Oldman, Danny Aiello, Peter Appel",Luc Besson,1,Luc Besson,Patrice Ledoux,50,Gaumont,2,1,FR,3,en,True,True,False
107501,tt1130055,Tarzan in the City,Tarsan Kota,id,Released,,,0,,24.3299,False,8.0,1,0.015968063872255488,True,393,90,,False,False,Comedy,Adventure,2,"Comedy, Adventure","tarzan, indonesia, jungle",1974-09-04,1974.0,9.0,4.0,3.0,True,False,7,Benyamin Sueb,2.0,Ida Royani,Awaludin,Tan Tjeng Bok,"Benyamin Sueb, Ida Royani, Awaludin, Tan Tjeng Bok, Eddy Gombloh",Lilik Sudjio,1,Lilik Sudjio,Unknown,6,Adhi Yasa Film,1,1,ID,1,id,True,True,False
286217,tt3659388,The Martian,The Martian,en,Released,108000000.0,631058917.0,523058917,484.31381203703705,24.6727,False,7.707,21794,7.534150802906612,True,343,141,Bring him home.,True,True,Science Fiction,Drama,3,"Science Fiction, Drama, Adventure","spacecraft, planet mars, based on novel or book, nasa, isolation, botanist, survival, space, engineering, stranded",2015-09-30,2015.0,9.0,30.0,3.0,True,False,54,Matt Damon,2.0,Jessica Chastain,Kristen Wiig,Jeff Daniels,"Matt Damon, Jessica Chastain, Kristen Wiig, Jeff Daniels, Michael Peña",Ridley Scott,1,Drew Goddard,Aditya Sood,725,Genre Films,4,1,US,2,en,True,True,False
346698,tt1517268,Barbie,Barbie,en,Released,145000000.0,1447138421.0,1302138421,898.0264972413794,25.1595,False,6.909,11546,6.622224306823842,True,229,114,She's everything. He's just Ken.,True,True,Comedy,Adventure,3,"Comedy, Adventure, Fantasy","feminism, satire, patriarchy, social satire, based on toy, female protagonist, fish out of water, womanhood, doll, reality vs fantasy",2023-07-19,2023.0,7.0,19.0,3.0,True,False,166,Margot Robbie,1.0,Ryan Gosling,America Ferrera,Ariana Greenblatt,"Margot Robbie, Ryan Gosling, America Ferrera, Ariana Greenblatt, Issa Rae",Greta Gerwig,1,Noah Baumbach,Robbie Brenner,239,LuckyChap Entertainment,5,2,GB,1,en,True,True,False
857,tt0120815,Saving Private Ryan,Saving Private Ryan,en,Released,70000000.0,481840909.0,411840909,588.3441557142858,25.6267,False,8.233,17757,8.00752483978748,True,249,169,The mission is a man.,True,False,War,Drama,3,"War, Drama, History","dying and death, self sacrifice, bravery, world war ii, duty, normandy, france, troops, waffen ss, omaha beach, rescue mission",1998-07-24,1998.0,7.0,24.0,3.0,True,False,101,Tom Hanks,2.0,Tom Sizemore,Edward Burns,Barry Pepper,"Tom Hanks, Tom Sizemore, Edward Burns, Barry Pepper, Adam Goldberg",Steven Spielberg,1,Robert Rodat,Mark Gordon,215,DreamWorks Pictures,4,1,US,4,cs,True,True,False
299710,tt3242418,Being 14,À 14 ans,fr,Released,,,0,,21.0792,False,4.1,65,0.47168141592920354,True,187,90,,False,False,Drama,None,1,Drama,woman director,2015-02-25,2015.0,2.0,25.0,1.0,True,False,9,Athalia Routier,0.0,Galatea Bellugi,Najaa Bensaid,Kevin Château,"Athalia Routier, Galatea Bellugi, Najaa Bensaid, Kevin Château, Louis Jacq",Hélène Zimmer,1,Hélène Zimmer,Kristina Larsen,8,Les Films du Lendemain,1,1,FR,1,fr,True,True,False
1630409,tt39749953,The Debt Collector,คนเดือดทวงแค้น,th,Released,,,0,,27.8967,False,7.989,133,1.6785734597156399,True,149,134,"A debt can be settled, but not erased.",True,True,Action,Thriller,3,"Action, Thriller, Crime",,2026-07-20,2026.0,7.0,20.0,3.0,True,False,32,Nadech Kugimiya,2.0,Pittaya Saechua,Chaiwat Thongsaeng,Nuanprang Treechit,"Nadech Kugimiya, Pittaya Saechua, Chaiwat Thongsaeng, Nuanprang Treechit, Jonathan Holman",Surapong Ploensang,1,Ornusa Donsawai,Nalina Chayasombat,31,Jungka Bangkok,1,1,TH,1,th,True,True,False
285,tt0449088,Pirates of the Caribbean: At World's End,Pirates of the Caribbean: At World's End,en,Released,300000000.0,961691209.0,661691209,220.56373633333334,27.4071,False,7.278,15812,7.054912702305051,True,519,169,"At the end of the world, the adventure begins.",True,True,Adventure,Fantasy,3,"Adventure, Fantasy, Action","exotic island, strong woman, love of one's life, afterlife, traitor, singapore, shipwreck, sequel, sword fight, pirate",2007-05-19,2007.0,5.0,19.0,2.0,True,False,84,Johnny Depp,2.0,Geoffrey Rush,Orlando Bloom,Keira Knightley,"Johnny Depp, Geoffrey Rush, Orlando Bloom, Keira Knightley, Jack Davenport",Gore Verbinski,1,Ted Elliott,Jerry Bruckheimer,209,Jerry Bruckheimer Films,3,1,US,1,en,True,True,True
1656061,tt39315819,Immortal Combat,Immortal Combat,en,Released,,,0,,21.7307,False,4.81,21,0.1938771593090211,True,272,88,The World's Greatest Warriors...Fight To The Death,True,True,Action,Science Fiction,3,"Action, Science Fiction, Adventure",,2026-04-24,2026.0,4.0,24.0,2.0,True,False,19,Dominique Swain,1.0,Eve Fournier,Roxanne G.C. Brooks,Charlit Dae,"Dominique Swain, Eve Fournier, Roxanne G.C. Brooks, Charlit Dae, Samuel Selman",Monroe Robertson,1,Ryan Ebert,David Michael Latt,16,The Asylum,1,1,US,1,en,True,True,False
1159559,tt27047903,Scream 7,Scream 7,en,Released,45000000.0,213835967.0,168835967,375.19103777777775,27.4904,False,6.232,1272,4.473534988713318,True,293,114,Burn it all down.,True,True,Horror,Mystery,3,"Horror, Mystery, Crime","mask, indiana, usa, artificial intelligence (a.i.), sequel, murder, serial killer, slasher, whodunit, killing spree, self-referential",2026-02-25,2026.0,2.0,25.0,1.0,True,False,32,Neve Campbell,1.0,Courteney Cox,Isabel May,Jasmin Savoy Brown,"Neve Campbell, Courteney Cox, Isabel May, Jasmin Savoy Brown, Mason Gooding",Kevin Williamson,1,Guy Busick,William Sherak,101,Paramount Pictures,3,1,US,1,en,True,True,True
269149,tt2948356,Zootopia,Zootopia,en,Released,150000000.0,1025521689.0,875521689,583.6811260000001,23.5961,False,7.765,18513,7.560797612160101,True,220,109,Welcome to the urban jungle.,True,True,Animation,Adventure,4,"Animation, Adventure, Family, Comedy","sheep, allegory, lion, hippopotamus, cartoon, villain, bullying, polar bear, con artist, anthropomorphism",2016-02-11,2016.0,2.0,11.0,1.0,True,False,50,Ginnifer Goodwin,1.0,Jason Bateman,Idris Elba,Jenny Slate,"Ginnifer Goodwin, Jason Bateman, Idris Elba, Jenny Slate, Nate Torrence",Byron Howard,2,Jared Bush,Clark Spencer,394,Walt Disney Animation Studios,1,1,US,1,en,True,True,True
539972,tt8790086,Kraven the Hunter,Kraven the Hunter,en,Released,130000000.0,62076533.0,-67923467,-52.24882076923076,25.6207,False,6.416,2495,5.344881469115192,True,246,127,Villains aren't born. They're made.,True,True,Action,Adventure,3,"Action, Adventure, Thriller","hunter, superhero, anti hero, villain, based on comic, supervillain, intense, admiring, ominous",2024-12-11,2024.0,12.0,11.0,4.0,True,False,59,Aaron Taylor-Johnson,2.0,Ariana DeBose,Fred Hechinger,Alessandro Nivola,"Aaron Taylor-Johnson, Ariana DeBose, Fred Hechinger, Alessandro Nivola, Christopher Abbott",J.C. Chandor,1,Art Marcum,David B. Householter,129,Columbia Pictures,4,1,US,3,en,True,True,False
396535,tt5700672,Train to Busan,부산행,ko,Released,8500000.0,87547518.0,79047518,929.9708,28.5511,False,7.749,8724,7.328954466608846,True,137,118,Life-or-death survival begins.,True,True,Action,Horror,4,"Action, Horror, Thriller, Adventure","halloween, zombie, train, survival horror, pandemic, busan, south korea, south korea",2016-07-20,2016.0,7.0,20.0,3.0,True,False,52,Gong Yoo,2.0,Kim Su-an,Jung Yu-mi,Don Lee,"Gong Yoo, Kim Su-an, Jung Yu-mi, Don Lee, Choi Woo-shik",Yeon Sang-ho,1,Yeon Sang-ho,Kim Yeon-ho,52,Next Entertainment World,5,1,KR,1,ko,True,True,True
1198994,tt8036976,Send Help,Send Help,en,Released,40000000.0,94041481.0,54041481,135.1037025,27.0222,False,7.028,2281,5.764425746134483,True,239,113,Meet Linda Liddle... She's from strategy and planning. She's the boss now.,True,True,Horror,Thriller,3,"Horror, Thriller, Comedy","bullying, role reversal, survival, struggle for survival, survival horror, deserted island, power struggle, colleagues, bullying in the workplace, plane crash",2026-01-22,2026.0,1.0,22.0,1.0,True,False,16,Rachel McAdams,1.0,Dylan O'Brien,Edyll Ismail,Xavier Samuel,"Rachel McAdams, Dylan O'Brien, Edyll Ismail, Xavier Samuel, Dennis Haysbert",Sam Raimi,1,Damian Shannon,Zainab Azizi,45,Raimi Productions,3,1,US,2,en,True,True,False
1032863,tt22526100,The Love Hypothesis,The Love Hypothesis,en,Post Production,,,0,,27.8695,False,0.0,0,0.0,True,216,0,Fake dating. Real chemistry.,True,True,Romance,Comedy,2,"Romance, Comedy","based on novel or book, romcom, love, pretend relationship",2026-09-23,2026.0,9.0,23.0,3.0,False,False,12,Lili Reinhart,1.0,Tom Bateman,Rachel Marsh,Jaboukie Young-White,"Lili Reinhart, Tom Bateman, Rachel Marsh, Jaboukie Young-White, Nicholas Duvernay",Claire Scanlon,1,Sarah Rothschild,Elizabeth Cantillon,10,MRC,4,1,US,1,en,True,True,False
383498,tt5463162,Deadpool 2,Deadpool 2,en,Released,110000000.0,785896632.0,675896632,614.4514836363636,25.3839,False,7.488,19639,7.302092060181737,True,108,120,Prepare for the Second Coming.,True,True,Action,Comedy,3,"Action, Comedy, Adventure","hero, superhero, mutant, mercenary, based on comic, sequel, breaking the fourth wall, aftercreditsstinger, duringcreditsstinger, joyful",2018-05-15,2018.0,5.0,15.0,2.0,True,False,72,Ryan Reynolds,2.0,Josh Brolin,Morena Baccarin,Julian Dennison,"Ryan Reynolds, Josh Brolin, Morena Baccarin, Julian Dennison, Zazie Beetz",David Leitch,1,Paul Wernick,Simon Kinberg,523,Maximum Effort,4,1,US,4,cn,True,True,True
214756,tt2637276,Ted 2,Ted 2,en,Released,68000000.0,215863606.0,147863606,217.44647941176473,25.6052,False,6.326,8160,5.960757505773672,True,150,115,Thunder buddies for life.,True,True,Comedy,Fantasy,2,"Comedy, Fantasy","sperm bank, sequel, buddy, courthouse, teddy bear, aftercreditsstinger, toy comes to life, provocative, high concept comedy",2015-06-25,2015.0,6.0,25.0,2.0,True,False,118,Mark Wahlberg,2.0,Seth MacFarlane,Amanda Seyfried,Jessica Barth,"Mark Wahlberg, Seth MacFarlane, Amanda Seyfried, Jessica Barth, Giovanni Ribisi",Seth MacFarlane,1,Seth MacFarlane,Jason Clark,103,Smart Entertainment,5,1,US,1,en,True,True,True
10195,tt0800369,Thor,Thor,en,Released,150000000.0,449326618.0,299326618,199.55107866666665,24.771,False,6.772,22783,6.626572005325774,True,350,115,Courage is immortal.,True,True,Adventure,Fantasy,3,"Adventure, Fantasy, Action","new mexico, superhero, redemption, banishment, based on comic, brother against brother, norse mythology, aftercreditsstinger, marvel cinematic universe (mcu), worlds collide",2011-04-21,2011.0,4.0,21.0,2.0,True,False,56,Chris Hemsworth,2.0,Natalie Portman,Tom Hiddleston,Anthony Hopkins,"Chris Hemsworth, Natalie Portman, Tom Hiddleston, Anthony Hopkins, Stellan Skarsgård",Kenneth Branagh,1,Don Payne,Kevin Feige,364,Marvel Studios,2,1,US,1,en,True,True,True
284053,tt3501632,Thor: Ragnarok,Thor: Ragnarok,en,Released,180000000.0,855301806.0,675301806,375.16767,26.6165,False,7.58,22465,7.414966252993686,True,264,131,No hammer. No problem.,True,True,Action,Science Fiction,4,"Action, Science Fiction, Comedy, Adventure","superhero, death of father, based on comic, sequel, alien planet, female villain, norse mythology, aftercreditsstinger, duringcreditsstinger, marvel cinematic universe (mcu)",2017-10-02,2017.0,10.0,2.0,4.0,True,False,55,Chris Hemsworth,2.0,Mark Ruffalo,Tom Hiddleston,Cate Blanchett,"Chris Hemsworth, Mark Ruffalo, Tom Hiddleston, Cate Blanchett, Idris Elba",Taika Waititi,1,Craig Kyle,Kevin Feige,268,Marvel Studios,1,1,US,1,en,True,True,True
82023,tt2080323,Hotel Desire,Hotel Desire,de,Released,230758.0,,-230758,-100.0,23.2956,False,6.2,164,1.5313253012048194,True,213,38,,False,False,Drama,Romance,2,"Drama, Romance","hotel, sexuality, kiss, maid, single mother, softcore, blind man, caress, short film",2011-12-07,2011.0,12.0,7.0,4.0,True,False,13,Saralisa Volm,1.0,Clemens Schick,Jan-Gregor Kremp,Herbert Knaup,"Saralisa Volm, Clemens Schick, Jan-Gregor Kremp, Herbert Knaup, Palina Rojinski",Sergej Moya,1,Sergej Moya,Sascha Schwingel,26,Von Fiessbach Film,2,1,DE,1,de,True,True,False
1380291,tt34378301,Tom Clancy's Jack Ryan: Ghost War,Tom Clancy's Jack Ryan: Ghost War,en,Released,,,0,,27.1755,False,6.928,774,4.2090047095761385,True,296,107,No operation stays dark forever.,True,True,Action,Thriller,2,"Action, Thriller","based on novel or book, sequel, jack ryan, based on tv series, suspense, absurd",2026-05-20,2026.0,5.0,20.0,2.0,True,False,30,John Krasinski,2.0,Wendell Pierce,Sienna Miller,Michael Kelly,"John Krasinski, Wendell Pierce, Sienna Miller, Michael Kelly, Max Beesley",Andrew Bernstein,1,Aaron Rabin,John Krasinski,77,Sunday Night Productions,3,1,US,1,en,True,True,False
1168190,tt33046197,The Wrecking Crew,The Wrecking Crew,en,Released,78500000.0,89000000.0,10500000,13.375796178343949,26.585,False,7.097,1263,5.084237663074306,True,191,125,They fight like brothers. They wreck like legends.,True,True,Action,Comedy,4,"Action, Comedy, Crime, Mystery","brotherhood, reunion, family conflict, power struggle, hand to hand combat, family legacy, helicopter chase, brother brother relationship, loss of father, explosive action",2026-01-28,2026.0,1.0,28.0,1.0,True,False,37,Dave Bautista,2.0,Jason Momoa,Temuera Morrison,Morena Baccarin,"Dave Bautista, Jason Momoa, Temuera Morrison, Morena Baccarin, Roimata Fox",Ángel Manuel Soto,1,Jonathan Tropper,Matt Reeves,142,Amazon MGM Studios,6,2,US,6,zh,True,True,False
939243,tt18259086,Sonic the Hedgehog 3,Sonic the Hedgehog 3,en,Released,122000000.0,492162604.0,370162604,303.4119704918033,26.3052,False,7.6,3455,6.639190897597977,True,296,110,New adventure. New rival.,True,True,Action,Science Fiction,4,"Action, Science Fiction, Comedy, Family","moon, sequel, based on video game, psychotic, dual role, aftercreditsstinger, duringcreditsstinger, hedgehog, live action and animation, complex",2024-12-19,2024.0,12.0,19.0,4.0,True,False,28,Ben Schwartz,2.0,Jim Carrey,Keanu Reeves,Idris Elba,"Ben Schwartz, Jim Carrey, Keanu Reeves, Idris Elba, Colleen O'Shaughnessey",Jeff Fowler,1,Pat Casey,Neal H. Moritz,186,Paramount Pictures,6,2,US,4,en,True,True,True
945961,tt18412256,Alien: Romulus,Alien: Romulus,en,Released,80000000.0,350865342.0,270865342,338.5816775,25.0629,False,7.158,4873,6.491891680625349,True,163,119,"In space, no one can hear you.",True,True,Horror,Science Fiction,2,"Horror, Science Fiction","alien life-form, spin off, alien contact, alien monster, space exploration, alien encounter, space capsule, spaceship, sci-fi horror, xenomorph threat",2024-08-13,2024.0,8.0,13.0,3.0,True,False,15,Cailee Spaeny,1.0,David Jonsson,Archie Renaux,Isabela Merced,"Cailee Spaeny, David Jonsson, Archie Renaux, Isabela Merced, Spike Fearn",Fede Álvarez,1,Fede Álvarez,Walter Hill,131,20th Century Studios,4,1,US,3,da,True,True,True
12153,tt0381707,White Chicks,White Chicks,en,Released,37000000.0,113100000.0,76100000,205.67567567567568,23.2665,False,7.0,4741,6.332188513642435,True,376,109,They're going deep undercover.,True,False,Comedy,Crime,2,"Comedy, Crime","undercover, kidnapping, fbi, auction, nightclub, sleepover, cross dressing, car accident, shopping, news reporter",2004-06-23,2004.0,6.0,23.0,2.0,True,False,51,Shawn Wayans,2.0,Marlon Wayans,Frankie Faison,Terry Crews,"Shawn Wayans, Marlon Wayans, Frankie Faison, Terry Crews, Faune Chambers Watkins",Keenen Ivory Wayans,1,Xavier Cook,Keenen Ivory Wayans,91,Revolution Studios,3,1,US,1,en,True,True,False
39254,tt0433035,Real Steel,Real Steel,en,Released,110000000.0,299300000.0,189300000,172.0909090909091,24.8995,False,7.143,9535,6.787095665171899,True,215,127,Courage is stronger than steel.,True,False,Action,Science Fiction,3,"Action, Science Fiction, Drama","future, sports, parent child relationship, fight, robot, prizefight, father son reunion, robot fighting, boxing, 2020s",2011-09-28,2011.0,9.0,28.0,3.0,True,False,57,Hugh Jackman,2.0,Dakota Goyo,Evangeline Lilly,Kevin Durand,"Hugh Jackman, Dakota Goyo, Evangeline Lilly, Kevin Durand, Anthony Mackie",Shawn Levy,1,Dan Gilroy,Susan Montford,276,DreamWorks Pictures,4,2,US,1,en,True,True,False
1368314,tt33763941,Passenger,Passenger,en,Released,15000000.0,31620508.0,16620508,110.80338666666667,26.2803,False,7.303,859,4.6160978660779985,True,253,94,"130 million people take road trips every year. 15,400 of them are never seen again.",True,True,Horror,Thriller,2,"Horror, Thriller","stalker, road trip, evil spirit, couple, frantic, demonic, supernatural horror, vanlife, baffled",2026-05-20,2026.0,5.0,20.0,2.0,True,False,18,Jacob Scipio,2.0,Lou Llobell,Melissa Leo,Joseph Lopez,"Jacob Scipio, Lou Llobell, Melissa Leo, Joseph Lopez, Miles Fowler",André Øvredal,1,T.W. Burgess,Walter Hamada,19,18Hz Productions,4,1,US,1,en,True,True,False
953,tt0351283,Madagascar,Madagascar,en,Released,75000000.0,542064525.0,467064525,622.7527,21.6026,False,6.93,11987,6.6525114118683435,True,150,86,They weren't born in the wild... They were shipped there.,True,True,Adventure,Animation,4,"Adventure, Animation, Comedy, Family","friendship, island, escape, africa, lion, zoo, hippopotamus, giraffe, penguin, cartoon",2005-05-25,2005.0,5.0,25.0,2.0,True,False,20,Ben Stiller,2.0,Chris Rock,David Schwimmer,Jada Pinkett Smith,"Ben Stiller, Chris Rock, David Schwimmer, Jada Pinkett Smith, Sacha Baron Cohen",Eric Darnell,2,Mark Burton,Mireille Soria,244,Pacific Data Images,2,1,US,5,en,True,True,True
327317,tt0095920,Summer Temptations,Provocazione,it,Released,,,0,,18.5731,False,5.6,29,0.30699432892249523,True,228,82,,False,False,Drama,None,1,Drama,"island, softcore, erotic movie",1988-11-25,1988.0,11.0,25.0,4.0,True,False,7,Moana Pozzi,1.0,Petra Scharbach,Ursula Davis,Marino Masé,"Moana Pozzi, Petra Scharbach, Ursula Davis, Marino Masé, Alessandro Vivarelli",Piero Vivarelli,1,Piero Vivarelli,Angiolo Stella,6,Cometa Film,1,1,IT,1,it,True,True,False
411,tt0363771,"The Chronicles of Narnia: The Lion, the Witch and the Wardrobe","The Chronicles of Narnia: The Lion, the Witch and the Wardrobe",en,Released,180000000.0,745013115.0,565013115,313.89617499999997,25.1641,False,7.143,11759,6.85166302308508,True,133,143,The beloved masterpiece comes to life.,True,False,Adventure,Family,3,"Adventure, Family, Fantasy","witch, sibling relationship, saving the world, based on novel or book, self sacrifice, winter, fairy tale, allegory, cupboard, beaver",2005-12-07,2005.0,12.0,7.0,4.0,True,False,60,William Moseley,2.0,Anna Popplewell,Skandar Keynes,Georgie Henley,"William Moseley, Anna Popplewell, Skandar Keynes, Georgie Henley, Liam Neeson",Andrew Adamson,1,Ann Peacock,Philip Steuer,199,Walt Disney Pictures,3,2,GB,2,en,True,True,True
845781,tt14948432,Red One,Red One,en,Released,250000000.0,185700759.0,-64299241,-25.719696399999997,24.0528,False,6.958,3158,6.006933843630399,True,199,124,The mission to save Christmas is on.,True,True,Action,Adventure,4,"Action, Adventure, Comedy, Fantasy","rescue, bounty hunter, holiday, kidnapping, santa claus, rescue mission, polar bear, rescue team, christmas, action comedy",2024-10-31,2024.0,10.0,31.0,4.0,True,False,73,Dwayne Johnson,2.0,Chris Evans,Lucy Liu,J.K. Simmons,"Dwayne Johnson, Chris Evans, Lucy Liu, J.K. Simmons, Bonnie Hunt",Jake Kasdan,1,Hiram Garcia,Dany Garcia,95,Seven Bucks Productions,4,1,US,1,en,True,True,False
564,tt0120616,The Mummy,The Mummy,en,Released,80000000.0,415885488.0,335885488,419.85686,20.9936,False,6.993,10374,6.671453191098032,True,370,124,The sands will rise. The heavens will part. The power will be unleashed.,True,True,Adventure,Action,3,"Adventure, Action, Fantasy","egypt, cairo, library, secret passage, pastor, pyramid, sandstorm, solar eclipse, mummy, foreign legion",1999-04-16,1999.0,4.0,16.0,2.0,True,False,25,Brendan Fraser,2.0,Rachel Weisz,John Hannah,Arnold Vosloo,"Brendan Fraser, Rachel Weisz, John Hannah, Arnold Vosloo, Patricia Velásquez",Stephen Sommers,1,Stephen Sommers,James Jacks,209,Alphaville Films,1,1,US,2,en,True,True,True
315162,tt3915174,Puss in Boots: The Last Wish,Puss in Boots: The Last Wish,en,Released,90000000.0,484700000.0,394700000,438.55555555555554,26.1231,False,8.217,9213,7.794010192525482,True,250,103,Say hola to his little friends.,True,True,Animation,Adventure,5,"Animation, Adventure, Fantasy, Comedy, Family","fairy tale, sequel, talking dog, spin off, aftercreditsstinger, talking cat, fear of death, 3d animation, inspirational, hilarious",2022-12-07,2022.0,12.0,7.0,4.0,True,False,29,Antonio Banderas,2.0,Salma Hayek Pinault,Harvey Guillén,Wagner Moura,"Antonio Banderas, Salma Hayek Pinault, Harvey Guillén, Wagner Moura, Florence Pugh",Joel Crawford,1,Tommy Swerdlow,Mark Swift,203,DreamWorks Animation,1,1,US,2,en,True,True,True
934433,tt17663992,Scream VI,Scream VI,en,Released,33000000.0,169063850.0,136063850,412.314696969697,22.7706,False,6.9,3319,5.996622152395916,True,109,123,New York. New rules.,True,True,Horror,Thriller,3,"Horror, Thriller, Crime","mask, new york city, trauma, halloween, college, dark comedy, fake identity, sequel, conspiracy theory, revenge",2023-03-08,2023.0,3.0,8.0,1.0,True,False,38,Melissa Barrera,1.0,Jenna Ortega,Jasmin Savoy Brown,Mason Gooding,"Melissa Barrera, Jenna Ortega, Jasmin Savoy Brown, Mason Gooding, Jack Champion",Tyler Gillett,2,Guy Busick,Paul Neinstein,143,Radio Silence,4,1,US,1,en,True,True,True
127585,tt1877832,X-Men: Days of Future Past,X-Men: Days of Future Past,en,Released,250000000.0,748045700.0,498045700,199.21828,27.5445,False,7.536,16642,7.316189009450472,True,208,132,"To save the future, they must alter the past.",True,True,Action,Adventure,3,"Action, Adventure, Science Fiction","1970s, superhero, mutant, time travel, based on comic, superhuman, storm, political intrigue , extinction, beast",2014-05-15,2014.0,5.0,15.0,2.0,True,False,83,Hugh Jackman,2.0,James McAvoy,Michael Fassbender,Patrick Stewart,"Hugh Jackman, James McAvoy, Michael Fassbender, Patrick Stewart, Ian McKellen",Bryan Singer,1,Simon Kinberg,Bryan Singer,135,Bad Hat Harry Productions,6,1,US,4,en,True,True,True
272,tt0372784,Batman Begins,Batman Begins,en,Released,150000000.0,374218673.0,224218673,149.47911533333334,23.6531,False,7.729,23159,7.565658354114713,True,269,140,Evil fears the knight.,True,True,Drama,Crime,3,"Drama, Crime, Action","martial arts, undercover, loss of loved one, secret identity, crime fighter, superhero, based on comic, rivalry, ninja, vigilante",2005-06-10,2005.0,6.0,10.0,2.0,True,False,110,Christian Bale,2.0,Michael Caine,Liam Neeson,Katie Holmes,"Christian Bale, Michael Caine, Liam Neeson, Katie Holmes, Gary Oldman",Christopher Nolan,1,Christopher Nolan,Emma Thomas,953,Warner Bros. Pictures,5,2,GB,3,en,True,True,True
1422,tt0407887,The Departed,The Departed,en,Released,90000000.0,291465000.0,201465000,223.85000000000002,25.739,False,8.2,16623,7.960555977340418,True,319,151,"Cops or criminals. When you’re facing a loaded gun, what’s the difference?",True,True,Drama,Thriller,3,"Drama, Thriller, Crime","police, undercover, boston, massachusetts, gangster, irish-american, crime boss, friends, remake, mobster, organized crime",2006-10-04,2006.0,10.0,4.0,4.0,True,False,102,Leonardo DiCaprio,2.0,Matt Damon,Jack Nicholson,Mark Wahlberg,"Leonardo DiCaprio, Matt Damon, Jack Nicholson, Mark Wahlberg, Martin Sheen",Martin Scorsese,1,William Monahan,Graham King,91,Warner Bros. Pictures,5,2,HK,2,en,True,True,False
429,tt0060196,"The Good, the Bad and the Ugly","Il buono, il brutto, il cattivo",it,Released,1200000.0,38900000.0,37700000,3141.666666666667,24.7501,False,8.468,9938,8.062366736922781,True,225,161,For three men the Civil War wasn't hell. It was practice.,True,True,Western,None,1,Western,"gold, army, bounty hunter, hitman, refugee, anti hero, moral ambiguity, gallows, outlaw, gun battle",1966-12-23,1966.0,12.0,23.0,4.0,True,False,57,Clint Eastwood,2.0,Eli Wallach,Lee Van Cleef,Aldo Giuffrè,"Clint Eastwood, Eli Wallach, Lee Van Cleef, Aldo Giuffrè, Luigi Pistilli",Sergio Leone,1,Luciano Vincenzoni,Alberto Grimaldi,81,United Artists,4,4,US,1,it,True,True,False
284052,tt1211837,Doctor Strange,Doctor Strange,en,Released,180000000.0,676343174.0,496343174,275.7462077777778,25.9785,False,7.426,23892,7.273777959986881,True,178,115,The impossibilities are endless.,True,True,Fantasy,Adventure,3,"Fantasy, Adventure, Action","magic, superhero, training, based on comic, sorcerer, doctor, neurosurgeon, injury, wizard, aftercreditsstinger",2016-10-25,2016.0,10.0,25.0,4.0,True,False,44,Benedict Cumberbatch,2.0,Chiwetel Ejiofor,Rachel McAdams,Benedict Wong,"Benedict Cumberbatch, Chiwetel Ejiofor, Rachel McAdams, Benedict Wong, Mads Mikkelsen",Scott Derrickson,1,Scott Derrickson,Kevin Feige,253,Marvel Studios,1,1,US,1,en,True,True,True
399055,tt5580390,The Shape of Water,The Shape of Water,en,Released,19500000.0,195300000.0,175800000,901.5384615384615,16.756,False,7.232,13068,6.965490566037736,True,223,123,A fairy tale for troubled times.,True,True,Drama,Fantasy,3,"Drama, Fantasy, Romance","government, fairy tale, cold war, supernatural, baltimore, usa, laboratory, orphan, scientist, magic realism, capture",2017-12-01,2017.0,12.0,1.0,4.0,True,False,39,Sally Hawkins,1.0,Michael Shannon,Richard Jenkins,Octavia Spencer,"Sally Hawkins, Michael Shannon, Richard Jenkins, Octavia Spencer, Michael Stuhlbarg",Guillermo del Toro,1,Vanessa Taylor,Guillermo del Toro,122,Double Dare You,4,1,US,2,en,True,True,False
283995,tt3896198,Guardians of the Galaxy Vol. 2,Guardians of the Galaxy Vol. 2,en,Released,200000000.0,863756051.0,663756051,331.87802550000004,24.7948,False,7.609,23424,7.449975589366326,True,126,137,Anyone can save the galaxy once.,True,True,Science Fiction,Adventure,3,"Science Fiction, Adventure, Action","hero, superhero, based on comic, sequel, alien, space, aftercreditsstinger, duringcreditsstinger, marvel cinematic universe (mcu), father son relationship",2017-04-25,2017.0,4.0,25.0,2.0,True,False,59,Chris Pratt,2.0,Zoe Saldaña,Dave Bautista,Vin Diesel,"Chris Pratt, Zoe Saldaña, Dave Bautista, Vin Diesel, Bradley Cooper",James Gunn,1,Jack Kirby,Kevin Feige,240,Marvel Studios,1,1,US,1,en,True,True,True
614479,tt13405778,Insidious: The Red Door,Insidious: The Red Door,en,Released,16000000.0,189090647.0,173090647,1081.81654375,26.2761,False,6.526,2103,5.27244640799078,True,251,107,It ends where it all began.,True,True,Horror,Thriller,2,"Horror, Thriller","supernatural, medium, college, sequel, evil spirit, art, demon, other dimension, father son relationship, insidious",2023-07-05,2023.0,7.0,5.0,3.0,True,False,31,Ty Simpkins,2.0,Patrick Wilson,Sinclair Daniel,Hiam Abbass,"Ty Simpkins, Patrick Wilson, Sinclair Daniel, Hiam Abbass, Andrew Astor",Patrick Wilson,1,Leigh Whannell,Jason Blum,200,Blumhouse Productions,3,1,US,1,en,True,True,True
546554,tt8946378,Knives Out,Knives Out,en,Released,40000000.0,312897920.0,272897920,682.2447999999999,23.4042,False,7.844,14472,7.582044349452311,True,369,131,"Hell, any of them could have done it.",True,True,Comedy,Crime,3,"Comedy, Crime, Mystery","immigrant, detective, massachusetts, investigation, big family, mansion, whodunit, family home, murder mystery, neo-noir",2019-11-27,2019.0,11.0,27.0,4.0,True,False,32,Daniel Craig,2.0,Chris Evans,Ana de Armas,Jamie Lee Curtis,"Daniel Craig, Chris Evans, Ana de Armas, Jamie Lee Curtis, Michael Shannon",Rian Johnson,1,Rian Johnson,Rian Johnson,167,MRC,2,1,US,2,es,True,True,True
1219735,tt29552000,A History of Love and War,Una Película de Amor y Guerra,es,Released,,,0,,23.8738,False,5.0,2,0.0199203187250996,True,725,111,,False,False,Comedy,None,1,Comedy,,2025-10-02,2025.0,10.0,2.0,4.0,True,False,14,Andrew Leland Rogers,2.0,Lucía Gómez-Robledo,Mónica del Carmen,Dario Yazbek Bernal,"Andrew Leland Rogers, Lucía Gómez-Robledo, Mónica del Carmen, Dario Yazbek Bernal, Manuel Garcia-Rulfo",Santiago Mohar Volkow,1,Santiago Mohar Volkow,Santiago de la Paz,8,Nómadas,5,1,MX,1,es,True,True,False
1100988,tt10548174,28 Years Later,28 Years Later,en,Released,60000000.0,151308832.0,91308832,152.18138666666667,24.068,False,6.606,2942,5.646383497966299,True,321,115,Time didn't heal anything.,True,True,Horror,Thriller,3,"Horror, Thriller, Science Fiction","england, satanism, cult, sequel, survival, zombie, survival horror, satanic cult, zombie apocalypse, northumberland",2025-06-18,2025.0,6.0,18.0,2.0,True,False,52,Aaron Taylor-Johnson,2.0,Alfie Williams,Ralph Fiennes,Jodie Comer,"Aaron Taylor-Johnson, Alfie Williams, Ralph Fiennes, Jodie Comer, Jack O'Connell",Danny Boyle,1,Alex Garland,Alex Garland,118,Columbia Pictures,4,2,GB,2,en,True,True,True
1242265,tt31189814,Fuze,Fuze,en,Released,45000000.0,2890908.0,-42109092,-93.57576,23.8515,False,7.16,397,3.1689186176142696,True,179,96,Down to the wire.,True,True,Action,Crime,3,"Action, Crime, Thriller","london, england, bomb, heist, betrayal, surveillance, paranoid, father son relationship, mother son relationship, malicious, plot twist",2026-03-23,2026.0,3.0,23.0,1.0,True,False,20,Aaron Taylor-Johnson,2.0,Theo James,Gugu Mbatha-Raw,Elham Ehsas,"Aaron Taylor-Johnson, Theo James, Gugu Mbatha-Raw, Elham Ehsas, Sam Worthington",David Mackenzie,1,Ben Hopkins,Gillian Berrie,15,Anton,3,1,GB,1,en,True,True,False
745,tt0167404,The Sixth Sense,The Sixth Sense,en,Released,40000000.0,672800000.0,632800000,1582.0,24.1334,False,7.954,13279,7.665372378256768,True,137,107,Not every gift is a blessing.,True,False,Mystery,Thriller,3,"Mystery, Thriller, Drama","dying and death, child abuse, philadelphia, pennsylvania, sense of guilt, afterlife, marriage crisis, loss of loved one, confidence, psychology, paranormal phenomena",1999-08-06,1999.0,8.0,6.0,3.0,True,False,50,Bruce Willis,2.0,Haley Joel Osment,Toni Collette,Olivia Williams,"Bruce Willis, Haley Joel Osment, Toni Collette, Olivia Williams, Trevor Morgan",M. Night Shyamalan,1,M. Night Shyamalan,Frank Marshall,117,Spyglass Entertainment,4,1,US,3,en,True,True,False
1318413,tt32547691,Pressure,Pressure,en,Released,30000000.0,20245995.0,-9754005,-32.51335,24.4617,False,7.727,388,3.376211711711712,True,271,101,"In the hours before D-Day, one decision changed the world.",True,True,Thriller,History,4,"Thriller, History, War, Drama","weather forecast, world war ii, metereologist, d-day, historical drama, 1940s, extreme weather, matter of fact, unexpected problems, high‑stakes mission",2026-05-28,2026.0,5.0,28.0,2.0,True,False,31,Andrew Scott,2.0,Brendan Fraser,Kerry Condon,Chris Messina,"Andrew Scott, Brendan Fraser, Kerry Condon, Chris Messina, Damian Lewis",Anthony Maras,1,David Haig,Tim Bevan,33,Working Title Films,3,2,GB,2,en,True,True,False
194,tt0211915,Amélie,Le Fabuleux Destin d'Amélie Poulain,fr,Released,10000000.0,173921954.0,163921954,1639.2195399999998,20.707,False,7.921,12646,7.619729651605051,True,322,122,She’ll change your life.,True,True,Comedy,Romance,2,"Comedy, Romance","daughter, paris, france, love triangle, photography, ghost train, sex shop, shyness, journey around the world, postcard, romcom",2001-04-25,2001.0,4.0,25.0,2.0,True,False,74,Audrey Tautou,1.0,Mathieu Kassovitz,Rufus,Serge Merlin,"Audrey Tautou, Mathieu Kassovitz, Rufus, Serge Merlin, Jamel Debbouze",Jean-Pierre Jeunet,1,Guillaume Laurant,Claudie Ossard,121,Victoires Productions,5,2,FR,2,fr,True,True,False
541671,tt7181546,Ballerina,Ballerina,en,Released,90000000.0,137408107.0,47408107,52.67567444444444,25.5796,False,7.273,2961,6.222292112106327,True,146,125,Vengeance has a new face.,True,True,Action,Thriller,3,"Action, Thriller, Crime","assassin, tattoo, grenade, austria, training, female protagonist, female assassin, spin off, flamethrower, burning",2025-06-04,2025.0,6.0,4.0,2.0,True,False,31,Ana de Armas,1.0,Keanu Reeves,Ian McShane,Anjelica Huston,"Ana de Armas, Keanu Reeves, Ian McShane, Anjelica Huston, Gabriel Byrne",Len Wiseman,1,Derek Kolstad,Basil Iwanyk,72,Thunder Road,3,1,US,4,en,True,True,False
372058,tt5311514,Your Name.,君の名は。,ja,Released,7500000.0,407210429.0,399710429,5329.472386666666,26.6275,False,8.487,12985,8.1723170189099,True,279,106,"Separated by distance, connected by fate.",True,True,Animation,Romance,3,"Animation, Romance, Drama","high school, race against time, dreams, afterlife, natural disaster, supernatural, time travel, comet, romance, tragedy",2016-07-01,2016.0,7.0,1.0,3.0,True,False,53,Ryunosuke Kamiki,2.0,Mone Kamishiraishi,Ryo Narita,Aoi Yuuki,"Ryunosuke Kamiki, Mone Kamishiraishi, Ryo Narita, Aoi Yuuki, Nobunaga Shimazaki",Makoto Shinkai,1,Makoto Shinkai,Genki Kawamura,295,CoMix Wave Films,7,1,JP,1,ja,True,True,False
38365,tt1375670,Grown Ups,Grown Ups,en,Released,80000000.0,271457606.0,191457606,239.32200749999998,24.1209,False,6.436,6875,5.999661016949153,True,138,102,Boys will be boys. . . some longer than others.,True,True,Comedy,None,1,Comedy,"friendship, overweight, affectation, convertible, swing, foot, friends, arrow, buddy comedy, buddies",2010-06-24,2010.0,6.0,24.0,2.0,True,False,54,Adam Sandler,2.0,Kevin James,Chris Rock,David Spade,"Adam Sandler, Kevin James, Chris Rock, David Spade, Rob Schneider",Dennis Dugan,1,Adam Sandler,Adam Sandler,28,Columbia Pictures,3,1,US,1,en,True,True,True
414419,tt6019206,Kill Bill: The Whole Bloody Affair,Kill Bill: The Whole Bloody Affair,en,Released,60000000.0,12338649.0,-47661351,-79.435585,22.7848,False,8.1,1417,5.987323943661972,True,450,254,"The 4th film by Quentin Tarantino. Uncut, unrated, and shown in its entirety.",True,True,Action,Crime,4,"Action, Crime, Drama, Thriller","martial arts, kung fu, assassin, mass murder, yakuza, feminism, secret society, buried alive, okinawa, revenge",2011-03-27,2011.0,3.0,27.0,1.0,True,False,68,Uma Thurman,1.0,Lucy Liu,Vivica A. Fox,Michael Madsen,"Uma Thurman, Lucy Liu, Vivica A. Fox, Michael Madsen, Daryl Hannah",Quentin Tarantino,1,Quentin Tarantino,Lawrence Bender,76,Miramax,3,1,US,5,cn,True,True,False
425,tt0268380,Ice Age,Ice Age,en,Released,59000000.0,383257136.0,324257136,549.5883661016949,22.4332,False,7.385,14612,7.140657755426151,True,186,81,Sub-zero heroes.,True,True,Animation,Comedy,4,"Animation, Comedy, Family, Adventure","dying and death, human evolution, parent child relationship, squirrel, loss of loved one, mammoth, sloth, villain, stone age, prehistory",2002-03-14,2002.0,3.0,14.0,1.0,True,False,20,Ray Romano,2.0,John Leguizamo,Denis Leary,Goran Višnjić,"Ray Romano, John Leguizamo, Denis Leary, Goran Višnjić, Jack Black",Chris Wedge,1,Michael J. Wilson,Lori Forte,179,Blue Sky Studios,2,1,US,1,en,True,True,True
406563,tt5726086,Insidious: The Last Key,Insidious: The Last Key,en,Released,10000000.0,172811971.0,162811971,1628.11971,24.8864,False,6.281,3274,5.448859035506094,True,208,103,Fear comes home.,True,True,Horror,Thriller,2,"Horror, Thriller","key, supernatural, medium, haunted house, sequel, evil spirit, prequel, spirit, demon, 1950s",2018-01-03,2018.0,1.0,3.0,1.0,True,False,33,Lin Shaye,1.0,Leigh Whannell,Angus Sampson,Kirk Acevedo,"Lin Shaye, Leigh Whannell, Angus Sampson, Kirk Acevedo, Caitlin Gerard",Adam Robitel,1,Leigh Whannell,Jason Blum,35,Stage 6 Films,3,1,US,1,en,True,True,True
752,tt0434409,V for Vendetta,V for Vendetta,en,Released,54000000.0,134686457.0,80686457,149.41936481481483,24.5127,False,7.897,15919,7.656516413910714,True,312,132,People should not be afraid of their governments. Governments should be afraid of their people.,True,True,Action,Thriller,3,"Action, Thriller, Science Fiction","government, detective, revolution, dystopia, fascism, fascist, chancellor, based on comic, revenge, female protagonist",2006-02-23,2006.0,2.0,23.0,1.0,True,False,90,Natalie Portman,1.0,Hugo Weaving,Stephen Rea,Stephen Fry,"Natalie Portman, Hugo Weaving, Stephen Rea, Stephen Fry, John Hurt",James McTeigue,1,Lilly Wachowski,Lana Wachowski,291,Virtual Studios,6,3,DE,1,en,True,True,False
967941,tt19847976,Wicked: For Good,Wicked: For Good,en,Released,150000000.0,540807971.0,390807971,260.5386473333333,26.6024,False,6.585,1147,4.585910746812386,True,183,137,You will be changed.,True,True,Fantasy,Adventure,3,"Fantasy, Adventure, Romance","witch, based on novel or book, musical, female friendship, based on play or musical, sequel, con artist, prequel, corrupt politician, governess",2025-11-19,2025.0,11.0,19.0,4.0,True,False,234,Cynthia Erivo,1.0,Ariana Grande,Jeff Goldblum,Michelle Yeoh,"Cynthia Erivo, Ariana Grande, Jeff Goldblum, Michelle Yeoh, Jonathan Bailey",Jon M. Chu,1,Stephen Schwartz,Marc Platt,184,Universal Pictures,2,2,US,1,en,True,True,True
7518,tt0327084,Over the Hedge,Over the Hedge,en,Released,80000000.0,343397247.0,263397247,329.24655875,24.353,False,6.609,4978,6.005768893756845,True,226,83,Get over it.,True,False,Adventure,Animation,4,"Adventure, Animation, Comedy, Family","suburbian idyll, garbage, entrapment, squirrel, garden, grizzly bear, villain, turtle, forest, suburb",2006-05-17,2006.0,5.0,17.0,2.0,True,False,42,Bruce Willis,2.0,Garry Shandling,Steve Carell,Wanda Sykes,"Bruce Willis, Garry Shandling, Steve Carell, Wanda Sykes, William Shatner",Karey Kirkpatrick,2,Karey Kirkpatrick,Bonnie Arnold,271,DreamWorks Animation,1,1,US,1,en,True,True,False
786892,tt12037194,Furiosa: A Mad Max Saga,Furiosa: A Mad Max Saga,en,Released,168000000.0,174287546.0,6287546,3.7425869047619047,22.4445,False,7.444,5178,6.788487495597041,True,369,149,Fury is born.,True,True,Action,Science Fiction,3,"Action, Science Fiction, Adventure","chase, post-apocalyptic future, warlord, prequel, wasteland, spin off, struggle for survival, desert, tyrant, tyranny",2024-05-22,2024.0,5.0,22.0,2.0,True,False,83,Anya Taylor-Joy,1.0,Chris Hemsworth,Tom Burke,Alyla Browne,"Anya Taylor-Joy, Chris Hemsworth, Tom Burke, Alyla Browne, George Shevtsov",George Miller,1,George Miller,George Miller,135,Warner Bros. Pictures,3,2,AU,1,en,True,True,True
769,tt0099685,GoodFellas,GoodFellas,en,Released,25000000.0,47072327.0,22072327,88.289308,20.2964,False,8.5,14741,8.221146906370974,True,203,145,Three decades of life in the mafia.,True,True,Drama,Crime,2,"Drama, Crime","prison, florida, new york city, based on novel or book, gangster, mass murder, drug trafficking, 1970s, irish-american, gore",1990-09-12,1990.0,9.0,12.0,3.0,True,False,142,Robert De Niro,2.0,Ray Liotta,Joe Pesci,Lorraine Bracco,"Robert De Niro, Ray Liotta, Joe Pesci, Lorraine Bracco, Paul Sorvino",Martin Scorsese,1,Nicholas Pileggi,Irwin Winkler,86,Winkler Films,2,1,US,2,it,True,True,False
263115,tt3315342,Logan,Logan,en,Released,97000000.0,619021436.0,522021436,538.1664288659794,22.2298,False,7.82,20821,7.636612729234089,True,225,137,Someone has come along.,True,True,Action,Drama,3,"Action, Drama, Science Fiction","future, experiment, immortality, self-destruction, cyborg, dystopia, superhero, mutant, road trip, based on comic",2017-02-28,2017.0,2.0,28.0,1.0,True,False,96,Hugh Jackman,2.0,Dafne Keen,Patrick Stewart,Elizabeth Rodriguez,"Hugh Jackman, Dafne Keen, Patrick Stewart, Elizabeth Rodriguez, Boyd Holbrook",James Mangold,1,Michael Green,Lauren Shuler Donner,271,Hutch Parker Entertainment,6,1,US,2,en,True,True,True
1197306,tt9150192,A Working Man,A Working Man,en,Released,40000000.0,89400711.0,49400711,123.5017775,25.0817,False,6.687,2082,5.392073586367157,True,305,116,Human traffickers beware.,True,True,Action,Crime,3,"Action, Crime, Thriller","based on novel or book, kidnapping, vigilante, missing person, black ops, construction worker, criminal conspiracy",2025-03-26,2025.0,3.0,26.0,1.0,True,False,52,Jason Statham,2.0,Jason Flemyng,Merab Ninidze,Maximilian Osinski,"Jason Statham, Jason Flemyng, Merab Ninidze, Maximilian Osinski, Cokey Falkow",David Ayer,1,Sylvester Stallone,Sylvester Stallone,72,Cedar Park Entertainment,7,2,GB,3,en,True,True,False
37165,tt0120382,The Truman Show,The Truman Show,en,Released,60000000.0,264118712.0,204118712,340.19785333333334,24.8366,False,8.158,20824,7.96671318701932,True,206,103,On the air. Unaware.,True,False,Comedy,Drama,2,"Comedy, Drama","escape, paranoia, dystopia, dark comedy, suspicion, video surveillance, deception, hidden camera, simulated reality , television producer",1998-06-04,1998.0,6.0,4.0,2.0,True,False,79,Jim Carrey,2.0,Laura Linney,Noah Emmerich,Natascha McElhone,"Jim Carrey, Laura Linney, Noah Emmerich, Natascha McElhone, Holland Taylor",Peter Weir,1,Andrew Niccol,Andrew Niccol,261,Paramount Pictures,2,1,US,4,en,True,True,False
488093,tt7497376,The Deminer,The Deminer,en,Released,,,0,,21.1144,False,7.8,10,0.15294117647058825,True,727,83,,False,False,Documentary,None,1,Documentary,"bomb, mine, iraq, colonel, disarm, mosul",2018-09-23,2018.0,9.0,23.0,3.0,True,False,4,Fakhir Berwari,0.0,Sheyma Ibrahim,Abdulla Fakhir,Ghazi Ibrahim,"Fakhir Berwari, Sheyma Ibrahim, Abdulla Fakhir, Ghazi Ibrahim",Hogir Hirori,1,Hogir Hirori,Hogir Hirori,10,Ginestra Film,2,1,SE,2,ar,True,True,False
694,tt0081505,The Shining,The Shining,en,Released,19000000.0,50312025.0,31312025,164.80013157894737,23.2601,False,8.2,19356,7.99351329572925,True,239,144,A masterpiece of modern horror.,True,True,Horror,Thriller,2,"Horror, Thriller","hotel, child abuse, based on novel or book, isolation, telepathy, delusion, snowstorm, colorado, seclusion, surrealism",1980-05-23,1980.0,5.0,23.0,2.0,True,False,30,Jack Nicholson,2.0,Shelley Duvall,Danny Lloyd,Scatman Crothers,"Jack Nicholson, Shelley Duvall, Danny Lloyd, Scatman Crothers, Barry Nelson",Stanley Kubrick,1,Diane Johnson,Stanley Kubrick,77,Warner Bros. Pictures,4,2,GB,1,en,True,True,True
253350,tt0071377,The Cousin,La cugina,it,Released,,,0,,23.9702,False,5.438,16,0.16862015503875968,True,84,90,,False,False,Comedy,Drama,2,"Comedy, Drama","cousin relationship, sex comedy",1974-07-26,1974.0,7.0,26.0,3.0,True,False,17,Massimo Ranieri,2.0,Dayle Haddon,Christian De Sica,Laura Betti,"Massimo Ranieri, Dayle Haddon, Christian De Sica, Laura Betti, Luigi Casellato",Aldo Lado,1,Ercole Patti,Unknown,5,Testa Gay Cinematografica,2,1,IT,1,it,True,True,False
1515615,tt36935050,Kissing Is the Easy Part,Kissing Is the Easy Part,en,Released,,,0,,26.2062,False,7.352,81,1.0249776247848539,True,149,101,,False,True,Romance,Comedy,2,"Romance, Comedy","high school, tutor, s.a.t., teenage romance, unexpected romance, based on webcomic or webtoon, mit, romantic, admiring, disdainful",2026-02-13,2026.0,2.0,13.0,1.0,True,False,11,Asher Angel,2.0,Paris Berelc,Jennifer Robertson,Tom Keat,"Asher Angel, Paris Berelc, Jennifer Robertson, Tom Keat, Rosalie Turmel",Fawzia Mirza,1,Christine Duann,Aron Levitz,37,Blue Ice Pictures,2,2,US,2,en,True,True,False
441168,tt6237208,From Straight A's to XXX,From Straight A's to XXX,en,Released,,,0,,22.1255,False,5.9,171,1.503576751117735,True,718,87,Inspired by a true story,True,True,Drama,TV Movie,2,"Drama, TV Movie","adult filmmaking, witty, appreciative, compassionate, empathetic",2017-02-11,2017.0,2.0,11.0,1.0,True,False,27,Haley Pullos,1.0,Sasha Clements,Judd Nelson,Alyson Bath,"Haley Pullos, Sasha Clements, Judd Nelson, Alyson Bath, Jacky Lai",Vanessa Parise,1,Anne-Marie Hess,Tina Pehme,120,Sepia Films,4,3,CA,1,en,True,True,False
205596,tt2084970,The Imitation Game,The Imitation Game,en,Released,14000000.0,233555708.0,219555708,1568.2550571428571,24.7494,False,7.98,18401,7.768900058197979,True,287,113,The true enigma was the man who cracked the code.,True,False,History,Drama,4,"History, Drama, Thriller, War","england, homophobia, world war ii, mathematician, genius, biography, based on true story, male homosexuality, code breaking, lgbt",2014-11-14,2014.0,11.0,14.0,4.0,True,False,46,Benedict Cumberbatch,2.0,Keira Knightley,Matthew Goode,Rory Kinnear,"Benedict Cumberbatch, Keira Knightley, Matthew Goode, Rory Kinnear, Allen Leech",Morten Tyldum,1,Andrew Hodges,Teddy Schwarzman,60,Bristol Automotive,3,2,US,1,en,True,True,False
1266127,tt33978029,Ready or Not: Here I Come,Ready or Not: Here I Come,en,Released,14000000.0,42940054.0,28940054,206.71467142857142,25.1127,False,7.573,1610,5.778450236966825,True,400,108,Double or nothing.,True,True,Horror,Comedy,2,"Horror, Comedy","escape, ritual, dark comedy, satanism, gore, pact with the devil, sequel, cat and mouse, game, exploding body",2026-03-19,2026.0,3.0,19.0,1.0,True,False,30,Samara Weaving,1.0,Kathryn Newton,Sarah Michelle Gellar,Shawn Hatosy,"Samara Weaving, Kathryn Newton, Sarah Michelle Gellar, Shawn Hatosy, Nestor Carbonell",Matt Bettinelli-Olpin,2,Guy Busick,Tripp Vinson,56,Searchlight Pictures,5,1,US,3,es,True,True,True
545611,tt6710474,Everything Everywhere All at Once,Everything Everywhere All at Once,en,Released,25000000.0,139200000.0,114200000,456.79999999999995,20.5151,False,7.709,8392,7.275520467836257,True,179,140,The universe is so much bigger than you realize.,True,True,Action,Adventure,3,"Action, Adventure, Science Fiction","mother, martial arts, kung fu, nihilism, philosophy, generations conflict, chinese woman, surrealism, laundromat, chinese",2022-03-24,2022.0,3.0,24.0,1.0,True,False,37,Michelle Yeoh,1.0,Stephanie Hsu,Ke Huy Quan,James Hong,"Michelle Yeoh, Stephanie Hsu, Ke Huy Quan, James Hong, Jamie Lee Curtis",Daniel Scheinert,2,Daniel Scheinert,Mike Larocca,169,IAC Films,5,1,US,3,cn,True,True,False
1318621,tt34477910,Descendants: Wicked Wonderland,Descendants: Wicked Wonderland,en,Released,,,0,,23.5957,False,7.463,178,1.9593126843657818,True,360,98,,False,False,Fantasy,TV Movie,4,"Fantasy, TV Movie, Family, Adventure","musical, sequel, spin off, wonderland",2026-07-16,2026.0,7.0,16.0,3.0,True,False,60,Kylie Cantrall,1.0,Malia Baker,Liamani Segura,Rita Ora,"Kylie Cantrall, Malia Baker, Liamani Segura, Rita Ora, Brandy Norwood",Kimmy Gatewood,1,Dan Frey,Mandy Spencer-Phillips,36,Suzanne Todd Productions,5,1,US,1,en,True,True,True
3933,tt0121164,Corpse Bride,Corpse Bride,en,Released,40000000.0,118133252.0,78133252,195.33313,20.1497,False,7.59,10413,7.242249610556217,True,200,77,There's been a grave misunderstanding.,True,True,Romance,Fantasy,3,"Romance, Fantasy, Animation","skeleton, love triangle, cheating, wedding vows, shyness, arranged marriage, marriage, grave, villain, bride",2005-09-12,2005.0,9.0,12.0,3.0,True,False,16,Johnny Depp,2.0,Helena Bonham Carter,Emily Watson,Tracey Ullman,"Johnny Depp, Helena Bonham Carter, Emily Watson, Tracey Ullman, Paul Whitehouse",Tim Burton,2,John August,Allison Abbate,264,Tim Burton Productions,4,2,GB,1,en,True,True,False
38757,tt0398286,Tangled,Tangled,en,Released,260000000.0,592461732.0,332461732,127.86989692307694,22.7065,False,7.616,12693,7.327362085954673,True,286,100,They're taking adventure to new lengths.,True,True,Animation,Family,3,"Animation, Family, Adventure","princess, magic, hostage, fairy tale, horse, villain, musical, blonde, coming of age, tower",2010-11-24,2010.0,11.0,24.0,4.0,True,False,36,Mandy Moore,1.0,Zachary Levi,Donna Murphy,Ron Perlman,"Mandy Moore, Zachary Levi, Donna Murphy, Ron Perlman, M.C. Gainey",Byron Howard,2,Dan Fogelman,Roy Conli,269,Walt Disney Animation Studios,2,1,US,1,en,True,True,True
62,tt0062622,2001: A Space Odyssey,2001: A Space Odyssey,en,Released,12000000.0,71923560.0,59923560,499.36299999999994,27.9185,False,8.045,12923,7.74532779557476,True,169,149,An epic drama of adventure and exploration.,True,True,Science Fiction,Mystery,3,"Science Fiction, Mystery, Adventure","man vs machine, moon, jupiter, artificial intelligence (a.i.), based on novel or book, technology, super computer, space travel, space mission, moon base",1968-04-02,1968.0,4.0,2.0,2.0,True,False,62,Keir Dullea,2.0,Gary Lockwood,William Sylvester,Douglas Rain,"Keir Dullea, Gary Lockwood, William Sylvester, Douglas Rain, Daniel Richter",Stanley Kubrick,1,Stanley Kubrick,Stanley Kubrick,39,Stanley Kubrick Productions,2,2,GB,2,en,True,True,True
24,tt0266697,Kill Bill: Vol. 1,Kill Bill: Vol. 1,en,Released,30000000.0,180906076.0,150906076,503.0202533333333,23.6874,False,7.97,19393,7.769678278791535,True,138,111,Here comes the bride.,True,True,Action,Crime,2,"Action, Crime","martial arts, japan, kung fu, sword, yakuza, katana, sword fight, revenge, vigilante, female yakuza",2003-10-10,2003.0,10.0,10.0,4.0,True,False,38,Uma Thurman,1.0,Lucy Liu,Vivica A. Fox,Daryl Hannah,"Uma Thurman, Lucy Liu, Vivica A. Fox, Daryl Hannah, David Carradine",Quentin Tarantino,1,Quentin Tarantino,Lawrence Bender,230,Miramax,3,1,US,3,en,True,True,True
603692,tt10366206,John Wick: Chapter 4,John Wick: Chapter 4,en,Released,100000000.0,447316405.0,347316405,347.316405,25.6299,False,7.712,8280,7.2728200455580865,True,258,170,"No way back, one way out.",True,True,Action,Thriller,3,"Action, Thriller, Crime","new york city, martial arts, berlin, germany, paris, france, hitman, sequel, organized crime, osaka, japan, code of honor, blindness",2023-03-21,2023.0,3.0,21.0,1.0,True,False,30,Keanu Reeves,2.0,Donnie Yen,Bill Skarsgård,Ian McShane,"Keanu Reeves, Donnie Yen, Bill Skarsgård, Ian McShane, Laurence Fishburne",Chad Stahelski,1,Shay Hatten,Chad Stahelski,142,Thunder Road,4,2,DE,9,ar,True,True,True
284054,tt1825683,Black Panther,Black Panther,en,Released,200000000.0,1349926083.0,1149926083,574.9630415,24.4294,False,7.362,23943,7.211404737552674,True,559,135,Long live the king.,True,True,Action,Adventure,3,"Action, Adventure, Science Fiction","africa, superhero, based on comic, aftercreditsstinger, duringcreditsstinger, marvel cinematic universe (mcu)",2018-02-13,2018.0,2.0,13.0,1.0,True,False,67,Chadwick Boseman,2.0,Michael B. Jordan,Lupita Nyong'o,Danai Gurira,"Chadwick Boseman, Michael B. Jordan, Lupita Nyong'o, Danai Gurira, Martin Freeman",Ryan Coogler,1,Ryan Coogler,Kevin Feige,586,Marvel Studios,1,1,US,4,en,True,True,True
1865,tt1298650,Pirates of the Caribbean: On Stranger Tides,Pirates of the Caribbean: On Stranger Tides,en,Released,379000000.0,1046721266.0,667721266,176.1797535620053,19.982,False,6.574,15235,6.365102637432475,True,162,136,Live forever or die trying.,True,True,Adventure,Action,3,"Adventure, Action, Fantasy","sea, ship, mutiny, spain, england, sword, prime minister, sailing, mermaid, duke",2011-05-15,2011.0,5.0,15.0,2.0,True,False,84,Johnny Depp,2.0,Penélope Cruz,Geoffrey Rush,Ian McShane,"Johnny Depp, Penélope Cruz, Geoffrey Rush, Ian McShane, Kevin McNally",Rob Marshall,1,Terry Rossio,Jerry Bruckheimer,196,Walt Disney Pictures,3,2,GB,2,en,True,True,True
1062185,tt23852296,Let's Both Try,Let's Both Try,en,Released,,,0,,20.4506,False,0.0,0,0.0,True,285,76,,False,True,Drama,None,1,Drama,,2025-05-27,2025.0,5.0,27.0,2.0,True,False,7,Olivia Hytha,1.0,Michael Davis,Robert Fabiani,Amanda Fronckowiak,"Olivia Hytha, Michael Davis, Robert Fabiani, Amanda Fronckowiak, Thea Henry",Dave Hill,1,Dave Hill,Dave Hill,14,Twinfurs Productions,1,1,US,1,en,True,True,False
829557,tt12996154,365 Days: This Day,365 dni: Ten dzień,pl,Released,,,0,,22.4815,False,5.947,1873,4.693944795617362,True,214,110,Oh Yes.,True,True,Romance,Drama,2,"Romance, Drama","gangster, sequel, bdsm, rich man poor woman, sex, erotique",2022-04-26,2022.0,4.0,26.0,2.0,True,False,19,Anna-Maria Sieklucka,1.0,Michele Morrone,Simone Susinna,Magdalena Lamparska,"Anna-Maria Sieklucka, Michele Morrone, Simone Susinna, Magdalena Lamparska, Otar Saralidze",Tomasz Mandes,2,Tomasz Mandes,Tomasz Mandes,25,Ekipa,2,1,PL,5,en,True,True,True
419430,tt5052448,Get Out,Get Out,en,Released,4500000.0,255407969.0,250907969,5575.732644444444,23.2525,False,7.6,19324,7.408313155770783,True,353,104,"Just because you're invited, doesn't mean you're welcome.",True,True,Mystery,Thriller,3,"Mystery, Thriller, Horror","kidnapping, externally controlled action, manipulation, dark comedy, hypnosis, parents-in-law, satire, racist, revenge, interracial relationship",2017-02-24,2017.0,2.0,24.0,1.0,True,False,29,Daniel Kaluuya,2.0,Allison Williams,Catherine Keener,Bradley Whitford,"Daniel Kaluuya, Allison Williams, Catherine Keener, Bradley Whitford, Caleb Landry Jones",Jordan Peele,1,Jordan Peele,Jason Blum,110,Monkeypaw Productions,3,1,US,1,en,True,True,False
948,tt0077651,Halloween,Halloween,en,Released,325000.0,70260597.0,69935597,21518.64523076923,20.471,False,7.557,6343,7.004829899167032,True,180,91,The night he came home!,True,True,Horror,Thriller,2,"Horror, Thriller","mask, police, halloween, babysitter, marijuana, stalking, serial killer, maniac, killing spree, family",1978-10-24,1978.0,10.0,24.0,4.0,True,False,26,Donald Pleasence,2.0,Jamie Lee Curtis,Nancy Kyes,P. J. Soles,"Donald Pleasence, Jamie Lee Curtis, Nancy Kyes, P. J. Soles, Charles Cyphers",John Carpenter,1,John Carpenter,Debra Hill,25,Compass International Pictures,3,1,US,1,en,True,True,True
81774,tt0092995,Exploits of a Young Don Juan,Les Exploits d'un jeune Don Juan,fr,Released,,1300000.0,1300000,,25.6006,False,6.155,336,2.47377990430622,True,338,100,,False,False,Comedy,Drama,2,"Comedy, Drama","virgin, based on novel or book, coming of age, spanking, maid, teenage boy, masturbation, incest, softcore, aunt nephew relationship",1986-11-04,1986.0,11.0,4.0,4.0,True,False,20,Serena Grandi,1.0,Claudine Auger,Marina Vlady,Fabrice Josso,"Serena Grandi, Claudine Auger, Marina Vlady, Fabrice Josso, François Perrot",Gianfranco Mingozzi,1,Guillaume Apollinaire,Nicolas Duval Adassovsky,14,Séléna Audiovisuel,5,2,FR,1,fr,True,True,False
290098,tt4016934,The Handmaiden,아가씨,ko,Released,8575000.0,38600000.0,30025000,350.1457725947522,23.8504,False,8.177,4484,7.356674959871588,True,368,145,You're the one being tricked.,True,False,Thriller,Drama,3,"Thriller, Drama, Romance","jealousy, based on novel or book, library, pickpocket, eroticism, con man, swindler, lesbian relationship, mansion, lust",2016-06-01,2016.0,6.0,1.0,2.0,True,False,56,Kim Min-hee,1.0,Kim Tae-ri,Ha Jung-woo,Cho Jin-woong,"Kim Min-hee, Kim Tae-ri, Ha Jung-woo, Cho Jin-woong, Kim Hae-sook",Park Chan-wook,1,Park Chan-wook,Syd Lim,70,Moho Film,3,1,KR,2,ja,True,True,False
293660,tt1431045,Deadpool,Deadpool,en,Released,58000000.0,782837347.0,724837347,1249.7195637931034,23.4812,False,7.626,33280,7.513122557726465,True,334,108,Feel the love.,True,True,Action,Adventure,3,"Action, Adventure, Comedy","superhero, anti hero, mercenary, based on comic, aftercreditsstinger, duringcreditsstinger",2016-02-09,2016.0,2.0,9.0,1.0,True,False,52,Ryan Reynolds,2.0,Morena Baccarin,Ed Skrein,T.J. Miller,"Ryan Reynolds, Morena Baccarin, Ed Skrein, T.J. Miller, Gina Carano",Tim Miller,1,Rhett Reese,Ryan Reynolds,457,20th Century Fox,4,1,US,1,en,True,True,True
105864,tt1979388,The Good Dinosaur,The Good Dinosaur,en,Released,175000000.0,332207671.0,157207671,89.83295485714285,26.2939,False,6.751,6147,6.243176921919663,True,107,93,A single kindness can change everything.,True,True,Adventure,Animation,3,"Adventure, Animation, Family","friendship, tyrannosaurus rex, cartoon, friends, alternate history, dinosaur, fear, storm, nature, journey",2015-11-14,2015.0,11.0,14.0,4.0,True,False,19,Raymond Ochoa,2.0,Frances McDormand,Jeffrey Wright,Steve Zahn,"Raymond Ochoa, Frances McDormand, Jeffrey Wright, Steve Zahn, Sam Elliott",Peter Sohn,1,Bob Peterson,Denise Ream,70,Pixar,1,1,US,1,en,True,True,False
402431,tt1262426,Wicked,Wicked,en,Released,150000000.0,763963597.0,613963597,409.3090646666667,22.3094,False,6.9,3233,5.975810340208947,True,299,162,Everyone deserves the chance to fly.,True,True,Drama,Romance,3,"Drama, Romance, Fantasy","witch, dancing, based on novel or book, fairy tale, college, wish, musical, female friendship, bullying, based on play or musical",2024-10-16,2024.0,10.0,16.0,4.0,True,False,396,Cynthia Erivo,1.0,Ariana Grande,Michelle Yeoh,Jonathan Bailey,"Cynthia Erivo, Ariana Grande, Michelle Yeoh, Jonathan Bailey, Ethan Slater",Jon M. Chu,1,Gregory Maguire,Marc Platt,227,Universal Pictures,2,1,US,1,en,True,True,True
280092,tt3195644,Insidious: Chapter 3,Insidious: Chapter 3,en,Released,10000000.0,120453155.0,110453155,1104.53155,24.4912,False,6.3,3759,5.560389762855131,True,249,97,This is how you die.,True,False,Horror,Thriller,2,"Horror, Thriller","supernatural, medium, sequel, evil spirit, prequel, demon, other dimension, insidious, supernatural horror, suspenseful",2015-05-28,2015.0,5.0,28.0,2.0,True,False,29,Stefanie Scott,1.0,Lin Shaye,Dermot Mulroney,Leigh Whannell,"Stefanie Scott, Lin Shaye, Dermot Mulroney, Leigh Whannell, Angus Sampson",Leigh Whannell,1,Leigh Whannell,James Wan,119,Blumhouse Productions,2,2,CA,1,en,True,True,True
128,tt0119698,Princess Mononoke,もののけ姫,ja,Released,23500000.0,176506186.0,153006186,651.0901531914894,22.8342,False,8.319,9278,7.89360625894866,True,324,134,The fate of the world rests on the courage of one warrior.,True,True,Adventure,Fantasy,3,"Adventure, Fantasy, Animation","friendship, human vs nature, wolf, fight, wild boar, territory, leprosy, feral child, decapitation, rural area",1997-07-12,1997.0,7.0,12.0,3.0,True,False,24,Yoji Matsuda,2.0,Yuriko Ishida,Yuko Tanaka,Kaoru Kobayashi,"Yoji Matsuda, Yuriko Ishida, Yuko Tanaka, Kaoru Kobayashi, Masahiko Nishimura",Hayao Miyazaki,1,Hayao Miyazaki,Toshio Suzuki,74,Studio Ghibli,4,1,JP,1,ja,True,True,False
855,tt0265086,Black Hawk Down,Black Hawk Down,en,Released,92000000.0,172989651.0,80989651,88.03222934782609,22.5929,False,7.399,6579,6.876397937561802,True,244,145,Leave no man behind.,True,False,Action,War,3,"Action, War, History","based on novel or book, ambush, chaos, militia, prisoner of war, wound, somalia, warlord, famine, arms dealer",2001-12-28,2001.0,12.0,28.0,4.0,True,False,54,Josh Hartnett,2.0,Ewan McGregor,Tom Sizemore,Eric Bana,"Josh Hartnett, Ewan McGregor, Tom Sizemore, Eric Bana, William Fichtner",Ridley Scott,1,Ken Nolan,Jerry Bruckheimer,274,Jerry Bruckheimer Films,3,2,GB,2,en,True,True,False
854804,,Movida,Movida,en,Released,,,0,,20.7212,False,0.0,0,0.0,True,489,68,,False,False,Unknown,None,0,,,2020-06-25,2020.0,6.0,25.0,2.0,True,False,0,Unknown,,None,None,None,,Alessandro Padovani,1,Unknown,Unknown,3,Independent,0,0,Unknown,0,Unknown,True,False,False
77338,tt1675434,The Intouchables,Intouchables,fr,Released,13000000.0,426590315.0,413590315,3181.4639615384613,25.9021,False,8.273,18805,8.058729085729086,True,154,113,Sometimes you have to reach into someone else's world to find out what's missing in your own.,True,False,Drama,Comedy,2,"Drama, Comedy","friendship, male friendship, based on true story, inspiring story, aristocrat, paragliding, unlikely friendship, duringcreditsstinger, quadriplegic, quadriplegia",2011-11-02,2011.0,11.0,2.0,4.0,True,False,38,François Cluzet,2.0,Omar Sy,Anne Le Ny,Audrey Fleurot,"François Cluzet, Omar Sy, Anne Le Ny, Audrey Fleurot, Joséphine de Meaux",Olivier Nakache,2,Éric Toledano,Yann Zenou,45,Gaumont,5,1,FR,2,en,True,True,False
1608457,,누나 친구 4,누나 친구 4,ko,Released,,,0,,21.4475,False,0.0,0,0.0,False,0,0,,False,False,Romance,None,1,Romance,,2024-12-16,2024.0,12.0,16.0,4.0,True,False,4,Min Do-yoon,2.0,Lee Ye-jin,So Geum,Im Tae-mok,"Min Do-yoon, Lee Ye-jin, So Geum, Im Tae-mok",민정현,1,김필립,이종현,4,(주)영화사 가을,1,1,KR,1,ko,True,False,False
1719326,tt42764218,The Cheating Wife,The Cheating Wife,tl,Released,,,0,,23.7885,False,4.333,3,0.025842942345924453,True,224,76,,False,False,Drama,None,1,Drama,"softcore, sexy",2026-06-26,2026.0,6.0,26.0,2.0,True,False,4,Cess Garcia,1.0,Allison Ross,Vince Rillon,Primo Angeles,"Cess Garcia, Allison Ross, Vince Rillon, Primo Angeles",Mikko Baldoza,1,Unknown,Unknown,1,Vivamax,1,1,PH,1,tl,True,True,False
519182,tt7510222,Despicable Me 4,Despicable Me 4,en,Released,100000000.0,972021410.0,872021410,872.02141,19.5492,False,6.968,3358,6.064941420425091,True,263,94,Things just got a little more despicable.,True,True,Animation,Comedy,5,"Animation, Comedy, Action, Science Fiction, Family","superhero, villain, sequel, super villain, aftercreditsstinger, duringcreditsstinger, kids, calm, 3d animation, cockroaches",2024-06-20,2024.0,6.0,20.0,2.0,True,False,37,Steve Carell,2.0,Kristen Wiig,Will Ferrell,Sofía Vergara,"Steve Carell, Kristen Wiig, Will Ferrell, Sofía Vergara, Miranda Cosgrove",Chris Renaud,1,Mike White,Chris Meledandri,60,Universal Pictures,2,1,US,1,en,True,True,True
1495,tt0320661,Kingdom of Heaven,Kingdom of Heaven,en,Released,130000000.0,218366336.0,88366336,67.97410461538462,24.719,False,7.086,5221,6.46670267435763,True,131,144,"Be without fear in the face of your enemies. Safeguard the helpless, and do no wrong",True,False,Drama,Action,5,"Drama, Action, Adventure, History, War","blacksmith, muslim, crusade, jerusalem, catapult, swordsman, battlefield, knight, religion, epic battle",2005-05-03,2005.0,5.0,3.0,2.0,True,False,36,Orlando Bloom,2.0,Eva Green,Jeremy Irons,David Thewlis,"Orlando Bloom, Eva Green, Jeremy Irons, David Thewlis, Ghassan Massoud",Ridley Scott,1,William Monahan,Ridley Scott,224,Scott Free Productions,7,4,US,4,ar,True,True,False
246655,tt3385516,X-Men: Apocalypse,X-Men: Apocalypse,en,Released,178000000.0,543934787.0,365934787,205.58134101123596,22.6099,False,6.528,14095,6.304361767728674,True,137,144,Only the strong will survive.,True,True,Science Fiction,Fantasy,3,"Science Fiction, Fantasy, Action","egypt, hero, superhero, mutant, based on comic, sequel, superhuman, super power, superhero team, world domination",2016-05-18,2016.0,5.0,18.0,2.0,True,False,94,James McAvoy,2.0,Michael Fassbender,Jennifer Lawrence,Nicholas Hoult,"James McAvoy, Michael Fassbender, Jennifer Lawrence, Nicholas Hoult, Oscar Isaac",Bryan Singer,1,Bryan Singer,Simon Kinberg,134,The Donners' Company,7,1,US,6,ar,True,True,True
436270,tt6443346,Black Adam,Black Adam,en,Released,200000000.0,393452111.0,193452111,96.7260555,21.0382,False,6.769,7244,6.331951962809917,True,225,125,The world needed a hero. It got Black Adam.,True,True,Action,Adventure,3,"Action, Adventure, Science Fiction","lightning, superhero, anti hero, based on comic, demon, superhero team, duringcreditsstinger, dc extended universe (dceu)",2022-10-19,2022.0,10.0,19.0,4.0,True,False,56,Dwayne Johnson,2.0,Aldis Hodge,Noah Centineo,Sarah Shahi,"Dwayne Johnson, Aldis Hodge, Noah Centineo, Sarah Shahi, Quintessa Swindell",Jaume Collet-Serra,1,Bill Parker,Hiram Garcia,569,New Line Cinema,5,1,US,1,en,True,True,False
329865,tt2543164,Arrival,Arrival,en,Released,47000000.0,203388186.0,156388186,332.74082127659574,21.6047,False,7.633,19851,7.445466217876271,True,159,116,Why are they here?,True,True,Drama,Science Fiction,3,"Drama, Science Fiction, Mystery","spacecraft, extraterrestrial technology, loss, time, alien, language, female protagonist, scientist, heartbreak, based on short story",2016-11-10,2016.0,11.0,10.0,4.0,True,False,72,Amy Adams,1.0,Jeremy Renner,Forest Whitaker,Michael Stuhlbarg,"Amy Adams, Jeremy Renner, Forest Whitaker, Michael Stuhlbarg, Mark O'Brien",Denis Villeneuve,1,Ted Chiang,Shawn Levy,487,FilmNation Entertainment,3,1,US,3,zh,True,True,False
259693,tt3065204,The Conjuring 2,The Conjuring 2,en,Released,40000000.0,322819915.0,282819915,707.0497875,24.7631,False,7.3,9398,6.931238634067488,True,138,134,The next true story from the case files of Ed and Lorraine Warren.,True,True,Horror,None,1,Horror,"london, england, england, 1970s, sequel, spirit, single mother, demon, paranormal investigation, demonic possession, ghost",2016-06-08,2016.0,6.0,8.0,2.0,True,False,32,Vera Farmiga,1.0,Patrick Wilson,Madison Wolfe,Frances O'Connor,"Vera Farmiga, Patrick Wilson, Madison Wolfe, Frances O'Connor, Lauren Esposito",James Wan,1,Chad Hayes,Rob Cowan,161,New Line Cinema,4,1,US,1,en,True,True,True
1306368,tt32642706,The Rip,The Rip,en,Released,100000000.0,,-100000000,-100.0,22.6067,False,7.1,1918,5.6318444995864345,True,146,113,Count the money. Count it again. Count on no one.,True,True,Action,Thriller,3,"Action, Thriller, Crime","drug crime, miami, florida, police, investigation, cover-up, betrayal, shootout, dirty cop, trust, double cross",2026-01-13,2026.0,1.0,13.0,1.0,True,False,32,Matt Damon,2.0,Ben Affleck,Teyana Taylor,Steven Yeun,"Matt Damon, Ben Affleck, Teyana Taylor, Steven Yeun, Catalina Sandino Moreno",Joe Carnahan,1,Joe Carnahan,Ben Affleck,126,Artists Equity,1,1,US,2,en,True,True,False
49521,tt0770828,Man of Steel,Man of Steel,en,Released,225000000.0,668045518.0,443045518,196.9091191111111,22.5555,False,6.66,16582,6.465057955742887,True,293,143,You are not alone.,True,True,Action,Adventure,3,"Action, Adventure, Science Fiction","saving the world, flying, hope, superhero, based on comic, alien planet, superhuman, alien invasion, super power, mysterious force",2013-06-12,2013.0,6.0,12.0,2.0,True,False,86,Henry Cavill,2.0,Amy Adams,Michael Shannon,Diane Lane,"Henry Cavill, Amy Adams, Michael Shannon, Diane Lane, Russell Crowe",Zack Snyder,1,David S. Goyer,Christopher Nolan,84,Syncopy,4,2,GB,1,en,True,True,True
11036,tt0332280,The Notebook,The Notebook,en,Released,29000000.0,115600000.0,86600000,298.6206896551724,24.0326,False,7.891,12853,7.5955233280910655,True,301,123,Behind every great love is a great story.,True,False,Romance,Drama,2,"Romance, Drama","secret love, soulmates, based on novel or book, love of one's life, fight, poem, river, sadness, class, dementia",2004-06-25,2004.0,6.0,25.0,2.0,True,False,72,Ryan Gosling,2.0,Rachel McAdams,Gena Rowlands,James Garner,"Ryan Gosling, Rachel McAdams, Gena Rowlands, James Garner, Joan Allen",Nick Cassavetes,1,Jeremy Leven,Mark Johnson,60,New Line Cinema,3,1,US,1,en,True,True,False
598,tt0317248,City of God,Cidade de Deus,pt,Released,3300000.0,30641770.0,27341770,828.5384848484849,21.1724,False,8.427,8439,7.955638550173397,True,297,129,"If you run, the beast catches you; if you stay, the beast eats you.",True,True,Drama,Crime,2,"Drama, Crime","police brutality, street gang, photographer, gangster, journalism, rio de janeiro, gang war, ghetto, based on true story, coming of age",2002-08-30,2002.0,8.0,30.0,3.0,True,False,150,Alexandre Rodrigues,2.0,Leandro Firmino,Phellipe Haagensen,Douglas Silva,"Alexandre Rodrigues, Leandro Firmino, Phellipe Haagensen, Douglas Silva, Jonathan Haagensen",Fernando Meirelles,1,Bráulio Mantovani,Andrea Barata Ribeiro,39,O2 Filmes,6,3,BR,1,pt,True,True,False
497698,tt3480822,Black Widow,Black Widow,en,Released,200000000.0,379751131.0,179751131,89.8755655,21.4453,False,7.15,11603,6.854618689581096,True,332,134,Her world. Her secrets. Her legacy.,True,True,Action,Adventure,3,"Action, Adventure, Science Fiction","assassin, hero, spy, kgb, based on comic, female assassin, female spy, female hero, aftercreditsstinger, marvel cinematic universe (mcu)",2021-07-07,2021.0,7.0,7.0,3.0,True,False,81,Scarlett Johansson,1.0,Florence Pugh,Rachel Weisz,David Harbour,"Scarlett Johansson, Florence Pugh, Rachel Weisz, David Harbour, Ray Winstone",Cate Shortland,1,Eric Pearson,Kevin Feige,352,Marvel Studios,1,1,US,2,en,True,True,False
45612,tt0945513,Source Code,Source Code,en,Released,32000000.0,147332697.0,115332697,360.41467812499997,19.9216,False,7.311,9400,6.941757575757575,True,169,93,Make every second count.,True,True,Thriller,Science Fiction,3,"Thriller, Science Fiction, Mystery","race against time, bomb, virtual reality, identity, investigation, bomber, suspicion, time travel, surrealism, time loop",2011-03-30,2011.0,3.0,30.0,1.0,True,False,27,Jake Gyllenhaal,2.0,Michelle Monaghan,Vera Farmiga,Jeffrey Wright,"Jake Gyllenhaal, Michelle Monaghan, Vera Farmiga, Jeffrey Wright, Michael Arden",Duncan Jones,1,Ben Ripley,Jordan Wynn,226,The Mark Gordon Company,3,2,US,1,en,True,True,False
1698856,tt41087705,Master of the Universe,Master of the Universe,en,Released,,,0,,24.8769,False,5.122,82,0.7216563573883162,True,159,81,He's the Man.,True,True,Science Fiction,Action,3,"Science Fiction, Action, Fantasy","based on toy, mockbuster, bewildered",2026-05-22,2026.0,5.0,22.0,2.0,True,False,11,Matthew Gademske,2.0,Morgan Flanagan,Krymis J Fernando,Antonio Valles,"Matthew Gademske, Morgan Flanagan, Krymis J Fernando, Antonio Valles, Telisha Johnson",Marcel Walz,1,Marc Gottlieb,David Michael Latt,11,The Asylum,1,1,US,1,en,True,True,False
370172,tt2382320,No Time to Die,No Time to Die,en,Released,250000000.0,774153024.0,524153024,209.66120959999998,21.9369,False,7.338,7368,6.871680732079309,True,354,163,The mission that changes everything begins…,True,True,Action,Thriller,3,"Action, Thriller, Adventure","biological weapon, based on novel or book, parent child relationship, forgiveness, poison, spy, mi6, family, british secret service, parents",2021-09-29,2021.0,9.0,29.0,3.0,True,False,62,Daniel Craig,2.0,Léa Seydoux,Rami Malek,Lashana Lynch,"Daniel Craig, Léa Seydoux, Rami Malek, Lashana Lynch, Ralph Fiennes",Cary Joji Fukunaga,1,Ian Fleming,Barbara Broccoli,146,EON Productions,2,2,GB,5,en,True,True,True
1548433,,No Escape,No Escape,en,Released,100.0,,-100,-100.0,18.4694,False,0.0,0,0.0,True,302,0,,False,False,Horror,Mystery,2,"Horror, Mystery","escape, dystopia, speech, amateur film, no escape, short film, terror, hate speech, amateur, hate",2025-11-08,2025.0,11.0,8.0,4.0,True,False,2,Bruno Gaedicke,0.0,Caetano Maldaner,None,None,"Bruno Gaedicke, Caetano Maldaner",Bruno Gaedicke,2,Bruno Gaedicke,Unknown,10,Independent,0,1,BR,1,en,True,True,False
9502,tt0441773,Kung Fu Panda,Kung Fu Panda,en,Released,130000000.0,632091832.0,502091832,386.22448615384616,21.5341,False,7.338,12981,7.065839181069653,True,340,90,Prepare for awesomeness.,True,True,Action,Animation,4,"Action, Animation, Comedy, Family","martial arts, kung fu, strong woman, china, tiger, bravery, restaurant, villain, chosen one, shop",2008-06-04,2008.0,6.0,4.0,2.0,True,False,26,Jack Black,2.0,Dustin Hoffman,Angelina Jolie,Ian McShane,"Jack Black, Dustin Hoffman, Angelina Jolie, Ian McShane, Seth Rogen",Mark Osborne,2,Glenn Berger,Melissa Cobb,41,DreamWorks Animation,1,1,US,1,en,True,True,True
207,tt0097165,Dead Poets Society,Dead Poets Society,en,Released,16400000.0,235860116.0,219460116,1338.17143902439,22.4627,False,8.296,12951,7.9876214407850705,True,221,129,He was their inspiration. He made their lives extraordinary.,True,False,Drama,None,1,Drama,"individual, friendship, philosophy, poetry, literature, professor, coming of age, teacher, school play, new england",1989-06-02,1989.0,6.0,2.0,2.0,True,False,52,Robin Williams,2.0,Robert Sean Leonard,Ethan Hawke,Josh Charles,"Robin Williams, Robert Sean Leonard, Ethan Hawke, Josh Charles, Gale Hansen",Peter Weir,1,Tom Schulman,Tony Thomas,47,A Steven Haft Production,4,1,US,2,en,True,True,False
109445,tt2294629,Frozen,Frozen,en,Released,150000000.0,1274219009.0,1124219009,749.4793393333333,22.2123,False,7.249,17874,7.051737563949058,True,395,102,Who will save the day? The ice guy? The nice guy? The snow man? Or no man?,True,True,Animation,Family,4,"Animation, Family, Adventure, Fantasy","princess, magic, mistake in person, queen, cartoon, villain, melancholy, musical, betrayal, snowman",2013-11-20,2013.0,11.0,20.0,4.0,True,False,60,Kristen Bell,1.0,Idina Menzel,Jonathan Groff,Josh Gad,"Kristen Bell, Idina Menzel, Jonathan Groff, Josh Gad, Santino Fontana",Chris Buck,2,Jennifer Lee,Peter Del Vecho,288,Walt Disney Animation Studios,1,1,US,1,en,True,True,True
376867,tt4975722,Moonlight,Moonlight,en,Released,4000000.0,65046687.0,61046687,1526.167175,18.3056,False,7.355,7674,6.905097871299242,True,230,112,This is the story of a lifetime,True,True,Drama,None,1,Drama,"drug dealer, high school, florida, drug abuse, miami, florida, parent child relationship, fight, homophobia, drug addiction, ghetto",2016-10-21,2016.0,10.0,21.0,4.0,True,False,26,Trevante Rhodes,2.0,André Holland,Janelle Monáe,Ashton Sanders,"Trevante Rhodes, André Holland, Janelle Monáe, Ashton Sanders, Jharrel Jerome",Barry Jenkins,1,Barry Jenkins,Adele Romanski,90,A24,3,1,US,1,en,True,True,False
1124,tt0482571,The Prestige,The Prestige,en,Released,40000000.0,109676311.0,69676311,174.1907775,20.9625,False,8.212,18102,7.991271046124072,True,186,130,Are you watching closely?,True,True,Drama,Mystery,3,"Drama, Mystery, Science Fiction","dying and death, suicide, class society, london, england, based on novel or book, magic, competition, obsession, hostility, class",2006-10-19,2006.0,10.0,19.0,4.0,True,False,50,Hugh Jackman,2.0,Christian Bale,Michael Caine,Piper Perabo,"Hugh Jackman, Christian Bale, Michael Caine, Piper Perabo, Rebecca Hall",Christopher Nolan,1,Christopher Nolan,Emma Thomas,71,Warner Bros. Pictures,4,2,GB,1,en,True,True,False
18785,tt1119646,The Hangover,The Hangover,en,Released,35000000.0,469310836.0,434310836,1240.888102857143,22.4451,False,7.3,18491,7.107803696487809,True,359,100,Some guys just can't handle Vegas.,True,True,Comedy,None,1,Comedy,"amnesia, blackjack, stag night, lost weekend, chapel, hit with tire iron, memory loss, las vegas, drugs, joyous",2009-06-02,2009.0,6.0,2.0,2.0,True,False,70,Bradley Cooper,2.0,Ed Helms,Zach Galifianakis,Justin Bartha,"Bradley Cooper, Ed Helms, Zach Galifianakis, Justin Bartha, Heather Graham",Todd Phillips,1,Jon Lucas,Todd Phillips,120,Legendary Pictures,3,1,US,1,en,True,True,True
999722,tt21933110,Old People,Old People,de,Released,,,0,,17.9929,False,5.655,346,2.3128014184397165,True,150,101,,False,False,Horror,None,1,Horror,,2022-10-07,2022.0,10.0,7.0,4.0,True,False,11,Melika Foroutan,1.0,Stephan Luca,Bianca Nawrath,Otto Emil Koch,"Melika Foroutan, Stephan Luca, Bianca Nawrath, Otto Emil Koch, Louie Betton",Andy Fetscher,1,Andy Fetscher,Florian Schneider,9,Independent,0,1,DE,1,de,True,True,False
9479,tt0107688,The Nightmare Before Christmas,The Nightmare Before Christmas,en,Released,18000000.0,75634409.0,57634409,320.1911611111111,20.7944,False,7.835,10566,7.480987710103018,True,341,76,Welcome to an extraordinary world filled with wonder and magic,True,True,Fantasy,Animation,3,"Fantasy, Animation, Family","skeleton, fire, magic, holiday, santa claus, halloween, villain, musical, christmas tree, saving christmas",1993-10-09,1993.0,10.0,9.0,4.0,True,False,36,Danny Elfman,2.0,Chris Sarandon,Catherine O'Hara,William Hickey,"Danny Elfman, Chris Sarandon, Catherine O'Hara, William Hickey, Glenn Shadix",Henry Selick,1,Michael McDowell,Don Hahn,113,Touchstone Pictures,2,1,US,1,en,True,True,False
510,tt0073486,One Flew Over the Cuckoo's Nest,One Flew Over the Cuckoo's Nest,en,Released,3000000.0,108981275.0,105981275,3532.709166666667,19.1857,False,8.4,11746,8.05703086722195,True,210,135,"In this clean, orderly, disciplined world, who needs guys like McMurphy? Everybody.",True,False,Drama,None,1,Drama,"mentally disabled, friendship, based on novel or book, nurse, lunatic asylum, affectation, insane asylum, oregon, usa, hospital, medication",1975-11-19,1975.0,11.0,19.0,4.0,True,False,34,Jack Nicholson,2.0,Brad Dourif,Louise Fletcher,Danny DeVito,"Jack Nicholson, Brad Dourif, Louise Fletcher, Danny DeVito, William Redfield",Miloš Forman,1,Ken Kesey,Michael Douglas,42,Fantasy Films,1,1,US,1,en,True,True,False
798645,tt14107334,The Running Man,The Running Man,en,Released,110000000.0,69000000.0,-41000000,-37.27272727272727,23.5113,False,6.733,1955,5.361716904276985,True,429,133,Hunt him down.,True,True,Action,Thriller,3,"Action, Thriller, Science Fiction","based on novel or book, dystopia, game show, survival, on the run, media manipulation, near future, baffled, authoritarian control, public spectacle",2025-11-11,2025.0,11.0,11.0,4.0,True,False,81,Glen Powell,2.0,Colman Domingo,Lee Pace,Josh Brolin,"Glen Powell, Colman Domingo, Lee Pace, Josh Brolin, William H. Macy",Edgar Wright,1,Stephen King,Simon Kinberg,123,Paramount Pictures,4,2,US,2,en,True,True,False
4192,tt0077413,Death on the Nile,Death on the Nile,en,Released,7920000.0,14560084.0,6640084,83.83944444444444,13.0434,False,7.152,949,4.684091097308489,True,157,140,A murderer strikes on board the luxury Nile steamer Karnak – and Hercule Poirot faces his most baffling case.,True,False,Mystery,None,1,Mystery,"egypt, based on novel or book, paddleboat, pyramid, cruise, nile, sphinx, murder, cruise ship, whodunit",1978-09-29,1978.0,9.0,29.0,3.0,True,False,22,Peter Ustinov,2.0,Jane Birkin,Lois Chiles,Bette Davis,"Peter Ustinov, Jane Birkin, Lois Chiles, Bette Davis, Mia Farrow",John Guillermin,1,Agatha Christie,John Brabourne,41,Mersham Productions,2,1,GB,4,de,True,True,True
49051,tt0903624,The Hobbit: An Unexpected Journey,The Hobbit: An Unexpected Journey,en,Released,250000000.0,1021103568.0,771103568,308.4414272,22.0928,False,7.381,20049,7.201404885882525,True,181,169,From the smallest beginnings come the greatest legends.,True,True,Adventure,Fantasy,3,"Adventure, Fantasy, Action","based on novel or book, elves, dwarf, magic, horseback riding, sword, burglar, legend, riddle, mountain",2012-12-12,2012.0,12.0,12.0,4.0,True,False,48,Martin Freeman,2.0,Ian McKellen,Richard Armitage,James Nesbitt,"Martin Freeman, Ian McKellen, Richard Armitage, James Nesbitt, Ken Stott",Peter Jackson,1,Guillermo del Toro,Carolynne Cunningham,551,New Line Cinema,3,2,NZ,1,en,True,True,True
490132,tt6966692,Green Book,Green Book,en,Released,23000000.0,321752656.0,298752656,1298.9245913043478,22.5748,False,8.223,13226,7.923458982952063,True,296,130,Inspired by a True Friendship.,True,True,Drama,Comedy,3,"Drama, Comedy, History","friendship, southern usa, based on true story, road trip, racism, pianist, driver, lgbt, road movie, music tour",2018-11-16,2018.0,11.0,16.0,4.0,True,False,68,Viggo Mortensen,2.0,Mahershala Ali,Linda Cardellini,Sebastian Maniscalco,"Viggo Mortensen, Mahershala Ali, Linda Cardellini, Sebastian Maniscalco, Dimiter D. Marinov",Peter Farrelly,1,Nick Vallelonga,Jim Burke,141,Participant,4,1,US,3,en,True,True,False
436969,tt6334354,The Suicide Squad,The Suicide Squad,en,Released,185000000.0,168717425.0,-16282575,-8.801391891891893,21.3712,False,7.447,9883,7.088384956178369,True,228,132,They’re dying to save the world.,True,True,Action,Comedy,3,"Action, Comedy, Adventure","monster, secret mission, superhero, anti hero, giant monster, gore, based on comic, alien, betrayal, alien invasion",2021-07-28,2021.0,7.0,28.0,3.0,True,False,62,Margot Robbie,1.0,Idris Elba,John Cena,Joel Kinnaman,"Margot Robbie, Idris Elba, John Cena, Joel Kinnaman, Sylvester Stallone",James Gunn,1,James Gunn,Charles Roven,184,DC Films,4,1,US,3,en,True,True,True
5879,tt0074102,In the Realm of the Senses,愛のコリーダ,ja,Released,,7650000.0,7650000,,21.0391,False,6.615,757,3.9837350835322196,True,151,102,Never before had a man and a woman loved each other so intensely.,True,False,Drama,Romance,2,"Drama, Romance","japan, jealousy, geisha, brothel, eroticism, sake, longing, deceived wife, based on true story, sadomasochism",1976-09-15,1976.0,9.0,15.0,3.0,True,False,24,Eiko Matsuda,1.0,Tatsuya Fuji,Aoi Nakajima,Yasuko Matsui,"Eiko Matsuda, Tatsuya Fuji, Aoi Nakajima, Yasuko Matsui, Meika Seri",Nagisa Ōshima,1,Nagisa Ōshima,Anatole Dauman,35,Argos films,3,2,JP,1,ja,True,True,False
1038392,tt22898462,The Conjuring: Last Rites,The Conjuring: Last Rites,en,Released,55000000.0,499256445.0,444256445,807.738990909091,20.3114,False,6.953,2112,5.622027565084227,True,130,136,The case that ended it all.,True,True,Horror,None,1,Horror,"pennsylvania, usa, supernatural, exorcism, haunted house, sequel, priest, religion, wedding, spirit, paranormal investigation",2025-09-03,2025.0,9.0,3.0,3.0,True,False,36,Patrick Wilson,2.0,Vera Farmiga,Mia Tomlinson,Ben Hardy,"Patrick Wilson, Vera Farmiga, Mia Tomlinson, Ben Hardy, Rebecca Calder",Michael Chaves,1,David Leslie Johnson-McGoldrick,James Wan,90,New Line Cinema,4,1,US,1,en,True,True,True
12106,tt0114214,The Quick and the Dead,The Quick and the Dead,en,Released,35000000.0,47000000.0,12000000,34.285714285714285,13.1218,False,6.554,2034,5.260787687450671,True,119,107,Think you're quick enough?,True,False,Western,Action,4,"Western, Action, Drama, Thriller","gunslinger, revenge, prairie, shootout, awestruck, powerful",1995-02-09,1995.0,2.0,9.0,1.0,True,False,39,Sharon Stone,1.0,Gene Hackman,Russell Crowe,Leonardo DiCaprio,"Sharon Stone, Gene Hackman, Russell Crowe, Leonardo DiCaprio, Tobin Bell",Sam Raimi,1,Simon Moore,Joshua Donen,68,TriStar Pictures,3,2,US,2,en,True,True,False
949,tt0113277,Heat,Heat,en,Released,60000000.0,187400000.0,127400000,212.33333333333334,21.3907,False,7.944,8669,7.5108011778819925,True,324,170,A Los Angeles crime saga.,True,True,Crime,Drama,3,"Crime, Drama, Action","robbery, chase, suicide attempt, gangster, obsession, detective, heist, remake, thief, honor",1995-12-15,1995.0,12.0,15.0,4.0,True,False,90,Al Pacino,2.0,Robert De Niro,Val Kilmer,Jon Voight,"Al Pacino, Robert De Niro, Val Kilmer, Jon Voight, Tom Sizemore",Michael Mann,1,Michael Mann,Art Linson,363,Warner Bros. Pictures,3,1,US,2,en,True,True,True
1430077,tt35672862,Hokum,Hokum,en,Released,5000000.0,25023390.0,20023390,400.4678,23.1009,False,6.871,848,4.322409495548961,True,242,108,We've been expecting you.,True,True,Horror,Thriller,2,"Horror, Thriller","hotel, witch, mushroom, supernatural, grave, gothic horror, alcoholic, gothic, novelist, elevator",2026-04-29,2026.0,4.0,29.0,2.0,True,False,47,Adam Scott,2.0,Peter Coonan,David Wilmot,Florence Ordesh,"Adam Scott, Peter Coonan, David Wilmot, Florence Ordesh, Michael Patric",Damian McCarthy,1,Damian McCarthy,Roy Lee,85,Spooky Pictures,6,4,US,2,en,True,True,False
940551,tt6495056,Migration,Migration,en,Released,72000000.0,298776052.0,226776052,314.9667388888889,23.3636,False,7.357,2319,6.052104647037957,True,200,83,Odd ducks welcome.,True,True,Family,Comedy,4,"Family, Comedy, Adventure, Animation","duck, villain, migration, flight, anthropomorphism, family, animals, chef, overprotective father, bird",2023-12-06,2023.0,12.0,6.0,4.0,True,False,41,Kumail Nanjiani,2.0,Elizabeth Banks,Caspar Jennings,Tresi Gazal,"Kumail Nanjiani, Elizabeth Banks, Caspar Jennings, Tresi Gazal, Awkwafina",Benjamin Renner,1,Mike White,Chris Meledandri,50,Universal Pictures,2,1,US,1,en,True,True,False
466420,tt5537002,Killers of the Flower Moon,Killers of the Flower Moon,en,Released,200000000.0,158722599.0,-41277401,-20.638700500000002,23.429,False,7.4,4324,6.633001658374793,True,153,206,Can you find the wolves in this picture?,True,True,Crime,History,3,"Crime, History, Drama","husband wife relationship, based on novel or book, war veteran, fbi, greed, oklahoma, manipulation, native american, based on true story, murder",2023-10-18,2023.0,10.0,18.0,4.0,True,False,210,Leonardo DiCaprio,2.0,Robert De Niro,Lily Gladstone,Jesse Plemons,"Leonardo DiCaprio, Robert De Niro, Lily Gladstone, Jesse Plemons, Tantoo Cardinal",Martin Scorsese,1,Martin Scorsese,Daniel Lupi,258,Apple Studios,4,1,US,3,en,True,True,False
578,tt0073195,Jaws,Jaws,en,Released,7000000.0,470653000.0,463653000,6623.614285714285,21.8623,False,7.685,11849,7.373841201716738,True,248,124,The terrifying motion picture from the terrifying No. 1 best seller.,True,True,Horror,Thriller,3,"Horror, Thriller, Adventure","dying and death, beach, based on novel or book, bathing, shipwreck, fishing, atlantic ocean, shark attack, police chief, ferry boat",1975-06-20,1975.0,6.0,20.0,2.0,True,False,41,Roy Scheider,2.0,Robert Shaw,Richard Dreyfuss,Lorraine Gary,"Roy Scheider, Robert Shaw, Richard Dreyfuss, Lorraine Gary, Murray Hamilton",Steven Spielberg,1,Carl Gottlieb,Richard D. Zanuck,169,The Zanuck/Brown Company,2,1,US,1,en,True,True,True
493922,tt7784604,Hereditary,Hereditary,en,Released,10000000.0,87796204.0,77796204,777.96204,18.8184,False,7.297,8876,6.907868174061433,True,282,128,Every family tree hides a secret.,True,True,Horror,Mystery,3,"Horror, Mystery, Thriller","daughter, funeral, parent child relationship, loss of loved one, ritual, supernatural, possession, dysfunctional family, sleeplessness, murder",2018-06-07,2018.0,6.0,7.0,2.0,True,False,28,Toni Collette,1.0,Alex Wolff,Gabriel Byrne,Milly Shapiro,"Toni Collette, Alex Wolff, Gabriel Byrne, Milly Shapiro, Ann Dowd",Ari Aster,1,Ari Aster,Buddy Patrick,137,PalmStar Media,4,2,US,1,en,True,True,False
791373,tt12361974,Zack Snyder's Justice League,Zack Snyder's Justice League,en,Released,70000000.0,,-70000000,-100.0,20.7093,False,8.076,11118,7.728435875365812,True,231,242,Us united.,True,True,Action,Adventure,3,"Action, Adventure, Fantasy","saving the world, superhero, resurrection, based on comic, superhero team, planet invasion, action hero, dc extended universe (dceu), superhero teamup, teamwork",2021-03-18,2021.0,3.0,18.0,1.0,True,False,123,Ben Affleck,2.0,Henry Cavill,Gal Gadot,Ray Fisher,"Ben Affleck, Henry Cavill, Gal Gadot, Ray Fisher, Jason Momoa",Zack Snyder,1,Gardner Fox,Charles Roven,449,Warner Bros. Pictures,6,1,US,1,en,True,True,False
10588,tt0312528,The Cat in the Hat,The Cat in the Hat,en,Released,109000000.0,133800000.0,24800000,22.752293577981654,25.1787,False,5.359,1872,4.229362563237775,True,237,82,Don't mess with the hat.,True,True,Fantasy,Adventure,4,"Fantasy, Adventure, Family, Comedy","sibling relationship, based on novel or book, chaos, cat, boredom, surrealism, stepfather, slapstick comedy, house party, police impersonator",2003-11-21,2003.0,11.0,21.0,4.0,True,False,26,Mike Myers,2.0,Dakota Fanning,Spencer Breslin,Kelly Preston,"Mike Myers, Dakota Fanning, Spencer Breslin, Kelly Preston, Alec Baldwin",Bo Welch,1,David Mandel,Brian Grazer,95,Universal Pictures,4,1,US,1,en,True,True,False
1062722,tt1312221,Frankenstein,Frankenstein,en,Released,120000000.0,480678.0,-119519322,-99.599435,20.6831,False,7.615,3835,6.736683967704729,True,197,150,Only monsters play God.,True,True,Drama,Fantasy,3,"Drama, Fantasy, Horror","monster, based on novel or book, supernatural, identity crisis, surgeon, mad scientist, reanimation, gothic horror, father son relationship, mother son relationship",2025-10-17,2025.0,10.0,17.0,4.0,True,False,54,Oscar Isaac,2.0,Jacob Elordi,Christoph Waltz,Mia Goth,"Oscar Isaac, Jacob Elordi, Christoph Waltz, Mia Goth, Felix Kammerer",Guillermo del Toro,1,Mary Shelley,J. Miles Dale,208,Double Dare You,3,2,US,3,da,True,True,False
382399,tt3451230,High Strung,High Strung,en,Released,,2093725.0,2093725,,19.3211,False,7.035,941,4.5939868147120055,True,297,96,See the music. Hear the dance.,True,True,Music,Romance,3,"Music, Romance, Drama","dance, violin, ballet, leotard",2016-04-08,2016.0,4.0,8.0,2.0,True,False,30,Keenan Kampa,1.0,Nicholas Galitzine,Sonoya Mizuno,Jane Seymour,"Keenan Kampa, Nicholas Galitzine, Sonoya Mizuno, Jane Seymour, Richard Southgate",Michael Damian,1,Janeen Damian,Janeen Damian,11,Sforzando Productions,3,2,RO,1,en,True,True,True
170,tt0289043,28 Days Later,28 Days Later,en,Released,8000000.0,82784517.0,74784517,934.8064625,21.7148,False,7.246,8861,6.858968699925222,True,342,113,The days are numbered.,True,True,Horror,Thriller,3,"Horror, Thriller, Science Fiction","london, england, infection, outbreak, zombie, brutality, survival horror, zombie apocalypse, virus, waking from coma, post-apocalyptic",2002-10-31,2002.0,10.0,31.0,4.0,True,False,37,Cillian Murphy,2.0,Naomie Harris,Brendan Gleeson,Megan Burns,"Cillian Murphy, Naomie Harris, Brendan Gleeson, Megan Burns, Christopher Eccleston",Danny Boyle,1,Alex Garland,Andrew Macdonald,77,DNA Films,1,1,GB,2,es,True,True,True
562,tt0095016,Die Hard,Die Hard,en,Released,28000000.0,140767956.0,112767956,402.7427,20.239,False,7.817,12624,7.519186833282536,True,236,132,40 stories of sheer adventure!,True,True,Action,Thriller,2,"Action, Thriller","husband wife relationship, based on novel or book, s.w.a.t., fbi, christmas party, vault, heist, murder, shootout, los angeles, california",1988-07-15,1988.0,7.0,15.0,3.0,True,False,65,Bruce Willis,2.0,Alan Rickman,Alexander Godunov,Bonnie Bedelia,"Bruce Willis, Alan Rickman, Alexander Godunov, Bonnie Bedelia, Reginald VelJohnson",John McTiernan,1,Roderick Thorp,Joel Silver,213,Gordon Company,3,1,US,3,en,True,True,True
209112,tt2975590,Batman v Superman: Dawn of Justice,Batman v Superman: Dawn of Justice,en,Released,250000000.0,874362803.0,624362803,249.7451212,21.6587,False,6.0,19339,5.848782700740965,True,375,152,The greatest gladiator match in the history of the world.,True,True,Action,Adventure,3,"Action, Adventure, Fantasy","superhero, based on comic, sequel, revenge, vigilante, super power, supervillain, dc extended universe (dceu), versus fighting, versus",2016-03-23,2016.0,3.0,23.0,1.0,True,False,135,Ben Affleck,2.0,Henry Cavill,Jesse Eisenberg,Gal Gadot,"Ben Affleck, Henry Cavill, Jesse Eisenberg, Gal Gadot, Amy Adams",Zack Snyder,1,William Moulton Marston,Charles Roven,617,Warner Bros. Pictures,5,1,US,1,en,True,True,True
10775,tt0338564,Infernal Affairs,無間道,cn,Released,6400000.0,8836958.0,2436958,38.07746875,20.0285,False,7.808,1922,6.196109000825764,True,311,101,Loyalty. Honor. Betrayal.,True,False,Drama,Action,5,"Drama, Action, Thriller, Crime, Mystery","undercover agent, undercover, hong kong",2002-12-12,2002.0,12.0,12.0,4.0,True,False,46,Andy Lau,2.0,Tony Leung Chiu-wai,Anthony Wong Chau-Sang,Eric Tsang Chi-Wai,"Andy Lau, Tony Leung Chiu-wai, Anthony Wong Chau-Sang, Eric Tsang Chi-Wai, Kelly Chen Hui-Lin",Alan Mak Siu-Fai,2,Felix Chong Man-Keung,Andrew Lau Wai-Keung,35,Media Asia Films,2,1,HK,3,cn,True,True,True
311,tt0087843,Once Upon a Time in America,Once Upon a Time in America,en,Released,30000000.0,5500000.0,-24500000,-81.66666666666667,20.3558,False,8.4,6201,7.773227876436353,True,183,139,"Crime, passion and lust for power.",True,False,Drama,Crime,2,"Drama, Crime","new york city, regret, lovesickness, rape, life and death, sexual abuse, street gang, corruption, based on novel or book, prohibition era",1984-05-23,1984.0,5.0,23.0,2.0,True,False,82,Robert De Niro,2.0,James Woods,Elizabeth McGovern,Joe Pesci,"Robert De Niro, James Woods, Elizabeth McGovern, Joe Pesci, Burt Young",Sergio Leone,1,Sergio Leone,Arnon Milchan,146,Embassy International Pictures,4,2,US,5,en,True,True,False
161,tt0240772,Ocean's Eleven,Ocean's Eleven,en,Released,85000000.0,450717150.0,365717150,430.2554705882353,22.5264,False,7.466,12880,7.187001494768311,True,314,116,Are you in or out?,True,True,Thriller,Crime,2,"Thriller, Crime","casino, pickpocket, heist, con artist, remake, caper, las vegas, inside man, security guard, ex-wife",2001-12-07,2001.0,12.0,7.0,4.0,True,False,78,George Clooney,2.0,Brad Pitt,Andy Garcia,Matt Damon,"George Clooney, Brad Pitt, Andy Garcia, Matt Damon, Julia Roberts",Steven Soderbergh,1,Ted Griffin,Jerry Weintraub,170,Warner Bros. Pictures,5,1,US,3,zh,True,True,True
11544,tt0275847,Lilo & Stitch,Lilo & Stitch,en,Released,80000000.0,273144151.0,193144151,241.43018875,21.9614,False,7.559,7236,7.070440020682523,True,274,85,There's one in every family.,True,True,Animation,Family,4,"Animation, Family, Comedy, Science Fiction","sibling relationship, mutation, extraterrestrial technology, hawaii, adoption, affectation, villain, alien life-form, alien, dog",2002-06-21,2002.0,6.0,21.0,2.0,True,False,50,Daveigh Chase,1.0,Chris Sanders,Tia Carrere,David Ogden Stiers,"Daveigh Chase, Chris Sanders, Tia Carrere, David Ogden Stiers, Kevin McDonald",Chris Sanders,2,John Sanford,Clark Spencer,56,Walt Disney Pictures,1,1,US,1,en,True,True,True
572802,tt9663764,Aquaman and the Lost Kingdom,Aquaman and the Lost Kingdom,en,Released,205000000.0,440181226.0,235181226,114.72254926829268,22.3219,False,6.503,3655,5.720448856799037,True,241,124,The tide is turning.,True,True,Action,Adventure,3,"Action, Adventure, Fantasy","superhero, secret society, half-brother, sequel, revenge, dysfunctional relationship, dc extended universe (dceu), ancient evil, underwater world, vengeance",2023-12-20,2023.0,12.0,20.0,4.0,True,False,41,Jason Momoa,2.0,Patrick Wilson,Yahya Abdul-Mateen II,Randall Park,"Jason Momoa, Patrick Wilson, Yahya Abdul-Mateen II, Randall Park, Amber Heard",James Wan,1,Jason Momoa,James Wan,69,Warner Bros. Pictures,5,1,US,3,en,True,True,True
73861,tt1273235,A Serbian Film,Srpski film,sr,Released,,,0,,23.5303,False,5.45,2269,4.465890213073312,True,318,104,Not all films have a happy ending.,True,True,Crime,Horror,3,"Crime, Horror, Thriller","mask, pedophilia, suicide, pornography, rape, sexual abuse, sadism, necrophilia, insanity, perversity",2010-01-06,2010.0,1.0,6.0,1.0,True,False,25,Srđan 'Žika' Todorović,2.0,Sergej Trifunović,Jelena Gavrilović,Slobodan Beštić,"Srđan 'Žika' Todorović, Sergej Trifunović, Jelena Gavrilović, Slobodan Beštić, Katarina Žutić",Srđan Spasojević,1,Srđan Spasojević,Srđan Spasojević,56,Contra Film,1,1,RS,1,sr,True,True,False
640,tt0264464,Catch Me If You Can,Catch Me If You Can,en,Released,52000000.0,352114312.0,300114312,577.1429076923077,21.1267,False,7.978,17537,7.756843488384986,True,292,141,The true story of a real fake.,True,False,Drama,Crime,2,"Drama, Crime","fbi, con man, biography, based on true story, con artist, chameleon, attempted jailbreak, engagement party, mislaid trust, christmas",2002-12-16,2002.0,12.0,16.0,4.0,True,False,128,Leonardo DiCaprio,2.0,Tom Hanks,Christopher Walken,Martin Sheen,"Leonardo DiCaprio, Tom Hanks, Christopher Walken, Martin Sheen, Nathalie Baye",Steven Spielberg,1,Jeff Nathanson,Steven Spielberg,141,Kemp Company,4,1,US,2,en,True,True,False
4348,tt0414387,Pride & Prejudice,Pride & Prejudice,en,Released,28000000.0,124604345.0,96604345,345.01551785714287,18.3458,False,8.1,8943,7.671110875781002,True,367,128,Sometimes the last person on earth you want to be with is the one person you can't be without.,True,True,Drama,Romance,2,"Drama, Romance","based on novel or book, england, bachelor, family relationships, suitor, prejudice, period drama, pride, 18th century, opposites attract",2005-09-16,2005.0,9.0,16.0,3.0,True,False,31,Keira Knightley,1.0,Matthew Macfadyen,Brenda Blethyn,Rosamund Pike,"Keira Knightley, Matthew Macfadyen, Brenda Blethyn, Rosamund Pike, Carey Mulligan",Joe Wright,1,Jane Austen,Tim Bevan,58,StudioCanal,4,3,FR,1,en,True,True,False
91586,tt2226417,Insidious: Chapter 2,Insidious: Chapter 2,en,Released,5000000.0,161921515.0,156921515,3138.4303,21.9441,False,6.701,4748,6.062566310975609,True,137,106,It will take what you love most.,True,True,Horror,Thriller,2,"Horror, Thriller","supernatural, medium, haunted house, possession, sequel, evil spirit, demon, family, ghost, bride in black",2013-09-12,2013.0,9.0,12.0,3.0,True,False,31,Patrick Wilson,2.0,Rose Byrne,Lin Shaye,Ty Simpkins,"Patrick Wilson, Rose Byrne, Lin Shaye, Ty Simpkins, Barbara Hershey",James Wan,1,Leigh Whannell,Oren Peli,124,Blumhouse Productions,4,1,US,1,en,True,True,True
616037,tt10648342,Thor: Love and Thunder,Thor: Love and Thunder,en,Released,250000000.0,760928081.0,510928081,204.3712324,21.6825,False,6.36,8934,6.022921348314608,True,388,119,The one is not the only.,True,True,Fantasy,Action,3,"Fantasy, Action, Comedy","hero, ex-girlfriend, superhero, greek mythology, based on comic, sequel, shadow, norse mythology, aftercreditsstinger, duringcreditsstinger",2022-07-06,2022.0,7.0,6.0,3.0,True,False,124,Chris Hemsworth,2.0,Natalie Portman,Christian Bale,Tessa Thompson,"Chris Hemsworth, Natalie Portman, Christian Bale, Tessa Thompson, Taika Waititi",Taika Waititi,1,Taika Waititi,Brad Winderbaum,182,Marvel Studios,2,1,US,1,en,True,True,True
176,tt0387564,Saw,Saw,en,Released,1200000.0,104045735.0,102845735,8570.477916666667,20.7965,False,7.427,10316,7.083666050295858,True,357,103,How much blood would you shed to stay alive?,True,False,Horror,Mystery,3,"Horror, Mystery, Crime","sadism, shotgun, detective, flashback, hospital, doctor, torture, sadist, survival horror, chained",2004-10-01,2004.0,10.0,1.0,4.0,True,False,18,Leigh Whannell,2.0,Cary Elwes,Tobin Bell,Danny Glover,"Leigh Whannell, Cary Elwes, Tobin Bell, Danny Glover, Ken Leung",James Wan,1,Leigh Whannell,Gregg Hoffman,92,Twisted Pictures,1,1,US,1,en,True,True,True
574475,tt9619824,Final Destination Bloodlines,Final Destination Bloodlines,en,Released,50000000.0,317854739.0,267854739,535.709478,21.0172,False,7.034,3107,6.058951483227058,True,219,110,Death runs in the family.,True,True,Horror,Mystery,2,"Horror, Mystery","restaurant, gore, sequel, premonition, family tragedy, near-death experience, 1960s, cheating death, supernatural horror, horror",2025-05-14,2025.0,5.0,14.0,2.0,True,False,39,Kaitlyn Santa Juana,1.0,Teo Briones,Rya Kihlstedt,Richard Harmon,"Kaitlyn Santa Juana, Teo Briones, Rya Kihlstedt, Richard Harmon, Owen Patrick Joyner",Adam Stein,2,Guy Busick,Sheila Hanahan Taylor,161,New Line Cinema,5,1,US,1,en,True,True,True
345,tt0120663,Eyes Wide Shut,Eyes Wide Shut,en,Released,65000000.0,162517900.0,97517900,150.02753846153846,17.9631,False,7.485,7290,7.004576379974326,True,275,159,No dream is ever just a dream.,True,True,Drama,Thriller,3,"Drama, Thriller, Mystery","new york city, prostitute, based on novel or book, sexual obsession, sacrifice, christmas party, eroticism, orgy, masked ball, marriage",1999-07-16,1999.0,7.0,16.0,3.0,True,False,78,Tom Cruise,2.0,Nicole Kidman,Sydney Pollack,Marie Richardson,"Tom Cruise, Nicole Kidman, Sydney Pollack, Marie Richardson, Rade Šerbedžija",Stanley Kubrick,1,Stanley Kubrick,Stanley Kubrick,86,Warner Bros. Pictures,4,2,GB,1,en,True,True,False
287424,tt1881002,Maggie,Maggie,en,Released,4000000.0,187112.0,-3812888,-95.3222,17.0638,False,5.408,1711,4.1850239710538215,True,382,95,Don't Get Bitten.,True,True,Horror,Drama,3,"Horror, Drama, Science Fiction","dystopia, post-apocalyptic future, zombie",2015-05-08,2015.0,5.0,8.0,2.0,True,False,26,Arnold Schwarzenegger,2.0,Abigail Breslin,Joely Richardson,Douglas M. Griffin,"Arnold Schwarzenegger, Abigail Breslin, Joely Richardson, Douglas M. Griffin, J.D. Evermore",Henry Hobson,1,John Scott,Matthew Baer,76,Sly Predator,8,3,CH,1,en,True,True,False
566525,tt9376612,Shang-Chi and the Legend of the Ten Rings,Shang-Chi and the Legend of the Ten Rings,en,Released,150000000.0,432243292.0,282243292,188.16219466666666,21.9863,False,7.485,10722,7.151503297094992,True,130,132,You can't outrun your destiny.,True,True,Action,Adventure,3,"Action, Adventure, Fantasy","martial arts, superhero, based on comic, mixed martial arts (mma), east asian lead, aftercreditsstinger, duringcreditsstinger, marvel cinematic universe (mcu), wuxia, father son relationship",2021-09-01,2021.0,9.0,1.0,3.0,True,False,48,Simu Liu,2.0,Tony Leung Chiu-wai,Awkwafina,Ben Kingsley,"Simu Liu, Tony Leung Chiu-wai, Awkwafina, Ben Kingsley, Zhang Meng'er",Destin Daniel Cretton,1,Destin Daniel Cretton,Jonathan Schwartz,187,Marvel Studios,1,1,US,2,en,True,True,False
118,tt0367594,Charlie and the Chocolate Factory,Charlie and the Chocolate Factory,en,Released,150000000.0,475000000.0,325000000,216.66666666666666,20.2529,False,7.037,16372,6.828459222380275,True,129,115,Prepare for a taste of adventure.,True,True,Adventure,Comedy,4,"Adventure, Comedy, Family, Fantasy","factory worker, factory, london, england, based on novel or book, chocolate, candy, overweight child, parent child relationship, grandparent grandchild relationship, dark comedy",2005-07-13,2005.0,7.0,13.0,3.0,True,False,49,Johnny Depp,2.0,Freddie Highmore,David Kelly,Helena Bonham Carter,"Johnny Depp, Freddie Highmore, David Kelly, Helena Bonham Carter, Noah Taylor",Tim Burton,1,John August,Brad Grey,205,Warner Bros. Pictures,5,2,GB,1,en,True,True,False
226674,tt0077123,The Adolescent,L'Adolescente,fr,Released,,,0,,22.4007,False,4.842,19,0.17726011560693639,True,222,90,,False,False,Drama,None,1,Drama,"coming of age, first love, woman director",1979-01-24,1979.0,1.0,24.0,1.0,True,False,30,Simone Signoret,1.0,Francis Huster,Laetitia Chauveau,Edith Clever,"Simone Signoret, Francis Huster, Laetitia Chauveau, Edith Clever, Jacques Weber",Jeanne Moreau,1,Henriette Jelinek,Philippe Dussart,20,Carthago Coop. Cinematográfica,3,2,DE,1,fr,True,True,False
1430698,tt30217600,The Bay,The Bay,en,Released,,,0,,22.2562,False,5.661,31,0.3304915254237288,True,160,87,Welcome to paradise.,True,False,Thriller,Horror,2,"Thriller, Horror","thailand, female friendship, sinking boat, tiger shark, best friends, destination wedding",2026-07-02,2026.0,7.0,2.0,3.0,True,False,6,Francesca Eastwood,1.0,Dani Oliveros,Alexander Wraith,Ta'imua,"Francesca Eastwood, Dani Oliveros, Alexander Wraith, Ta'imua, Calan Scherer",Phil Volken,1,Phil Volken,Dominic Vicari,21,Roundtable Entertainment,7,2,US,1,en,True,True,False
18240,tt1041829,The Proposal,The Proposal,en,Released,40000000.0,317400000.0,277400000,693.5,25.1115,False,7.181,7758,6.746209493824171,True,175,108,Here comes the bribe...,True,False,Comedy,Romance,3,"Comedy, Romance, Drama","new york city, marriage proposal, blackmail, ex-girlfriend, assistant, deportation, immigration law, romcom, alaska, fish out of water",2009-06-02,2009.0,6.0,2.0,2.0,True,False,36,Sandra Bullock,1.0,Ryan Reynolds,Malin Akerman,Craig T. Nelson,"Sandra Bullock, Ryan Reynolds, Malin Akerman, Craig T. Nelson, Mary Steenburgen",Anne Fletcher,1,Peter Chiarelli,Todd Lieberman,55,Touchstone Pictures,3,1,US,1,en,True,True,False
558449,tt9218128,Gladiator II,Gladiator II,en,Released,310000000.0,462180717.0,152180717,49.09055387096774,22.0313,False,6.6,4731,5.969145478875932,True,380,148,Prepare to be entertained.,True,True,Action,Adventure,3,"Action, Adventure, Drama","gladiator, roman empire, ancient rome, sequel, epic battle, family legacy, 3rd century, antiquity, fallen hero, political rival",2024-11-13,2024.0,11.0,13.0,4.0,True,False,50,Paul Mescal,2.0,Denzel Washington,Pedro Pascal,Connie Nielsen,"Paul Mescal, Denzel Washington, Pedro Pascal, Connie Nielsen, Joseph Quinn",Ridley Scott,1,David Franzoni,Michael A. Pruss,326,Paramount Pictures,3,1,US,1,en,True,True,True
489,tt0119217,Good Will Hunting,Good Will Hunting,en,Released,10000000.0,225933435.0,215933435,2159.33435,17.5091,False,8.167,14291,7.89091995132175,True,218,127,"Some people can never believe in themselves, until someone believes in them.",True,True,Drama,None,1,Drama,"boston, massachusetts, mathematics, genius, male friendship, flashback, psychologist, janitor, dating, courtroom, group of friends",1997-12-05,1997.0,12.0,5.0,4.0,True,False,49,Matt Damon,2.0,Robin Williams,Ben Affleck,Stellan Skarsgård,"Matt Damon, Robin Williams, Ben Affleck, Stellan Skarsgård, Minnie Driver",Gus Van Sant,1,Ben Affleck,Lawrence Bender,275,Lawrence Bender Productions,3,1,US,1,en,True,True,False
8966,tt1099212,Twilight,Twilight,en,Released,37000000.0,393616788.0,356616788,963.8291567567567,20.9997,False,6.274,14665,6.0671421035278605,True,284,122,"When you can live forever, what do you live for?",True,False,Fantasy,Drama,3,"Fantasy, Drama, Romance","high school, soulmates, based on novel or book, immortality, vampire, forbidden love, teen movie, trust, desire, washington state",2008-11-20,2008.0,11.0,20.0,4.0,True,False,45,Kristen Stewart,1.0,Robert Pattinson,Billy Burke,Peter Facinelli,"Kristen Stewart, Robert Pattinson, Billy Burke, Peter Facinelli, Ashley Greene",Catherine Hardwicke,1,Melissa Rosenberg,Wyck Godfrey,131,Summit Entertainment,6,2,GB,1,en,True,True,True
646315,tt34510565,The Legendary Lighter,전설의 라이타,ko,Released,,,0,,15.3223,False,6.5,6,0.07707509881422925,True,110,109,,False,False,Action,None,1,Action,"fighting, action hero",2019-10-29,2019.0,10.0,29.0,4.0,True,False,4,Kim Hae-joon,2.0,Park Sharon,Lee Dong-ju,Hong Dal-pyo,"Kim Hae-joon, Park Sharon, Lee Dong-ju, Hong Dal-pyo",Chae Ki-jun,1,Chae Ki-jun,Unknown,2,Fiveday,3,1,KR,1,ko,True,True,False
940721,tt23289160,Godzilla Minus One,ゴジラ-1.0,ja,Released,15000000.0,113676322.0,98676322,657.8421466666666,19.7588,False,7.6,3400,6.625641025641026,True,244,125,Live and Fight. Survive and Resist.,True,True,Science Fiction,Horror,3,"Science Fiction, Horror, Action","monster, loss of loved one, giant monster, kamikaze, duty, atomic bomb test, radioactivity, naval combat, reboot, kaiju",2023-11-03,2023.0,11.0,3.0,4.0,True,False,101,Ryunosuke Kamiki,2.0,Minami Hamabe,Yuki Yamada,Munetaka Aoki,"Ryunosuke Kamiki, Minami Hamabe, Yuki Yamada, Munetaka Aoki, Hidetaka Yoshioka",Takashi Yamazaki,1,Takashi Yamazaki,Kenji Yamada,110,TOHO,3,1,JP,2,en,True,True,True
1314826,tt32881432,Yellow Eyes,Yellow Eyes,en,Released,,,0,,20.9413,False,4.813,8,0.07579527559055117,True,176,86,,False,False,Horror,None,1,Horror,,2026-08-18,2026.0,8.0,18.0,3.0,True,False,7,Nena Martins,0.0,Michael Kunicki,Jimmy Chung,William Derrick III,"Nena Martins, Michael Kunicki, Jimmy Chung, William Derrick III, Margo O’Donnell",Jesse Korman,1,Mickey Solis,Joe Swanberg,6,Yale Entertainment,1,1,US,1,en,True,True,False
810,tt0413267,Shrek the Third,Shrek the Third,en,Released,160000000.0,808310187.0,648310187,405.193866875,21.2347,False,6.314,9984,6.012874475391072,True,265,93,He's in for the royal treatment.,True,True,Fantasy,Adventure,5,"Fantasy, Adventure, Animation, Comedy, Family","ship, island, ambush, kingdom, boarding school, liberation of prisoners, pregnancy, traitor, shipwreck, stage",2007-05-17,2007.0,5.0,17.0,2.0,True,False,42,Mike Myers,2.0,Eddie Murphy,Cameron Diaz,Antonio Banderas,"Mike Myers, Eddie Murphy, Cameron Diaz, Antonio Banderas, Julie Andrews",Chris Miller,1,Jeffrey Price,Aron Warner,46,DreamWorks Animation,2,1,US,1,en,True,True,True
911835,tt18690794,Aunt,숙모,ko,Released,,,0,,18.9052,False,5.7,3,0.03399602385685885,False,0,96,,False,False,Romance,None,1,Romance,softcore,2021-07-28,2021.0,7.0,28.0,3.0,True,False,3,Yoo Ji-hyun,1.0,Lee Soo,Woo Yeol,None,"Yoo Ji-hyun, Lee Soo, Woo Yeol",Lee Sang-soo,1,Unknown,Unknown,1,Independent,0,0,Unknown,1,ko,True,True,False
1471224,tt38814447,Bazaar (Murder in the Building),Le Crime du 3e étage,fr,Released,,,0,,24.1423,False,6.4,74,0.8250871080139374,True,660,106,,False,False,Comedy,Drama,3,"Comedy, Drama, Crime",,2026-03-11,2026.0,3.0,11.0,1.0,True,False,21,Gilles Lellouche,2.0,Laetitia Casta,Guillaume Gallienne,Isabel Aimé González Sola,"Gilles Lellouche, Laetitia Casta, Guillaume Gallienne, Isabel Aimé González Sola, Jenna Knafo",Rémi Bezançon,1,Rémi Bezançon,Eric Jehelmann,43,Jerico,4,1,FR,1,fr,True,True,False
1156594,tt33311244,Our Fault,Culpa nuestra,es,Released,,,0,,21.6695,False,7.365,745,4.407168674698795,True,385,110,,False,True,Romance,Drama,2,"Romance, Drama","based on novel or book, sequel",2025-10-15,2025.0,10.0,15.0,4.0,True,False,19,Nicole Wallace,1.0,Gabriel Guevara,Gabriela Andrada,Marta Hazas,"Nicole Wallace, Gabriel Guevara, Gabriela Andrada, Marta Hazas, Goya Toledo",Domingo González,1,Mercedes Ron,Carolina Bang,28,Pokeepsie Films,2,2,ES,1,es,True,True,True
447273,tt6208148,Snow White,Snow White,en,Released,271600000.0,205679463.0,-65920537,-24.271184462444772,40.7986,False,4.268,1729,3.310620008972633,True,433,109,The classic tale comes to life.,True,True,Family,Fantasy,2,"Family, Fantasy","princess, dwarf, fairy tale, poison, musical, remake, apple, based on movie, evil queen, based on fairy tale",2025-03-19,2025.0,3.0,19.0,1.0,True,False,48,Rachel Zegler,1.0,Gal Gadot,Andrew Burnap,Andrew Barth Feldman,"Rachel Zegler, Gal Gadot, Andrew Burnap, Andrew Barth Feldman, Jeremy Swift",Marc Webb,1,Erin Cressida Wilson,Marc Platt,205,Walt Disney Pictures,2,1,US,1,en,True,True,False
78,tt0083658,Blade Runner,Blade Runner,en,Released,28000000.0,41722424.0,13722424,49.008657142857146,19.9987,False,7.936,15392,7.686314623710042,True,232,118,Man has made his match ...now it's his problem.,True,True,Science Fiction,Drama,3,"Science Fiction, Drama, Thriller","android, flying car, bounty hunter, artificial intelligence (a.i.), genetics, based on novel or book, dystopia, futuristic, fugitive, cyberpunk",1982-06-25,1982.0,6.0,25.0,2.0,True,False,32,Harrison Ford,2.0,Rutger Hauer,Sean Young,Edward James Olmos,"Harrison Ford, Rutger Hauer, Sean Young, Edward James Olmos, M. Emmet Walsh",Ridley Scott,1,Hampton Fancher,Michael Deeley,127,Shaw Brothers,3,3,US,5,en,True,True,True
337167,tt4477536,Fifty Shades Freed,Fifty Shades Freed,en,Released,55000000.0,371985018.0,316985018,576.3363963636364,20.4906,False,6.7,8429,6.324818008735581,True,325,105,Don't miss the climax.,True,True,Drama,Romance,2,"Drama, Romance","based on novel or book, eroticism, sequel, bdsm, dramatic",2018-01-17,2018.0,1.0,17.0,1.0,True,False,64,Dakota Johnson,1.0,Jamie Dornan,Eric Johnson,Eloise Mumford,"Dakota Johnson, Jamie Dornan, Eric Johnson, Eloise Mumford, Rita Ora",James Foley,1,E.L. James,E.L. James,132,Universal Pictures,3,1,US,1,en,True,True,True
423,tt0253474,The Pianist,The Pianist,en,Released,35000000.0,120098945.0,85098945,243.13984285714287,20.078,False,8.371,10431,7.988098161192937,True,356,150,Music was his passion. Survival was his masterpiece.,True,False,Drama,War,2,"Drama, War","concert, nazi, resistance, warsaw ghetto, polish resistance, homeland, holocaust (shoah), hunger, world war ii, prisoner of war",2002-09-17,2002.0,9.0,17.0,3.0,True,False,79,Adrien Brody,2.0,Thomas Kretschmann,Frank Finlay,Maureen Lipman,"Adrien Brody, Thomas Kretschmann, Frank Finlay, Maureen Lipman, Emilia Fox",Roman Polanski,1,Ronald Harwood,Alain Sarde,57,R.P. Productions,5,4,FR,4,en,True,True,False
72190,tt0816711,World War Z,World War Z,en,Released,200000000.0,531865000.0,331865000,165.9325,20.7944,False,6.9,17025,6.703138373751783,True,456,116,There will come a day when the world we know will end.,True,True,Action,Horror,3,"Action, Horror, Science Fiction","philadelphia, pennsylvania, new jersey, based on novel or book, dystopia, jerusalem, end of the world, apocalypse, zombie, epidemic, nuclear weapons",2013-06-19,2013.0,6.0,19.0,2.0,True,False,82,Brad Pitt,2.0,Mireille Enos,Daniella Kertesz,James Badge Dale,"Brad Pitt, Mireille Enos, Daniella Kertesz, James Badge Dale, Ludi Boeken",Marc Forster,1,Matthew Michael Carnahan,Ian Bryce,129,GK Films,6,1,US,1,en,True,True,True
216015,tt2322441,Fifty Shades of Grey,Fifty Shades of Grey,en,Released,40000000.0,569651467.0,529651467,1324.1286675,21.9172,False,5.859,12545,5.634431199693369,True,465,125,Mr. Grey will see you now.,True,True,Drama,Romance,3,"Drama, Romance, Thriller","bad smell, based on novel or book, eroticism, perversion, spanking, billionaire, psychological thriller, rich, bdsm, woman director",2015-02-11,2015.0,2.0,11.0,1.0,True,False,31,Dakota Johnson,1.0,Jamie Dornan,Jennifer Ehle,Eloise Mumford,"Dakota Johnson, Jamie Dornan, Jennifer Ehle, Eloise Mumford, Victor Rasuk",Sam Taylor-Johnson,1,E.L. James,Michael De Luca,125,Universal Pictures,4,1,US,1,en,True,True,True
28,tt0078788,Apocalypse Now,Apocalypse Now,en,Released,31500000.0,150000000.0,118500000,376.1904761904762,17.3085,False,8.261,9370,7.842509625126645,True,333,147,This is the end...,True,True,Drama,War,2,"Drama, War","guerrilla warfare, vietnam war, journalist, mission, vietnam, vietcong, central intelligence agency (cia), cambodia, army, drug abuse",1979-05-19,1979.0,5.0,19.0,2.0,True,False,50,Martin Sheen,2.0,Marlon Brando,Frederic Forrest,Albert Hall,"Martin Sheen, Marlon Brando, Frederic Forrest, Albert Hall, Laurence Fishburne",Francis Ford Coppola,1,Francis Ford Coppola,Francis Ford Coppola,188,American Zoetrope,1,1,US,4,km,True,True,False
580489,tt7097896,Venom: Let There Be Carnage,Venom: Let There Be Carnage,en,Released,110000000.0,506863592.0,396863592,360.78508363636365,18.6124,False,6.731,11407,6.448351137986058,True,161,97,You are what you eat.,True,True,Science Fiction,Action,3,"Science Fiction, Action, Adventure","hero, psychopath, superhero, anti hero, villain, alien life-form, based on comic, sequel, fear, aftercreditsstinger",2021-09-30,2021.0,9.0,30.0,3.0,True,False,54,Tom Hardy,2.0,Woody Harrelson,Michelle Williams,Naomie Harris,"Tom Hardy, Woody Harrelson, Michelle Williams, Naomie Harris, Reid Scott",Andy Serkis,1,Kelly Marcel,Tom Hardy,184,Columbia Pictures,4,1,US,2,es,True,True,True
809,tt0298148,Shrek 2,Shrek 2,en,Released,150000000.0,932542741.0,782542741,521.6951606666667,19.1206,False,7.329,13754,7.071914269678686,True,298,92,What happens after happily ever after?,True,True,Animation,Comedy,5,"Animation, Comedy, Family, Fantasy, Romance","prison, princess, magic, kingdom, fairy tale, liberation, transformation, honeymoon, prince, villain",2004-05-19,2004.0,5.0,19.0,2.0,True,False,25,Mike Myers,2.0,Eddie Murphy,Cameron Diaz,Julie Andrews,"Mike Myers, Eddie Murphy, Cameron Diaz, Julie Andrews, Antonio Banderas",Conrad Vernon,3,Andrew Adamson,Aron Warner,376,DreamWorks Animation,2,1,US,1,en,True,True,True
9552,tt0070047,The Exorcist,The Exorcist,en,Released,11000000.0,430872776.0,419872776,3817.0252363636364,18.9669,False,7.7,8863,7.2888070063014,True,116,122,"Something almost beyond comprehension is happening to a girl on this street, in this house…And a man has been sent for as a last resort. This man is The Exorcist.",True,True,Horror,None,1,Horror,"washington dc, usa, based on novel or book, religion and supernatural, exorcism, paranormal phenomena, possession, satan, priest, demon, roman catholic church",1973-12-26,1973.0,12.0,26.0,4.0,True,False,43,Ellen Burstyn,1.0,Linda Blair,Jason Miller,Max von Sydow,"Ellen Burstyn, Linda Blair, Jason Miller, Max von Sydow, Lee J. Cobb",William Friedkin,1,William Peter Blatty,William Peter Blatty,39,Hoya Productions,2,2,US,6,de,True,True,True
508442,tt2948372,Soul,Soul,en,Released,150000000.0,121977511.0,-28022489,-18.681659333333332,19.3296,False,8.089,11713,7.757836485711947,True,464,101,Everybody has a soul. Joe Gardner is about to find his.,True,True,Animation,Family,5,"Animation, Family, Drama, Music, Fantasy","new york city, jazz, musician, cat, self-discovery, jazz singer or musician, teacher, aftercreditsstinger, duringcreditsstinger, life after death",2020-12-25,2020.0,12.0,25.0,4.0,True,False,30,Jamie Foxx,2.0,Tina Fey,Graham Norton,Rachel House,"Jamie Foxx, Tina Fey, Graham Norton, Rachel House, Alice Braga",Pete Docter,1,Kristen Lester,Dana Murray,71,Pixar,1,1,US,1,en,True,True,False
841,tt0087182,Dune,Dune,en,Released,40000000.0,31502434.0,-8497566,-21.243914999999998,17.3458,False,6.199,3541,5.431986884434546,True,424,136,"A world beyond your experience, beyond your imagination.",True,False,Action,Science Fiction,3,"Action, Science Fiction, Adventure","witch, empire, galaxy, rebellion, future, space marine, army, monster, based on novel or book, prophecy",1984-12-14,1984.0,12.0,14.0,4.0,True,False,40,Kyle MacLachlan,2.0,Francesca Annis,Patrick Stewart,Linda Hunt,"Kyle MacLachlan, Francesca Annis, Patrick Stewart, Linda Hunt, José Ferrer",David Lynch,1,David Lynch,Raffaella De Laurentiis,79,The De Laurentiis Company,1,1,US,1,en,True,True,False
629,tt0114814,The Usual Suspects,The Usual Suspects,en,Released,6000000.0,23300000.0,17300000,288.3333333333333,17.4139,False,8.164,11725,7.830094069529652,True,409,106,Five criminals. One line up. No coincidence.,True,True,Drama,Crime,3,"Drama, Crime, Thriller","new york city, robbery, relatives, heist, flashback, police corruption, whodunit, los angeles, california, theft, criminal",1995-07-19,1995.0,7.0,19.0,3.0,True,False,35,Stephen Baldwin,2.0,Gabriel Byrne,Benicio del Toro,Kevin Pollak,"Stephen Baldwin, Gabriel Byrne, Benicio del Toro, Kevin Pollak, Kevin Spacey",Bryan Singer,1,Christopher McQuarrie,Bryan Singer,128,Bad Hat Harry Productions,2,1,US,4,es,True,True,False
57800,tt1667889,Ice Age: Continental Drift,Ice Age: Continental Drift,en,Released,95000000.0,877244782.0,782244782,823.4155599999999,21.1669,False,6.394,8262,6.029128965989501,True,193,88,The end of the world is just the tip of the iceberg.,True,True,Animation,Comedy,4,"Animation, Comedy, Adventure, Family","villain, sequel, prehistory, seal (animal), aftercreditsstinger, duringcreditsstinger, melting ice, floating ice, land bridge, glaciale",2012-06-27,2012.0,6.0,27.0,2.0,True,False,61,Ray Romano,2.0,John Leguizamo,Denis Leary,Seann William Scott,"Ray Romano, John Leguizamo, Denis Leary, Seann William Scott, Josh Peck",Steve Martino,2,Michael Berg,Lori Forte,76,Blue Sky Studios,2,1,US,1,en,True,True,True
281957,tt1663202,The Revenant,The Revenant,en,Released,135000000.0,532950503.0,397950503,294.7781503703704,20.8239,False,7.541,19688,7.354230632058649,True,131,157,Blood lost. Life found.,True,True,Western,Drama,3,"Western, Drama, Adventure","rape, based on novel or book, parent child relationship, winter, child murder, mountain, grizzly bear, animal attack, wilderness, gore",2015-12-25,2015.0,12.0,25.0,4.0,True,False,69,Leonardo DiCaprio,2.0,Tom Hardy,Domhnall Gleeson,Will Poulter,"Leonardo DiCaprio, Tom Hardy, Domhnall Gleeson, Will Poulter, Forrest Goodluck",Alejandro G. Iñárritu,1,Michael Punke,Steve Golin,243,Monarchy Enterprises S.a.r.l.,9,4,CA,2,en,True,True,False
10625,tt0377092,Mean Girls,Mean Girls,en,Released,17000000.0,130195052.0,113195052,665.8532470588235,19.6241,False,7.228,9656,6.872151240645923,True,187,97,Watch your back.,True,True,Drama,Comedy,2,"Drama, Comedy","based on novel or book, illinois, female friendship, bullying, coming of age, prom, teenage girl, fish out of water, best friend, math teacher",2004-04-30,2004.0,4.0,30.0,2.0,True,False,68,Lindsay Lohan,1.0,Rachel McAdams,Lizzy Caplan,Lacey Chabert,"Lindsay Lohan, Rachel McAdams, Lizzy Caplan, Lacey Chabert, Amanda Seyfried",Mark Waters,1,Tina Fey,Lorne Michaels,135,Broadway Video,3,1,US,4,sw,True,True,True
2109,tt0120812,Rush Hour,Rush Hour,en,Released,33000000.0,244721064.0,211721064,641.5789818181819,17.4568,False,7.085,5902,6.531657294595439,True,332,97,The fastest hands in the East meet the biggest mouth in the West.,True,False,Action,Comedy,3,"Action, Comedy, Crime","martial arts, fbi, two man army, chinese mafia, cop, los angeles, california, east asian lead, buddy cop, consul, crime lord",1998-09-18,1998.0,9.0,18.0,3.0,True,False,58,Jackie Chan,2.0,Chris Tucker,Tom Wilkinson,Philip Baker Hall,"Jackie Chan, Chris Tucker, Tom Wilkinson, Philip Baker Hall, Elizabeth Peña",Brett Ratner,1,Ross LaManna,Roger Birnbaum,167,New Line Cinema,3,1,US,3,cn,True,True,True
102899,tt0478970,Ant-Man,Ant-Man,en,Released,130000000.0,519311965.0,389311965,299.4707423076923,19.7615,False,7.067,21226,6.904360765902605,True,381,117,Heroes don't get any bigger.,True,True,Science Fiction,Adventure,3,"Science Fiction, Adventure, Action","superhero, ant, master thief, shrinking, based on comic, heist, miniaturization, mentor protégé relationship, aftercreditsstinger, duringcreditsstinger",2015-07-14,2015.0,7.0,14.0,3.0,True,False,70,Paul Rudd,2.0,Michael Douglas,Evangeline Lilly,Corey Stoll,"Paul Rudd, Michael Douglas, Evangeline Lilly, Corey Stoll, Bobby Cannavale",Peyton Reed,1,Adam McKay,Kevin Feige,384,Marvel Studios,1,1,US,1,en,True,True,True
298618,tt0439572,The Flash,The Flash,en,Released,220000000.0,271333313.0,51333313,23.33332409090909,17.4529,False,6.609,5246,6.033904281239122,True,381,144,Worlds collide.,True,True,Action,Science Fiction,3,"Action, Science Fiction, Adventure","secret identity, superhero, time travel, based on comic, superhuman, super power, aftercreditsstinger, time paradox, butterfly effect, dc extended universe (dceu)",2023-06-13,2023.0,6.0,13.0,2.0,True,False,59,Ezra Miller,3.0,Sasha Calle,Michael Keaton,Michael Shannon,"Ezra Miller, Sasha Calle, Michael Keaton, Michael Shannon, Ron Livingston",Andy Muschietti,1,John Francis Daley,Michael Disco,143,Warner Bros. Pictures,4,1,US,3,en,True,True,False
744,tt0092099,Top Gun,Top Gun,en,Released,15000000.0,356830601.0,341830601,2278.8706733333333,19.369,False,7.072,9894,6.73180373292284,True,273,110,Up there with the best of the best.,True,True,Action,Drama,3,"Action, Drama, Romance","dying and death, secret love, lovesickness, airplane, loss of loved one, self-discovery, hostility, fighter pilot, pilot, training camp",1986-05-16,1986.0,5.0,16.0,2.0,True,False,24,Tom Cruise,2.0,Kelly McGillis,Val Kilmer,Anthony Edwards,"Tom Cruise, Kelly McGillis, Val Kilmer, Anthony Edwards, Tom Skerritt",Tony Scott,1,Jim Cash,Don Simpson,182,Paramount Pictures,2,1,US,1,en,True,True,True
299537,tt4154664,Captain Marvel,Captain Marvel,en,Released,152000000.0,1131416446.0,979416446,644.352925,19.5811,False,6.772,17129,6.579930115151171,True,305,124,Higher. Further. Faster.,True,True,Action,Adventure,3,"Action, Adventure, Science Fiction","superhero, based on comic, alien, female protagonist, alien invasion, super power, female hero, aftercreditsstinger, duringcreditsstinger, marvel cinematic universe (mcu)",2019-03-06,2019.0,3.0,6.0,1.0,True,False,52,Brie Larson,1.0,Samuel L. Jackson,Ben Mendelsohn,Jude Law,"Brie Larson, Samuel L. Jackson, Ben Mendelsohn, Jude Law, Annette Bening",Ryan Fleck,2,Jack Kirby,Kevin Feige,618,Marvel Studios,1,1,US,1,en,True,True,True
335983,tt1270797,Venom,Venom,en,Released,116000000.0,856085151.0,740085151,638.0044405172414,18.9737,False,6.825,17574,6.636192873741286,True,291,112,The world has enough superheroes.,True,True,Science Fiction,Action,2,"Science Fiction, Action","spacecraft, san francisco, california, superhero, anti hero, alien life-form, based on comic, aftercreditsstinger, duringcreditsstinger, business tycoon, symbiote",2018-09-28,2018.0,9.0,28.0,3.0,True,False,61,Tom Hardy,2.0,Michelle Williams,Riz Ahmed,Scott Haze,"Tom Hardy, Michelle Williams, Riz Ahmed, Scott Haze, Reid Scott",Ruben Fleischer,1,Scott Rosenberg,Avi Arad,225,Matt Tolmach Productions,6,2,CN,3,zh,True,True,True
14161,tt1190080,2012,2012,en,Released,200000000.0,791217826.0,591217826,295.60891300000003,20.31,False,5.896,13017,5.677904268698676,True,687,158,We were warned.,True,True,Action,Adventure,3,"Action, Adventure, Science Fiction","race against time, maya civilization, civilization, natural disaster, earthquake, end of the world, disaster, apocalypse, destruction, volcanic eruption",2009-10-10,2009.0,10.0,10.0,4.0,True,False,107,John Cusack,2.0,Amanda Peet,Chiwetel Ejiofor,Thandiwe Newton,"John Cusack, Amanda Peet, Chiwetel Ejiofor, Thandiwe Newton, Oliver Platt",Roland Emmerich,1,Harald Kloser,Harald Kloser,366,Columbia Pictures,4,1,US,11,de,True,True,False
252522,tt4163356,The Happy Life of Debbie,黛比的幸福生活,zh,Released,,,0,,15.4464,False,6.5,1,0.012974051896207584,True,159,88,Life can barely move on if everything gets too clear.,True,True,Drama,None,1,Drama,"family's daily life, lovers, alcoholism, family drama, puppy love",2012-01-26,2012.0,1.0,26.0,1.0,True,False,3,Jade Chou,1.0,David Chao,Nur Najman Ade Putra,None,"Jade Chou, David Chao, Nur Najman Ade Putra",Fu Tien-yu,1,Hsueh-Jung Liu,Liao Shih-han,7,Independent,0,1,TW,2,id,False,True,False
637,tt0118799,Life Is Beautiful,La vita è bella,it,Released,20000000.0,230098753.0,210098753,1050.493765,20.4788,False,8.437,14234,8.150689425817836,True,320,116,"An unforgettable fable that proves love, family and imagination conquer all.",True,False,Comedy,Drama,2,"Comedy, Drama","dying and death, bookshop, love of one's life, nazi, self sacrifice, loss of loved one, italy, riddle, mass murder, concentration camp",1997-12-20,1997.0,12.0,20.0,4.0,True,False,53,Roberto Benigni,2.0,Nicoletta Braschi,Giorgio Cantarini,Giustino Durano,"Roberto Benigni, Nicoletta Braschi, Giorgio Cantarini, Giustino Durano, Sergio Bini Bustric",Roberto Benigni,1,Roberto Benigni,Gianluigi Braschi,55,Mario e Vittorio Cecchi Gori - C.E.I.A.D.,2,1,IT,0,Unknown,True,True,False
101299,tt1951264,The Hunger Games: Catching Fire,The Hunger Games: Catching Fire,en,Released,130000000.0,865011746.0,735011746,565.3936507692308,20.7173,False,7.424,18763,7.231298966931424,True,311,146,Remember who the enemy is.,True,True,Adventure,Action,3,"Adventure, Action, Science Fiction","rebellion, based on novel or book, propaganda, dystopia, uprising, sequel, president, survival, murder, conspiracy",2013-11-15,2013.0,11.0,15.0,4.0,True,False,57,Jennifer Lawrence,1.0,Josh Hutcherson,Liam Hemsworth,Woody Harrelson,"Jennifer Lawrence, Josh Hutcherson, Liam Hemsworth, Woody Harrelson, Elizabeth Banks",Francis Lawrence,1,Simon Beaufoy,Nina Jacobson,98,Lionsgate,2,1,US,1,en,True,True,True
508947,tt8097030,Turning Red,Turning Red,en,Released,175000000.0,21813358.0,-153186642,-87.535224,21.4205,False,7.33,6034,6.769087848178757,True,154,100,Growing up is a beast.,True,True,Animation,Family,4,"Animation, Family, Comedy, Fantasy","friendship, canada, concert, temple, shapeshifting, toronto, canada, coming of age, teenage girl, female protagonist, east asian lead",2022-03-10,2022.0,3.0,10.0,1.0,True,False,66,Rosalie Chiang,1.0,Sandra Oh,Ava Morse,Hyein Park,"Rosalie Chiang, Sandra Oh, Ava Morse, Hyein Park, Maitreyi Ramakrishnan",Domee Shi,1,Domee Shi,Lindsey Collins,140,Pixar,1,1,US,5,cn,True,True,False
1246049,tt31434030,Dracula,Dracula,fr,Released,52000000.0,42415061.0,-9584939,-18.432575,19.6414,False,7.246,1475,5.4115696202531645,True,292,130,"He renounced his faith to become immortal. Passion, anger, vengeance, and hatred will be unleashed into the modern world.",True,True,Horror,Fantasy,3,"Horror, Fantasy, Romance","paris, france, vampire, beheading, parfum, gargoyle, gothic horror, music box, eternal love, 19th century, 15th century",2025-07-30,2025.0,7.0,30.0,3.0,True,False,44,Caleb Landry Jones,2.0,Zoë Bleu Sidel,Christoph Waltz,Matilda De Angelis,"Caleb Landry Jones, Zoë Bleu Sidel, Christoph Waltz, Matilda De Angelis, Ewens Abid",Luc Besson,1,Bram Stoker,Luc Besson,563,EuropaCorp,6,1,FR,3,en,True,True,False
89657,tt0123740,Country Hooker,Country Hooker,en,Released,,,0,,15.348,False,3.9,7,0.05384615384615385,True,424,75,She paid the price of love in Blood! ...Hers!,True,False,Drama,None,1,Drama,"fondling, softcore",1974-10-04,1974.0,10.0,4.0,4.0,True,False,8,Rene Bond,1.0,Ric Lutze,Sandy Dempsey,John Paul Jones,"Rene Bond, Ric Lutze, Sandy Dempsey, John Paul Jones, Maria Arnold",Lew Guinn,1,Unknown,Unknown,2,Snowman Productions,1,1,US,1,en,True,False,False
895954,,母女汽车中心,莫尼卡中心,ko,Released,,,0,,16.5696,False,4.0,1,0.007984031936127744,True,407,87,,False,False,Romance,None,1,Romance,softcore,2021-01-01,2021.0,1.0,1.0,1.0,True,False,5,Lee Eun-mi,1.0,Yeon Joo,Yoon Yool,Han Seok-bong,"Lee Eun-mi, Yeon Joo, Yoon Yool, Han Seok-bong, Gil Dong",Unknown,0,Unknown,Unknown,0,Independent,0,0,Unknown,1,ko,True,False,False
1007734,tt28996126,Nobody 2,Nobody 2,en,Released,25000000.0,43285109.0,18285109,73.140436,19.4345,False,6.918,1825,5.43025806451613,True,222,89,Nobody ruins his vacation.,True,True,Action,Thriller,3,"Action, Thriller, Crime","dark comedy, black humor, sequel, one man army, family vacation, marital tensions, celebratory, russian mafia, revenge cycle, explosive action",2025-08-13,2025.0,8.0,13.0,3.0,True,False,59,Bob Odenkirk,2.0,Connie Nielsen,John Ortiz,Colin Hanks,"Bob Odenkirk, Connie Nielsen, John Ortiz, Colin Hanks, RZA",Timo Tjahjanto,1,Aaron Rabin,Kelly McCormick,97,Universal Pictures,4,1,US,1,en,True,True,True
1175942,tt30017619,The Bad Guys 2,The Bad Guys 2,en,Released,80000000.0,239676236.0,159676236,199.595295,17.4087,False,7.633,900,4.906928571428571,True,223,104,Back in badness.,True,True,Family,Comedy,6,"Family, Comedy, Crime, Adventure, Animation, Action","california, based on novel or book, snake, police, wolf, fight, spider, villain, sequel, heist",2025-07-24,2025.0,7.0,24.0,3.0,True,False,37,Sam Rockwell,2.0,Marc Maron,Awkwafina,Craig Robinson,"Sam Rockwell, Marc Maron, Awkwafina, Craig Robinson, Anthony Ramos",Pierre Perifel,1,Katherine de Vries,Damon Ross,188,DreamWorks Animation,1,1,US,1,en,True,True,True
49519,tt0481499,The Croods,The Croods,en,Released,135000000.0,587204668.0,452204668,334.9664207407408,18.4868,False,6.946,7698,6.522360087826299,True,395,99,The journey begins.,True,True,Animation,Adventure,4,"Animation, Adventure, Family, Comedy","daughter, parent child relationship, stone age, father, prehistory, ancient world, family, cavemen, aftercreditsstinger, duringcreditsstinger",2013-03-15,2013.0,3.0,15.0,1.0,True,False,8,Nicolas Cage,2.0,Emma Stone,Ryan Reynolds,Catherine Keener,"Nicolas Cage, Emma Stone, Ryan Reynolds, Catherine Keener, Cloris Leachman",Chris Sanders,2,Chris Sanders,Kristine Belson,312,DreamWorks Animation,1,1,US,1,en,True,True,True
1156593,tt28510079,Your Fault,Culpa tuya,es,Released,,,0,,20.1637,False,7.09,1625,5.421764705882353,True,267,117,Divided by family. Driven by love.,True,True,Drama,Romance,2,"Drama, Romance","based on novel or book, suicide attempt, sequel, mental health, romantic drama",2024-12-26,2024.0,12.0,26.0,4.0,True,False,27,Nicole Wallace,1.0,Gabriel Guevara,Marta Hazas,Iván Sánchez,"Nicole Wallace, Gabriel Guevara, Marta Hazas, Iván Sánchez, Eva Ruiz",Domingo González,1,Mercedes Ron,Álex de la Iglesia,21,Pokeepsie Films,2,2,ES,1,es,True,True,True
772,tt0104431,Home Alone 2: Lost in New York,Home Alone 2: Lost in New York,en,Released,18000000.0,358994850.0,340994850,1894.4158333333335,20.4785,False,6.794,10886,6.495651150535745,True,315,120,He's up past his bedtime in the city that never sleeps.,True,False,Comedy,Family,3,"Comedy, Family, Adventure","new york city, burglar, holiday, family relationships, sequel, slapstick comedy, little boy, home invasion, family, precocious child",1992-11-15,1992.0,11.0,15.0,4.0,True,False,77,Macaulay Culkin,2.0,Joe Pesci,Daniel Stern,Catherine O'Hara,"Macaulay Culkin, Joe Pesci, Daniel Stern, Catherine O'Hara, John Heard",Chris Columbus,1,John Hughes,John Hughes,175,20th Century Fox,2,1,US,2,en,True,True,True
1472951,tt29218808,Infiltrate,Infiltrate,en,Released,,,0,,20.5119,False,8.0,15,0.23300970873786409,True,409,93,,False,False,Action,Thriller,2,"Action, Thriller",,2026-07-09,2026.0,7.0,9.0,3.0,True,False,20,Orphée Ladouceur-Nguyen,1.0,Alain Moussi,Tim Rozon,Finn McCager Higgins,"Orphée Ladouceur-Nguyen, Alain Moussi, Tim Rozon, Finn McCager Higgins, Lisa Berry",James Mark,1,James Mark,Tony del Rio,20,Kemodo Entertainment,1,1,CA,2,en,True,True,False
746036,tt1684562,The Fall Guy,The Fall Guy,en,Released,125000000.0,181073291.0,56073291,44.858632799999995,19.0593,False,6.951,4035,6.184627342888644,True,196,127,Fall hard.,True,True,Action,Comedy,3,"Action, Comedy, Romance","sydney, australia, movie business, stuntman, missing person, aftercreditsstinger, duringcreditsstinger, action comedy, based on tv series",2024-04-24,2024.0,4.0,24.0,2.0,True,False,55,Ryan Gosling,2.0,Emily Blunt,Aaron Taylor-Johnson,Hannah Waddingham,"Ryan Gosling, Emily Blunt, Aaron Taylor-Johnson, Hannah Waddingham, Teresa Palmer",David Leitch,1,Glen A. Larson,Kelly McCormick,155,87North Productions,3,2,US,1,en,True,True,False
260346,tt2446042,Taken 3,Taken 3,en,Released,48000000.0,325800000.0,277800000,578.75,20.1967,False,6.268,6284,5.806030660377359,True,278,109,It ends here.,True,True,Thriller,Action,2,"Thriller, Action","california, escape, funeral, gas station, detective, bodyguard, suspicion of murder, golf, penthouse apartment, morgue",2014-12-16,2014.0,12.0,16.0,4.0,True,False,62,Liam Neeson,2.0,Forest Whitaker,Maggie Grace,Dougray Scott,"Liam Neeson, Forest Whitaker, Maggie Grace, Dougray Scott, Famke Janssen",Olivier Megaton,1,Luc Besson,Luc Besson,218,EuropaCorp,5,3,FR,1,en,True,True,True
260346,tt2446042,Taken 3,Taken 3,en,Released,48000000.0,325800000.0,277800000,578.75,20.1967,False,6.268,6284,5.806030660377359,True,278,109,It ends here.,True,True,Thriller,Action,2,"Thriller, Action","california, escape, funeral, gas station, detective, bodyguard, suspicion of murder, golf, penthouse apartment, morgue",2014-12-16,2014.0,12.0,16.0,4.0,True,False,62,Liam Neeson,2.0,Forest Whitaker,Maggie Grace,Dougray Scott,"Liam Neeson, Forest Whitaker, Maggie Grace, Dougray Scott, Famke Janssen",Olivier Megaton,1,Luc Besson,Luc Besson,218,EuropaCorp,5,3,FR,1,en,True,True,True
405871,tt0288189,On the Beach,令嬢肉奴隷,ja,Released,,,0,,16.9556,False,5.571,21,0.22455086372360844,True,569,67,,False,True,Drama,None,1,Drama,"softcore, pink film",1985-08-24,1985.0,8.0,24.0,3.0,True,False,7,Rei Akasaka,1.0,Aki Hayasaka,Hideaki Tezuka,Sadami Sakamoto,"Rei Akasaka, Aki Hayasaka, Hideaki Tezuka, Sadami Sakamoto, Ranko Mizuki",Junichi Suzuki,1,Yu Mitsui,Eiji Tsuru,13,Nikkatsu Corporation,1,1,JP,1,ja,True,True,True
426063,tt5040012,Nosferatu,Nosferatu,en,Released,50000000.0,181805645.0,131805645,263.61129,17.262,False,6.7,3952,5.947529200359389,True,139,133,Succumb to the darkness.,True,True,Horror,Fantasy,2,"Horror, Fantasy","cold, based on novel or book, vampire, necrophilia, eroticism, possession, würzburg, remake, gothic horror, gothic",2024-12-25,2024.0,12.0,25.0,4.0,True,False,35,Lily-Rose Depp,1.0,Nicholas Hoult,Bill Skarsgård,Aaron Taylor-Johnson,"Lily-Rose Depp, Nicholas Hoult, Bill Skarsgård, Aaron Taylor-Johnson, Willem Dafoe",Robert Eggers,1,Bram Stoker,Jeff Robinov,136,Focus Features,4,1,US,5,en,True,True,False
698687,tt8864596,Transformers One,Transformers One,en,Released,75000000.0,129408392.0,54408392,72.54452266666667,20.5798,False,7.98,1762,6.216074270557029,True,171,104,Witness the origin.,True,True,Animation,Science Fiction,4,"Animation, Science Fiction, Adventure, Family","based on toy, giant robot, aftercreditsstinger, duringcreditsstinger, buddy movie, brothers-in-arms relationship, origin story, 3d animation, alien robot",2024-09-11,2024.0,9.0,11.0,3.0,True,False,17,Chris Hemsworth,2.0,Brian Tyree Henry,Scarlett Johansson,Keegan-Michael Key,"Chris Hemsworth, Brian Tyree Henry, Scarlett Johansson, Keegan-Michael Key, Jon Hamm",Josh Cooley,1,Andrew Barrer,Tom DeSanto,62,Paramount Animation,6,1,US,1,en,True,True,False
103,tt0075314,Taxi Driver,Taxi Driver,en,Released,1900000.0,28579636.0,26679636,1404.1913684210526,19.1079,False,8.121,13776,7.836571588680303,True,211,114,"On every street in every city in this country, there's a nobody who dreams of being somebody. He's a lonely forgotten man desperate to prove that he's alive.",True,False,Crime,Drama,2,"Crime, Drama","drug dealer, vietnam veteran, new york city, taxi, pornography, obsession, taxi driver, 1970s, pimp, observer",1976-02-09,1976.0,2.0,9.0,1.0,True,False,53,Robert De Niro,2.0,Jodie Foster,Cybill Shepherd,Harvey Keitel,"Robert De Niro, Jodie Foster, Cybill Shepherd, Harvey Keitel, Peter Boyle",Martin Scorsese,1,Paul Schrader,Julia Phillips,99,Bill/Phillips Productions,2,1,US,2,en,True,True,False
1865,tt1298650,Pirates of the Caribbean: On Stranger Tides,Pirates of the Caribbean: On Stranger Tides,en,Released,379000000.0,1046721266.0,667721266,176.1797535620053,19.982,False,6.574,15235,6.365102637432475,True,162,136,Live forever or die trying.,True,True,Adventure,Action,3,"Adventure, Action, Fantasy","sea, ship, mutiny, spain, england, sword, prime minister, sailing, mermaid, duke",2011-05-15,2011.0,5.0,15.0,2.0,True,False,84,Johnny Depp,2.0,Penélope Cruz,Geoffrey Rush,Ian McShane,"Johnny Depp, Penélope Cruz, Geoffrey Rush, Ian McShane, Kevin McNally",Rob Marshall,1,Terry Rossio,Jerry Bruckheimer,196,Walt Disney Pictures,3,2,GB,2,en,True,True,True
718930,tt12593682,Bullet Train,Bullet Train,en,Released,90000000.0,239268602.0,149268602,165.85400222222222,18.3917,False,7.409,7899,6.967935587569949,True,327,126,The end of the line is just the beginning.,True,True,Action,Comedy,3,"Action, Comedy, Thriller","mission, japan, assassin, based on novel or book, hitman, briefcase, train, luck, runaway train, deadly snake",2022-08-03,2022.0,8.0,3.0,3.0,True,False,72,Brad Pitt,2.0,Joey King,Aaron Taylor-Johnson,Brian Tyree Henry,"Brad Pitt, Joey King, Aaron Taylor-Johnson, Brian Tyree Henry, Andrew Koji",David Leitch,1,Kotaro Isaka,David Leitch,272,87North Productions,2,1,US,4,ja,True,True,False
9470,tt0373074,Kung Fu Hustle,功夫,cn,Released,20000000.0,102034104.0,82034104,410.17051999999995,16.3076,False,7.517,3321,6.533356974613976,True,315,99,So many gangsters… so little time.,True,False,Action,Comedy,4,"Action, Comedy, Crime, Fantasy","martial arts, china, magic, gangster, mafia, defense, policeman, wuxia, 1940s, anarchic comedy",2004-02-10,2004.0,2.0,10.0,1.0,True,False,33,Stephen Chow,2.0,Yuen Qiu,Yuen Wah,Lam Tze-Chung,"Stephen Chow, Yuen Qiu, Yuen Wah, Lam Tze-Chung, Bruce Leung Siu-Lung",Stephen Chow,1,Stephen Chow,Stephen Chow,28,Huayi Brothers & Taihe Film Investment,5,2,CN,1,cn,True,True,False
36557,tt0381061,Casino Royale,Casino Royale,en,Released,150000000.0,599045960.0,449045960,299.3639733333334,19.9379,False,7.575,11990,7.27175740592474,True,440,144,Everyone has a past. Every legend has a beginning.,True,True,Adventure,Action,3,"Adventure, Action, Thriller","banker, casino, based on novel or book, poker, italy, spy, money, torture, terrorism, mi6",2006-11-14,2006.0,11.0,14.0,4.0,True,False,76,Daniel Craig,2.0,Eva Green,Mads Mikkelsen,Judi Dench,"Daniel Craig, Eva Green, Mads Mikkelsen, Judi Dench, Jeffrey Wright",Martin Campbell,1,Robert Wade,Michael G. Wilson,360,Metro-Goldwyn-Mayer,4,2,GB,2,en,True,True,True
8392,tt0096283,My Neighbor Totoro,となりのトトロ,ja,Released,3700000.0,41000000.0,37300000,1008.1081081081081,19.6507,False,8.066,9065,7.64435859905907,True,290,86,He's your friendly neighbourhood forest spirit!,True,True,Fantasy,Animation,3,"Fantasy, Animation, Family","mother, sibling relationship, village, leave, rural area, hospital, new neighbor, new home, super power, magical creature",1988-04-16,1988.0,4.0,16.0,2.0,True,False,21,Noriko Hidaka,1.0,Chika Sakamoto,Hitoshi Takagi,Shigesato Itoi,"Noriko Hidaka, Chika Sakamoto, Hitoshi Takagi, Shigesato Itoi, Sumi Shimamoto",Hayao Miyazaki,1,Hayao Miyazaki,Tooru Hara,73,Studio Ghibli,2,1,JP,1,ja,True,True,False
106,tt0093773,Predator,Predator,en,Released,15000000.0,98267558.0,83267558,555.1170533333333,20.4376,False,7.581,9492,7.201646517213771,True,137,107,Soon the hunt will begin.,True,True,Science Fiction,Action,4,"Science Fiction, Action, Adventure, Thriller","guerrilla warfare, central and south america, predator, trap, alien, survival, stalking, creature, alien invasion, invisible",1987-06-12,1987.0,6.0,12.0,2.0,True,False,17,Arnold Schwarzenegger,2.0,Carl Weathers,Kevin Peter Hall,Elpidia Carrillo,"Arnold Schwarzenegger, Carl Weathers, Kevin Peter Hall, Elpidia Carrillo, Bill Duke",John McTiernan,1,Jim Thomas,Lawrence Gordon,148,20th Century Fox,6,1,US,2,en,True,True,True
744275,tt13069986,After We Fell,After We Fell,en,Released,14000000.0,21753705.0,7753705,55.38360714285714,20.3881,False,7.0,2780,5.932926829268292,True,371,99,,False,False,Drama,Romance,2,"Drama, Romance","based on novel or book, family history, sequel, love, teenage crush, woman director, family tension, zealous, mischievous, enraged",2021-09-01,2021.0,9.0,1.0,3.0,True,False,29,Josephine Langford,1.0,Hero Fiennes Tiffin,Carter Jenkins,Louise Lombard,"Josephine Langford, Hero Fiennes Tiffin, Carter Jenkins, Louise Lombard, Chance Perdomo",Castille Landon,1,Sharon Soboil,Mark Canton,28,Voltage Pictures,5,3,FR,3,en,True,True,True
1417,tt0457430,Pan's Labyrinth,El laberinto del fauno,es,Released,19000000.0,83258226.0,64258226,338.2011894736842,17.1709,False,7.768,11726,7.450316374938655,True,385,118,Innocence has a power evil cannot imagine.,True,True,Fantasy,Drama,3,"Fantasy, Drama, War","princess, army, fairy tale, resistance, servant, anti hero, franco regime (francoism), woods, cruelty, hiding",2006-10-11,2006.0,10.0,11.0,4.0,True,False,31,Ivana Baquero,1.0,Sergi López,Maribel Verdú,Doug Jones,"Ivana Baquero, Sergi López, Maribel Verdú, Doug Jones, Ariadna Gil",Guillermo del Toro,1,Guillermo del Toro,Guillermo del Toro,129,Estudios Picasso,4,3,MX,1,es,True,True,False
1465063,tt36583977,Forgotten Island,Forgotten Island,en,Released,,,0,,20.7698,False,9.0,2,0.035856573705179286,True,383,109,No memory left behind.,True,True,Animation,Adventure,5,"Animation, Adventure, Fantasy, Comedy, Family","island, female friendship, memory, 3d animation, filipino, filipino mythology, filipino culture, art shift, animesque",2026-09-16,2026.0,9.0,16.0,3.0,True,False,13,H.E.R.,1.0,Liza Soberano,Dave Franco,Lea Salonga,"H.E.R., Liza Soberano, Dave Franco, Lea Salonga, Manny Jacinto",Januel Mercado,2,Joel Crawford,Mark Swift,25,DreamWorks Animation,1,1,US,2,en,True,True,False
1022787,tt4900148,Elio,Elio,en,Released,150000000.0,154291182.0,4291182,2.860788,19.8025,False,6.923,1124,4.791534482758621,True,246,98,They asked for our leader. They got... him.,True,True,Animation,Adventure,5,"Animation, Adventure, Science Fiction, Family, Comedy","villain, alien, coming of age, computer animation, eye patch, social outcast, aftercreditsstinger, beforecreditsstinger, woman director, space adventure",2025-06-18,2025.0,6.0,18.0,2.0,True,False,24,Yonas Kibreab,2.0,Remy Edgerly,Zoe Saldaña,Brad Garrett,"Yonas Kibreab, Remy Edgerly, Zoe Saldaña, Brad Garrett, Brandon Moon",Madeline Sharafian,3,James S. Baker,Mary Alice Drumm,184,Pixar,1,1,US,1,en,True,True,False
653346,tt11389872,Kingdom of the Planet of the Apes,Kingdom of the Planet of the Apes,en,Released,160000000.0,397378150.0,237378150,148.36134375,20.3506,False,7.053,4443,6.3395668622294155,True,384,145,No one can stop the reign.,True,True,Science Fiction,Adventure,3,"Science Fiction, Adventure, Action","empire, kingdom, gorilla, dystopia, chimpanzee, post-apocalyptic future, eagle, sequel, anthropomorphism, distant future",2024-05-08,2024.0,5.0,8.0,2.0,True,False,28,Owen Teague,2.0,Freya Allan,Kevin Durand,Peter Macon,"Owen Teague, Freya Allan, Kevin Durand, Peter Macon, William H. Macy",Wes Ball,1,Amanda Silver,Wes Ball,112,20th Century Studios,4,1,US,1,en,True,True,True
8681,tt0936501,Taken,Taken,en,Released,25000000.0,226830568.0,201830568,807.322272,20.717,False,7.412,12382,7.124311752833411,True,536,94,They took his daughter. He'll take their lives.,True,True,Action,Thriller,2,"Action, Thriller","rescue, paris, france, kidnapping, prostitution, sex trafficking, albanian, missing daughter, calm, candid, ex special forces",2008-02-18,2008.0,2.0,18.0,1.0,True,False,39,Liam Neeson,2.0,Maggie Grace,Famke Janssen,Olivier Rabourdin,"Liam Neeson, Maggie Grace, Famke Janssen, Olivier Rabourdin, Katie Cassidy",Pierre Morel,1,Luc Besson,Pierre-Ange Le Pogam,401,EuropaCorp,5,2,FR,4,en,True,True,True
667538,tt5090568,Transformers: Rise of the Beasts,Transformers: Rise of the Beasts,en,Released,195000000.0,441381193.0,246381193,126.34932974358975,19.0313,False,7.163,5417,6.557710157174244,True,333,127,Unite or fall.,True,True,Science Fiction,Adventure,3,"Science Fiction, Adventure, Action","peru, alien, end of the world, based on toy, giant robot, robot, duringcreditsstinger, 1990s, brother brother relationship",2023-06-06,2023.0,6.0,6.0,2.0,True,False,41,Anthony Ramos,2.0,Dominique Fishback,Peter Cullen,Ron Perlman,"Anthony Ramos, Dominique Fishback, Peter Cullen, Ron Perlman, Peter Dinklage",Steven Caple Jr.,1,Joby Harold,Mark Vahradian,109,Skydance Media,7,1,US,3,qu,True,True,False
320288,tt6565702,Dark Phoenix,Dark Phoenix,en,Released,200000000.0,252442974.0,52442974,26.221487,19.0241,False,5.959,7290,5.576522464698331,True,455,114,A Phoenix will rise. The X-Men will fall.,True,True,Science Fiction,Action,3,"Science Fiction, Action, Adventure","superhero, mutant, telekinesis, based on comic, sequel, prequel, superhero team, hostile, 1990s, cosmic",2019-06-05,2019.0,6.0,5.0,2.0,True,False,92,Sophie Turner,1.0,James McAvoy,Nicholas Hoult,Tye Sheridan,"Sophie Turner, James McAvoy, Nicholas Hoult, Tye Sheridan, Michael Fassbender",Simon Kinberg,1,Simon Kinberg,Lauren Shuler Donner,166,Genre Films,5,1,US,3,en,True,True,True
1333141,tt29781139,Lesbian Space Princess,Lesbian Space Princess,en,Released,600000.0,133520.0,-466480,-77.74666666666667,18.584,False,3.7,217,1.1198047419804744,True,147,87,She'll save her ex. Or die crying.,True,True,Animation,Comedy,4,"Animation, Comedy, Science Fiction, Adventure","musical, racist, lgbt, adult animation, woman director, sexist, space adventure, satirical, musical comedy, spaceship",2025-09-11,2025.0,9.0,11.0,3.0,True,False,31,Shabana Azeez,1.0,Gemma Chua-Tran,Richard Roxburgh,Bernie Van Tiel,"Shabana Azeez, Gemma Chua-Tran, Richard Roxburgh, Bernie Van Tiel, Kween Kong",Leela Varghese,2,Emma Hough Hobbs,Thomas Phillips,12,We Made a Thing Studios,4,1,AU,1,en,True,True,False
273248,tt3460252,The Hateful Eight,The Hateful Eight,en,Released,44000000.0,155760117.0,111760117,254.00026590909093,23.4747,False,7.756,15594,7.515040636261961,True,105,188,No one comes up here without a damn good reason.,True,True,Drama,Mystery,3,"Drama, Mystery, Western","bounty hunter, wyoming, usa, narration, mountain, hangman, whodunit, stagecoach, blizzard, post civil war, 19th century",2015-12-25,2015.0,12.0,25.0,4.0,True,False,18,Samuel L. Jackson,2.0,Kurt Russell,Jennifer Jason Leigh,Walton Goggins,"Samuel L. Jackson, Kurt Russell, Jennifer Jason Leigh, Walton Goggins, Demián Bichir",Quentin Tarantino,1,Quentin Tarantino,Richard N. Gladstein,114,The Weinstein Company,3,1,US,2,es,True,True,False
2251,tt0250797,Unfaithful,Unfaithful,en,Released,50000000.0,119137784.0,69137784,138.275568,19.2288,False,6.723,1794,5.2576556233653005,True,106,124,Where do you go when you've gone too far?,True,True,Thriller,Drama,3,"Thriller, Drama, Romance","adultery, infidelity, new york city, literature, eroticism, lover, erotic thriller",2002-05-10,2002.0,5.0,10.0,2.0,True,False,38,Diane Lane,1.0,Richard Gere,Olivier Martinez,Erik Per Sullivan,"Diane Lane, Richard Gere, Olivier Martinez, Erik Per Sullivan, Željko Ivanek",Adrian Lyne,1,Alvin Sargent,Adrian Lyne,148,Fox 2000 Pictures,4,3,US,2,en,True,True,False
87101,tt1340138,Terminator Genisys,Terminator Genisys,en,Released,155000000.0,440603537.0,285603537,184.26034645161292,19.9589,False,5.959,9160,5.650563146997929,True,321,126,Reset the future.,True,True,Science Fiction,Action,3,"Science Fiction, Action, Thriller","future, artificial intelligence (a.i.), saving the world, cyborg, killer robot, dystopia, time travel, sequel, robot, duringcreditsstinger",2015-06-23,2015.0,6.0,23.0,2.0,True,False,76,Arnold Schwarzenegger,2.0,Jason Clarke,Emilia Clarke,Jai Courtney,"Arnold Schwarzenegger, Jason Clarke, Emilia Clarke, Jai Courtney, J.K. Simmons",Alan Taylor,1,Patrick Lussier,Dana Goldberg,250,Paramount Pictures,2,1,US,1,en,True,True,True
38,tt0338013,Eternal Sunshine of the Spotless Mind,Eternal Sunshine of the Spotless Mind,en,Released,20000000.0,72258126.0,52258126,261.29063,19.7951,False,8.1,16718,7.864781043094435,True,255,108,You can erase someone from your mind. Getting them out of your heart is another story.,True,True,Science Fiction,Drama,3,"Science Fiction, Drama, Romance","new york city, regret, jealousy, deja vu, amnesia, dreams, operation, relationship problems, love, memory",2004-03-19,2004.0,3.0,19.0,1.0,True,False,19,Jim Carrey,2.0,Kate Winslet,Kirsten Dunst,Mark Ruffalo,"Jim Carrey, Kate Winslet, Kirsten Dunst, Mark Ruffalo, Elijah Wood",Michel Gondry,1,Michel Gondry,Anthony Bregman,115,Focus Features,3,1,US,1,en,True,True,False
1433568,tt38633224,The Rope Curse 4: Kuntilanak,粽邪4：坤蒂拉娜,zh,Released,,,0,,19.7363,False,0.0,0,0.0,True,778,0,,False,False,Thriller,Mystery,3,"Thriller, Mystery, Horror",,2026-08-27,2026.0,8.0,27.0,3.0,True,False,13,Chen Bo-zheng,2.0,Hsu An-chih,Vera Chen Hsueh-chen,Hangee Liu,"Chen Bo-zheng, Hsu An-chih, Vera Chen Hsueh-chen, Hangee Liu, Hu Yu-heng",Liao Shih-han,1,Kao Ming-sheng,Jeff Tsou,14,WOWING Entertainment Group,1,1,TW,1,zh,True,True,True
812,tt0103639,Aladdin,Aladdin,en,Released,28000000.0,504050219.0,476050219,1700.1793535714285,18.026,False,7.658,12248,7.357639159083779,True,230,91,"Imagine if you had three wishes, three hopes, three dreams and they all could come true.",True,True,Animation,Family,5,"Animation, Family, Adventure, Fantasy, Romance","princess, magic, tiger, cartoon, villain, parrot, sultan, flying carpet, wish, musical",1992-11-25,1992.0,11.0,25.0,4.0,True,False,24,Scott Weinger,2.0,Robin Williams,Linda Larkin,Jonathan Freeman,"Scott Weinger, Robin Williams, Linda Larkin, Jonathan Freeman, Gilbert Gottfried",Ron Clements,2,Ron Clements,Ron Clements,105,Walt Disney Feature Animation,1,1,US,1,en,True,True,True
1391021,tt34386754,Once Upon a Time in the Middle East,欢迎来龙餐馆,zh,Released,,305600000.0,305600000,,19.0877,False,9.1,37,0.627001862197393,True,424,140,"Eat well, stay alive.",True,False,Drama,War,2,"Drama, War","middle east, food, period drama, iraq war, chef, culinary arts, 2000s, war drama",2026-08-08,2026.0,8.0,8.0,3.0,True,False,17,Shen Teng,2.0,Jiang Qiming,Omar Sherif,Aarif Rahman,"Shen Teng, Jiang Qiming, Omar Sherif, Aarif Rahman, Sherif Sabry",Wen Muye,1,Wen Muye,Unknown,11,Bad Monkey (Shanghai) 上海坏猴子,4,1,CN,3,zh,True,True,False
181808,tt2527336,Star Wars: The Last Jedi,Star Wars: The Last Jedi,en,Released,300000000.0,1334407706.0,1034407706,344.8025686666667,19.9469,False,6.737,16663,6.540734778302162,True,198,152,Let the past die.,True,True,Adventure,Action,3,"Adventure, Action, Science Fiction","bunker, space battle, defeat, failure, sequel, space opera, military operation, quest, tuwaderalit",2017-12-13,2017.0,12.0,13.0,4.0,True,False,112,Mark Hamill,2.0,Carrie Fisher,Adam Driver,Daisy Ridley,"Mark Hamill, Carrie Fisher, Adam Driver, Daisy Ridley, John Boyega",Rian Johnson,1,George Lucas,Ram Bergman,202,Lucasfilm Ltd.,1,1,US,1,en,True,True,True
423108,tt7069210,The Conjuring: The Devil Made Me Do It,The Conjuring: The Devil Made Me Do It,en,Released,39000000.0,206444123.0,167444123,429.34390512820517,20.645,False,7.338,6700,6.828416666666667,True,323,111,The demonic case that shocked America.,True,True,Horror,Mystery,3,"Horror, Mystery, Thriller","supernatural, exorcism, connecticut, sequel, paranormal investigation, 1980s, religious horror, intense",2021-05-25,2021.0,5.0,25.0,2.0,True,False,32,Vera Farmiga,1.0,Patrick Wilson,Sterling Jerins,Sarah Catherine Hook,"Vera Farmiga, Patrick Wilson, Sterling Jerins, Sarah Catherine Hook, Ruairí O'Connor",Michael Chaves,1,David Leslie Johnson-McGoldrick,James Wan,149,New Line Cinema,3,1,US,2,en,True,True,True
1305781,tt32649961,Blades of the Guardians,镖人：风起大漠,zh,Released,123000000.0,203356793.0,80356793,65.33072601626017,21.8087,False,8.2,227,2.5603851444291608,True,192,126,A grand martial arts feast is back!,True,True,Action,Adventure,3,"Action, Adventure, Drama","martial arts, bounty hunter, nostalgic, wuxia, historical drama, historical epic, a.d. anno domini, based on manhua, grand, dramatic",2026-02-17,2026.0,2.0,17.0,1.0,True,False,37,Wu Jing,2.0,Nicholas Tse Ting-Fung,Chen Lijun,Yu Shi,"Wu Jing, Nicholas Tse Ting-Fung, Chen Lijun, Yu Shi, Sun Yizhou",Yuen Woo-ping,1,Su Chaobin,Lau Tik,33,Alibaba Pictures Group,6,1,CN,1,zh,True,True,False
333339,tt1677720,Ready Player One,Ready Player One,en,Released,175000000.0,607274134.0,432274134,247.01379085714285,18.2839,False,7.587,17346,7.374431357166872,True,110,140,A better reality awaits.,True,True,Adventure,Action,3,"Adventure, Action, Science Fiction","future, based on novel or book, video game, virtual reality, dystopia, nostalgia, love, film in film, evil corporation, quest",2018-03-28,2018.0,3.0,28.0,1.0,True,False,87,Tye Sheridan,2.0,Olivia Cooke,Ben Mendelsohn,Lena Waithe,"Tye Sheridan, Olivia Cooke, Ben Mendelsohn, Lena Waithe, T.J. Miller",Steven Spielberg,1,Zak Penn,Kristie Macosko Krieger,455,Amblin Entertainment,5,1,US,1,en,True,True,False
76338,tt1981115,Thor: The Dark World,Thor: The Dark World,en,Released,170000000.0,644783140.0,474783140,279.2842,21.0852,False,6.507,18709,6.337626268936435,True,372,112,Delve into the darkness.,True,True,Action,Adventure,3,"Action, Adventure, Fantasy","superhero, based on comic, sequel, hostile takeover, norse mythology, aftercreditsstinger, duringcreditsstinger, marvel cinematic universe (mcu), mythological place",2013-10-30,2013.0,10.0,30.0,4.0,True,False,49,Chris Hemsworth,2.0,Natalie Portman,Tom Hiddleston,Christopher Eccleston,"Chris Hemsworth, Natalie Portman, Tom Hiddleston, Christopher Eccleston, Anthony Hopkins",Alan Taylor,1,Don Payne,Kevin Feige,372,Marvel Studios,1,1,US,1,en,True,True,True
259316,tt3183660,Fantastic Beasts and Where to Find Them,Fantastic Beasts and Where to Find Them,en,Released,180000000.0,809342332.0,629342332,349.63462888888887,20.2006,False,7.309,19970,7.130470444553005,True,376,133,Explore a new era of J.K. Rowling's Wizarding World.,True,True,Fantasy,Adventure,2,"Fantasy, Adventure","witch, new york city, robbery, escape, teleportation, magic, suitcase, mistake, spin off, subway station",2016-11-16,2016.0,11.0,16.0,4.0,True,False,101,Eddie Redmayne,2.0,Katherine Waterston,Dan Fogler,Alison Sudol,"Eddie Redmayne, Katherine Waterston, Dan Fogler, Alison Sudol, Colin Farrell",David Yates,1,J.K. Rowling,Steve Kloves,163,Heyday Films,2,2,GB,1,en,True,True,True
550988,tt6264654,Free Guy,Free Guy,en,Released,110000000.0,331526598.0,221526598,201.38781636363638,18.635,False,7.437,10150,7.087845070422535,True,260,115,Life's too short to be a background character.,True,True,Comedy,Adventure,3,"Comedy, Adventure, Science Fiction","hero, artificial intelligence (a.i.), video game, virtual reality, gun, code, gamer, bank robbery, bank teller, programmer",2021-08-11,2021.0,8.0,11.0,3.0,True,False,70,Ryan Reynolds,2.0,Jodie Comer,Lil Rel Howery,Joe Keery,"Ryan Reynolds, Jodie Comer, Lil Rel Howery, Joe Keery, Utkarsh Ambudkar",Shawn Levy,1,Matt Lieberman,Sarah Schechter,114,Berlanti Productions,6,1,US,1,en,True,True,False
297802,tt1477834,Aquaman,Aquaman,en,Released,160000000.0,1152028393.0,992028393,620.017745625,18.6604,False,6.864,15196,6.645345565749236,True,123,143,Home is calling.,True,True,Action,Adventure,3,"Action, Adventure, Fantasy","hero, chase, atlantis, superhero, half-brother, based on comic, royalty, underwater, duringcreditsstinger, quest",2018-12-07,2018.0,12.0,7.0,4.0,True,False,53,Jason Momoa,2.0,Amber Heard,Willem Dafoe,Patrick Wilson,"Jason Momoa, Amber Heard, Willem Dafoe, Patrick Wilson, Nicole Kidman",James Wan,1,Paul Norris,Rob Cowan,517,The Safran Company,3,1,US,1,en,True,True,True
207703,tt2802144,Kingsman: The Secret Service,Kingsman: The Secret Service,en,Released,81000000.0,414351546.0,333351546,411.54511851851856,20.1795,False,7.617,18140,7.412681330472103,True,209,129,Manners maketh man.,True,True,Crime,Comedy,3,"Crime, Comedy, Action","great britain, spy, secret organization, microchip, secret agent, training, based on comic, implant, united kingdom, duringcreditsstinger",2015-01-24,2015.0,1.0,24.0,1.0,True,False,51,Taron Egerton,2.0,Colin Firth,Samuel L. Jackson,Mark Strong,"Taron Egerton, Colin Firth, Samuel L. Jackson, Mark Strong, Sophie Cookson",Matthew Vaughn,1,Dave Gibbons,Adam Bohling,79,20th Century Fox,4,2,GB,3,ar,True,True,True
853033,,Adultery Alumni Association 2,불륜 동창회 2,ko,Released,,,0,,18.4801,False,4.7,41,0.356192236598891,True,507,73,Free love of the alumni men and women begins!,True,False,Drama,Romance,2,"Drama, Romance",softcore,2019-02-18,2019.0,2.0,18.0,1.0,True,False,5,Ahn So-hee,1.0,Lee Chae-dam,Kim Soo-ji,Min Do-yoon,"Ahn So-hee, Lee Chae-dam, Kim Soo-ji, Min Do-yoon, Kang Min-woo",Kim Jong-min,1,Kim Jong-min,Unknown,2,Independent,0,1,KR,1,ko,True,True,True
107,tt0208092,Snatch,Snatch,en,Released,100000000.0,83557872.0,-16442128,-16.442128,17.4408,False,7.829,10261,7.465232692128984,True,176,103,Stealin' stones and breakin' bones.,True,False,Crime,Comedy,2,"Crime, Comedy","robbery, trailer park, england, gypsy, gambling, bare knuckle boxing, slang, diamond, antwerp, pig",2000-09-01,2000.0,9.0,1.0,3.0,True,False,71,Jason Statham,2.0,Alan Ford,Stephen Graham,Brad Pitt,"Jason Statham, Alan Ford, Stephen Graham, Brad Pitt, Dennis Farina",Guy Ritchie,1,Guy Ritchie,Matthew Vaughn,153,Marv,1,1,GB,2,en,True,True,False
893723,tt15837338,PAW Patrol: The Mighty Movie,PAW Patrol: The Mighty Movie,en,Released,30000000.0,202231360.0,172231360,574.1045333333333,18.9247,False,6.9,592,3.7406593406593407,True,129,88,Unleash your powers.,True,True,Adventure,Animation,5,"Adventure, Animation, Comedy, Family, Science Fiction","superhero, cartoon, mad scientist, sequel, dog, animals, kids, elasticity, based on tv series, 3d animation",2023-09-21,2023.0,9.0,21.0,3.0,True,False,29,Mckenna Grace,1.0,Taraji P. Henson,Marsai Martin,Iain Armitage,"Mckenna Grace, Taraji P. Henson, Marsai Martin, Iain Armitage, Christian Convery",Cal Brunker,1,Shane Morris,Jennifer Dodge,32,Nickelodeon Movies,3,3,CA,1,en,True,True,True
27,tt0411705,9 Songs,9 Songs,en,Released,1000000.0,1574623.0,574623,57.4623,16.797,False,5.533,601,3.0202842870118074,True,408,70,"2 lovers, one summer, and the 9 songs that defined them.",True,False,Drama,Music,3,"Drama, Music, Romance","london, england, concert, rock 'n' roll, sexuality, orgasm, cocaine, blow job, man woman relationship, condom, love",2004-07-16,2004.0,7.0,16.0,3.0,True,False,12,Kieran O'Brien,2.0,Margo Stilley,Courtney Taylor-Taylor,Alex Kapranos,"Kieran O'Brien, Margo Stilley, Courtney Taylor-Taylor, Alex Kapranos, Guy Garvey",Michael Winterbottom,1,Michael Winterbottom,Michael Winterbottom,30,Revolution Films,1,1,GB,1,en,True,True,False
615457,tt7888964,Nobody,Nobody,en,Released,16000000.0,57512470.0,41512470,259.4529375,17.7727,False,7.865,8694,7.437275396998042,True,267,91,Never underestimate a nobody.,True,True,Action,Thriller,2,"Action, Thriller","assassin, double life, midlife crisis, bratva (russian mafia), secret organization, thief, one man army, home invasion, family, brawl",2021-03-18,2021.0,3.0,18.0,1.0,True,False,56,Bob Odenkirk,2.0,Aleksey Serebryakov,Connie Nielsen,Christopher Lloyd,"Bob Odenkirk, Aleksey Serebryakov, Connie Nielsen, Christopher Lloyd, Michael Ironside",Ilya Naishuller,1,Derek Kolstad,David Leitch,139,87North Productions,3,1,US,3,en,True,True,True
1340206,tt33296751,Tuner,Tuner,en,Released,7000000.0,13505364.0,6505364,92.93377142857143,23.1731,False,7.6,424,3.487445887445887,True,152,108,Everybody has one hidden talent.,True,True,Crime,Drama,3,"Crime, Drama, Thriller","robbery, mentor, child prodigy, romance, theft, pianist, disability, headphones, tuner, piano",2026-05-21,2026.0,5.0,21.0,2.0,True,False,38,Leo Woodall,2.0,Dustin Hoffman,Alisen Richmond-Peck,Ellyn Jameson,"Leo Woodall, Dustin Hoffman, Alisen Richmond-Peck, Ellyn Jameson, Tim Blair",Daniel Roher,1,Daniel Roher,JoAnne Sellar,79,Black Bear Pictures,3,2,CA,2,he,True,True,False
6977,tt0477348,No Country for Old Men,No Country for Old Men,en,Released,25000000.0,171627166.0,146627166,586.5086640000001,18.9521,False,7.95,13750,7.671052631578948,True,288,122,There are no clean getaways.,True,False,Crime,Thriller,3,"Crime, Thriller, Western","vietnam veteran, sheriff, trailer park, based on novel or book, hitman, psychopath, drug trafficking, texas, motel, usa–mexico border",2007-11-09,2007.0,11.0,9.0,4.0,True,False,52,Javier Bardem,2.0,Tommy Lee Jones,Josh Brolin,Woody Harrelson,"Javier Bardem, Tommy Lee Jones, Josh Brolin, Woody Harrelson, Kelly Macdonald",Joel Coen,2,Narges Takesh,Ethan Coen,120,Miramax,4,1,US,2,en,True,True,False
4247,tt0175142,Scary Movie,Scary Movie,en,Released,19000000.0,278023280.0,259023280,1363.2804210526317,16.4814,False,6.429,8130,6.0565202780996525,True,274,88,No mercy. No shame. No sequel.,True,False,Comedy,None,1,Comedy,"high school, psychopath, garage, satire, parody, crude humor, spoof, slasher, horror spoof, drugs",2000-07-07,2000.0,7.0,7.0,3.0,True,False,62,Anna Faris,1.0,Regina Hall,Marlon Wayans,Shawn Wayans,"Anna Faris, Regina Hall, Marlon Wayans, Shawn Wayans, Jon Abrahams",Keenen Ivory Wayans,1,Marlon Wayans,Keenen Ivory Wayans,151,Brad Grey Pictures,4,1,US,1,en,True,True,True
260513,tt3606756,Incredibles 2,Incredibles 2,en,Released,200000000.0,1243225667.0,1043225667,521.6128335,18.9703,False,7.5,13928,7.2400887163848076,True,154,118,"It's been too long, dahlings.",True,True,Action,Adventure,4,"Action, Adventure, Animation, Family","married couple, superhero, cartoon, villain, sequel, parenting, family, super power, female villain, supervillain",2018-06-14,2018.0,6.0,14.0,2.0,True,False,84,Craig T. Nelson,2.0,Holly Hunter,Sarah Vowell,Huck Milner,"Craig T. Nelson, Holly Hunter, Sarah Vowell, Huck Milner, Catherine Keener",Brad Bird,1,Brad Bird,Nicole Paradis Grindle,261,Pixar,1,1,US,1,en,True,True,True
1791,tt0254686,The Piano Teacher,La Pianiste,fr,Released,6200000.0,6766708.0,566708,9.140451612903226,14.4694,False,7.3,1336,5.3119825708061,True,139,131,,False,True,Drama,Romance,2,"Drama, Romance","concert, based on novel or book, music teacher, fetish, conservatory, masochism, victim, piano lessons, teacher, perversion",2001-09-05,2001.0,9.0,5.0,3.0,True,False,35,Isabelle Huppert,1.0,Annie Girardot,Benoît Magimel,Susanne Lothar,"Isabelle Huppert, Annie Girardot, Benoît Magimel, Susanne Lothar, Udo Samel",Michael Haneke,1,Michael Haneke,Veit Heiduschka,39,Wega Film,6,3,FR,2,fr,True,True,False
451156,tt5823690,Infidelity in Suburbia,Infidelity in Suburbia,en,Released,,,0,,20.507,False,6.2,163,1.5242835595776774,True,217,120,,False,True,Thriller,TV Movie,2,"Thriller, TV Movie",,2017-02-25,2017.0,2.0,25.0,1.0,True,False,12,Marcus Rosner,2.0,Sarah Butler,Miranda Frigon,Peter Benson,"Marcus Rosner, Sarah Butler, Miranda Frigon, Peter Benson, Jay Hindle",David Winning,1,Christie Will Wolf,Oliver De Caigny,22,Annuit Coeptis Entertainment II,3,1,CA,1,en,True,True,False
1035259,tt3402138,The Naked Gun,The Naked Gun,en,Released,42000000.0,102147396.0,60147396,143.20808571428572,18.1243,False,6.353,1962,5.0627887896019494,True,213,85,The law's reach never stretched this far.,True,True,Comedy,Crime,3,"Comedy, Crime, Action","sequel, slapstick comedy, spoof, reboot, aftercreditsstinger, duringcreditsstinger, action comedy, based on tv series, bumbling detective",2025-07-30,2025.0,7.0,30.0,3.0,True,False,100,Liam Neeson,2.0,Pamela Anderson,Paul Walter Hauser,Danny Huston,"Liam Neeson, Pamela Anderson, Paul Walter Hauser, Danny Huston, CCH Pounder",Akiva Schaffer,1,Dan Gregor,Erica Huggins,224,Fuzzy Door Productions,3,1,US,1,en,True,True,True
184315,tt1267297,Hercules,Hercules,en,Released,100000000.0,244819862.0,144819862,144.819862,19.491,False,5.807,4435,5.218651469098278,True,128,98,"Before he was a legend, he was a man.",True,False,Action,Adventure,2,"Action, Adventure","killing, mercenary, past, based on comic, battle, ancient greece, hercules, peplum, warrior, sagen",2014-07-23,2014.0,7.0,23.0,3.0,True,False,58,Dwayne Johnson,2.0,Ian McShane,John Hurt,Rufus Sewell,"Dwayne Johnson, Ian McShane, John Hurt, Rufus Sewell, Aksel Hennie",Brett Ratner,1,Ryan J. Condal,Beau Flynn,94,Radical Studios,4,1,US,1,en,True,True,False
1100782,tt29268110,Smile 2,Smile 2,en,Released,28000000.0,138128854.0,110128854,393.3173357142857,19.6458,False,6.6,2325,5.431858407079646,True,303,127,It's the last thing you'll see.,True,True,Horror,Mystery,2,"Horror, Mystery","drug dealer, depression, new york city, dancing, suicide, concert, nightmare, escape, musician, winter",2024-10-16,2024.0,10.0,16.0,4.0,True,False,35,Naomi Scott,1.0,Rosemarie DeWitt,Lukas Gage,Miles Gutierrez-Riley,"Naomi Scott, Rosemarie DeWitt, Lukas Gage, Miles Gutierrez-Riley, Peter Jacobson",Parker Finn,1,Parker Finn,Robert Salerno,167,Paramount Pictures,3,1,US,1,en,True,True,True
629542,tt8115900,The Bad Guys,The Bad Guys,en,Released,80000000.0,250162278.0,170162278,212.7028475,19.417,False,7.5,2674,6.318525519848771,True,185,100,Good is no fun at all.,True,True,Action,Adventure,6,"Action, Adventure, Animation, Comedy, Crime, Family","based on novel or book, snake, wolf, affectation, spider, villain, heist, anthropomorphism, shark, guinea pig",2022-03-17,2022.0,3.0,17.0,1.0,True,False,17,Sam Rockwell,2.0,Marc Maron,Awkwafina,Craig Robinson,"Sam Rockwell, Marc Maron, Awkwafina, Craig Robinson, Anthony Ramos",Pierre Perifel,1,Etan Cohen,Patrick Hughes,138,DreamWorks Animation,1,1,US,1,en,True,True,True
12155,tt1014759,Alice in Wonderland,Alice in Wonderland,en,Released,200000000.0,1025467110.0,825467110,412.73355499999997,19.943,False,6.6,15044,6.387699433865157,True,139,108,You're invited to a very important date.,True,True,Family,Fantasy,3,"Family, Fantasy, Adventure","based on novel or book, queen, based on children's book, fantasy world, mad hatter, lewis carroll, live action remake, based on young adult novel, adaptation, amused",2010-03-03,2010.0,3.0,3.0,1.0,True,False,58,Mia Wasikowska,1.0,Johnny Depp,Anne Hathaway,Helena Bonham Carter,"Mia Wasikowska, Johnny Depp, Anne Hathaway, Helena Bonham Carter, Crispin Glover",Tim Burton,1,Linda Woolverton,Jennifer Todd,182,Walt Disney Pictures,4,1,US,1,en,True,True,True
313369,tt3783958,La La Land,La La Land,en,Released,30000000.0,509183536.0,479183536,1597.2784533333333,20.821,False,7.895,18468,7.686886334879797,True,362,129,Here's to the fools who dream.,True,True,Comedy,Drama,3,"Comedy, Drama, Romance","dancing, dance, jazz, musical, ambition, casting, romcom, coffee shop, jazz club, traffic jam",2016-12-01,2016.0,12.0,1.0,4.0,True,False,183,Ryan Gosling,2.0,Emma Stone,John Legend,Rosemarie DeWitt,"Ryan Gosling, Emma Stone, John Legend, Rosemarie DeWitt, Finn Wittrock",Damien Chazelle,1,Damien Chazelle,Jordan Horowitz,209,Summit Entertainment,4,1,US,1,en,True,True,False
140607,tt2488496,Star Wars: The Force Awakens,Star Wars: The Force Awakens,en,Released,245000000.0,2068223624.0,1823223624,744.1729077551021,18.395,False,7.241,20893,7.071762398915532,True,145,136,Every generation has a story.,True,True,Adventure,Action,3,"Adventure, Action, Science Fiction","android, spacecraft, sequel, space opera, tuwaderalit",2015-12-15,2015.0,12.0,15.0,4.0,True,False,99,Daisy Ridley,1.0,John Boyega,Oscar Isaac,Adam Driver,"Daisy Ridley, John Boyega, Oscar Isaac, Adam Driver, Carrie Fisher",J.J. Abrams,1,George Lucas,Bryan Burk,270,Lucasfilm Ltd.,2,1,US,1,en,True,True,True
146233,tt1392214,Prisoners,Prisoners,en,Released,46000000.0,122127446.0,76127446,165.49444782608697,18.0591,False,8.105,13482,7.815163066800172,True,259,153,How far would you go to protect your child?,True,True,Drama,Thriller,3,"Drama, Thriller, Crime","pennsylvania, usa, kidnapping, detective, symbolism, investigation, father, vigilante, psychological thriller, brutality, neo-noir",2013-09-19,2013.0,9.0,19.0,3.0,True,False,39,Hugh Jackman,2.0,Jake Gyllenhaal,Viola Davis,Maria Bello,"Hugh Jackman, Jake Gyllenhaal, Viola Davis, Maria Bello, Terrence Howard",Denis Villeneuve,1,Aaron Guzikowski,Kira Davis,229,Alcon Entertainment,3,1,US,1,en,True,True,False
10494,tt0156887,Perfect Blue,PERFECT BLUE,ja,Released,830442.0,2743097.0,1912655,230.31771032775316,18.1471,False,8.306,3345,7.225895968790637,True,318,81,"""excuse me... who are you?""",True,True,Animation,Thriller,2,"Animation, Thriller","career, rape, based on novel or book, paranoia, stalker, celebrity, singer, stalking, fame, female protagonist",1998-02-28,1998.0,2.0,28.0,1.0,True,False,28,Junko Iwao,1.0,Rica Matsumoto,Shiho Niiyama,Masaaki Okura,"Junko Iwao, Rica Matsumoto, Shiho Niiyama, Masaaki Okura, Shinpachi Tsuji",Satoshi Kon,1,Sadayuki Murai,Hiroaki Inoue,85,Madhouse,6,1,JP,1,ja,True,True,False
870028,tt7068946,The Accountant²,The Accountant²,en,Released,80000000.0,103223366.0,23223366,29.0292075,23.006,False,7.1,1931,5.639695598519127,True,369,133,Do you like puzzles?,True,True,Mystery,Crime,3,"Mystery, Crime, Thriller","hitman, autism, sequel, conspiracy, whodunit, insecure, accountant, mysterious death, brother brother relationship, grand",2025-04-23,2025.0,4.0,23.0,2.0,True,False,70,Ben Affleck,2.0,Jon Bernthal,Cynthia Addai-Robinson,J.K. Simmons,"Ben Affleck, Jon Bernthal, Cynthia Addai-Robinson, J.K. Simmons, Allison Robertson",Gavin O'Connor,1,Bill Dubuque,Mark Williams,78,Artists Equity,4,1,US,3,de,True,True,True
1211957,tt30253266,The Painter,The Painter,en,Released,,,0,,11.7169,False,6.01,152,1.4011042944785277,True,270,100,,False,False,Action,Thriller,2,"Action, Thriller","killer, mysterious woman, black ops, ex-cia agent",2024-01-05,2024.0,1.0,5.0,1.0,True,False,18,Charlie Weber,2.0,Jon Voight,Madison Bailey,Max Montesi,"Charlie Weber, Jon Voight, Madison Bailey, Max Montesi, Marie Avgeropoulos",Kimani Ray Smith,1,Brian Buccellato,Steven Paul,8,SP Media Group,1,1,US,1,en,True,True,False
447332,tt6644200,A Quiet Place,A Quiet Place,en,Released,17000000.0,340955294.0,323955294,1905.6193764705881,19.5832,False,7.395,15703,7.166801518237364,True,85,91,"If they hear you, they hunt you.",True,True,Horror,Drama,3,"Horror, Drama, Science Fiction","pregnancy, fireworks, deaf, post-apocalyptic future, alien life-form, child in peril, creature, alien invasion, parenting, survival horror",2018-04-03,2018.0,4.0,3.0,2.0,True,False,7,Emily Blunt,1.0,John Krasinski,Millicent Simmonds,Noah Jupe,"Emily Blunt, John Krasinski, Millicent Simmonds, Noah Jupe, Cade Woodward",John Krasinski,1,Bryan Woods,Michael Bay,180,Paramount Pictures,3,1,US,1,en,True,True,True
18,tt0119116,The Fifth Element,Le Cinquième Élément,fr,Released,90000000.0,263920180.0,173920180,193.24464444444445,16.2219,False,7.591,12130,7.2904853523357085,True,145,126,There is no future without it.,True,True,Science Fiction,Action,3,"Science Fiction, Action, Adventure","new york city, flying car, taxi, egypt, race against time, saving the world, cyborg, dystopia, anti hero, stowaway",1997-05-02,1997.0,5.0,2.0,2.0,True,False,120,Bruce Willis,2.0,Milla Jovovich,Gary Oldman,Ian Holm,"Bruce Willis, Milla Jovovich, Gary Oldman, Ian Holm, Chris Tucker",Luc Besson,1,Robert Mark Kamen,Patrice Ledoux,350,Gaumont,1,1,FR,3,en,True,True,False
1470130,tt36647890,The Mortuary Assistant,The Mortuary Assistant,en,Released,,1300011.0,1300011,,20.6193,False,5.289,171,1.3478673621460506,True,281,91,Alone with the dead.,True,True,Horror,Mystery,2,"Horror, Mystery","night shift, based on video game, mortuary, macabre, desperate, supernatural horror, psychological horror, callous",2026-02-13,2026.0,2.0,13.0,1.0,True,False,7,Willa Holland,1.0,Paul Sparks,John Adams,Mark Steger,"Willa Holland, Paul Sparks, John Adams, Mark Steger, Shelly Gibson",Jeremiah Kipp,1,Brian Clarke,Patrick Ewald,10,Epic Pictures Group,4,2,US,1,en,True,True,False
1212461,tt29544916,Obex,Obex,en,Released,5000.0,32453.0,27453,549.06,18.9528,False,6.0,23,0.2638623326959847,True,269,91,It's just a game...,True,True,Fantasy,Adventure,3,"Fantasy, Adventure, Horror","surrealism, computer game, 1980s, missing dog, baltimore, maryland",2026-01-09,2026.0,1.0,9.0,1.0,True,False,10,Albert Birney,2.0,Dorothy the Dog,Callie Hernandez,Paisley Isaacs,"Albert Birney, Dorothy the Dog, Callie Hernandez, Paisley Isaacs, Frank Mosley",Albert Birney,1,Albert Birney,James Belfer,31,Cartuna,5,1,US,1,en,True,True,False
1729723,tt43141030,Yellow Mirror,Yellow Mirror,en,Released,,,0,,17.643,False,8.192,52,0.7717101449275363,True,231,27,,False,True,Animation,Comedy,3,"Animation, Comedy, Science Fiction",,2026-08-26,2026.0,8.0,26.0,3.0,True,False,13,Dan Castellaneta,2.0,Nancy Cartwright,Julie Kavner,Yeardley Smith,"Dan Castellaneta, Nancy Cartwright, Julie Kavner, Yeardley Smith, Patti Harrison",Matthew Faughnan,1,Carolyn Omine,Richard Raynis,44,Gracie Films,2,1,US,1,en,True,True,False
929590,tt17279496,Civil War,Civil War,en,Released,50000000.0,126542249.0,76542249,153.084498,17.6428,False,6.845,4555,6.1679475766567755,True,146,109,Welcome to the frontline.,True,True,War,Action,3,"War, Action, Drama","sniper, new york city, race against time, usa president, washington dc, usa, the white house, civil war, post-traumatic stress disorder (ptsd), war crimes, photographer",2024-04-10,2024.0,4.0,10.0,2.0,True,False,57,Kirsten Dunst,1.0,Wagner Moura,Cailee Spaeny,Stephen McKinley Henderson,"Kirsten Dunst, Wagner Moura, Cailee Spaeny, Stephen McKinley Henderson, Nelson Lee",Alex Garland,1,Alex Garland,Allon Reich,416,DNA Films,3,3,FI,1,en,True,True,False
458156,tt6146586,John Wick: Chapter 3 - Parabellum,John Wick: Chapter 3 - Parabellum,en,Released,55000000.0,328349908.0,273349908,496.99983272727275,18.4805,False,7.438,12058,7.141854116897595,True,309,131,"If you want peace, prepare for war.",True,True,Action,Thriller,3,"Action, Thriller, Crime","new york city, martial arts, bratva (russian mafia), casablanca, morocco, secret society, secret organization, black humor, sahara desert, sequel, organized crime",2019-05-15,2019.0,5.0,15.0,2.0,True,False,36,Keanu Reeves,2.0,Halle Berry,Ian McShane,Laurence Fishburne,"Keanu Reeves, Halle Berry, Ian McShane, Laurence Fishburne, Mark Dacascos",Chad Stahelski,1,Derek Kolstad,Basil Iwanyk,102,Thunder Road,3,1,US,8,ar,True,True,True
324552,tt4425200,John Wick: Chapter 2,John Wick: Chapter 2,en,Released,40000000.0,171539887.0,131539887,328.8497175,16.1054,False,7.345,14597,7.10173974961913,True,252,122,Never stab the devil in the back!,True,True,Action,Thriller,3,"Action, Thriller, Crime","martial arts, assassin, rome, italy, hitman, roof, secret organization, sequel, revenge, shootout, dog",2017-02-08,2017.0,2.0,8.0,1.0,True,False,67,Keanu Reeves,2.0,Common,Laurence Fishburne,Riccardo Scamarcio,"Keanu Reeves, Common, Laurence Fishburne, Riccardo Scamarcio, Ruby Rose",Chad Stahelski,1,Derek Kolstad,Erica Lee,233,Thunder Road,3,1,US,4,en,True,True,True
1292415,tt7708226,Beast,Beast,en,Released,,,0,,21.7506,False,7.478,182,1.9955953079178883,True,239,115,Legends are made in the cage.,True,False,Action,Drama,2,"Action, Drama","mixed martial arts (mma), sports drama",2026-04-10,2026.0,4.0,10.0,2.0,True,False,28,Daniel MacPherson,2.0,Luke Hemsworth,Russell Crowe,Mojean Aria,"Daniel MacPherson, Luke Hemsworth, Russell Crowe, Mojean Aria, Kelly Gale",Tyler Atkins,1,David Frigerio,David Frigerio,10,Broken Open Pictures,6,2,US,1,en,True,True,False
408,tt0029583,Snow White and the Seven Dwarfs,Snow White and the Seven Dwarfs,en,Released,1488423.0,184925486.0,183437063,12324.256142239135,17.8776,False,7.13,8117,6.716282929093652,True,256,83,"The Happiest, Dopiest, Grumpiest, Sneeziest movie of the year.",True,True,Fantasy,Animation,3,"Fantasy, Animation, Family","witch, dying and death, princess, becoming an adult, dwarf, magic, poison, sadness, queen, attempted murder",1938-01-22,1938.0,1.0,22.0,1.0,True,False,15,Adriana Caselotti,1.0,Lucille La Verne,Harry Stockwell,Roy Atwell,"Adriana Caselotti, Lucille La Verne, Harry Stockwell, Roy Atwell, Pinto Colvig",David Hand,6,Merrill De Maris,Walt Disney,122,Walt Disney Productions,1,1,US,1,en,True,True,False
384018,tt6806448,Fast & Furious Presents: Hobbs & Shaw,Fast & Furious Presents: Hobbs & Shaw,en,Released,200000000.0,760098996.0,560098996,280.04949799999997,18.1071,False,6.822,7917,6.416748722822859,True,282,137,Nothing is stronger than family.,True,True,Action,Adventure,3,"Action, Adventure, Comedy","london, england, biological weapon, secret organization, family clan, friends, spin off, family reunion, buddy comedy, aftercreditsstinger, duringcreditsstinger",2019-07-31,2019.0,7.0,31.0,3.0,True,False,114,Dwayne Johnson,2.0,Jason Statham,Idris Elba,Vanessa Kirby,"Dwayne Johnson, Jason Statham, Idris Elba, Vanessa Kirby, Helen Mirren",David Leitch,1,Gary Scott Thompson,Hiram Garcia,440,Chris Morgan Productions,3,1,US,3,en,True,True,True
75656,tt1670345,Now You See Me,Now You See Me,en,Released,75000000.0,351723989.0,276723989,368.9653186666667,19.0646,False,7.325,17112,7.117045196456962,True,161,116,"The closer you look, the less you’ll see.",True,True,Thriller,Crime,2,"Thriller, Crime","new york city, paris, france, escape, magic, bank, fbi, vault, new orleans, louisiana, investigation, heist",2013-05-29,2013.0,5.0,29.0,2.0,True,False,54,Jesse Eisenberg,2.0,Woody Harrelson,Isla Fisher,Dave Franco,"Jesse Eisenberg, Woody Harrelson, Isla Fisher, Dave Franco, Mark Ruffalo",Louis Leterrier,1,Edward Ricourt,Alex Kurtzman,431,Summit Entertainment,2,1,US,2,fr,True,True,True
149,tt0094625,Akira,AKIRA,ja,Released,5700000.0,56725538.0,51025538,895.1848771929825,18.2442,False,7.941,4979,7.216323964227049,True,173,124,Neo-Tokyo is about to E.X.P.L.O.D.E.,True,False,Animation,Science Fiction,3,"Animation, Science Fiction, Action","army, street gang, saving the world, total destruction, experiment, general, megacity, atomic bomb, stadium, underground",1988-06-10,1988.0,6.0,10.0,2.0,True,False,21,Mitsuo Iwata,2.0,Nozomu Sasaki,Mami Koyama,Taro Ishida,"Mitsuo Iwata, Nozomu Sasaki, Mami Koyama, Taro Ishida, Mizuho Suzuki",Katsuhiro Otomo,1,Izo Hashimoto,Shunzo Kato,96,MBS,8,1,JP,1,ja,True,True,False
823464,tt14539740,Godzilla x Kong: The New Empire,Godzilla x Kong: The New Empire,en,Released,150000000.0,571750016.0,421750016,281.1666773333333,18.4096,False,7.04,4846,6.381563786008231,True,178,115,Rise together or fall alone.,True,True,Action,Adventure,3,"Action, Adventure, Science Fiction","giant monster, sequel, dinosaur, monkey, kaiju, fantasy world, giant ape, godzilla, king kong, amused",2024-03-27,2024.0,3.0,27.0,1.0,True,False,24,Rebecca Hall,1.0,Brian Tyree Henry,Dan Stevens,Kaylee Hottle,"Rebecca Hall, Brian Tyree Henry, Dan Stevens, Kaylee Hottle, Alex Ferns",Adam Wingard,1,Terry Rossio,Thomas Tull,131,Legendary Pictures,1,1,US,0,Unknown,True,True,True
1598766,tt41293342,Crayon Shin-chan the Movie: Very Bizarre! My Yokai Vacation,クレヨンしんちゃん 奇々怪々！オラの妖怪バケ～ション,ja,Released,,,0,,15.9367,False,0.0,0,0.0,True,311,0,,False,False,Adventure,Animation,3,"Adventure, Animation, Comedy","based on manga, ghost, seinen, anime",2026-07-31,2026.0,7.0,31.0,3.0,True,False,4,Yumiko Kobayashi,1.0,Miki Narahashi,Toshiyuki Morikawa,Satomi Korogi,"Yumiko Kobayashi, Miki Narahashi, Toshiyuki Morikawa, Satomi Korogi",Masaki Watanabe,1,Yoshito Usui,Unknown,3,TOHO,5,1,JP,1,ja,True,True,True
141052,tt0974015,Justice League,Justice League,en,Released,300000000.0,661326987.0,361326987,120.442329,21.675,False,6.069,13927,5.858665211062592,True,317,120,You can't save the world alone.,True,True,Action,Adventure,3,"Action, Adventure, Science Fiction","superhero, based on comic, super power, superhero team, aftercreditsstinger, duringcreditsstinger, dc extended universe (dceu)",2017-11-15,2017.0,11.0,15.0,4.0,True,False,98,Ben Affleck,2.0,Henry Cavill,Amy Adams,Gal Gadot,"Ben Affleck, Henry Cavill, Amy Adams, Gal Gadot, Ezra Miller",Zack Snyder,2,Gardner Fox,Deborah Snyder,462,Cruel & Unusual Films,5,1,US,1,en,True,True,False
539,tt0054215,Psycho,Psycho,en,Released,806947.0,50000000.0,49193053,6096.193802071264,19.0467,False,8.4,11245,8.042401021711367,True,216,109,A new and altogether different screen excitement!,True,False,Horror,Thriller,3,"Horror, Thriller, Mystery","hotel, clerk, detective, shower, arizona, motel, halloween, stolen money, alter ego, taxidermy",1960-06-22,1960.0,6.0,22.0,2.0,True,False,34,Anthony Perkins,2.0,Janet Leigh,Vera Miles,John Gavin,"Anthony Perkins, Janet Leigh, Vera Miles, John Gavin, Martin Balsam",Alfred Hitchcock,1,Joseph Stefano,Alfred Hitchcock,20,Shamley Productions,1,1,US,1,en,True,True,True
68726,tt1663662,Pacific Rim,Pacific Rim,en,Released,180000000.0,411000000.0,231000000,128.33333333333334,18.8657,False,6.947,13792,6.703961936747831,True,358,131,"To fight monsters, we created monsters.",True,True,Action,Science Fiction,3,"Action, Science Fiction, Adventure","monster, dystopia, giant monster, pacific, alaska, giant robot, apocalypse, hong kong, robot, alien invasion",2013-07-11,2013.0,7.0,11.0,3.0,True,False,53,Charlie Hunnam,2.0,Rinko Kikuchi,Idris Elba,Max Martini,"Charlie Hunnam, Rinko Kikuchi, Idris Elba, Max Martini, Clifton Collins Jr.",Guillermo del Toro,1,Travis Beacham,Guillermo del Toro,281,Double Dare You,2,1,US,4,cn,True,True,True
1479832,tt37501035,DC,டிசி,ta,Released,2646327.0,10585310.0,7938983,300.00007557644994,17.171,False,7.9,20,0.3038461538461538,True,212,142,,False,True,Romance,Action,3,"Romance, Action, Drama","robbery, gangster, murder, extortion",2026-08-07,2026.0,8.0,7.0,3.0,True,False,14,Lokesh Kanagaraj,2.0,Wamiqa Gabbi,Sanjana Krishnamoorthy,Avinash Raghudevan,"Lokesh Kanagaraj, Wamiqa Gabbi, Sanjana Krishnamoorthy, Avinash Raghudevan, Jawahar Sakthi",Arun Matheswaran,1,Arun Matheswaran,Kalanithi Maran,44,Sun Pictures,2,1,IN,2,ta,True,True,False
1381027,tt34381258,Good Boy,Good Boy,en,Released,,,0,,18.2589,False,7.31,277,2.6060102960102958,True,339,110,Some people only learn the hard way.,True,True,Thriller,Drama,3,"Thriller, Drama, Mystery","kidnapping, yorkshire, paranoid, family life, toxic relationship, toxic family, dramatic, complicated, harsh, sympathetic",2026-03-05,2026.0,3.0,5.0,1.0,True,False,21,Stephen Graham,2.0,Andrea Riseborough,Anson Boon,Kit Rakusen,"Stephen Graham, Andrea Riseborough, Anson Boon, Kit Rakusen, Monika Frajczyk",Jan Komasa,1,Bartek Bartosik,Ewa Piaskowska,43,Recorded Picture Company,6,2,GB,1,en,True,True,False
278154,tt3416828,Ice Age: Collision Course,Ice Age: Collision Course,en,Released,105000000.0,408579038.0,303579038,289.1228933333333,19.7903,False,6.122,4974,5.562811107051516,True,445,95,They’re going out with a bang.,True,True,Adventure,Animation,5,"Adventure, Animation, Family, Comedy, Science Fiction","fire, fireworks, mammoth, sequel, prehistory, singing, critically bashed, cavemen, meteor crash, 3d animation",2016-06-23,2016.0,6.0,23.0,2.0,True,False,41,Ray Romano,2.0,John Leguizamo,Denis Leary,Adam Devine,"Ray Romano, John Leguizamo, Denis Leary, Adam Devine, Jesse Tyler Ferguson",Michael Thurmeier,1,Michael Berg,Lori Forte,57,Blue Sky Studios,2,1,US,1,en,True,True,True
1119449,tt1341338,"Good Luck, Have Fun, Don't Die","Good Luck, Have Fun, Don't Die",en,Released,20000000.0,9755038.0,-10244962,-51.22481,19.4212,False,7.117,999,4.743084056037358,True,227,134,Time is running out. Are you ready to join the revolution?,True,True,Science Fiction,Action,3,"Science Fiction, Action, Comedy","artificial intelligence (a.i.), time travel, diner, transhumanism, los angeles, california, blunt, dark future, mother son relationship, adventure comedy, assertive",2026-02-13,2026.0,2.0,13.0,1.0,True,False,106,Sam Rockwell,2.0,Juno Temple,Haley Lu Richardson,Michael Peña,"Sam Rockwell, Juno Temple, Haley Lu Richardson, Michael Peña, Zazie Beetz",Gore Verbinski,1,Matthew Robinson,Robert Kulzer,75,Constantin Film,4,2,US,1,en,True,True,False
1002398,tt33511103,Virgin,Donselya,tl,Released,,,0,,18.9034,False,6.429,28,0.34093181818181817,True,174,99,,False,False,Drama,Romance,2,"Drama, Romance","softcore, sexy",2024-10-29,2024.0,10.0,29.0,4.0,True,False,8,Dyessa Garcia,1.0,Arnold Reyes,Anthony Dabao,Allan Paule,"Dyessa Garcia, Arnold Reyes, Anthony Dabao, Allan Paule, Tanya Gomez",Christopher Novabos,1,Unknown,Unknown,1,Vivamax,1,1,PH,1,tl,True,True,False
1064028,tt24871974,Subservience,Subservience,en,Released,4400000.0,262793.0,-4137207,-94.02743181818181,18.4626,False,6.648,1108,4.580835820895522,True,213,105,Don't turn her on.,True,False,Horror,Science Fiction,3,"Horror, Science Fiction, Thriller","artificial intelligence (a.i.), robot, fight for survival, loss of control, android horror, psychological tension, rogue ai, sci‑fi horror thriller, domestic danger, family under threat",2024-08-15,2024.0,8.0,15.0,3.0,True,False,28,Megan Fox,1.0,Michele Morrone,Madeline Zima,Matilda Firth,"Megan Fox, Michele Morrone, Madeline Zima, Matilda Firth, Andrew Whipp",S.K. Dale,1,Will Honley,Rob Van Norden,35,Millennium Media,3,1,US,1,en,True,True,False
587424,tt6022266,Infection,Infección,es,Released,,,0,,20.9993,False,6.731,199,1.9162646638054364,True,433,95,,False,True,Horror,Thriller,2,"Horror, Thriller","post-apocalyptic future, infection, zombie, drugs, zombie apocalypse, virus",2019-08-11,2019.0,8.0,11.0,3.0,True,False,3,Jesus Guevara,2.0,Leónidas Urbina,Magdiel González,None,"Jesus Guevara, Leónidas Urbina, Magdiel González",Flavio Pedota,1,Flavio Pedota,Unknown,3,Luz Creativa Producciones,2,1,VE,1,es,True,True,False
44980,tt0167508,Zero Woman 2,Zero WOMAN ＩＩ　警視庁０課の女,ja,Released,,,0,,18.9023,False,5.0,8,0.07874015748031496,True,158,99,,False,False,Action,Thriller,2,"Action, Thriller","female assassin, softcore, pink film",1995-09-05,1995.0,9.0,5.0,3.0,True,False,35,Natsuki Ozawa,1.0,Saori Iwama,Kane Kosugi,Hiroyuki Watari,"Natsuki Ozawa, Saori Iwama, Kane Kosugi, Hiroyuki Watari, Tomomi Miyauchi",Daisuke Gotô,1,Daisuke Gotô,Shinsuke Yamazaki,15,Vision Sugimoto,2,1,JP,1,ja,True,True,True
301528,tt1979376,Toy Story 4,Toy Story 4,en,Released,175000000.0,1073841394.0,898841394,513.6236537142858,21.9746,False,7.463,10971,7.137701420974632,True,337,100,The adventure of a lifetime.,True,True,Family,Comedy,4,"Family, Comedy, Animation, Adventure","friendship, cartoon, carnival, rescue mission, sequel, dummy, anti villain, buddy, doll, cowboy",2019-06-19,2019.0,6.0,19.0,2.0,True,False,42,Tom Hanks,2.0,Tim Allen,Annie Potts,Tony Hale,"Tom Hanks, Tim Allen, Annie Potts, Tony Hale, Keegan-Michael Key",Josh Cooley,1,Stephany Folsom,Jonas Rivera,72,Pixar,1,1,US,1,en,True,True,True
615,tt0335345,The Passion of the Christ,The Passion of the Christ,en,Released,30000000.0,610063468.0,580063468,1933.5448933333332,19.0826,False,7.539,5334,6.892873842989372,True,73,127,"By his wounds, we were healed.",True,True,Drama,None,1,Drama,"mission, suffering, roman empire, christianity, jewry, roman, crucifixion, apostle, last supper, bible",2004-02-25,2004.0,2.0,25.0,1.0,True,False,75,Jim Caviezel,2.0,Maia Morgenstern,Christo Jivkov,Francesco De Vito,"Jim Caviezel, Maia Morgenstern, Christo Jivkov, Francesco De Vito, Monica Bellucci",Mel Gibson,1,Mel Gibson,Stephen McEveety,274,Icon Productions,1,1,US,2,he,True,True,True
949536,tt18212138,Kill Code,Kill Code,en,Released,20000000.0,19426.0,-19980574,-99.90287,20.2562,False,4.974,19,0.18209248554913296,True,467,87,Judge. Executioner. Freedom.,True,False,Action,Thriller,3,"Action, Thriller, Science Fiction",,2026-04-16,2026.0,4.0,16.0,2.0,True,False,45,Franzi Schissler,1.0,Frank Grillo,Harvey Keitel,Tyrese Gibson,"Franzi Schissler, Frank Grillo, Harvey Keitel, Tyrese Gibson, Peter Stormare",Justin Price,1,Justin Price,Latavius Powell,13,Powell and Price Productions,1,1,US,1,en,True,True,False
1470329,tt36639436,Another World,世外,cn,Released,,1799600.0,1799600,,11.7724,False,7.4,10,0.1450980392156863,True,392,112,"To save the future, they must uncover her past.",True,True,Animation,Drama,3,"Animation, Drama, Fantasy","based on novel or book, reincarnation, adult animation",2025-10-29,2025.0,10.0,29.0,4.0,True,False,26,Chung Suet-Ying,1.0,Christy Choi Hiu-Tung,Louis Cheung,Kay Tse On-Kei,"Chung Suet-Ying, Christy Choi Hiu-Tung, Louis Cheung, Kay Tse On-Kei, Will Or Wai-Lam",Tommy Ng Kai-Chung,1,Polly Yeung,Polly Yeung,18,Point Five Creations,8,6,HK,1,cn,True,True,False
921711,tt15135188,Tamil Rockers,தமிழ் ராக்கர்ஸ்,ta,Released,,,0,,18.6072,False,4.2,5,0.041584158415841586,True,138,98,,False,False,Comedy,Thriller,2,"Comedy, Thriller",,2021-12-31,2021.0,12.0,31.0,4.0,True,False,11,Premji Amaran,2.0,Meenakshi Dixit,VTV Ganesh,S. P. Charan,"Premji Amaran, Meenakshi Dixit, VTV Ganesh, S. P. Charan, Devadarshini",Barani Jayapal,1,Barani Jayapal,K Pitchandi,11,Jaswanth Super Cinemas,1,1,IN,1,ta,True,True,False
624860,tt10838180,The Matrix Resurrections,The Matrix Resurrections,en,Released,190000000.0,156497322.0,-33502678,-17.63298842105263,16.2925,False,6.307,6715,5.869924462924463,True,110,148,Return to the Source.,True,True,Science Fiction,Action,3,"Science Fiction, Action, Adventure","future, man vs machine, underground world, artificial intelligence (a.i.), computer, virtual reality, prophecy, dystopia, sequel, cyberpunk",2021-12-16,2021.0,12.0,16.0,4.0,True,False,61,Keanu Reeves,2.0,Carrie-Anne Moss,Yahya Abdul-Mateen II,Jonathan Groff,"Keanu Reeves, Carrie-Anne Moss, Yahya Abdul-Mateen II, Jonathan Groff, Jessica Henwick",Lana Wachowski,1,Lana Wachowski,James McTeigue,174,Warner Bros. Pictures,3,1,US,1,en,True,True,True
82690,tt1772341,Wreck-It Ralph,Wreck-It Ralph,en,Released,165000000.0,471222889.0,306222889,185.5896296969697,18.792,False,7.362,13314,7.095531200231649,True,658,101,"When the game is over, the fun begins.",True,True,Family,Animation,4,"Family, Animation, Comedy, Adventure","video game, support group, villain, bullying, medal, product placement, jail, racing, arcade, based on video game",2012-11-01,2012.0,11.0,1.0,4.0,True,False,66,John C. Reilly,2.0,Sarah Silverman,Jack McBrayer,Jane Lynch,"John C. Reilly, Sarah Silverman, Jack McBrayer, Jane Lynch, Alan Tudyk",Rich Moore,1,Jennifer Lee,Monica Lago-Kaytis,279,Walt Disney Animation Studios,1,1,US,1,en,True,True,True
242,tt0099674,The Godfather Part III,The Godfather Part III,en,Released,54000000.0,136766062.0,82766062,153.27048518518518,18.13,False,7.416,7047,6.924678945276269,True,196,162,All the power on earth can't change destiny.,True,False,Crime,Drama,3,"Crime, Drama, Thriller","daughter, new york city, helicopter, assassination, italian american, italy, gangster, confession, symbolism, sequel",1990-12-25,1990.0,12.0,25.0,4.0,True,False,111,Al Pacino,2.0,Diane Keaton,Talia Shire,Andy Garcia,"Al Pacino, Diane Keaton, Talia Shire, Andy Garcia, Eli Wallach",Francis Ford Coppola,1,Mario Puzo,Francis Ford Coppola,289,Paramount Pictures,2,1,US,4,en,True,True,True
749170,tt13357520,Heads of State,Heads of State,en,Released,158400000.0,,-158400000,-100.0,19.1949,False,6.822,1139,4.7408529591214155,True,342,117,Two heads are better than one.,True,True,Action,Thriller,3,"Action, Thriller, Comedy","usa president, head of state, mi6, british prime minister, duringcreditsstinger, hilarious, amused",2025-06-24,2025.0,6.0,24.0,2.0,True,False,71,John Cena,2.0,Idris Elba,Priyanka Chopra Jonas,Paddy Considine,"John Cena, Idris Elba, Priyanka Chopra Jonas, Paddy Considine, Carla Gugino",Ilya Naishuller,1,Harrison Query,Peter Safran,57,The Safran Company,4,2,US,1,en,True,True,False
1562,tt0463854,28 Weeks Later,28 Weeks Later,en,Released,15000000.0,72304846.0,57304846,382.03230666666667,16.4743,False,6.591,5847,6.071778320466362,True,394,99,When days turn to weeks...,True,False,Horror,Thriller,3,"Horror, Thriller, Science Fiction","dying and death, london, england, sibling relationship, chaos, loss of loved one, mutant, supernatural, survival, on the run, zombie",2007-04-26,2007.0,4.0,26.0,2.0,True,False,43,Robert Carlyle,2.0,Rose Byrne,Jeremy Renner,Harold Perrineau,"Robert Carlyle, Rose Byrne, Jeremy Renner, Harold Perrineau, Catherine McCormack",Juan Carlos Fresnadillo,1,Rowan Joffé,Andrew Macdonald,211,DNA Films,7,3,GB,1,en,True,True,True
680493,tt22868010,Return to Silent Hill,Return to Silent Hill,en,Released,23000000.0,47976996.0,24976996,108.5956347826087,19.2816,False,5.378,825,3.3485660377358495,True,272,106,Guilt is a place you can never leave.,True,True,Horror,Mystery,2,"Horror, Mystery","monster, wife, supernatural, letter, painter, sequel, punishment, love, survival, murder",2026-01-21,2026.0,1.0,21.0,1.0,True,False,27,Jeremy Irvine,2.0,Hannah Emily Anderson,Ljiljana Velimirov,Giulia Pelagatti,"Jeremy Irvine, Hannah Emily Anderson, Ljiljana Velimirov, Giulia Pelagatti, Evie Templeton",Christophe Gans,1,Sandra Vo-Anh,Victor Hadida,52,Konami,11,5,FR,4,es,True,True,True
1285959,tt32298956,The Passenger,The Passenger,en,Released,,,0,,19.5213,False,5.587,52,0.5263115942028985,True,440,93,No way out. No way back.,True,False,Thriller,None,1,Thriller,,2026-06-05,2026.0,6.0,5.0,2.0,True,False,15,Djimon Hounsou,2.0,Kodi Smit-McPhee,Leigh-Ann Rose,Carolina Campos,"Djimon Hounsou, Kodi Smit-McPhee, Leigh-Ann Rose, Carolina Campos, Tegan Couchman",Vadim Perelman,1,Bennett Fisher,Jib Polhemus,12,Van Evera,4,2,US,1,en,True,True,False
8457,tt0817538,Drillbit Taylor,Drillbit Taylor,en,Released,40000000.0,32900000.0,-7100000,-17.75,16.2614,False,5.848,1134,4.058526315789473,True,199,110,You get what you pay for.,True,True,Comedy,None,1,Comedy,"prison, high school, beach, jealousy, homeless person, parent child relationship, fight, bodyguard, nerd, protection",2008-02-04,2008.0,2.0,4.0,1.0,True,False,57,Owen Wilson,2.0,Leslie Mann,Nate Hartley,Troy Gentile,"Owen Wilson, Leslie Mann, Nate Hartley, Troy Gentile, David Dorfman",Steven Brill,1,John Hughes,Judd Apatow,45,Paramount Pictures,2,1,US,1,en,True,True,False
1404304,tt35051162,The Isolate Thief,The Isolate Thief,en,Released,,,0,,21.5175,False,6.881,21,0.2773531669865643,True,132,95,Underestimating her is a grave mistake.,True,True,Western,Action,3,"Western, Action, Drama",,2026-07-10,2026.0,7.0,10.0,3.0,True,False,10,Mackenzie Foy,1.0,Odeya Rush,Sean Bean,Joe Pantoliano,"Mackenzie Foy, Odeya Rush, Sean Bean, Joe Pantoliano, Jack Kesy",John Suits,1,Kevin Lefler,Shannon Houchins,17,Hideout Pictures,1,1,US,1,en,True,True,False
75780,tt0790724,Jack Reacher,Jack Reacher,en,Released,60000000.0,218300000.0,158300000,263.8333333333333,19.1986,False,6.7,7856,6.2990904739109626,True,615,130,The law has limits. He does not.,True,True,Crime,Drama,4,"Crime, Drama, Thriller, Action","sniper, coma, based on novel or book, detective, investigation, police chase, investigator, district attorney, defense attorney, military police",2012-12-20,2012.0,12.0,20.0,4.0,True,False,51,Tom Cruise,2.0,Rosamund Pike,Richard Jenkins,David Oyelowo,"Tom Cruise, Rosamund Pike, Richard Jenkins, David Oyelowo, Werner Herzog",Christopher McQuarrie,1,Lee Child,Tom Cruise,214,Paramount Pictures,3,1,US,1,en,True,True,True
1422227,tt35518081,Aşk Sadece Bir An,Aşk Sadece Bir An,tr,Released,,2500000.0,2500000,,18.7607,False,6.6,12,0.15468749999999998,True,160,112,,False,False,Romance,Drama,2,"Romance, Drama",affectation,2025-02-14,2025.0,2.0,14.0,1.0,True,False,18,Emirhan Çakal,2.0,Nilsu Berfin Aktaş,Tuba Ünsal,Tuana Naz Tiryaki,"Emirhan Çakal, Nilsu Berfin Aktaş, Tuba Ünsal, Tuana Naz Tiryaki, Emre Kınay",Mustafa Kotan,1,Aslı Zengin,Polat Yağcı,6,Poll Films,1,1,TR,1,tr,True,True,False
1698575,tt42839367,"Snoopy Presents: There's No Place Like Home, Snoopy","Snoopy Presents: There's No Place Like Home, Snoopy",en,Released,,,0,,18.5662,False,8.372,39,0.6057662337662337,True,117,32,A house with good bones.,True,True,Animation,Family,2,"Animation, Family",,2026-07-30,2026.0,7.0,30.0,3.0,True,False,21,Riley Kai Vargas,2.0,Terry McGurrin,Rob Tinkler,Kitai O'Garro,"Riley Kai Vargas, Terry McGurrin, Rob Tinkler, Kitai O'Garro, Josephine Nisbett",Ridd Sorensen,1,Charles M. Schulz,Kimberly Small,32,WildBrain Studios,2,2,US,1,en,True,True,False
10191,tt0892769,How to Train Your Dragon,How to Train Your Dragon,en,Released,165000000.0,495141736.0,330141736,200.0859006060606,17.7491,False,7.867,14711,7.6084042469265665,True,353,98,What started as fire and fury will become friendship.,True,True,Fantasy,Adventure,4,"Fantasy, Adventure, Animation, Family","friendship, ship, blacksmith, island, based on novel or book, flying, arena, village, villain, training",2010-03-18,2010.0,3.0,18.0,1.0,True,False,14,Jay Baruchel,2.0,Gerard Butler,Craig Ferguson,America Ferrera,"Jay Baruchel, Gerard Butler, Craig Ferguson, America Ferrera, Jonah Hill",Chris Sanders,2,Dean DeBlois,Bonnie Arnold,303,DreamWorks Animation,1,1,US,1,en,True,True,True
417859,tt0448694,Puss in Boots,Puss in Boots,en,Released,130000000.0,554987477.0,424987477,326.9134438461538,18.862,False,6.617,4743,5.985968148006866,True,300,90,Live for danger. Fight for justice. Pray for mercy.,True,True,Action,Adventure,5,"Action, Adventure, Animation, Comedy, Family","small town, fairy tale, rebel, spin off, wild west, aftercreditsstinger, talking cat, pets, 3d animation, hilarious",2011-10-27,2011.0,10.0,27.0,4.0,True,False,19,Antonio Banderas,2.0,Salma Hayek Pinault,Zach Galifianakis,Billy Bob Thornton,"Antonio Banderas, Salma Hayek Pinault, Zach Galifianakis, Billy Bob Thornton, Amy Sedaris",Chris Miller,1,Bob Persichetti,Latifa Ouaou,373,DreamWorks Animation,1,1,US,2,en,True,True,True
181812,tt2527338,Star Wars: The Rise of Skywalker,Star Wars: The Rise of Skywalker,en,Released,489900000.0,1074144248.0,584244248,119.2578583384364,18.7637,False,6.249,11133,5.980410642138743,True,194,142,The saga concludes.,True,True,Adventure,Action,3,"Adventure, Action, Science Fiction",space opera,2019-12-18,2019.0,12.0,18.0,4.0,True,False,113,Carrie Fisher,1.0,Mark Hamill,Daisy Ridley,Adam Driver,"Carrie Fisher, Mark Hamill, Daisy Ridley, Adam Driver, John Boyega",J.J. Abrams,1,J.J. Abrams,J.J. Abrams,399,Lucasfilm Ltd.,2,1,US,1,en,True,True,True
8355,tt1080016,Ice Age: Dawn of the Dinosaurs,Ice Age: Dawn of the Dinosaurs,en,Released,90000000.0,886686817.0,796686817,885.2075744444445,18.979,False,6.778,9059,6.423465006799874,True,226,94,What killed the dinosaurs?,True,True,Animation,Comedy,4,"Animation, Comedy, Family, Adventure","insanity, ice age, villain, bridge, sequel, jungle, prehistory, dinosaur, creature, birth",2009-06-26,2009.0,6.0,26.0,2.0,True,False,49,Ray Romano,2.0,John Leguizamo,Denis Leary,Simon Pegg,"Ray Romano, John Leguizamo, Denis Leary, Simon Pegg, Seann William Scott",Carlos Saldanha,1,Peter Ackerman,John Donkin,212,Blue Sky Studios,3,1,US,1,en,True,True,True
44214,tt0947798,Black Swan,Black Swan,en,Released,13000000.0,329398046.0,316398046,2433.831123076923,17.6175,False,7.683,15862,7.448218188485515,True,125,108,"""I just want to be perfect.""",True,True,Drama,Thriller,3,"Drama, Thriller, Horror","new york city, dance, nightmare, obsession, insanity, paranoia, hallucination, ballet dancer, ballet, female protagonist",2010-12-03,2010.0,12.0,3.0,4.0,True,False,57,Natalie Portman,1.0,Mila Kunis,Vincent Cassel,Barbara Hershey,"Natalie Portman, Mila Kunis, Vincent Cassel, Barbara Hershey, Winona Ryder",Darren Aronofsky,1,Mark Heyman,Scott Franklin,184,Fox Searchlight Pictures,5,1,US,3,en,True,True,False
87,tt0087469,Indiana Jones and the Temple of Doom,Indiana Jones and the Temple of Doom,en,Released,28000000.0,333000000.0,305000000,1089.2857142857142,17.8403,False,7.309,10369,6.972768515962831,True,204,118,If adventure has a name... it must be Indiana Jones.,True,True,Adventure,Action,2,"Adventure, Action","treasure, skeleton, wind, elephant, heart, riddle, crocodile, bridge, treasure hunt, sequel",1984-05-23,1984.0,5.0,23.0,2.0,True,False,81,Harrison Ford,2.0,Kate Capshaw,Ke Huy Quan,Amrish Puri,"Harrison Ford, Kate Capshaw, Ke Huy Quan, Amrish Puri, Roshan Seth",Steven Spielberg,1,Willard Huyck,Robert Watts,90,Paramount Pictures,2,1,US,3,zh,True,True,True
10144,tt0097757,The Little Mermaid,The Little Mermaid,en,Released,40000000.0,211343479.0,171343479,428.35869750000006,19.1022,False,7.353,8559,6.947160503366817,True,274,83,Somewhere under the sea and beyond your imagination is an adventure in fantasy.,True,True,Animation,Family,3,"Animation, Family, Fantasy","witch, princess, sea, daughter, kingdom, fireworks, cartoon, mermaid, prince, villain",1989-11-17,1989.0,11.0,17.0,4.0,True,False,43,Jodi Benson,1.0,Samuel E. Wright,Pat Carroll,Christopher Daniel Barnes,"Jodi Benson, Samuel E. Wright, Pat Carroll, Christopher Daniel Barnes, Kenneth Mars",Ron Clements,2,John Musker,John Musker,181,Silver Screen Partners IV,2,1,US,2,en,True,True,True
1378537,tt34339725,Mirzapur: The Movie,मिर्ज़ापुर - द मूवी,hi,Released,8766456.0,,-8766456,-100.0,16.2256,False,6.9,18,0.23976833976833978,True,366,197,Witness the epic untold story.,True,False,Action,Crime,4,"Action, Crime, Drama, Thriller",,2026-09-03,2026.0,9.0,3.0,3.0,True,False,41,Pankaj Tripathi,2.0,Ali Fazal,Divyendu Sharma,Jitendra Kumar,"Pankaj Tripathi, Ali Fazal, Divyendu Sharma, Jitendra Kumar, Ravi Kishan",Gurmmeet Singh,1,Puneet Krishna,Ritesh Sidhwani,52,Excel Entertainment,2,2,IN,1,hi,True,True,False
507086,tt8041270,Jurassic World Dominion,Jurassic World Dominion,en,Released,658800000.0,1004004592.0,345204592,52.39899696417729,17.9828,False,6.593,7272,6.16884920226454,True,307,147,The epic conclusion of the Jurassic era.,True,True,Adventure,Science Fiction,4,"Adventure, Science Fiction, Thriller, Action","paleontology, giant monster, sequel, survival, dinosaur, scientist, child kidnapping, aggressive, animal sanctuary, cautionary",2022-06-01,2022.0,6.0,1.0,2.0,True,False,44,Chris Pratt,2.0,Bryce Dallas Howard,Laura Dern,Sam Neill,"Chris Pratt, Bryce Dallas Howard, Laura Dern, Sam Neill, Jeff Goldblum",Colin Trevorrow,1,Emily Carmichael,Frank Marshall,313,Amblin Entertainment,2,1,US,1,en,True,True,True
609681,tt10676048,The Marvels,The Marvels,en,Released,274800000.0,206136825.0,-68663175,-24.986599344978167,18.0523,False,5.913,3631,5.197313725490196,True,348,105,Higher. Further. Faster. Together.,True,True,Science Fiction,Adventure,3,"Science Fiction, Adventure, Action","hero, superhero, space travel, based on comic, sequel, teenage girl, female protagonist, aftercreditsstinger, duringcreditsstinger, marvel cinematic universe (mcu)",2023-11-08,2023.0,11.0,8.0,4.0,True,False,34,Brie Larson,1.0,Teyonah Parris,Iman Vellani,Samuel L. Jackson,"Brie Larson, Teyonah Parris, Iman Vellani, Samuel L. Jackson, Zawe Ashton",Nia DaCosta,1,Elissa Karasik,Kevin Feige,183,Marvel Studios,2,1,US,2,en,True,True,True
976573,tt15789038,Elemental,Elemental,en,Released,200000000.0,496444308.0,296444308,148.22215400000002,17.4683,False,7.594,5539,6.965253518794503,True,178,102,Opposites react.,True,True,Animation,Comedy,4,"Animation, Comedy, Family, Romance","fire, earth, computer animation, duringcreditsstinger, elements, water, 3d animation, city, lighthearted, whimsical",2023-06-14,2023.0,6.0,14.0,2.0,True,False,19,Leah Lewis,1.0,Mamoudou Athie,Ronnie del Carmen,Shila Ommi,"Leah Lewis, Mamoudou Athie, Ronnie del Carmen, Shila Ommi, Wendi McLendon-Covey",Peter Sohn,1,John Hoberg,Denise Ream,97,Pixar,1,1,US,1,en,True,True,False
530385,tt8772262,Midsommar,Midsommar,en,Released,9000000.0,48498408.0,39498408,438.8712,18.6055,False,7.145,8399,6.743550398921227,True,353,147,Let the festivities begin.,True,True,Horror,Drama,3,"Horror, Drama, Mystery","loss of loved one, ritual, paranoia, sweden, cult, hallucinogenic drug, magic mushroom, anthropology, human sacrifice, paganism",2019-07-03,2019.0,7.0,3.0,3.0,True,False,38,Florence Pugh,1.0,Jack Reynor,William Jackson Harper,Will Poulter,"Florence Pugh, Jack Reynor, William Jackson Harper, Will Poulter, Vilhelm Blomgren",Ari Aster,1,Ari Aster,Lars Knudsen,98,B-Reel Films,2,2,SE,2,en,True,True,False
614945,tt10375624,Voicemails for Isabelle,Voicemails for Isabelle,en,Released,,,0,,20.258,False,8.296,888,5.307527377521613,True,150,119,Sometimes the universe leaves you a message.,True,True,Romance,Comedy,3,"Romance, Comedy, Drama","san francisco, california, romcom, voicemail, lighthearted, adoring, compassionate",2026-06-20,2026.0,6.0,20.0,2.0,True,False,58,Zoey Deutch,1.0,Nick Robinson,Harry Shum Jr.,Leah McKendrick,"Zoey Deutch, Nick Robinson, Harry Shum Jr., Leah McKendrick, Ciara Bravo",Leah McKendrick,1,Leah McKendrick,Becky Sanderman,35,Escape Artists,2,1,US,1,en,True,True,False
1368,tt0083944,First Blood,First Blood,en,Released,15000000.0,125212904.0,110212904,734.7526933333334,15.6666,False,7.519,7081,7.023089170294157,True,195,93,This time he's fighting for his life.,True,True,Action,Thriller,3,"Action, Thriller, Drama","prison, guerrilla warfare, dying and death, vietnam war, vietnam veteran, hero, vietnam, police brutality, sheriff, escape",1982-10-22,1982.0,10.0,22.0,4.0,True,False,39,Sylvester Stallone,2.0,Richard Crenna,Brian Dennehy,Bill McKinney,"Sylvester Stallone, Richard Crenna, Brian Dennehy, Bill McKinney, Jack Starrett",Ted Kotcheff,1,Sylvester Stallone,Buzz Feitshans,89,Carolco Pictures,3,2,US,1,en,True,True,True
373571,tt3741700,Godzilla: King of the Monsters,Godzilla: King of the Monsters,en,Released,170000000.0,387300138.0,217300138,127.8236105882353,17.3392,False,6.685,6893,6.232883132693087,True,411,132,Long live the king.,True,True,Science Fiction,Action,2,"Science Fiction, Action","mexico, boston, massachusetts, giant monster, cryptozoology, eco terrorism, creature feature, rodan, kaiju, aftercreditsstinger, global threat",2019-05-29,2019.0,5.0,29.0,2.0,True,False,90,Kyle Chandler,2.0,Vera Farmiga,Millie Bobby Brown,Ken Watanabe,"Kyle Chandler, Vera Farmiga, Millie Bobby Brown, Ken Watanabe, Zhang Ziyi",Michael Dougherty,1,Michael Dougherty,Jon Jashni,154,Legendary Pictures,3,3,CN,3,zh,True,True,True
882569,tt4873118,Guy Ritchie's The Covenant,Guy Ritchie's The Covenant,en,Released,55000000.0,21948551.0,-33051449,-60.093543636363634,16.879,False,7.718,3344,6.714097814776275,True,260,123,A bond. A pledge. A commitment.,True,False,War,Action,3,"War, Action, Thriller","ambush, interpreter, afghanistan, rescue mission, afghanistan war (2001-2021), taliban, behind enemy lines, wounded soldier, war trauma, covenant",2023-04-19,2023.0,4.0,19.0,2.0,True,False,44,Jake Gyllenhaal,2.0,Dar Salim,Sean Sagar,Jason Wong,"Jake Gyllenhaal, Dar Salim, Sean Sagar, Jason Wong, Rhys Yates",Guy Ritchie,1,Guy Ritchie,Ivan Atkinson,84,STXfilms,2,2,GB,3,en,True,True,False
287414,tt0460581,Tersine Dünya,Tersine Dünya,tr,Released,,,0,,17.9791,False,5.6,8,0.08818897637795275,True,465,97,,False,False,Comedy,None,1,Comedy,"feminism, gender roles",1994-01-07,1994.0,1.0,7.0,1.0,True,False,19,Demet Akbağ,1.0,Rasim Öztekin,Lale Mansur,Jale Arıkan,"Demet Akbağ, Rasim Öztekin, Lale Mansur, Jale Arıkan, Berhan Şimşek",Ersin Pertan,1,Orhan Kemal,Unknown,3,Independent,0,0,Unknown,1,tr,True,False,False
166426,tt1790809,Pirates of the Caribbean: Dead Men Tell No Tales,Pirates of the Caribbean: Dead Men Tell No Tales,en,Released,230000000.0,795922298.0,565922298,246.05317304347824,18.3012,False,6.7,13051,6.452785772267729,True,460,129,All pirates must die.,True,True,Adventure,Action,3,"Adventure, Action, Fantasy","treasure map, sequel, royal navy, pirate, swashbuckler, caribbean sea, dark fantasy, trident, based on theme park ride, treasure hunting",2017-05-23,2017.0,5.0,23.0,2.0,True,False,77,Johnny Depp,2.0,Javier Bardem,Geoffrey Rush,Brenton Thwaites,"Johnny Depp, Javier Bardem, Geoffrey Rush, Brenton Thwaites, Kaya Scodelario",Joachim Rønning,2,Jeff Nathanson,Jerry Bruckheimer,212,Walt Disney Pictures,3,1,US,1,en,True,True,True
1248832,tt31450459,Digger,Digger,en,Post Production,130000000.0,,-130000000,-100.0,18.8933,False,0.0,0,0.0,True,152,128,A man. A plan. A meltdown.,True,True,Comedy,None,1,Comedy,"dark comedy, satire, political satire",2026-09-30,2026.0,9.0,30.0,3.0,False,False,14,Tom Cruise,2.0,Riz Ahmed,John Goodman,Sandra Hüller,"Tom Cruise, Riz Ahmed, John Goodman, Sandra Hüller, Michael Stuhlbarg",Alejandro G. Iñárritu,1,Alejandro G. Iñárritu,Alejandro G. Iñárritu,53,Warner Bros. Pictures,5,1,US,1,en,True,True,False
387732,tt3230852,Mujeres infieles 2,Mujeres infieles 2,es,Released,,,0,,17.7914,False,6.182,33,0.38275046904315196,True,57,109,,False,False,Drama,None,1,Drama,"infidelity, unfaithful wife, unfaithful husband, sex",2003-03-14,2003.0,3.0,14.0,1.0,True,False,12,Ninel Conde,1.0,Gabriela Olmedo,Fernanda Reto,Alejandro Camacho,"Ninel Conde, Gabriela Olmedo, Fernanda Reto, Alejandro Camacho, Luis Felipe Tovar",Adolfo Martínez Solares,1,Adolfo Martínez Solares,Unknown,2,Genesis Films,1,1,MX,1,es,True,True,True
10674,tt0120762,Mulan,Mulan,en,Released,90000000.0,304320254.0,214320254,238.13361555555556,18.5956,False,7.902,10667,7.548189665980121,True,327,88,The flower that blooms in adversity is the most rare and beautiful of all.,True,False,Animation,Family,3,"Animation, Family, Adventure","princess, daughter, china, homeland, villain, musical, sexism, training, cricket, female protagonist",1998-06-18,1998.0,6.0,18.0,2.0,True,False,54,Ming-Na Wen,1.0,Eddie Murphy,BD Wong,Miguel Ferrer,"Ming-Na Wen, Eddie Murphy, BD Wong, Miguel Ferrer, Harvey Fierstein",Tony Bancroft,2,Eugenia Bostwick-Singer,Pam Coats,63,Walt Disney Feature Animation,2,1,US,2,en,True,True,True
926393,tt17024450,The Equalizer 3,The Equalizer 3,en,Released,70000000.0,191067560.0,121067560,172.95365714285714,18.964,False,7.294,3899,6.464947942714253,True,236,109,Justice knows no borders,True,True,Action,Thriller,3,"Action, Thriller, Crime","italy, investigation, camorra, organized crime, vigilante justice, personal redemption, retired operative, mafia retaliation, quiet town under threat, brutal takedowns",2023-08-30,2023.0,8.0,30.0,3.0,True,False,46,Denzel Washington,2.0,Dakota Fanning,Eugenio Mastrandrea,David Denman,"Denzel Washington, Dakota Fanning, Eugenio Mastrandrea, David Denman, Gaia Scodellaro",Antoine Fuqua,1,Michael Sloan,Denzel Washington,153,Columbia Pictures,4,2,IT,3,en,True,True,True
168259,tt2820852,Furious 7,Furious 7,en,Released,190000000.0,1515400000.0,1325400000,697.578947368421,17.4179,False,7.212,11481,6.911023453801852,True,91,138,Vengeance hits home.,True,True,Action,Crime,3,"Action, Crime, Thriller","car race, speed, sequel, street race, revenge, race, cars, absurd, suspenseful, admiring",2015-04-01,2015.0,4.0,1.0,2.0,True,False,50,Vin Diesel,2.0,Paul Walker,Dwayne Johnson,Michelle Rodriguez,"Vin Diesel, Paul Walker, Dwayne Johnson, Michelle Rodriguez, Tyrese Gibson",James Wan,1,Gary Scott Thompson,Neal H. Moritz,239,Original Film,3,1,US,4,ar,True,True,True
76492,tt0837562,Hotel Transylvania,Hotel Transylvania,en,Released,85000000.0,358375603.0,273375603,321.61835647058825,19.3955,False,6.97,9352,6.616264717823792,True,430,91,Where monsters go to get away from it all.,True,True,Animation,Comedy,4,"Animation, Comedy, Family, Fantasy","hotel, witch, vampire, romance, love, zombie, invisible person, duringcreditsstinger, nosferatu, protective father",2012-09-20,2012.0,9.0,20.0,3.0,True,False,49,Selena Gomez,1.0,Adam Sandler,Andy Samberg,Kevin James,"Selena Gomez, Adam Sandler, Andy Samberg, Kevin James, Fran Drescher",Genndy Tartakovsky,1,Dan Hageman,Michelle Murdocca,37,Columbia Pictures,2,1,US,1,en,True,True,True
286687,tt3985604,Love Lesson,화려한 외출,ko,Released,,,0,,17.4445,False,6.8,43,0.5384898710865561,True,373,80,Every song needs inspiration,True,False,Romance,Drama,3,"Romance, Drama, Comedy","softcore, intimate",2013-12-05,2013.0,12.0,5.0,4.0,True,False,8,Kim Sun-young,1.0,Byun Jun-suk,Oh Cho-hee,Kim Ji-hoon,"Kim Sun-young, Byun Jun-suk, Oh Cho-hee, Kim Ji-hoon, Heo Jung-min",Ko Kyeong-Ah,1,Kim Se-hwi,Scott Mann,5,Shakabuku Films,1,1,KR,1,ko,True,True,False
6479,tt0480249,I Am Legend,I Am Legend,en,Released,150000000.0,585410052.0,435410052,290.273368,16.9863,False,7.223,17291,7.0200041031982465,True,375,101,The last man on Earth is not alone.,True,True,Drama,Science Fiction,3,"Drama, Science Fiction, Thriller","new york city, saving the world, based on novel or book, dystopia, post-apocalyptic future, infection, matter of life and death, alone, helplessness, end of the world",2007-12-12,2007.0,12.0,12.0,4.0,True,False,63,Will Smith,2.0,Alice Braga,Charlie Tahan,Dash Mihok,"Will Smith, Alice Braga, Charlie Tahan, Dash Mihok, Salli Richardson-Whitfield",Francis Lawrence,1,Mark Protosevich,Neal H. Moritz,168,Village Roadshow Pictures,6,2,US,1,en,True,True,True
14574,tt0914798,The Boy in the Striped Pyjamas,The Boy in the Striped Pyjamas,en,Released,12500000.0,20416563.0,7916563,63.332504,16.386,False,7.8,7823,7.331418959509793,True,377,94,"Lines may divide us, but hope will unite us.",True,True,Drama,War,3,"Drama, War, History","based on novel or book, nazi, nationalism, concentration camp, world war ii, gas chamber, concentration camp prisoner, children in wartime",2008-05-07,2008.0,5.0,7.0,2.0,True,False,26,Asa Butterfield,2.0,Vera Farmiga,David Thewlis,Jack Scanlon,"Asa Butterfield, Vera Farmiga, David Thewlis, Jack Scanlon, Amber Beattie",Mark Herman,1,John Boyne,David Heyman,59,BBC Film,3,2,GB,2,en,True,True,False
679,tt0090605,Aliens,Aliens,en,Released,18500000.0,183316455.0,164816455,890.8997567567567,18.3605,False,7.965,11168,7.623681864929722,True,280,137,This time it's war.,True,True,Action,Thriller,3,"Action, Thriller, Science Fiction","android, space marine, extraterrestrial technology, spaceman, space travel, settler, colony, cryogenics, vacuum, space colony",1986-07-18,1986.0,7.0,18.0,3.0,True,False,27,Sigourney Weaver,1.0,Carrie Henn,Michael Biehn,Paul Reiser,"Sigourney Weaver, Carrie Henn, Michael Biehn, Paul Reiser, Lance Henriksen",James Cameron,1,James Cameron,Gale Anne Hurd,84,SLM Production Group,3,1,US,1,en,True,True,True
74,tt0407304,War of the Worlds,War of the Worlds,en,Released,132000000.0,603873119.0,471873119,357.4796356060606,18.0979,False,6.571,9510,6.242778221778222,True,232,117,They're already here.,True,True,Adventure,Thriller,3,"Adventure, Thriller, Science Fiction","daughter, new jersey, post-traumatic stress disorder (ptsd), airplane, based on novel or book, underground, dystopia, alien, survival, disaster",2005-06-28,2005.0,6.0,28.0,2.0,True,False,110,Tom Cruise,2.0,Dakota Fanning,Miranda Otto,Justin Chatwin,"Tom Cruise, Dakota Fanning, Miranda Otto, Justin Chatwin, Tim Robbins",Steven Spielberg,1,H. G. Wells,Kathleen Kennedy,276,Paramount Pictures,4,1,US,1,en,True,True,False
4248,tt0257106,Scary Movie 2,Scary Movie 2,en,Released,45000000.0,141220678.0,96220678,213.8237288888889,17.2829,False,5.85,5395,5.353816793893129,True,88,82,No more mercy. No more shame. No more sequels - honest! - We lied.,True,False,Comedy,None,1,Comedy,"supernatural, exorcism, haunted house, parody, sequel, spoof, horror spoof, secret door, college student, school project",2001-07-04,2001.0,7.0,4.0,3.0,True,False,35,Anna Faris,1.0,Regina Hall,Marlon Wayans,Shawn Wayans,"Anna Faris, Regina Hall, Marlon Wayans, Shawn Wayans, Christopher Masterson",Keenen Ivory Wayans,1,Buddy Johnson,Eric L. Gold,212,Brad Grey Pictures,4,1,US,1,en,True,True,True
351286,tt4881806,Jurassic World: Fallen Kingdom,Jurassic World: Fallen Kingdom,en,Released,170000000.0,1310469037.0,1140469037,670.8641394117647,18.5886,False,6.525,12997,6.283279617692821,True,238,129,The park is gone.,True,True,Adventure,Science Fiction,4,"Adventure, Science Fiction, Thriller, Action","tyrannosaurus rex, volcano, rescue mission, sequel, wild animal, prehistoric creature, dinosaur, genetic engineering, aftercreditsstinger, monster island",2018-06-06,2018.0,6.0,6.0,2.0,True,False,41,Chris Pratt,2.0,Bryce Dallas Howard,Rafe Spall,Justice Smith,"Chris Pratt, Bryce Dallas Howard, Rafe Spall, Justice Smith, Daniella Pineda",J. A. Bayona,1,Derek Connolly,Belén Atienza,393,Amblin Entertainment,2,1,US,2,en,True,True,True
109418,tt2191701,Grown Ups 2,Grown Ups 2,en,Released,80000000.0,247022278.0,167022278,208.77784749999998,38.403,False,6.19,4809,5.607027688830288,True,228,101,Just because they're a little older doesn't mean they've grown up.,True,True,Comedy,None,1,Comedy,"friendship, journey in the past, cliff, past, sequel, friends, ridiculous, burpsnart",2013-07-11,2013.0,7.0,11.0,3.0,True,False,77,Adam Sandler,2.0,Kevin James,Chris Rock,David Spade,"Adam Sandler, Kevin James, Chris Rock, David Spade, Salma Hayek Pinault",Dennis Dugan,1,Adam Sandler,Adam Sandler,79,Columbia Pictures,2,1,US,1,en,True,True,True
242582,tt2872718,Nightcrawler,Nightcrawler,en,Released,8500000.0,47425835.0,38925835,457.951,15.9033,False,7.709,12041,7.401648114185471,True,225,118,The city shines brightest at night.,True,True,Crime,Drama,3,"Crime, Drama, Thriller","underground, psychopath, journalism, job interview, cynicism, sociopath, murder, serial killer, crime scene, psychological thriller",2014-10-23,2014.0,10.0,23.0,4.0,True,False,43,Jake Gyllenhaal,2.0,Rene Russo,Riz Ahmed,Bill Paxton,"Jake Gyllenhaal, Rene Russo, Riz Ahmed, Bill Paxton, Kevin Rahm",Dan Gilroy,1,Dan Gilroy,Jennifer Fox,141,Sierra/Affinity,2,1,US,1,en,True,True,False
1758599,,Manual Wind,Cuerda Manual,es,In Production,,,0,,16.4595,False,0.0,0,0.0,True,108,0,,False,False,Drama,None,1,Drama,,2026-10-15,2026.0,10.0,15.0,4.0,False,False,7,Santiago Sandoval,0.0,Cristina Alanis,Juan Luis Medina,Rodrigo Olguín,"Santiago Sandoval, Cristina Alanis, Juan Luis Medina, Rodrigo Olguín, Mónica de la Isla Yáñez",Gustavo Obregón,1,Gustavo Obregón,Tatiana Graullera,33,Gawx Films Ltd.,1,0,Unknown,1,es,True,True,False
801335,tt13269536,Girl in the Basement,Girl in the Basement,en,Released,,,0,,16.7596,False,7.571,891,4.849576563623292,True,206,88,,False,False,Thriller,Crime,3,"Thriller, Crime, TV Movie","imprisonment, based on true story, basement, controlling parent, depressing",2021-02-27,2021.0,2.0,27.0,1.0,True,False,11,Judd Nelson,2.0,Stefanie Scott,Joely Fisher,Braxton Bjerken,"Judd Nelson, Stefanie Scott, Joely Fisher, Braxton Bjerken, Kim Rosen",Elisabeth Röhm,1,Barbara Marshall,Eric Tomosunas,30,Big Dreams Entertainment,3,1,US,1,en,True,True,False
374720,tt5013056,Dunkirk,Dunkirk,en,Released,150000000.0,549136737.0,399136737,266.091158,15.5378,False,7.45,17960,7.248212351029252,True,246,107,"When 400,000 men couldn't get home, home came for them.",True,True,War,Action,3,"War, Action, Drama","army, beach, france, allies, raf (royal air force), military officer, world war ii, evacuation, pilot, british army",2017-07-19,2017.0,7.0,19.0,3.0,True,False,50,Fionn Whitehead,2.0,Tom Hardy,Mark Rylance,Kenneth Branagh,"Fionn Whitehead, Tom Hardy, Mark Rylance, Kenneth Branagh, Cillian Murphy",Christopher Nolan,1,Christopher Nolan,Christopher Nolan,226,Warner Bros. Pictures,3,2,GB,3,en,True,True,False
701387,tt12300742,Bugonia,Bugonia,en,Released,55000000.0,43500000.0,-11500000,-20.909090909090907,16.4623,False,7.289,2394,6.029670352453351,True,147,119,"Of all the abductions, this one is different.",True,True,Science Fiction,Thriller,3,"Science Fiction, Thriller, Comedy","saving the world, capitalism, kidnapping, paranoia, delusion, symbolism, dark comedy, satire, alien, remake",2025-10-23,2025.0,10.0,23.0,4.0,True,False,29,Emma Stone,1.0,Jesse Plemons,Aidan Delbis,Stavros Halkias,"Emma Stone, Jesse Plemons, Aidan Delbis, Stavros Halkias, Alicia Silverstone",Yorgos Lanthimos,1,Jang Joon-hwan,Andrew Lowe,185,Element Pictures,6,4,IE,1,en,True,True,False
570508,tt8562562,Innocent Witness,증인,ko,Released,,,0,,14.2143,False,7.767,86,1.1398668941979522,True,177,129,I want to be the witness to let people know the truth.,True,False,Drama,None,1,Drama,"autism, lawyer",2019-02-13,2019.0,2.0,13.0,1.0,True,False,18,Jung Woo-sung,2.0,Kim Hyang-gi,Lee Kyoo-hyung,Jang Young-nam,"Jung Woo-sung, Kim Hyang-gi, Lee Kyoo-hyung, Jang Young-nam, Yeom Hye-ran",Lee Han,1,Hong Yong-ho,Lee Jun-u,31,Movierock,3,1,KR,1,ko,True,True,False
618162,tt10696784,The Harder They Fall,The Harder They Fall,en,Released,,,0,,19.3046,False,6.617,1243,4.718835915088928,True,147,137,A new day is dawning.,True,True,Western,None,1,Western,"prison, release from prison, revenge, bank robbery, cowboy, wild west, quick draw, outlaw gang, 19th century, amused",2021-10-22,2021.0,10.0,22.0,4.0,True,False,62,Jonathan Majors,2.0,Idris Elba,Regina King,Zazie Beetz,"Jonathan Majors, Idris Elba, Regina King, Zazie Beetz, Delroy Lindo",Jeymes Samuel,1,Jeymes Samuel,JAŸ-Z,113,Overbrook Entertainment,1,1,US,1,en,True,True,False
618162,tt10696784,The Harder They Fall,The Harder They Fall,en,Released,,,0,,19.3046,False,6.617,1243,4.718835915088928,True,147,137,A new day is dawning.,True,True,Western,None,1,Western,"prison, release from prison, revenge, bank robbery, cowboy, wild west, quick draw, outlaw gang, 19th century, amused",2021-10-22,2021.0,10.0,22.0,4.0,True,False,62,Jonathan Majors,2.0,Idris Elba,Regina King,Zazie Beetz,"Jonathan Majors, Idris Elba, Regina King, Zazie Beetz, Delroy Lindo",Jeymes Samuel,1,Jeymes Samuel,JAŸ-Z,113,Overbrook Entertainment,1,1,US,1,en,True,True,False
1632181,tt40187050,Accidental Partners,Socias por accidente,es,Released,,,0,,18.3661,False,8.852,378,3.810997722095672,True,126,110,,False,False,Comedy,Romance,2,"Comedy, Romance",,2026-03-12,2026.0,3.0,12.0,1.0,True,False,18,Angelique Boyer,1.0,Bárbara de Regil,Diego Klein,Lucía Uribe,"Angelique Boyer, Bárbara de Regil, Diego Klein, Lucía Uribe, Isabella Camil",Ihtzi Hurtado,1,Paulina Barros,Jacobo Nazar,26,Videocine,3,1,MX,1,es,True,True,False
72105,tt1637725,Ted,Ted,en,Released,50000000.0,549368315.0,499368315,998.73663,18.169,False,6.455,13448,6.223604817895039,True,174,107,Ted is coming.,True,True,Comedy,Fantasy,2,"Comedy, Fantasy","friendship, dreams, satire, love, buddy, teddy bear, toy comes to life, wishes come true, joyous",2012-06-29,2012.0,6.0,29.0,2.0,True,False,57,Mark Wahlberg,2.0,Mila Kunis,Seth MacFarlane,Joel McHale,"Mark Wahlberg, Mila Kunis, Seth MacFarlane, Joel McHale, Giovanni Ribisi",Seth MacFarlane,1,Seth MacFarlane,John Jacobs,121,Universal Pictures,5,1,US,1,en,True,True,True
1124620,tt27714946,The Monkey,The Monkey,en,Released,10000000.0,68871071.0,58871071,588.71071,18.3572,False,5.97,1447,4.436872110939907,True,229,97,Everybody dies. And that's fucked up.,True,True,Horror,Comedy,2,"Horror, Comedy","sibling relationship, shotgun, supernatural, drums, harpoon, dark comedy, gore, twin brother, maine, decapitation",2025-02-10,2025.0,2.0,10.0,1.0,True,False,35,Theo James,2.0,Tatiana Maslany,Christian Convery,Colin O'Brien,"Theo James, Tatiana Maslany, Christian Convery, Colin O'Brien, Adam Scott",Osgood Perkins,1,Osgood Perkins,Dave Caplan,155,Atomic Monster,7,2,CA,1,en,True,True,False
1317288,tt32916440,Marty Supreme,Marty Supreme,en,Released,65000000.0,192406422.0,127406422,196.00987999999998,19.3719,False,7.367,2180,5.992559701492537,True,102,150,Dream big.,True,True,Drama,Thriller,2,"Drama, Thriller","new york city, sports, capitalism, hustler, narcissism, ping pong, scheming, 1950s, dedication, american businessman",2025-12-19,2025.0,12.0,19.0,4.0,True,False,122,Timothée Chalamet,2.0,Gwyneth Paltrow,Odessa A'zion,Kevin O'Leary,"Timothée Chalamet, Gwyneth Paltrow, Odessa A'zion, Kevin O'Leary, Tyler, The Creator",Josh Safdie,1,Josh Safdie,Timothée Chalamet,344,A24,2,1,US,2,en,True,True,False
57158,tt1170358,The Hobbit: The Desolation of Smaug,The Hobbit: The Desolation of Smaug,en,Released,250000000.0,958400000.0,708400000,283.36,17.9262,False,7.58,14559,7.3283232618367755,True,191,161,Beyond darkness... beyond desolation... lies the greatest danger of all.,True,True,Fantasy,Adventure,3,"Fantasy, Adventure, Action","gold, lake, based on novel or book, elves, dwarf, shapeshifting, mountain, giant spider, melancholy, sequel",2013-12-11,2013.0,12.0,11.0,4.0,True,False,66,Ian McKellen,2.0,Martin Freeman,Richard Armitage,Benedict Cumberbatch,"Ian McKellen, Martin Freeman, Richard Armitage, Benedict Cumberbatch, Orlando Bloom",Peter Jackson,1,Fran Walsh,Fran Walsh,149,New Line Cinema,3,2,NZ,1,en,True,True,True
197,tt0112573,Braveheart,Braveheart,en,Released,72000000.0,213216216.0,141216216,196.13363333333334,15.4754,False,7.944,11418,7.610722604463836,True,258,178,"Every man dies, not every man really lives.",True,False,Action,Drama,4,"Action, Drama, History, War","england, scotland, loss of loved one, idealism, based on true story, catholic, medieval, war, dramatic, powerful",1995-05-24,1995.0,5.0,24.0,2.0,True,False,61,Mel Gibson,2.0,Catherine McCormack,Sophie Marceau,Patrick McGoohan,"Mel Gibson, Catherine McCormack, Sophie Marceau, Patrick McGoohan, Angus Macfadyen",Mel Gibson,1,Randall Wallace,Mel Gibson,248,The Ladd Company,3,1,US,4,en,True,True,True
713704,tt13345606,Evil Dead Rise,Evil Dead Rise,en,Released,15000000.0,147256372.0,132256372,881.7091466666668,17.4292,False,6.963,3978,6.185532380527022,True,207,96,Mommy loves you to death.,True,True,Horror,Thriller,2,"Horror, Thriller","sibling relationship, pregnancy, supernatural, earthquake, gore, sequel, los angeles, california, demon, spin off, evil",2023-04-12,2023.0,4.0,12.0,2.0,True,False,16,Lily Sullivan,1.0,Alyssa Sutherland,Morgan Davies,Gabrielle Echols,"Lily Sullivan, Alyssa Sutherland, Morgan Davies, Gabrielle Echols, Nell Fisher",Lee Cronin,1,Lee Cronin,Robert Tapert,77,Pacific Renaissance Pictures,4,3,NZ,1,en,True,True,True
135397,tt0369610,Jurassic World,Jurassic World,en,Released,150000000.0,1671537444.0,1521537444,1014.358296,18.5954,False,6.703,21897,6.553359423137028,True,175,124,The park is open.,True,True,Adventure,Science Fiction,4,"Adventure, Science Fiction, Thriller, Action","island, primal fear, escape, velociraptor, dna, tyrannosaurus rex, animal attack, sequel, dinosaur, creature",2015-06-06,2015.0,6.0,6.0,2.0,True,False,53,Chris Pratt,2.0,Bryce Dallas Howard,Irrfan Khan,Vincent D'Onofrio,"Chris Pratt, Bryce Dallas Howard, Irrfan Khan, Vincent D'Onofrio, Ty Simpkins",Colin Trevorrow,1,Rick Jaffa,Frank Marshall,420,Amblin Entertainment,3,1,US,1,en,True,True,True
398818,tt5726616,Call Me by Your Name,Call Me by Your Name,en,Released,3500000.0,43143046.0,39643046,1132.658457142857,19.8924,False,8.1,12946,7.798795180722891,True,271,132,Is it better to speak or die?,True,True,Romance,Drama,2,"Romance, Drama","based on novel or book, upper class, italy, swimming pool, coming of age, love, breaking the fourth wall, summer, teenage boy, masturbation",2017-10-01,2017.0,10.0,1.0,4.0,True,False,12,Timothée Chalamet,2.0,Armie Hammer,Michael Stuhlbarg,Amira Casar,"Timothée Chalamet, Armie Hammer, Michael Stuhlbarg, Amira Casar, Esther Garrel",Luca Guadagnino,1,James Ivory,Rodrigo Teixeira,141,La Cinéfacture,5,4,BR,3,fr,True,True,False
10867,tt0213847,Malena,Malèna,it,Released,,14493284.0,14493284,,17.5726,False,7.564,2820,6.424843373493975,True,329,108,"Too young to be a widow, too beautiful to be alone.",True,True,Drama,None,1,Drama,"prostitute, jealousy, sicily, italy, widow, world war ii, longing, coming of age, beautiful woman, crush, sex trafficking",2000-10-27,2000.0,10.0,27.0,4.0,True,False,45,Monica Bellucci,1.0,Giuseppe Sulfaro,Luciano Federico,Matilde Piana,"Monica Bellucci, Giuseppe Sulfaro, Luciano Federico, Matilde Piana, Pietro Notarianni",Giuseppe Tornatore,1,Giuseppe Tornatore,Harvey Weinstein,51,Medusa Film,4,2,IT,3,en,True,True,False
81,tt0087544,Warriors of the Wind,風の谷のナウシカ,ja,Released,1000000.0,9016411.0,8016411,801.6410999999999,15.7389,False,7.941,4194,7.095132935662547,True,329,95,"Flee, fly, foe, fun! Here's an adventure for everyone.",True,True,Adventure,Animation,3,"Adventure, Animation, Fantasy","future, airplane, saving the world, human vs nature, fungus spores   , post-apocalyptic future, giant insect, toxic, based on manga, ecology",1984-03-11,1984.0,3.0,11.0,1.0,True,False,26,Sumi Shimamoto,1.0,Ichiro Nagai,Gorō Naya,Yoji Matsuda,"Sumi Shimamoto, Ichiro Nagai, Gorō Naya, Yoji Matsuda, Yoshiko Sakakibara",Hayao Miyazaki,1,Hayao Miyazaki,Isao Takahata,74,Topcraft,3,1,JP,1,ja,True,True,False
1525963,,Debtor’s Wife,채무자의 아내,ko,Released,,,0,,17.7451,False,0.0,0,0.0,True,447,0,,False,False,Unknown,None,0,,softcore,2024-12-26,2024.0,12.0,26.0,4.0,True,False,3,Yoon Yool,1.0,Min Do-yoon,So Ra,None,"Yoon Yool, Min Do-yoon, So Ra",Unknown,0,Unknown,Unknown,0,Independent,0,0,Unknown,1,ko,True,False,False
630,tt0032138,The Wizard of Oz,The Wizard of Oz,en,Released,2777000.0,33754967.0,30977967,1115.519157364062,15.4575,False,7.581,6281,7.022011650199087,True,307,102,"We're off to see the Wizard, the wonderful Wizard of Oz!",True,True,Adventure,Fantasy,3,"Adventure, Fantasy, Family","witch, adolescence, dreams, based on novel or book, secret identity, lion, tornado, twister, scarecrow, villain",1939-08-21,1939.0,8.0,21.0,3.0,True,False,27,Judy Garland,1.0,Ray Bolger,Jack Haley,Bert Lahr,"Judy Garland, Ray Bolger, Jack Haley, Bert Lahr, Frank Morgan",Victor Fleming,1,Florence Ryerson,Mervyn LeRoy,26,Metro-Goldwyn-Mayer,1,1,US,1,en,True,True,False
615656,tt9224104,Meg 2: The Trench,Meg 2: The Trench,en,Released,129000000.0,398500317.0,269500317,208.91497441860466,18.6783,False,6.363,4106,5.672270516717326,True,216,116,Back for seconds.,True,True,Action,Science Fiction,3,"Action, Science Fiction, Horror","based on novel or book, deep sea, sequel, underwater, shark, kaiju, civil action, animal horror, mariana trench, environmental crisis",2023-08-02,2023.0,8.0,2.0,3.0,True,False,31,Jason Statham,2.0,Wu Jing,Shuya Sophia Cai,Page Kennedy,"Jason Statham, Wu Jing, Shuya Sophia Cai, Page Kennedy, Sergio Peris-Mencheta",Ben Wheatley,1,Steve Alten,Lorenzo di Bonaventura,95,Apelles Entertainment,6,2,CN,1,en,True,True,True
252501,tt0107445,The Lotus Eaters,The Lotus Eaters,en,Released,,,0,,13.1227,False,8.5,2,0.03386454183266932,True,690,101,"""A Coming Of Age Movie Where What's Coming Of Age Is An Entire Era""",True,False,Drama,Comedy,2,"Drama, Comedy","canada, island, pig, boat, mine, teacher, extramarital affair, teenage pregnancy, british columbia, idyllic",1993-09-12,1993.0,9.0,12.0,3.0,True,False,21,Tara Frederick,1.0,Aloka McLean,R.H. Thomson,Sheila McCarthy,"Tara Frederick, Aloka McLean, R.H. Thomson, Sheila McCarthy, Andrea Libman",Paul Shapiro,1,Peggy Thompson,Unknown,10,Malofilm Productions Inc.,2,1,CA,1,en,True,True,False
1762506,tt33510831,Band of Brothers: Legacy,Band of Brothers: Legacy,en,Released,,,0,,18.5783,False,9.0,5,0.0891089108910891,True,576,60,The world depended on them. They depended on each other.  A look back after 25 years.,True,False,Documentary,War,2,"Documentary, War","world war ii, retrospective",2026-09-09,2026.0,9.0,9.0,3.0,True,False,25,Damian Lewis,2.0,Richard D. Winters,Ron Livingston,Neal McDonough,"Damian Lewis, Richard D. Winters, Ron Livingston, Neal McDonough, Frank John Hughes",Chase Millsap,1,Chase Millsap,Kirk Saduski,53,Playtone,1,1,US,1,en,True,True,False
297762,tt0451279,Wonder Woman,Wonder Woman,en,Released,149000000.0,823970682.0,674970682,453.00045771812074,17.4843,False,7.203,21191,7.036963394956434,True,147,141,Power. Grace. Wisdom. Wonder.,True,True,Action,Adventure,3,"Action, Adventure, Fantasy","island, hero, strong woman, world war i, empowerment, superhero, feminism, greek mythology, based on comic, female protagonist",2017-05-30,2017.0,5.0,30.0,2.0,True,False,82,Gal Gadot,1.0,Chris Pine,Connie Nielsen,Robin Wright,"Gal Gadot, Chris Pine, Connie Nielsen, Robin Wright, Danny Huston",Patty Jenkins,1,Allan Heinberg,Zack Snyder,259,Atlas Entertainment,5,1,US,2,de,True,True,True
1010755,tt28682323,The Strangers: Chapter 3,The Strangers: Chapter 3,en,Released,8500000.0,11031947.0,2531947,29.787611764705886,13.2714,False,5.9,284,2.137244897959184,True,176,92,Embrace your fears.,True,False,Horror,Thriller,2,"Horror, Thriller","sequel, serial killer, slasher, cat and mouse, dirty sheriff, isolated setting, violent intrusion, unexpected attacks, victims under siege, moral collapse",2026-02-05,2026.0,2.0,5.0,1.0,True,False,26,Madelaine Petsch,1.0,Richard Brake,Ema Horvath,Gabriel Basso,"Madelaine Petsch, Richard Brake, Ema Horvath, Gabriel Basso, Pedro Leandro",Renny Harlin,1,Alan R. Cohen,Courtney Solomon,32,Lionsgate,6,3,GB,1,en,True,True,True
752397,tt2363101,Blue Heart,Corazón Azul,pt,Released,,,0,,17.0705,False,3.8,5,0.03762376237623762,True,421,104,Perfection is dangerously boring,True,False,Horror,Drama,2,"Horror, Drama",,2021-04-27,2021.0,4.0,27.0,2.0,True,False,8,Lynn Cruz,0.0,Carlos Javier Martinez,Héctor Noas,Mariana Alom,"Lynn Cruz, Carlos Javier Martinez, Héctor Noas, Mariana Alom, Theodore Bouloukos",Miguel Coyula,1,Miguel Coyula,Miguel Coyula,4,Pirámide,1,1,CU,1,pt,True,False,False
937287,tt16426418,Challengers,Challengers,en,Released,55000000.0,94182533.0,39182533,71.24096909090909,16.2559,False,6.909,2841,5.875028135288836,True,356,132,Her game. Her rules.,True,True,Drama,Romance,2,"Drama, Romance","infidelity, husband wife relationship, love triangle, sports, tennis, competition, eroticism, atlanta, tennis player, male friendship",2024-04-18,2024.0,4.0,18.0,2.0,True,False,32,Zendaya,1.0,Mike Faist,Josh O'Connor,Darnell Appling,"Zendaya, Mike Faist, Josh O'Connor, Darnell Appling, Bryan Doo",Luca Guadagnino,1,Justin Kuritzkes,Amy Pascal,356,Pascal Pictures,4,2,IT,2,en,True,True,False
991494,tt23572848,The SpongeBob Movie: Search for SquarePants,The SpongeBob Movie: Search for SquarePants,en,Released,64000000.0,163197450.0,99197450,154.996015625,18.5384,False,6.788,353,2.8091019929660024,True,268,88,Ship's about to go down.,True,True,Adventure,Family,5,"Adventure, Family, Animation, Comedy, Fantasy","sequel, based on cartoon, pirate, based on tv series, 3d animation, casual, underworld, adoring, amused, cheerful",2025-12-16,2025.0,12.0,16.0,4.0,True,False,32,Tom Kenny,2.0,Mark Hamill,Clancy Brown,Bill Fagerbakke,"Tom Kenny, Mark Hamill, Clancy Brown, Bill Fagerbakke, Rodger Bumpass",Derek Drymon,1,Stephen Hillenburg,Pam Brady,47,Paramount Animation,4,1,US,2,en,True,True,True
604079,tt10374610,The Long Walk,The Long Walk,en,Released,20000000.0,63103084.0,43103084,215.51542,17.4906,False,6.872,1918,5.450990901571546,True,177,108,The task is simple: walk or die.,True,True,Science Fiction,Thriller,3,"Science Fiction, Thriller, Horror","suicide, based on novel or book, male friendship, bullying, coming of age, survival, teenage boy, survival horror, authoritarian regime, psychological horror",2025-09-10,2025.0,9.0,10.0,3.0,True,False,64,Cooper Hoffman,2.0,David Jonsson,Garrett Wareing,Ben Wang,"Cooper Hoffman, David Jonsson, Garrett Wareing, Ben Wang, Tut Nyuot",Francis Lawrence,1,JT Mollner,Francis Lawrence,227,Lionsgate,4,1,US,1,en,True,True,False
1272837,tt32141377,28 Years Later: The Bone Temple,28 Years Later: The Bone Temple,en,Released,63000000.0,58527279.0,-4472721,-7.099557142857142,19.7041,False,7.093,1733,5.504777877295119,True,199,109,Fear is the new faith.,True,True,Horror,Thriller,3,"Horror, Thriller, Science Fiction","england, satanism, cult, sequel, zombie, crucifix, survival horror, satanic cult, zombie apocalypse, woman director",2026-01-14,2026.0,1.0,14.0,1.0,True,False,23,Ralph Fiennes,2.0,Alfie Williams,Jack O'Connell,Erin Kellyman,"Ralph Fiennes, Alfie Williams, Jack O'Connell, Erin Kellyman, Chi Lewis-Parry",Nia DaCosta,1,Alex Garland,Danny Boyle,50,Columbia Pictures,3,2,GB,1,en,True,True,True
936653,tt13462360,Nina & Emma,Nina & Emma,es,Released,,,0,,16.5188,False,3.5,2,0.013944223107569721,True,260,90,,False,False,Drama,None,1,Drama,,2023-04-12,2023.0,4.0,12.0,2.0,True,False,11,Alfonsina Carrocio,1.0,Valentina Pereyra,Gabriela Freire,Patricia Horowitz,"Alfonsina Carrocio, Valentina Pereyra, Gabriela Freire, Patricia Horowitz, Santiago Musetti",Mercedes Cosco,1,Unknown,Unknown,1,Ipsilon Films,1,1,UY,1,es,True,True,False
120467,tt2278388,The Grand Budapest Hotel,The Grand Budapest Hotel,en,Released,30000000.0,174600318.0,144600318,482.00106,18.8785,False,8.025,16483,7.788734322557852,True,400,100,A murder case of Madam D. with enormous wealth and the most outrageous events surrounding her sudden death!,True,False,Comedy,Drama,2,"Comedy, Drama","hotel, painting, wartime, eastern europe, author, gunfight, theft, period drama, bellhop  , mentor protégé relationship",2014-02-26,2014.0,2.0,26.0,1.0,True,False,98,Ralph Fiennes,2.0,F. Murray Abraham,Tony Revolori,Adrien Brody,"Ralph Fiennes, F. Murray Abraham, Tony Revolori, Adrien Brody, Willem Dafoe",Wes Anderson,1,Wes Anderson,Scott Rudin,83,Fox Searchlight Pictures,5,2,US,2,en,True,True,False
950,tt0438097,Ice Age: The Meltdown,Ice Age: The Meltdown,en,Released,80000000.0,660998756.0,580998756,726.248445,15.7034,False,6.727,10537,6.422252333061521,True,323,91,Kiss your nuts goodbye.,True,True,Animation,Family,4,"Animation, Family, Comedy, Adventure","mammoth, sloth, ice age, barrier ice, ice melting, iceberg, villain, flooding, deluge, lovers",2006-03-29,2006.0,3.0,29.0,1.0,True,False,70,Ray Romano,2.0,John Leguizamo,Denis Leary,Queen Latifah,"Ray Romano, John Leguizamo, Denis Leary, Queen Latifah, Seann William Scott",Carlos Saldanha,1,Jim Hecht,Lori Forte,187,20th Century Fox Animation,3,1,US,1,en,True,True,True
22881,tt0878804,The Blind Side,The Blind Side,en,Released,29000000.0,309231694.0,280231694,966.3161862068966,19.1724,False,7.664,6984,7.151974345269909,True,179,129,Based on the extraordinary true story,True,True,Drama,None,1,Drama,"sports, american football, adoption, private school, education, based on true story, memphis, tennessee, duringcreditsstinger, christian, high school american football",2009-11-20,2009.0,11.0,20.0,4.0,True,False,63,Sandra Bullock,1.0,Tim McGraw,Quinton Aaron,Jae Head,"Sandra Bullock, Tim McGraw, Quinton Aaron, Jae Head, Lily Collins",John Lee Hancock,1,John Lee Hancock,Gil Netter,46,Alcon Entertainment,2,1,US,1,en,True,True,False
275,tt0116282,Fargo,Fargo,en,Released,7000000.0,60611975.0,53611975,765.8853571428572,16.5958,False,7.849,9362,7.451058406002839,True,553,98,A lot can happen in the middle of nowhere.,True,False,Crime,Drama,3,"Crime, Drama, Thriller","salesclerk, unsociability, police, cheating, ransom, winter, kidnapping, minnesota, dark comedy, north dakota",1996-03-08,1996.0,3.0,8.0,1.0,True,False,40,Frances McDormand,1.0,William H. Macy,Steve Buscemi,Peter Stormare,"Frances McDormand, William H. Macy, Steve Buscemi, Peter Stormare, Harve Presnell",Joel Coen,1,Ethan Coen,Ethan Coen,57,PolyGram Filmed Entertainment,2,2,GB,1,en,True,True,False
497036,,Les Grecs,Les Grecs,fr,Released,,,0,,16.4791,False,0.0,0,0.0,False,0,0,,False,False,Comedy,None,1,Comedy,,2006-04-21,2006.0,4.0,21.0,2.0,True,False,4,Marianne Basler,1.0,Laurent d'Olce,Xavier Gallais,Salim Kéchiouche,"Marianne Basler, Laurent d'Olce, Xavier Gallais, Salim Kéchiouche",Gilbert Désveaux,2,Jean-Marie Besset,Unknown,3,Independent,0,1,FR,1,fr,True,False,False
254128,tt2126355,San Andreas,San Andreas,en,Released,110000000.0,473990832.0,363990832,330.90075636363633,16.8336,False,6.251,9196,5.9286505775577565,True,164,114,We always knew this day would come.,True,True,Action,Drama,3,"Action, Drama, Thriller","california, san francisco, california, looting, earthquake, tsunami, disaster, los angeles, california, helicopter pilot, scientist, teenage daughter",2015-05-27,2015.0,5.0,27.0,2.0,True,False,53,Dwayne Johnson,2.0,Alexandra Daddario,Carla Gugino,Ioan Gruffudd,"Dwayne Johnson, Alexandra Daddario, Carla Gugino, Ioan Gruffudd, Archie Panjabi",Brad Peyton,1,Carlton Cuse,Beau Flynn,236,New Line Cinema,4,3,CA,1,en,True,True,False
11970,tt0119282,Hercules,Hercules,en,Released,85000000.0,252712101.0,167712101,197.30835411764707,18.2632,False,7.499,8097,7.062859485867163,True,328,93,The man. The myth. The movie.,True,False,Animation,Family,6,"Animation, Family, Fantasy, Adventure, Comedy, Romance","peasant, hades, cartoon, villain, musical, pegasus, zeus, coming of age, ancient greece, aftercreditsstinger",1997-06-13,1997.0,6.0,13.0,2.0,True,False,33,Tate Donovan,2.0,Josh Keaton,Roger Bart,Danny DeVito,"Tate Donovan, Josh Keaton, Roger Bart, Danny DeVito, James Woods",Ron Clements,2,Bob Shaw,Ron Clements,72,Walt Disney Feature Animation,1,1,US,3,en,True,True,True
875828,tt15574124,Peaky Blinders: The Immortal Man,Peaky Blinders: The Immortal Man,en,Released,,,0,,18.4808,False,7.177,1215,5.084580174927114,True,151,112,It will all come to this.,True,True,Crime,Drama,2,"Crime, Drama","england, gangster, betrayal, organized crime, period drama, gang warfare, 1940s, birmingham, based on tv series, fatalism",2026-03-05,2026.0,3.0,5.0,1.0,True,False,32,Cillian Murphy,2.0,Barry Keoghan,Rebecca Ferguson,Tim Roth,"Cillian Murphy, Barry Keoghan, Rebecca Ferguson, Tim Roth, Stephen Graham",Tom Harper,1,Steven Knight,Cillian Murphy,39,BBC Film,3,1,GB,1,en,True,True,False
9340,tt0089218,The Goonies,The Goonies,en,Released,19000000.0,69649283.0,50649283,266.57517368421054,16.7097,False,7.513,6401,6.968658600202868,True,308,114,"They call themselves ""The Goonies."" The secret caves. The old lighthouse. The lost map. The treacherous traps. The hidden adventure. And Sloth… Join the adventure.",True,True,Adventure,Comedy,3,"Adventure, Comedy, Family","gang of thieves, treasure map, oregon, usa, gunfight, pirate, childhood friends, booby trap, water slide, foreclosure, walking the plank",1985-06-07,1985.0,6.0,7.0,2.0,True,False,38,Sean Astin,2.0,Josh Brolin,Jeff Cohen,Corey Feldman,"Sean Astin, Josh Brolin, Jeff Cohen, Corey Feldman, Kerri Green",Richard Donner,1,Chris Columbus,Richard Donner,135,Amblin Entertainment,2,1,US,4,en,True,True,False
568124,tt2953050,Encanto,Encanto,en,Released,150000000.0,261292688.0,111292688,74.19512533333334,17.234,False,7.6,10393,7.251152116037822,True,460,102,There's a little magic in all of us...almost all of us.,True,True,Animation,Comedy,4,"Animation, Comedy, Family, Fantasy","strong woman, magic, sadness, immigration, supernatural, beauty, musical, big family, forest, family secrets",2021-10-13,2021.0,10.0,13.0,4.0,True,False,25,Stephanie Beatriz,1.0,María Cecilia Botero,John Leguizamo,Diane Guerrero,"Stephanie Beatriz, María Cecilia Botero, John Leguizamo, Diane Guerrero, Jess Darrow",Byron Howard,2,Charise Castro Smith,Clark Spencer,49,Walt Disney Animation Studios,1,1,US,2,en,True,True,True
245891,tt2911666,John Wick,John Wick,en,Released,20000000.0,86085191.0,66085191,330.425955,17.8309,False,7.463,21318,7.291971491429095,True,102,101,Don't set him off.,True,True,Action,Thriller,2,"Action, Thriller","hitman, bratva (russian mafia), gangster, secret organization, revenge, murder, dog, retired, widower",2014-10-16,2014.0,10.0,16.0,4.0,True,False,42,Keanu Reeves,2.0,Michael Nyqvist,Alfie Allen,Willem Dafoe,"Keanu Reeves, Michael Nyqvist, Alfie Allen, Willem Dafoe, Dean Winters",Chad Stahelski,1,Derek Kolstad,Basil Iwanyk,173,87Eleven,4,1,US,3,hu,True,True,True
954,tt0117060,Mission: Impossible,Mission: Impossible,en,Released,80000000.0,457696391.0,377696391,472.12048875,16.4175,False,7.03,10252,6.703084077380952,True,315,111,Expect the impossible.,True,False,Adventure,Action,3,"Adventure, Action, Thriller","mask, mission, london, england, central intelligence agency (cia), computer, paris, france, undercover, espionage, secret mission, arms deal",1996-05-22,1996.0,5.0,22.0,2.0,True,False,54,Tom Cruise,2.0,Jon Voight,Emmanuelle Béart,Henry Czerny,"Tom Cruise, Jon Voight, Emmanuelle Béart, Henry Czerny, Jean Reno",Brian De Palma,1,David Koepp,Tom Cruise,168,Paramount Pictures,2,1,US,3,en,True,True,True
2105,tt0163651,American Pie,American Pie,en,Released,11000000.0,235483004.0,224483004,2040.754581818182,17.2541,False,6.617,8550,6.251419889502762,True,257,95,There's nothing like your first piece.,True,False,Comedy,Romance,2,"Comedy, Romance","innocence, graduation, loss of virginity, coming of age, high school student, pie, teen comedy, teenage sexuality, exchange student, sex comedy",1999-07-09,1999.0,7.0,9.0,3.0,True,False,102,Jason Biggs,2.0,Chris Klein,Thomas Ian Nicholas,Alyson Hannigan,"Jason Biggs, Chris Klein, Thomas Ian Nicholas, Alyson Hannigan, Shannon Elizabeth",Paul Weitz,1,Adam Herz,Chris Moore,116,Zide-Perry Productions,2,1,US,1,en,True,True,True
1359,tt0144084,American Psycho,American Psycho,en,Released,7000000.0,34269748.0,27269748,389.56782857142855,15.2527,False,7.402,12703,7.121684920093918,True,181,102,Killer looks.,True,False,Thriller,Drama,3,"Thriller, Drama, Crime","new york city, based on novel or book, businessman, psychopath, dark comedy, satire, wall street, serial killer, chainsaw, big city",2000-04-13,2000.0,4.0,13.0,2.0,True,False,47,Christian Bale,2.0,Justin Theroux,Josh Lucas,Bill Sage,"Christian Bale, Justin Theroux, Josh Lucas, Bill Sage, Chloë Sevigny",Mary Harron,1,Mary Harron,Christian Halsey Solomon,85,Lionsgate,4,2,CA,3,en,True,True,True
2048,tt0343818,"I, Robot","I, Robot",en,Released,120000000.0,347234916.0,227234916,189.36243,16.9375,False,6.97,12975,6.711372912801484,True,260,115,One man saw it coming.,True,False,Action,Science Fiction,2,"Action, Science Fiction","chicago, illinois, future, man vs machine, hero, artificial intelligence (a.i.), based on novel or book, grandparent grandchild relationship, homicide, detective, dystopia",2004-07-15,2004.0,7.0,15.0,3.0,True,False,34,Will Smith,2.0,Bridget Moynahan,Alan Tudyk,James Cromwell,"Will Smith, Bridget Moynahan, Alan Tudyk, James Cromwell, Bruce Greenwood",Alex Proyas,1,Jeff Vintar,John Davis,260,Davis Entertainment,6,3,US,1,en,True,True,False
1359,tt0144084,American Psycho,American Psycho,en,Released,7000000.0,34269748.0,27269748,389.56782857142855,15.2527,False,7.402,12703,7.121684920093918,True,181,102,Killer looks.,True,False,Thriller,Drama,3,"Thriller, Drama, Crime","new york city, based on novel or book, businessman, psychopath, dark comedy, satire, wall street, serial killer, chainsaw, big city",2000-04-13,2000.0,4.0,13.0,2.0,True,False,47,Christian Bale,2.0,Justin Theroux,Josh Lucas,Bill Sage,"Christian Bale, Justin Theroux, Josh Lucas, Bill Sage, Chloë Sevigny",Mary Harron,1,Mary Harron,Christian Halsey Solomon,85,Lionsgate,4,2,CA,3,en,True,True,True
2048,tt0343818,"I, Robot","I, Robot",en,Released,120000000.0,347234916.0,227234916,189.36243,16.9375,False,6.97,12975,6.711372912801484,True,260,115,One man saw it coming.,True,False,Action,Science Fiction,2,"Action, Science Fiction","chicago, illinois, future, man vs machine, hero, artificial intelligence (a.i.), based on novel or book, grandparent grandchild relationship, homicide, detective, dystopia",2004-07-15,2004.0,7.0,15.0,3.0,True,False,34,Will Smith,2.0,Bridget Moynahan,Alan Tudyk,James Cromwell,"Will Smith, Bridget Moynahan, Alan Tudyk, James Cromwell, Bruce Greenwood",Alex Proyas,1,Jeff Vintar,John Davis,260,Davis Entertainment,6,3,US,1,en,True,True,False
1398655,tt34915693,Blue Film,Blue Film,en,Released,,,0,,15.6342,False,7.4,14,0.20155642023346304,True,182,85,,False,True,Drama,None,1,Drama,"fetish, los angeles, california, lgbt, social media, sex worker, cam, gay theme, pathetic, provocative, demeaning",2026-05-08,2026.0,5.0,8.0,2.0,True,False,3,Reed Birney,2.0,Kieron Moore,Turner Beckett,None,"Reed Birney, Kieron Moore, Turner Beckett",Elliot Tuttle,1,Elliot Tuttle,Bijan Kazerooni,52,Blindcopy,2,1,US,1,en,True,True,False
62177,tt1217209,Brave,Brave,en,Released,185000000.0,538983207.0,353983207,191.34227405405406,19.834,False,7.035,14429,6.799384754504655,True,558,93,Change your fate.,True,True,Adventure,Animation,4,"Adventure, Animation, Family, Fantasy","witch, kingdom, scotland, rebel, bravery, villain, wish, archer, bear, scot",2012-06-21,2012.0,6.0,21.0,2.0,True,False,31,Kelly Macdonald,1.0,Emma Thompson,Billy Connolly,Julie Walters,"Kelly Macdonald, Emma Thompson, Billy Connolly, Julie Walters, Robbie Coltrane",Brenda Chapman,2,Mark Andrews,Katherine Sarafian,282,Pixar,1,1,US,1,en,True,True,False
1091,tt0084787,The Thing,The Thing,en,Released,15000000.0,19629760.0,4629760,30.865066666666667,16.9,False,8.074,8243,7.612259178771589,True,109,109,Anytime. Anywhere. Anyone.,True,True,Horror,Mystery,3,"Horror, Mystery, Science Fiction","spacecraft, helicopter, space marine, cold, based on novel or book, isolation, mutation, paranoia, snowstorm, research station",1982-06-25,1982.0,6.0,25.0,2.0,True,False,19,Kurt Russell,2.0,Wilford Brimley,T.K. Carter,David Clennon,"Kurt Russell, Wilford Brimley, T.K. Carter, David Clennon, Keith David",John Carpenter,1,Bill Lancaster,David Foster,105,Universal Pictures,2,1,US,2,en,True,True,True
657512,,The Longing,A Falta,pt,Released,100.0,,-100,-100.0,16.3975,False,0.0,0,0.0,True,78,2,,False,False,Animation,None,1,Animation,"stop motion, brazil",2019-12-18,2019.0,12.0,18.0,4.0,True,False,0,Unknown,,None,None,None,,Natália Polla,1,Isabella Armiliatto Bortoluzzi,Júlia Heerdt,10,Independent,0,1,BR,0,Unknown,True,False,False
639933,tt11138512,The Northman,The Northman,en,Released,70000000.0,69633110.0,-366890,-0.5241285714285714,17.2329,False,7.025,5270,6.416247833622184,True,247,137,Conquer your fate.,True,True,Action,Adventure,3,"Action, Adventure, Fantasy","sword, prince, gore, vikings (norsemen), iceland, northern ireland, sword fight, revenge, fate, king",2022-04-07,2022.0,4.0,7.0,2.0,True,False,54,Alexander Skarsgård,2.0,Nicole Kidman,Claes Bang,Ethan Hawke,"Alexander Skarsgård, Nicole Kidman, Claes Bang, Ethan Hawke, Anya Taylor-Joy",Robert Eggers,1,Robert Eggers,Robert Eggers,141,Regency Enterprises,4,1,US,2,en,True,True,False
1759123,,Between Us,Entre Dos,en,Released,,,0,,16.5728,False,0.0,0,0.0,True,121,15,“I’m not perfect. And neither are you.”,True,False,Romance,Drama,2,"Romance, Drama",,2026-09-01,2026.0,9.0,1.0,3.0,True,False,2,Inti Santana,0.0,Sylvana García,None,None,"Inti Santana, Sylvana García",Sara Brunacci,1,Sara Brunacci,Unknown,28,Independent,0,1,DO,1,es,True,False,False
1173559,tt26349732,Insidious Inferno,Insidious Inferno,en,Released,,,0,,19.4575,False,4.938,32,0.2970225563909774,True,238,97,,False,False,Horror,None,1,Horror,supernatural,2024-11-29,2024.0,11.0,29.0,4.0,True,False,7,Stephanie Leet,0.0,Neil Green,Chynna Rae Shurts,Steve Larkin,"Stephanie Leet, Neil Green, Chynna Rae Shurts, Steve Larkin, Erik Skybak",Calvin Morie McCarthy,1,Calvin Morie McCarthy,Unknown,2,Raptor FX Studio,1,1,US,1,en,True,True,False
1242332,tt31195136,Normal,Normal,en,Released,10000000.0,6095691.0,-3904309,-39.04309,18.2723,False,7.261,578,3.893189239332097,True,159,91,Small town. Big secret.,True,True,Action,Crime,3,"Action, Crime, Thriller","small town, sheriff, bank robbery, small town sheriff, corrupt mayor, secret benefactor, criminal plot, criminal conspiracy, small town minnesota",2026-04-16,2026.0,4.0,16.0,2.0,True,False,35,Bob Odenkirk,2.0,Henry Winkler,Lena Headey,Billy MacLellan,"Bob Odenkirk, Henry Winkler, Lena Headey, Billy MacLellan, Ryan Allen",Ben Wheatley,1,Derek Kolstad,Bob Odenkirk,35,Aperture Media Partners,6,1,US,2,en,True,True,False
575264,tt9603212,Mission: Impossible - Dead Reckoning Part One,Mission: Impossible - Dead Reckoning Part One,en,Released,220000000.0,571125435.0,351125435,159.60247045454545,17.6752,False,7.5,5359,6.859959037378392,True,483,164,We all share the same fate.,True,True,Action,Adventure,3,"Action, Adventure, Thriller","mask, race against time, mission, rome, italy, chase, secret mission, spy, fake identity, secret agent, sequel",2023-07-08,2023.0,7.0,8.0,3.0,True,False,79,Tom Cruise,2.0,Hayley Atwell,Ving Rhames,Simon Pegg,"Tom Cruise, Hayley Atwell, Ving Rhames, Simon Pegg, Rebecca Ferguson",Christopher McQuarrie,1,Bruce Geller,Christopher McQuarrie,129,Paramount Pictures,3,1,US,4,fr,True,True,True
967998,tt18305922,Fatal Conspiracy,Conspiração Fatal,pt,Released,,,0,,18.2928,False,6.4,5,0.06336633663366337,True,438,0,,False,False,Horror,None,1,Horror,,2022-05-26,2022.0,5.0,26.0,2.0,True,False,14,Aline Mineiro,1.0,Ricardo Ramory,Ruben Espinoza,Renato Siqueira,"Aline Mineiro, Ricardo Ramory, Ruben Espinoza, Renato Siqueira, Priscila Castello Branco",Renato Siqueira,1,Unknown,Unknown,2,Perocini Filmes,2,1,BR,2,pt,True,True,False
9769,tt0119558,Lolita,Lolita,en,Released,62000000.0,1100000.0,-60900000,-98.22580645161291,17.2531,False,7.097,2032,5.6955387045813595,True,261,137,A forbidden love. An unthinkable attraction. The ultimate price.,True,False,Drama,None,1,Drama,"jealousy, based on novel or book, police, obsession, professor, blackmail, seduction, road trip, teacher, love",1997-09-27,1997.0,9.0,27.0,3.0,True,False,16,Jeremy Irons,2.0,Dominique Swain,Melanie Griffith,Frank Langella,"Jeremy Irons, Dominique Swain, Melanie Griffith, Frank Langella, Suzanne Shepherd",Adrian Lyne,1,Vladimir Nabokov,Mario Kassar,69,Pathé,2,2,FR,1,en,True,True,False
524434,tt9032400,Eternals,Eternals,en,Released,200000000.0,402064899.0,202064899,101.03244950000001,18.1291,False,6.754,9401,6.412923341076659,True,243,156,In the beginning...,True,True,Science Fiction,Action,3,"Science Fiction, Action, Adventure","saving the world, superhero, supernatural, based on comic, alien, super power, lgbt, aftercreditsstinger, marvel cinematic universe (mcu), woman director",2021-11-03,2021.0,11.0,3.0,4.0,True,False,89,Gemma Chan,1.0,Richard Madden,Angelina Jolie,Salma Hayek Pinault,"Gemma Chan, Richard Madden, Angelina Jolie, Salma Hayek Pinault, Kumail Nanjiani",Chloé Zhao,1,Patrick Burleigh,Nate Moore,276,Marvel Studios,1,1,US,5,ar,True,True,False
917496,tt2049403,Beetlejuice Beetlejuice,Beetlejuice Beetlejuice,en,Released,99000000.0,452000435.0,353000435,356.56609595959594,16.216,False,6.92,3307,6.011147885474126,True,237,105,The ghost with the most is back.,True,True,Comedy,Fantasy,2,"Comedy, Fantasy","afterlife, haunted house, sequel, paranormal, teenage girl, gothic, death, new england, ghost, unexpected death",2024-09-04,2024.0,9.0,4.0,3.0,True,False,40,Michael Keaton,2.0,Winona Ryder,Catherine O'Hara,Jenna Ortega,"Michael Keaton, Winona Ryder, Catherine O'Hara, Jenna Ortega, Justin Theroux",Tim Burton,1,Miles Millar,Dede Gardner,153,Warner Bros. Pictures,6,1,US,1,en,True,True,True
1244492,tt31711040,Look Back,ルックバック,ja,Released,,25198872.0,25198872,,16.6659,False,8.18,662,4.660206540447504,True,334,58,Manga drew them together. Life made them best friends.,True,True,Animation,Drama,2,"Animation, Drama","friendship, elementary school, friends, school, based on manga, shounen, anime, philosophical, complex, mangaka",2024-06-28,2024.0,6.0,28.0,2.0,True,False,21,Yuumi Kawai,1.0,Mizuki Yoshida,Yoichiro Saito,Kota Oka,"Yuumi Kawai, Mizuki Yoshida, Yoichiro Saito, Kota Oka, Kureha Maki",Kiyotaka Oshiyama,1,Kiyotaka Oshiyama,Kazuto Matsumura,74,Studio Durian,3,1,JP,1,ja,True,True,False
9487,tt0120623,A Bug's Life,A Bug's Life,en,Released,80000000.0,363258859.0,283258859,354.07357375,16.3156,False,6.982,9907,6.646552704910157,True,202,95,An epic of miniature proportions.,True,True,Adventure,Animation,4,"Adventure, Animation, Comedy, Family","fight, circus, winter, ant-hill, ant, villain, invention, collector, anthropomorphism, grass",1998-11-25,1998.0,11.0,25.0,4.0,True,False,59,Dave Foley,2.0,Kevin Spacey,Julia Louis-Dreyfus,Hayden Panettiere,"Dave Foley, Kevin Spacey, Julia Louis-Dreyfus, Hayden Panettiere, Phyllis Diller",John Lasseter,1,Andrew Stanton,Darla K. Anderson,302,Pixar,1,1,US,1,en,True,True,False
1317149,tt31514146,I Swear,I Swear,en,Released,3730000.0,15564404.0,11834404,317.2762466487936,19.1173,False,8.25,563,4.369473189087488,True,223,121,I blink. I twitch. I jump. I click. I whistle. I shout.,True,True,Drama,History,2,"Drama, History","scotland, dark comedy, biography, based on true story, alienation, outcast, tourette syndrome, docudrama, 1980s, 1990s",2025-09-22,2025.0,9.0,22.0,3.0,True,False,61,Robert Aramayo,2.0,Maxine Peake,Peter Mullan,Shirley Henderson,"Robert Aramayo, Maxine Peake, Peter Mullan, Shirley Henderson, Scott Ellis Watson",Kirk Jones,1,Kirk Jones,Kirk Jones,178,One Story High,2,1,GB,1,en,True,True,False
21966,tt0419515,Blood and Bones,血と骨,ja,Released,,,0,,15.3737,False,6.605,57,0.6759156193895871,True,277,144,,False,True,Drama,None,1,Drama,"based on novel or book, zainichi",2004-11-06,2004.0,11.0,6.0,4.0,True,False,20,Takeshi Kitano,2.0,Hirofumi Arai,Kyoka Suzuki,Joe Odagiri,"Takeshi Kitano, Hirofumi Arai, Kyoka Suzuki, Joe Odagiri, Yutaka Matsushige",Yōichi Sai,1,Sogil Yan,Nozomu Enoki,28,Lighthouse Pictures,7,1,JP,2,ja,True,True,False
185,tt0066921,A Clockwork Orange,A Clockwork Orange,en,Released,2200000.0,27033812.0,24833812,1128.8096363636364,18.5235,False,8.2,14110,7.919370294318958,True,426,137,"Being the adventures of a young man whose principal interests are rape, ultra-violence and Beethoven.",True,True,Science Fiction,Crime,2,"Science Fiction, Crime","london, england, police brutality, robbery, street gang, great britain, based on novel or book, nihilism, parent child relationship, society, sexuality",1971-10-28,1971.0,10.0,28.0,4.0,True,False,49,Malcolm McDowell,2.0,Patrick Magee,Carl Duering,Michael Bates,"Malcolm McDowell, Patrick Magee, Carl Duering, Michael Bates, Warren Clarke",Stanley Kubrick,1,Stanley Kubrick,Stanley Kubrick,45,Polaris Productions Limited,3,2,GB,1,en,True,True,False
44912,tt1133985,Green Lantern,Green Lantern,en,Released,200000000.0,219851172.0,19851172,9.925586000000001,16.9738,False,5.191,7818,4.878965857177206,True,365,114,In brightest day. In blackest night.,True,True,Adventure,Action,3,"Adventure, Action, Science Fiction","superhero, transformation, based on comic, alien, alien infection, magical object, protector, based on graphic novel, super power",2011-06-14,2011.0,6.0,14.0,2.0,True,False,48,Ryan Reynolds,2.0,Blake Lively,Peter Sarsgaard,Mark Strong,"Ryan Reynolds, Blake Lively, Peter Sarsgaard, Mark Strong, Tim Robbins",Martin Campbell,1,Greg Berlanti,Greg Berlanti,87,De Line Pictures,3,1,US,1,en,True,True,False
670,tt0364569,Oldboy,올드보이,ko,Released,3000000.0,17500000.0,14500000,483.3333333333333,17.3013,False,8.234,10189,7.848837683599962,True,123,120,"15 years of imprisonment, five days of vengeance.",True,False,Thriller,Mystery,2,"Thriller, Mystery","daughter, martial arts, rage and hate, hostility, transformation, imprisonment, dark comedy, hypnosis, sushi restaurant, notebook",2003-11-21,2003.0,11.0,21.0,4.0,True,False,53,Choi Min-sik,2.0,Yoo Ji-tae,Kang Hye-jung,Kim Byeong-ok,"Choi Min-sik, Yoo Ji-tae, Kang Hye-jung, Kim Byeong-ok, Ji Dae-han",Park Chan-wook,1,Lim Joon-hyung,Syd Lim,47,Show East,3,1,KR,1,ko,True,True,False
1011985,tt21692408,Kung Fu Panda 4,Kung Fu Panda 4,en,Released,80000000.0,548040835.0,468040835,585.05104375,16.9592,False,6.999,3676,6.160997126436782,True,281,94,The “Dragon” returns.,True,True,Animation,Comedy,5,"Animation, Comedy, Adventure, Action, Family","martial arts, kung fu, china, villain, sequel, panda, anthropomorphism, chameleon, female villain, wuxia",2024-03-02,2024.0,3.0,2.0,1.0,True,False,37,Jack Black,2.0,Awkwafina,Viola Davis,Dustin Hoffman,"Jack Black, Awkwafina, Viola Davis, Dustin Hoffman, Bryan Cranston",Mike Mitchell,1,Glenn Berger,Rebecca Huntley,192,DreamWorks Animation,1,1,US,1,en,True,True,True
10020,tt0101414,Beauty and the Beast,Beauty and the Beast,en,Released,25000000.0,424967620.0,399967620,1599.87048,16.6491,False,7.726,10881,7.386574641947105,True,276,84,The most beautiful love story ever told.,True,True,Romance,Family,4,"Romance, Family, Animation, Fantasy","princess, france, prince, castle, villain, rose, musical, insane asylum, beast, based on fairy tale",1991-10-22,1991.0,10.0,22.0,4.0,True,False,50,Paige O'Hara,1.0,Robby Benson,Richard White,Jerry Orbach,"Paige O'Hara, Robby Benson, Richard White, Jerry Orbach, David Ogden Stiers",Gary Trousdale,2,Brian Pimental,Don Hahn,209,Silver Screen Partners IV,2,1,US,2,fr,True,True,True
533533,tt6604188,TRON: Ares,TRON: Ares,en,Released,220000000.0,142249983.0,-77750017,-35.34091681818182,17.2446,False,6.457,1622,4.9355579641847305,True,171,119,No going back.,True,True,Science Fiction,Adventure,3,"Science Fiction, Adventure, Action","artificial intelligence (a.i.), computer program, identity crisis, computer simulation, sequel, business rivalry, virtual world, digital world, real‑world crossover, advanced program",2025-10-08,2025.0,10.0,8.0,4.0,True,False,59,Jared Leto,2.0,Greta Lee,Evan Peters,Gillian Anderson,"Jared Leto, Greta Lee, Evan Peters, Gillian Anderson, Jodie Turner-Smith",Joachim Rønning,1,Jesse Wigutow,Steven Lisberger,168,Walt Disney Pictures,2,1,US,1,en,True,True,True
508439,tt7146812,Onward,Onward,en,Released,200000000.0,141888276.0,-58111724,-29.055861999999998,17.059,False,7.633,6692,7.102340934371524,True,147,102,Their quest beginneth.,True,True,Adventure,Animation,5,"Adventure, Animation, Comedy, Family, Fantasy","elves, magic, dead father, dead parent, fantasy world, teenage protagonist, brother brother relationship, 3d animation, ambiguous, amused",2020-02-29,2020.0,2.0,29.0,1.0,True,False,13,Tom Holland,2.0,Chris Pratt,Julia Louis-Dreyfus,Octavia Spencer,"Tom Holland, Chris Pratt, Julia Louis-Dreyfus, Octavia Spencer, Mel Rodriguez",Dan Scanlon,1,Kelsey Mann,Kori Rae,50,Walt Disney Pictures,2,1,US,1,en,True,True,False
1236153,tt31050594,Mercy,Mercy,en,Released,60000000.0,54708061.0,-5291939,-8.819898333333333,18.5128,False,7.075,1677,5.450057418465779,True,199,100,Prove your innocence to an AI judge or face execution.,True,True,Science Fiction,Thriller,4,"Science Fiction, Thriller, Crime, Mystery","race against time, mission, artificial intelligence (a.i.), bomb, kidnapping, dystopia, cop, los angeles, california, false accusations, innocent suspect",2026-01-19,2026.0,1.0,19.0,1.0,True,False,31,Chris Pratt,2.0,Rebecca Ferguson,Kali Reis,Kylie Rogers,"Chris Pratt, Rebecca Ferguson, Kali Reis, Kylie Rogers, Chris Sullivan",Timur Bekmambetov,1,Marco van Belle,Timur Bekmambetov,86,Atlas Entertainment,3,1,US,3,en,True,True,False
500,tt0105236,Reservoir Dogs,Reservoir Dogs,en,Released,1200000.0,2859750.0,1659750,138.3125,18.5829,False,8.111,15808,7.862318371351485,True,276,99,Every dog has his day.,True,False,Crime,Thriller,2,"Crime, Thriller","escape, jewelry, psychopath, traitor, ear, heist, thief, betrayal, plan gone wrong, gang",1992-09-02,1992.0,9.0,2.0,3.0,True,False,27,Harvey Keitel,2.0,Tim Roth,Michael Madsen,Chris Penn,"Harvey Keitel, Tim Roth, Michael Madsen, Chris Penn, Steve Buscemi",Quentin Tarantino,1,Quentin Tarantino,Lawrence Bender,111,Live Entertainment,2,1,US,1,en,True,True,False
854,tt0110475,The Mask,The Mask,en,Released,23000000.0,351583407.0,328583407,1428.6235086956522,14.9703,False,6.995,11570,6.70523198011599,True,303,101,From zero to hero.,True,False,Comedy,Fantasy,4,"Comedy, Fantasy, Crime, Romance","dual identity, bank, superhero, mockery, transformation, villain, surrealism, based on comic, slapstick comedy, balloon",1994-07-29,1994.0,7.0,29.0,3.0,True,False,46,Jim Carrey,2.0,Peter Riegert,Peter Greene,Amy Yasbeck,"Jim Carrey, Peter Riegert, Peter Greene, Amy Yasbeck, Richard Jeni",Chuck Russell,1,Mike Werb,Robert Engelman,140,Dark Horse Entertainment,2,1,US,2,sv,True,True,True
1234731,tt33244668,Anaconda,Anaconda,en,Released,45000000.0,135148320.0,90148320,200.32960000000003,15.6747,False,5.81,1447,4.317960965588084,True,248,100,A comedy so big it'll leave you breathless.,True,True,Adventure,Comedy,3,"Adventure, Comedy, Horror","snake, animal attack, amazon rainforest, film in film, jungle, reptile, anaconda, reboot, animal horror, meta",2025-12-24,2025.0,12.0,24.0,4.0,True,False,31,Jack Black,2.0,Paul Rudd,Steve Zahn,Thandiwe Newton,"Jack Black, Paul Rudd, Steve Zahn, Thandiwe Newton, Daniela Melchior",Tom Gormican,1,Tom Gormican,Brad Fuller,95,Fully Formed Entertainment,3,1,US,1,en,True,True,False
112929,tt0096472,School on Fire,學校風雲,cn,Released,,,0,,14.1049,False,7.3,32,0.43909774436090226,True,284,104,,False,False,Drama,Crime,3,"Drama, Crime, Thriller","school, hong kong, triads",1988-08-20,1988.0,8.0,20.0,3.0,True,False,36,Fennie Yuen Kit-Ying,1.0,Sarah Lee,Roy Cheung Yiu-Yeung,Damian Lau Chung-Yan,"Fennie Yuen Kit-Ying, Sarah Lee, Roy Cheung Yiu-Yeung, Damian Lau Chung-Yan, Lam Ching-Ying",Ringo Lam Ling-Tung,1,Nam Yin,Karl Maka,14,Cinema City Company Limited,1,1,HK,1,cn,True,True,False
137113,tt1631867,Edge of Tomorrow,Edge of Tomorrow,en,Released,178000000.0,370541256.0,192541256,108.16924494382023,17.0552,False,7.643,15487,7.403962031650717,True,371,114,Live. Die. Repeat.,True,True,Action,Science Fiction,2,"Action, Science Fiction","deja vu, based on novel or book, restart, military officer, dystopia, affectation, time travel, training, alien, time loop",2014-05-27,2014.0,5.0,27.0,2.0,True,False,43,Tom Cruise,2.0,Emily Blunt,Brendan Gleeson,Bill Paxton,"Tom Cruise, Emily Blunt, Brendan Gleeson, Bill Paxton, Jonas Armstrong",Doug Liman,1,Christopher McQuarrie,Jason Hoffs,757,RatPac Entertainment,5,1,US,1,en,True,True,False
1271,tt0416449,300,300,en,Released,65000000.0,456082343.0,391082343,601.6651430769231,15.5493,False,7.209,15078,6.977615996918732,True,132,117,Prepare for glory!,True,True,Action,Adventure,3,"Action, Adventure, War","army, narration, gore, based on true story, based on comic, sword fight, massacre, ancient world, based on graphic novel, ancient greece",2007-03-07,2007.0,3.0,7.0,1.0,True,False,83,Gerard Butler,2.0,Lena Headey,Dominic West,David Wenham,"Gerard Butler, Lena Headey, Dominic West, David Wenham, Vincent Regan",Zack Snyder,1,Zack Snyder,Gianni Nunnari,245,Virtual Studios,5,1,US,1,en,True,True,True
4232,tt0117571,Scream,Scream,en,Released,14000000.0,173046663.0,159046663,1136.047592857143,17.3424,False,7.4,8218,6.975590731819225,True,166,112,Someone has taken their love of scary movies one step too far. Solving this mystery is going to be murder.,True,True,Crime,Horror,3,"Crime, Horror, Mystery","high school, small town, california, killing, house party, serial killer, school, slasher, whodunit, killing spree",1996-12-20,1996.0,12.0,20.0,4.0,True,False,36,Neve Campbell,1.0,Skeet Ulrich,Rose McGowan,Matthew Lillard,"Neve Campbell, Skeet Ulrich, Rose McGowan, Matthew Lillard, David Arquette",Wes Craven,1,Kevin Williamson,Cary Woods,144,Dimension Films,2,1,US,1,en,True,True,True
561,tt0360486,Constantine,Constantine,en,Released,100000000.0,230900000.0,130900000,130.9,14.8744,False,7.207,8531,6.8079854944081495,True,274,121,Hell wants him. Heaven won't take him. Earth needs him.,True,True,Fantasy,Action,3,"Fantasy, Action, Horror","self sacrifice, angel, christianity, confession, superhero, supernatural, exorcism, archangel gabriel, holy water, redemption",2005-02-08,2005.0,2.0,8.0,1.0,True,False,36,Keanu Reeves,2.0,Rachel Weisz,Shia LaBeouf,Djimon Hounsou,"Keanu Reeves, Rachel Weisz, Shia LaBeouf, Djimon Hounsou, Max Baker",Francis Lawrence,1,Kevin Brodbin,Michael Uslan,381,Village Roadshow Pictures,8,2,DE,4,en,True,True,True
359724,tt1950186,Ford v Ferrari,Ford v Ferrari,en,Released,97600000.0,225508210.0,127908210,131.053493852459,17.7411,False,8.007,9279,7.597602311074751,True,329,153,They took the American dream for a ride.,True,True,Drama,History,3,"Drama, History, Action","based on novel or book, car race, sports, car mechanic, biography, based on true story, le mans, racing, race car driver, frantic",2019-11-13,2019.0,11.0,13.0,4.0,True,False,81,Matt Damon,2.0,Christian Bale,Jon Bernthal,Caitríona Balfe,"Matt Damon, Christian Bale, Jon Bernthal, Caitríona Balfe, Josh Lucas",James Mangold,1,Jez Butterworth,Peter Chernin,299,20th Century Fox,4,1,US,4,fr,True,True,False
608478,tt10976362,Red Republic,Rote Räte,de,Released,,,0,,16.568,False,4.9,4,0.03888888888888889,True,215,60,,False,True,Documentary,None,1,Documentary,,2019-02-13,2019.0,2.0,13.0,1.0,True,False,0,Unknown,,None,None,None,,Klaus Stanjek,1,Unknown,Klaus Stanjek,4,Cinetarium Babelsberg,1,1,DE,1,de,True,False,False
296096,tt2674426,Me Before You,Me Before You,en,Released,20000000.0,207945075.0,187945075,939.7253750000001,17.9843,False,7.931,13564,7.649038964732651,True,338,110,Live boldly.,True,True,Drama,Romance,2,"Drama, Romance","depression, small town, based on novel or book, england, artist, wheelchair, romance, love, caretaker, caregiver",2016-06-01,2016.0,6.0,1.0,2.0,True,False,28,Emilia Clarke,1.0,Sam Claflin,Janet McTeer,Charles Dance,"Emilia Clarke, Sam Claflin, Janet McTeer, Charles Dance, Brendan Coyle",Thea Sharrock,1,Jojo Moyes,Karen Rosenfelt,76,New Line Cinema,3,1,US,1,en,True,True,False
393,tt0378194,Kill Bill: Vol. 2,Kill Bill: Vol. 2,en,Released,30000000.0,152159461.0,122159461,407.19820333333337,16.762,False,7.874,15429,7.62684073074267,True,295,136,The bride is back for the final cut.,True,True,Action,Crime,3,"Action, Crime, Thriller","daughter, martial arts, kung fu, showdown, right and justice, rage and hate, sibling relationship, swordplay, katana, mother role",2004-04-16,2004.0,4.0,16.0,2.0,True,False,64,Uma Thurman,1.0,David Carradine,Daryl Hannah,Michael Madsen,"Uma Thurman, David Carradine, Daryl Hannah, Michael Madsen, Gordon Liu",Quentin Tarantino,1,Quentin Tarantino,Lawrence Bender,181,Super Cool ManChu,3,1,US,4,en,True,True,True
10198,tt0780521,The Princess and the Frog,The Princess and the Frog,en,Released,105000000.0,270997378.0,165997378,158.09274095238095,18.2615,False,7.236,6274,6.701899025686448,True,192,98,Every love story begins with a kiss...,True,True,Animation,Romance,4,"Animation, Romance, Fantasy, Family","princess, voodoo, new orleans, louisiana, restaurant, villain, kiss, musical, turns into animal, cajun, firefly",2009-12-08,2009.0,12.0,8.0,4.0,True,False,28,Anika Noni Rose,1.0,Bruno Campos,Jim Cummings,Michael-Leon Wooley,"Anika Noni Rose, Bruno Campos, Jim Cummings, Michael-Leon Wooley, Keith David",Ron Clements,2,Ron Clements,Peter Del Vecho,104,Walt Disney Animation Studios,1,1,US,2,fr,True,True,False
122906,tt2194499,About Time,About Time,en,Released,12000000.0,87100449.0,75100449,625.837075,15.5102,False,7.903,9493,7.507573201240867,True,400,123,What if every moment in life came with a second chance?,True,True,Drama,Romance,3,"Drama, Romance, Fantasy","london, england, soulmates, parent child relationship, time travel, family secrets, cornwall, england, family, second chance, time-manipulation, reflective",2013-09-04,2013.0,9.0,4.0,3.0,True,False,57,Domhnall Gleeson,2.0,Rachel McAdams,Bill Nighy,Tom Hollander,"Domhnall Gleeson, Rachel McAdams, Bill Nighy, Tom Hollander, Margot Robbie",Richard Curtis,1,Emma Freud,Eric Fellner,48,Universal Pictures,3,2,GB,1,en,True,True,False
61791,tt1318514,Rise of the Planet of the Apes,Rise of the Planet of the Apes,en,Released,93000000.0,481800873.0,388800873,418.06545483870974,18.9678,False,7.4,13061,7.127158764102943,True,221,105,Evolution becomes revolution.,True,True,Thriller,Action,4,"Thriller, Action, Drama, Science Fiction","san francisco, california, solidarity, gorilla, intelligence, dystopia, zoo, chimpanzee, alzheimer's disease, death of father, cage",2011-08-03,2011.0,8.0,3.0,3.0,True,False,76,Andy Serkis,2.0,James Franco,Freida Pinto,John Lithgow,"Andy Serkis, James Franco, Freida Pinto, John Lithgow, Brian Cox",Rupert Wyatt,1,Amanda Silver,Rick Jaffa,142,Dune Entertainment,5,2,GB,1,en,True,True,True
941109,tt18392014,Play Dirty,Play Dirty,en,Released,2500000.0,,-2500000,-100.0,16.9641,False,6.595,710,3.869793388429752,True,172,128,Even robbers get robbed.,True,True,Crime,Action,3,"Crime, Action, Thriller","heist, thief, insecure, reflective, wonder, awestruck",2025-09-30,2025.0,9.0,30.0,3.0,True,False,80,Mark Wahlberg,2.0,LaKeith Stanfield,Rosa Salazar,Keegan-Michael Key,"Mark Wahlberg, LaKeith Stanfield, Rosa Salazar, Keegan-Michael Key, Chukwudi Iwuji",Shane Black,1,Donald E. Westlake,Susan Downey,50,Team Downey,2,1,US,2,en,True,True,False
337404,tt3228774,Cruella,Cruella,en,Released,200000000.0,233503234.0,33503234,16.751617,16.4248,False,7.966,10295,7.597032885595183,True,633,134,Hello cruel world.,True,True,Comedy,Crime,3,"Comedy, Crime, Family","1970s, anti hero, villain, punk rock, fashion designer, fashion, origin story, live action remake",2021-05-26,2021.0,5.0,26.0,2.0,True,False,69,Emma Stone,1.0,Emma Thompson,Joel Fry,Paul Walter Hauser,"Emma Stone, Emma Thompson, Joel Fry, Paul Walter Hauser, John McCrea",Craig Gillespie,1,Kelly Marcel,Andrew Gunn,151,Walt Disney Pictures,3,1,US,2,en,True,True,False
177677,tt2381249,Mission: Impossible - Rogue Nation,Mission: Impossible - Rogue Nation,en,Released,150000000.0,682716636.0,532716636,355.144424,18.5754,False,7.2,9932,6.854907975460123,True,173,131,Desperate times. Desperate measures.,True,False,Action,Adventure,2,"Action, Adventure","mask, mission, assassin, london, england, spy, morocco, villain, fake identity, austria, europe",2015-07-28,2015.0,7.0,28.0,3.0,True,False,79,Tom Cruise,2.0,Jeremy Renner,Simon Pegg,Rebecca Ferguson,"Tom Cruise, Jeremy Renner, Simon Pegg, Rebecca Ferguson, Ving Rhames",Christopher McQuarrie,1,Bruce Geller,J.J. Abrams,218,Paramount Pictures,6,2,US,3,de,True,True,True
1008042,tt10638522,Talk to Me,Talk to Me,en,Released,4500000.0,91959188.0,87459188,1943.537511111111,15.0661,False,7.139,3953,6.337405569279138,True,194,95,You call. They'll answer.,True,True,Horror,None,1,Horror,"suicide, trauma, possession, female friendship, addiction, grief, female protagonist, death of mother, self mutilation, mental health",2023-07-26,2023.0,7.0,26.0,3.0,True,False,79,Sophie Wilde,1.0,Alexandra Jensen,Joe Bird,Otis Dhanji,"Sophie Wilde, Alexandra Jensen, Joe Bird, Otis Dhanji, Miranda Otto",Danny Philippou,2,Danny Philippou,Kristina Ceyton,109,Causeway Films,6,2,AU,3,fr,True,True,True
9737,tt0112442,Bad Boys,Bad Boys,en,Released,19000000.0,141407024.0,122407024,644.2474947368421,16.1856,False,6.832,7136,6.384645364064956,True,337,119,Whatcha gonna do?,True,True,Action,Thriller,4,"Action, Thriller, Crime, Comedy","miami, florida, mexican standoff, male friendship, witness protection, stripper, car crash, strip club, internal affairs, police corruption, gunfight",1995-04-07,1995.0,4.0,7.0,2.0,True,False,47,Will Smith,2.0,Martin Lawrence,Téa Leoni,Tchéky Karyo,"Will Smith, Martin Lawrence, Téa Leoni, Tchéky Karyo, Joe Pantoliano",Michael Bay,1,Jim Mulholland,Don Simpson,149,Columbia Pictures,2,1,US,1,en,True,True,True
381138,tt5531346,Political Animal,Animal Político,pt,Released,,,0,,16.1164,False,4.692,13,0.11890058479532165,True,282,75,,False,False,Drama,None,1,Drama,,2017-05-31,2017.0,5.0,31.0,2.0,True,False,5,Rodrigo Bolzan,2.0,Elisa Heidrich,Victor Laet,Mário Sergio Cabral,"Rodrigo Bolzan, Elisa Heidrich, Victor Laet, Mário Sergio Cabral, Isabel Novaes",Tião,1,Tião,Leonardo Lacca,11,Vitri Films,1,1,BR,1,pt,True,True,False
460458,tt6920084,Resident Evil: Welcome to Raccoon City,Resident Evil: Welcome to Raccoon City,en,Released,25000000.0,41914915.0,16914915,67.65966,17.2479,False,5.93,2780,5.026036585365853,True,385,107,Witness the beginning of evil.,True,True,Action,Horror,3,"Action, Horror, Science Fiction","biological weapon, orphanage, dystopia, mutant, infection, zombie, mansion, police station, based on video game, reboot",2021-11-24,2021.0,11.0,24.0,4.0,True,False,33,Kaya Scodelario,1.0,Hannah John-Kamen,Robbie Amell,Tom Hopper,"Kaya Scodelario, Hannah John-Kamen, Robbie Amell, Tom Hopper, Avan Jogia",Johannes Roberts,1,Johannes Roberts,Hartley Gorenstein,167,Constantin Film,3,3,DE,1,en,True,True,False
119450,tt2103281,Dawn of the Planet of the Apes,Dawn of the Planet of the Apes,en,Released,170000000.0,710644566.0,540644566,318.02621529411766,18.467,False,7.343,12490,7.060359507313318,True,200,130,The future is worth fighting for.,True,True,Science Fiction,Action,4,"Science Fiction, Action, Drama, Thriller","san francisco, california, peace, solidarity, gorilla, intelligence, dystopia, chimpanzee, horse, post-apocalyptic future, pacifism",2014-07-08,2014.0,7.0,8.0,3.0,True,False,53,Andy Serkis,2.0,Jason Clarke,Toby Kebbell,Gary Oldman,"Andy Serkis, Jason Clarke, Toby Kebbell, Gary Oldman, Keri Russell",Matt Reeves,1,Amanda Silver,Peter Chernin,730,TSG Entertainment,4,2,GB,1,en,True,True,True
274870,tt1355644,Passengers,Passengers,en,Released,110000000.0,303144152.0,193144152,175.5855927272727,13.4051,False,6.955,14488,6.722981051507873,True,184,116,There is a reason they woke up.,True,True,Drama,Romance,3,"Drama, Romance, Science Fiction","android, spacecraft, asteroid, isolation, shower, hibernation, swimming pool, automation, space, robot",2016-12-21,2016.0,12.0,21.0,4.0,True,False,43,Jennifer Lawrence,1.0,Chris Pratt,Michael Sheen,Laurence Fishburne,"Jennifer Lawrence, Chris Pratt, Michael Sheen, Laurence Fishburne, Andy Garcia",Morten Tyldum,1,Jon Spaihts,Ori Marmur,488,Columbia Pictures,7,1,US,1,en,True,True,False
1402,tt0454921,The Pursuit of Happyness,The Pursuit of Happyness,en,Released,55000000.0,307077295.0,252077295,458.3223545454546,17.632,False,7.882,10845,7.534622300572939,True,107,117,"For his son, one man will reach for the impossible.",True,True,Drama,None,1,Drama,"work, worker, homeless person, single parent, san francisco, california, bus, homelessness, church service, bad luck, biography",2006-12-14,2006.0,12.0,14.0,4.0,True,False,78,Will Smith,2.0,Jaden Smith,Thandiwe Newton,Brian Howe,"Will Smith, Jaden Smith, Thandiwe Newton, Brian Howe, James Karen",Gabriele Muccino,1,Steven Conrad,Steve Tisch,44,Escape Artists,4,1,US,2,en,True,True,False
512200,tt7975244,Jumanji: The Next Level,Jumanji: The Next Level,en,Released,125000000.0,801693929.0,676693929,541.3551432,17.8593,False,6.869,9593,6.5287146537203995,True,215,123,New places. New faces. Next level.,True,True,Adventure,Comedy,3,"Adventure, Comedy, Fantasy","based on novel or book, magic, animal attack, sequel, body-swap, adventurer, superhuman strength, duringcreditsstinger, kids, action hero",2019-12-04,2019.0,12.0,4.0,4.0,True,False,47,Dwayne Johnson,2.0,Kevin Hart,Jack Black,Karen Gillan,"Dwayne Johnson, Kevin Hart, Jack Black, Karen Gillan, Awkwafina",Jake Kasdan,1,Scott Rosenberg,Hiram Garcia,135,Columbia Pictures,4,1,US,1,en,True,True,True
11770,tt0286112,Shaolin Soccer,少林足球,cn,Released,10000005.0,42776760.0,32776755,327.7673861163069,18.6985,False,7.216,2649,6.0702394410924105,True,136,113,Get ready to kick some grass!,True,False,Action,Comedy,2,"Action, Comedy","martial arts, kung fu, sports, steel helmet, stadium, champion, shaolin, football (soccer), football (soccer) player",2001-07-05,2001.0,7.0,5.0,3.0,True,False,39,Stephen Chow,2.0,Richard Ng Man-Tat,Zhao Wei,Patrick Tse Yin,"Stephen Chow, Richard Ng Man-Tat, Zhao Wei, Patrick Tse Yin, Karen Mok Man-Wai",Stephen Chow,1,Stephen Chow,Yeung Kwok-Fai,64,Star Overseas,2,2,HK,2,cn,True,True,False
273481,tt3397884,Sicario,Sicario,en,Released,30000000.0,84997446.0,54997446,183.32482000000002,16.0471,False,7.429,9853,7.070215106732348,True,153,122,The border is just another line to cross.,True,True,Action,Crime,3,"Action, Crime, Thriller","mission, assassin, central intelligence agency (cia), mexico, corruption, bomb, fbi, smoking, texas, border",2015-09-17,2015.0,9.0,17.0,3.0,True,False,56,Emily Blunt,1.0,Benicio del Toro,Josh Brolin,Victor Garber,"Emily Blunt, Benicio del Toro, Josh Brolin, Victor Garber, Jon Bernthal",Denis Villeneuve,1,Taylor Sheridan,Thad Luckinbill,201,Lionsgate,3,1,US,2,es,True,True,True
402,tt0103772,Basic Instinct,Basic Instinct,en,Released,49000000.0,352927224.0,303927224,620.2596408163265,14.8269,False,6.948,4528,6.257069212410501,True,171,128,A brutal murder. A brilliant killer. A cop who can't resist the danger.,True,True,Thriller,Mystery,2,"Thriller, Mystery","dying and death, california, jealousy, sexual obsession, police, san francisco, california, sadism, psychopath, detective, eroticism",1992-03-20,1992.0,3.0,20.0,1.0,True,False,47,Michael Douglas,2.0,Sharon Stone,George Dzundza,Jeanne Tripplehorn,"Michael Douglas, Sharon Stone, George Dzundza, Jeanne Tripplehorn, Denis Arndt",Paul Verhoeven,1,Joe Eszterhas,Alan Marshall,128,Carolco Pictures,2,2,US,1,en,True,True,True
162,tt0099487,Edward Scissorhands,Edward Scissorhands,en,Released,20000000.0,86024005.0,66024005,330.120025,14.8294,False,7.7,14028,7.434994493392071,True,98,105,Innocence is what he knows. Beauty is what she sees.,True,False,Fantasy,Drama,3,"Fantasy, Drama, Romance","underdog, small town, unsociability, inventor, hairdresser, isolation, scissors, burglar, love at first sight, fairy tale",1990-12-07,1990.0,12.0,7.0,4.0,True,False,69,Johnny Depp,2.0,Winona Ryder,Dianne Wiest,Anthony Michael Hall,"Johnny Depp, Winona Ryder, Dianne Wiest, Anthony Michael Hall, Kathy Baker",Tim Burton,1,Caroline Thompson,Denise Di Novi,103,20th Century Fox,1,1,US,1,en,True,True,False
1228246,tt30274401,Five Nights at Freddy's 2,Five Nights at Freddy's 2,en,Released,36000000.0,239568877.0,203568877,565.4691027777778,16.6572,False,6.6,1173,4.627495517035266,True,443,104,You there?,True,True,Horror,Thriller,2,"Horror, Thriller","killer robot, pizzeria, sequel, serial killer, security guard, based on video game, theme park, dead children, aftercreditsstinger, duringcreditsstinger",2025-12-03,2025.0,12.0,3.0,4.0,True,False,52,Josh Hutcherson,2.0,Piper Rubio,Elizabeth Lail,Matthew Lillard,"Josh Hutcherson, Piper Rubio, Elizabeth Lail, Matthew Lillard, Freddy Carter",Emma Tammi,1,Scott Cawthon,Jason Blum,76,Blumhouse Productions,3,1,US,2,en,True,True,True
763298,,Finally Leon,Endlich Leon,xx,Released,,,0,,15.4397,False,9.0,2,0.035856573705179286,True,104,6,,False,False,Drama,None,1,Drama,,2020-11-13,2020.0,11.0,13.0,4.0,True,False,2,Antonije Stankovic,2.0,Laura-Sophie Warachewicz,None,None,"Antonije Stankovic, Laura-Sophie Warachewicz",Paula Weiss,1,Paula Weiss,Adrian Steuer,3,Independent,0,0,Unknown,1,xx,True,False,False
1164355,tt29899715,Lembayung,Lembayung,id,Released,,,0,,15.1764,False,7.2,10,0.1411764705882353,True,327,123,,False,False,Horror,Thriller,2,"Horror, Thriller","based on novel or book, haunting, female protagonist, hospital, ghost, haunted hospital, terror, based on twitter thread",2024-09-19,2024.0,9.0,19.0,3.0,True,False,31,Taskya Namya,1.0,Yasamin Jasem,Arya Saloka,Oka Antara,"Taskya Namya, Yasamin Jasem, Arya Saloka, Oka Antara, Anna Jobling",Baim Wong,1,Baim Wong,Baim Wong,34,MNC Pictures,5,1,ID,1,id,True,True,False
1164355,tt29899715,Lembayung,Lembayung,id,Released,,,0,,15.1764,False,7.2,10,0.1411764705882353,True,327,123,,False,False,Horror,Thriller,2,"Horror, Thriller","based on novel or book, haunting, female protagonist, hospital, ghost, haunted hospital, terror, based on twitter thread",2024-09-19,2024.0,9.0,19.0,3.0,True,False,31,Taskya Namya,1.0,Yasamin Jasem,Arya Saloka,Oka Antara,"Taskya Namya, Yasamin Jasem, Arya Saloka, Oka Antara, Anna Jobling",Baim Wong,1,Baim Wong,Baim Wong,34,MNC Pictures,5,1,ID,1,id,True,True,False
290859,tt6450804,Terminator: Dark Fate,Terminator: Dark Fate,en,Released,185000000.0,261119292.0,76119292,41.145563243243245,17.0863,False,6.421,5849,5.915329815719011,True,290,128,Welcome to the day after judgement day.,True,True,Science Fiction,Action,4,"Science Fiction, Action, Adventure, Thriller","helicopter, mexico city, mexico, artificial intelligence (a.i.), cyborg, dystopia, time travel, sequel, plane crash",2019-10-23,2019.0,10.0,23.0,4.0,True,False,69,Linda Hamilton,1.0,Arnold Schwarzenegger,Mackenzie Davis,Natalia Reyes,"Linda Hamilton, Arnold Schwarzenegger, Mackenzie Davis, Natalia Reyes, Gabriel Luna",Tim Miller,1,Josh Friedman,James Cameron,392,20th Century Fox,6,1,US,2,en,True,True,True
787699,tt6166392,Wonka,Wonka,en,Released,125000000.0,634502312.0,509502312,407.6018496,15.7524,False,7.034,4548,6.337288431061806,True,228,117,Every good thing in this world started with a dream.,True,True,Comedy,Family,3,"Comedy, Family, Fantasy","factory, chocolate, candy, musical, prequel, duringcreditsstinger, cartel, joyous, amused",2023-12-06,2023.0,12.0,6.0,4.0,True,False,53,Timothée Chalamet,2.0,Calah Lane,Keegan-Michael Key,Hugh Grant,"Timothée Chalamet, Calah Lane, Keegan-Michael Key, Hugh Grant, Paterson Joseph",Paul King,1,Simon Farnaby,Luke Kelly,238,Warner Bros. Pictures,5,2,GB,1,en,True,True,True
73723,tt1482459,The Lorax,The Lorax,en,Released,70000000.0,349305397.0,279305397,399.00771000000003,17.9043,False,6.537,3977,5.80693522448068,True,231,86,Meet the original force of nature.,True,False,Animation,Family,2,"Animation, Family","aftermath, tree, villain, musical, family business , money, tragic villain, consumerism, air, based on children's book",2012-03-01,2012.0,3.0,1.0,1.0,True,False,31,Danny DeVito,2.0,Ed Helms,Zac Efron,Rob Riggle,"Danny DeVito, Ed Helms, Zac Efron, Rob Riggle, Taylor Swift",Chris Renaud,1,Dr. Seuss,Janet Healey,35,Illumination,2,2,US,1,en,True,True,False
1250,tt0259324,Ghost Rider,Ghost Rider,en,Released,110000000.0,228738393.0,118738393,107.94399363636364,14.6778,False,5.621,6646,5.227703050657711,True,376,114,Long ago he made a deal to save someone he loved.,True,True,Thriller,Action,3,"Thriller, Action, Fantasy","dying and death, religion and supernatural, superhero, supernatural, possession, devil's son, stunt, flame, stuntman, based on comic",2007-01-15,2007.0,1.0,15.0,1.0,True,False,27,Nicolas Cage,2.0,Eva Mendes,Sam Elliott,Wes Bentley,"Nicolas Cage, Eva Mendes, Sam Elliott, Wes Bentley, Peter Fonda",Mark Steven Johnson,1,Mark Steven Johnson,Gary Foster,74,Crystal Sky Pictures,5,1,US,1,en,True,True,True
21835,tt0114996,A Chinese Odyssey Part Two: Cinderella,西遊記大結局之仙履奇緣,cn,Released,,2692748.0,2692748,,15.9865,False,7.7,271,2.706485084306096,True,284,99,"10,000-year promise, lifetime of regret.",True,False,Action,Adventure,6,"Action, Adventure, Fantasy, Comedy, Romance, Drama","martial arts, based on novel or book, monk, sequel, king, monkey, journey, monkey king",1995-02-04,1995.0,2.0,4.0,1.0,True,False,13,Stephen Chow,2.0,Richard Ng Man-Tat,Athena Chu Yan,Ada Choi Siu-Fan,"Stephen Chow, Richard Ng Man-Tat, Athena Chu Yan, Ada Choi Siu-Fan, Yammie Lam Kit-Ying",Jeffrey Lau Chun-Wai,1,Jeffrey Lau Chun-Wai,Yeung Kwok-Fai,36,Xi'an Film Studio,2,2,HK,1,cn,True,True,True
487339,,"Adyós, General","Adyós, General",pt,Released,,,0,,15.9146,False,0.0,0,0.0,False,0,0,,False,False,Unknown,None,0,,,1986-01-01,1986.0,1.0,1.0,1.0,True,False,0,Unknown,,None,None,None,,Omar Luiz de Barros Filho,1,Luiz Rosemberg Filho,Unknown,2,Independent,0,1,BR,0,Unknown,True,False,False
49444,tt1302011,Kung Fu Panda 2,Kung Fu Panda 2,en,Released,150000000.0,665692281.0,515692281,343.794854,16.6929,False,7.1,8124,6.688358070500927,True,441,91,The future of Kung Fu hangs in balance.,True,True,Animation,Family,4,"Animation, Family, Comedy, Action","mission, martial arts, kung fu, fortune teller, post-traumatic stress disorder (ptsd), prophecy, hope, villain, chosen one, fleet",2011-05-25,2011.0,5.0,25.0,2.0,True,False,32,Jack Black,2.0,Angelina Jolie,Dustin Hoffman,Gary Oldman,"Jack Black, Angelina Jolie, Dustin Hoffman, Gary Oldman, Jackie Chan",Jennifer Yuh Nelson,1,Jonathan Aibel,Melissa Cobb,91,DreamWorks Animation,1,1,US,1,en,True,True,True
591,tt0382625,The Da Vinci Code,The Da Vinci Code,en,Released,125000000.0,760006945.0,635006945,508.005556,17.2719,False,6.736,10304,6.424263606071825,True,291,149,Seek the truth.,True,True,Thriller,Mystery,2,"Thriller, Mystery","paris, france, based on novel or book, holy grail, christianity, monk, secret society, louvre museum, grave, heresy, mona lisa (la gioconda)",2006-05-17,2006.0,5.0,17.0,2.0,True,False,60,Tom Hanks,2.0,Audrey Tautou,Ian McKellen,Jean Reno,"Tom Hanks, Audrey Tautou, Ian McKellen, Jean Reno, Paul Bettany",Ron Howard,1,Akiva Goldsman,John Calley,296,Imagine Entertainment,2,1,US,4,en,True,True,True
269955,tt3303730,Obsessed,인간중독,ko,Released,,,0,,17.8503,False,6.679,84,0.960678082191781,True,198,132,"If I cannot see you, I can't even breathe…",True,True,Drama,Romance,2,"Drama, Romance","vietnam war, military base, love affair, 1960s, korean army",2014-05-14,2014.0,5.0,14.0,2.0,True,False,26,Song Seung-heon,2.0,Im Ji-yeon,Cho Yeo-jeong,On Ju-wan,"Song Seung-heon, Im Ji-yeon, Cho Yeo-jeong, On Ju-wan, Yoo Hai-jin",Kim Dae-woo,1,Oh Tae-kyung,Kim Dae-woo,23,Next Entertainment World,3,1,KR,1,ko,True,True,False
620,tt0087332,Ghostbusters,Ghostbusters,en,Released,30000000.0,296640120.0,266640120,888.8004000000001,14.5959,False,7.498,9981,7.140305123556913,True,172,105,They're here to save the world.,True,True,Comedy,Fantasy,2,"Comedy, Fantasy","new york city, environmental protection agency, library, supernatural, ghostbuster, paranormal phenomena, loser, slime, gatekeeper, nerd",1984-06-08,1984.0,6.0,8.0,2.0,True,False,73,Bill Murray,2.0,Dan Aykroyd,Harold Ramis,Sigourney Weaver,"Bill Murray, Dan Aykroyd, Harold Ramis, Sigourney Weaver, Rick Moranis",Ivan Reitman,1,Dan Aykroyd,Ivan Reitman,62,Columbia Pictures,3,1,US,1,en,True,True,True
93456,tt1690953,Despicable Me 2,Despicable Me 2,en,Released,76000000.0,970766005.0,894766005,1177.3236907894736,16.6575,False,6.9,12220,6.628773584905661,True,92,98,More minions. More despicable.,True,False,Animation,Comedy,4,"Animation, Comedy, Family, Science Fiction","parent child relationship, villain, adoptive father, secret agent, bakery, sequel, falling in love, family, single father, audition",2013-06-26,2013.0,6.0,26.0,2.0,True,False,39,Steve Carell,2.0,Kristen Wiig,Benjamin Bratt,Miranda Cosgrove,"Steve Carell, Kristen Wiig, Benjamin Bratt, Miranda Cosgrove, Dana Gaier Ellis",Chris Renaud,2,Wilbert Plijnaar,Chris Meledandri,204,Illumination,2,1,US,2,en,True,True,True
438695,tt6467266,Sing 2,Sing 2,en,Released,85000000.0,408402685.0,323402685,380.4737470588235,19.2292,False,7.832,4900,7.106814814814814,True,475,110,Where will your dreams take you?,True,True,Animation,Comedy,4,"Animation, Comedy, Family, Music","wolf, stage, villain, musical, sequel, anthropomorphism, singing, thug, animals, villain arrested",2021-12-01,2021.0,12.0,1.0,4.0,True,False,62,Matthew McConaughey,2.0,Reese Witherspoon,Scarlett Johansson,Taron Egerton,"Matthew McConaughey, Reese Witherspoon, Scarlett Johansson, Taron Egerton, Bobby Cannavale",Garth Jennings,1,Garth Jennings,Chris Meledandri,68,Illumination,1,1,US,1,en,True,True,True
364,tt0103776,Batman Returns,Batman Returns,en,Released,80000000.0,280000000.0,200000000,250.0,14.6701,False,6.951,7266,6.503472315220191,True,409,126,The Bat. The Cat. The Penguin.,True,False,Action,Fantasy,2,"Action, Fantasy","double life, corruption, darkness, crime fighter, superhero, hallucination, villain, christmas tree, based on comic, revenge",1992-06-19,1992.0,6.0,19.0,2.0,True,False,49,Michael Keaton,2.0,Danny DeVito,Michelle Pfeiffer,Christopher Walken,"Michael Keaton, Danny DeVito, Michelle Pfeiffer, Christopher Walken, Michael Gough",Tim Burton,1,Daniel Waters,Tim Burton,125,Warner Bros. Pictures,2,1,US,1,en,True,True,True
439079,tt5814060,The Nun,The Nun,en,Released,22000000.0,366082797.0,344082797,1564.0127136363637,17.1944,False,5.911,7302,5.532186875160215,True,151,96,Pray for forgiveness.,True,True,Horror,None,1,Horror,"rome, italy, nun, supernatural, exorcism, halloween, father, priest, spirit, demon, spin off",2018-09-05,2018.0,9.0,5.0,3.0,True,False,51,Taissa Farmiga,1.0,Demián Bichir,Bonnie Aarons,Jonas Bloquet,"Taissa Farmiga, Demián Bichir, Bonnie Aarons, Jonas Bloquet, Ingrid Bisu",Corin Hardy,1,Gary Dauberman,James Wan,181,New Line Cinema,3,1,US,5,la,True,True,True
639988,tt1527793,No Other Choice,어쩔수가없다,ko,Released,12200000.0,40223568.0,28023568,229.70137704918034,15.3184,False,7.51,1279,5.399263631253513,True,156,139,Would you kill for a job?,True,True,Comedy,Crime,3,"Comedy, Crime, Thriller","based on novel or book, dark comedy, remake, social commentary, working class, unemployment, paper industry, unemployed, devoted family man, murder plot",2025-09-24,2025.0,9.0,24.0,3.0,True,False,48,Lee Byung-hun,2.0,Son Ye-jin,Park Hee-soon,Lee Sung-min,"Lee Byung-hun, Son Ye-jin, Park Hee-soon, Lee Sung-min, Yeom Hye-ran",Park Chan-wook,1,Donald E. Westlake,Park Chan-wook,51,CJ ENM Studios,3,2,KR,2,en,True,True,False
102651,tt1587310,Maleficent,Maleficent,en,Released,180000000.0,758539785.0,578539785,321.4109916666667,16.2442,False,7.1,13930,6.853984753984754,True,612,97,Don't believe the fairy tale.,True,True,Fantasy,Adventure,5,"Fantasy, Adventure, Action, Family, Romance","friendship, magic, kingdom, fairy tale, fairy, prince, enchantment, betrayal, curse, kindness",2014-05-28,2014.0,5.0,28.0,2.0,True,False,72,Angelina Jolie,1.0,Elle Fanning,Imelda Staunton,Sharlto Copley,"Angelina Jolie, Elle Fanning, Imelda Staunton, Sharlto Copley, Lesley Manville",Robert Stromberg,1,Linda Woolverton,Joe Roth,102,Walt Disney Pictures,2,1,US,1,en,True,True,True
70981,tt1446714,Prometheus,Prometheus,en,Released,130000000.0,403354469.0,273354469,210.27266846153844,16.0688,False,6.61,13624,6.376001132823562,True,218,124,The search for our beginning could lead to our end.,True,True,Science Fiction,Mystery,3,"Science Fiction, Mystery, Horror","android, alien, space, creature, spin off, creation, emergency surgery, archaeological dig, stasis, god complex",2012-05-30,2012.0,5.0,30.0,2.0,True,False,45,Noomi Rapace,1.0,Michael Fassbender,Charlize Theron,Idris Elba,"Noomi Rapace, Michael Fassbender, Charlize Theron, Idris Elba, Guy Pearce",Ridley Scott,1,Jon Spaihts,Ridley Scott,123,Dune Entertainment,4,2,US,2,gd,True,True,True
80321,tt1277953,Madagascar 3: Europe's Most Wanted,Madagascar 3: Europe's Most Wanted,en,Released,145000000.0,746921274.0,601921274,415.11812,17.3356,False,6.649,6716,6.188287694013304,True,372,93,They have one shot to get back home.,True,False,Animation,Family,4,"Animation, Family, Comedy, Adventure","friendship, circus, lion, zoo, hippopotamus, giraffe, penguin, cartoon, villain, zebra",2012-06-06,2012.0,6.0,6.0,2.0,True,False,25,Ben Stiller,2.0,Chris Rock,David Schwimmer,Jada Pinkett Smith,"Ben Stiller, Chris Rock, David Schwimmer, Jada Pinkett Smith, Frances McDormand",Eric Darnell,3,Eric Darnell,Mireille Soria,270,DreamWorks Animation,2,1,US,1,en,True,True,True
77,tt0209144,Memento,Memento,en,Released,9000000.0,40060108.0,31060108,345.11231111111107,14.3627,False,8.173,16741,7.935977785511281,True,371,113,Some memories are best forgotten.,True,False,Mystery,Thriller,2,"Mystery, Thriller","drug dealer, amnesia, insulin, tattoo, waitress, motel, manipulation, flashback, confusion, revenge",2000-10-11,2000.0,10.0,11.0,4.0,True,False,13,Guy Pearce,2.0,Carrie-Anne Moss,Joe Pantoliano,Mark Boone Junior,"Guy Pearce, Carrie-Anne Moss, Joe Pantoliano, Mark Boone Junior, Russ Fega",Christopher Nolan,1,Christopher Nolan,Jennifer Todd,40,Newmarket Films,4,1,US,1,en,True,True,False
11423,tt0353969,Memories of Murder,살인의 추억,ko,Released,2800000.0,26000000.0,23200000,828.5714285714287,15.9402,False,8.063,4801,7.302483116393134,True,292,131,The worst of them will stay with you... forever.,True,True,Crime,Drama,3,"Crime, Drama, Thriller","assassin, police brutality, rape, corruption, police, detective, investigation, victim, based on true story, based on play or musical",2003-04-25,2003.0,4.0,25.0,2.0,True,False,55,Song Kang-ho,2.0,Kim Sang-kyung,Kim Roi-ha,Song Jae-ho,"Song Kang-ho, Kim Sang-kyung, Kim Roi-ha, Song Jae-ho, Byun Hee-bong",Bong Joon Ho,1,Bong Joon Ho,Noh Jong-yun,52,CJ Entertainment,3,1,KR,2,ko,True,True,False
615453,tt10627720,Ne Zha,哪吒之魔童降世,zh,Released,22000000.0,742718496.0,720718496,3275.993163636364,18.7463,False,7.905,955,5.188505154639175,True,231,110,Fight your fate,True,True,Animation,Fantasy,3,"Animation, Fantasy, Adventure","fight, magic, dragon, demon, dark fantasy, based on myths, legends or folklore, 3d animation, nezha, chinese folklore, chinese mythology",2019-07-26,2019.0,7.0,26.0,3.0,True,False,15,Lu Yanting,1.0,Joseph,Han Mo,Chen Hao,"Lu Yanting, Joseph, Han Mo, Chen Hao, Lu Qi",Jiao Zi,1,Jiao Zi,Wei Yunyun,10,Beijing Enlight Pictures,4,1,CN,1,zh,True,True,True
493529,tt2906216,Dungeons & Dragons: Honor Among Thieves,Dungeons & Dragons: Honor Among Thieves,en,Released,151000000.0,208200000.0,57200000,37.88079470198675,15.4356,False,7.358,4913,6.678339922409015,True,173,134,No experience necessary.,True,True,Adventure,Fantasy,3,"Adventure, Fantasy, Comedy","video game, affectation, platonic love, gang of thieves, friends, dragon, role playing game (rpg), female villain, heist gone wrong, wizard",2023-03-23,2023.0,3.0,23.0,1.0,True,False,72,Chris Pine,2.0,Michelle Rodriguez,Justice Smith,Sophia Lillis,"Chris Pine, Michelle Rodriguez, Justice Smith, Sophia Lillis, Hugh Grant",John Francis Daley,2,Michael Gilio,Nick Meyer,195,Entertainment One,2,2,CA,1,en,True,True,False
9426,tt0091064,The Fly,The Fly,en,Released,15000000.0,60629159.0,45629159,304.1943933333333,17.87,False,7.446,5135,6.785307897071872,True,235,96,Be afraid. Be very afraid.,True,False,Horror,Science Fiction,2,"Horror, Science Fiction","monster, experiment, mutation, toronto, canada, mutant, transformation, halloween, remake, tragedy, creature",1986-08-15,1986.0,8.0,15.0,3.0,True,False,12,Jeff Goldblum,2.0,Geena Davis,John Getz,Joy Boushel,"Jeff Goldblum, Geena Davis, John Getz, Joy Boushel, Leslie Carlson",David Cronenberg,1,David Cronenberg,Stuart Cornfeld,108,SLM Production Group,2,1,US,1,en,True,True,True
1507796,tt31936369,On the Sea,On the Sea,en,Released,,,0,,14.9662,False,7.1,10,0.1392156862745098,True,298,115,,False,True,Drama,Romance,2,"Drama, Romance","male homosexuality, lgbt, woman director, gay romance, gay theme, festival chéries chéris",2026-07-24,2026.0,7.0,24.0,3.0,True,False,19,Barry Ward,2.0,Lorne MacFadyen,Liz White,Henry Lawfull,"Barry Ward, Lorne MacFadyen, Liz White, Henry Lawfull, Celyn Jones",Helen Walsh,1,Helen Walsh,Unknown,5,Red Union Films,1,1,GB,1,en,True,True,False
1084187,tt26678938,Pretty Lethal,Pretty Lethal,en,Released,,,0,,18.1356,False,6.8,494,3.3794768611670016,True,167,89,"Blood, sweat and tutus.",True,True,Action,Thriller,3,"Action, Thriller, Horror","hungary, dance competition, ballerina, prima ballerina, remote inn, admiring, fight for survival, dance troupe",2026-03-13,2026.0,3.0,13.0,1.0,True,False,25,Maddie Ziegler,1.0,Lana Condor,Iris Apatow,Millicent Simmonds,"Maddie Ziegler, Lana Condor, Iris Apatow, Millicent Simmonds, Avantika",Vicky Jewson,1,Kate Freund,David Leitch,427,87North Productions,4,3,US,2,en,True,True,False
670292,tt11858890,The Creator,The Creator,en,Released,80000000.0,104272136.0,24272136,30.34017,15.0902,False,7.025,4161,6.271406350568548,True,331,134,This is a fight for our very existence.,True,True,Science Fiction,Action,3,"Science Fiction, Action, Adventure","artificial intelligence (a.i.), asia, dystopia, cyberpunk, transhumanism, robot, space station, kids, ex special forces, humanoid robot",2023-09-27,2023.0,9.0,27.0,3.0,True,False,52,John David Washington,2.0,Madeleine Yuna Voyles,Gemma Chan,Allison Janney,"John David Washington, Madeleine Yuna Voyles, Gemma Chan, Allison Janney, Ken Watanabe",Gareth Edwards,1,Gareth Edwards,Gareth Edwards,104,New Regency Pictures,4,2,CA,4,ja,True,True,False
131634,tt1951266,The Hunger Games: Mockingjay - Part 2,The Hunger Games: Mockingjay - Part 2,en,Released,160000000.0,653428261.0,493428261,308.392663125,17.0132,False,6.9,13574,6.654867130879636,True,362,137,The fire will burn forever.,True,True,Action,Adventure,3,"Action, Adventure, Science Fiction","strong woman, based on novel or book, revolution, dystopia, sequel, death match, based on young adult novel",2015-11-18,2015.0,11.0,18.0,4.0,True,False,56,Jennifer Lawrence,1.0,Josh Hutcherson,Liam Hemsworth,Woody Harrelson,"Jennifer Lawrence, Josh Hutcherson, Liam Hemsworth, Woody Harrelson, Elizabeth Banks",Francis Lawrence,1,Suzanne Collins,Jon Kilik,191,Lionsgate,3,2,DE,1,en,True,True,True
508883,tt6587046,The Boy and the Heron,君たちはどう生きるか,ja,Released,50000000.0,294200000.0,244200000,488.40000000000003,18.4568,False,7.38,2797,6.260800727934486,True,424,124,"Where death comes to an end, life finds a new beginning.",True,True,Animation,Fantasy,3,"Animation, Fantasy, Drama","loss of loved one, world war ii, supernatural, education, coming of age, spirituality, poverty, teenage boy, parallel world, troubled childhood",2023-07-14,2023.0,7.0,14.0,3.0,True,False,14,Soma Santoki,2.0,Masaki Suda,Ko Shibasaki,Aimyon,"Soma Santoki, Masaki Suda, Ko Shibasaki, Aimyon, Yoshino Kimura",Hayao Miyazaki,1,Hayao Miyazaki,Toshio Suzuki,80,Studio Ghibli,1,1,JP,1,ja,True,True,False
1084199,tt26584495,Companion,Companion,en,Released,10000000.0,36869122.0,26869122,268.69122,16.3845,False,7.007,2620,5.884083333333334,True,276,97,Find someone made just for you.,True,True,Horror,Science Fiction,3,"Horror, Science Fiction, Thriller","android, artificial intelligence (a.i.), cabin, robot, boyfriend girlfriend relationship, duringcreditsstinger, robot girl, weekend getaway, human android relationship, toxic relationship",2025-01-22,2025.0,1.0,22.0,1.0,True,False,11,Sophie Thatcher,1.0,Jack Quaid,Lukas Gage,Megan Suri,"Sophie Thatcher, Jack Quaid, Lukas Gage, Megan Suri, Harvey Guillén",Drew Hancock,1,Drew Hancock,Roy Lee,103,BoulderLight Pictures,5,1,US,5,ru,True,True,False
1491920,tt36103784,Kung Fu Soccer,功夫女足,zh,Released,,,0,,16.334,False,6.1,26,0.3015209125475285,True,401,106,One kick can ignite the world.,True,False,Drama,Comedy,3,"Drama, Comedy, Action","football (soccer), admiring, adoring, excited",2026-07-11,2026.0,7.0,11.0,3.0,True,False,46,Zhang Xiaofei,1.0,Dilraba Dilmurat,Zhang Yixing,Carina Lau,"Zhang Xiaofei, Dilraba Dilmurat, Zhang Yixing, Carina Lau, Takeru Satoh",Stephen Chow,1,Stephen Chow,Unknown,27,Shanghai Maoyan Film 上海猫眼影业,3,2,HK,1,zh,True,True,False
10192,tt0892791,Shrek Forever After,Shrek Forever After,en,Released,165000000.0,752600867.0,587600867,356.1217375757576,17.4988,False,6.413,8121,6.041059389861966,True,346,93,It ain't ogre... til it's ogre.,True,True,Comedy,Adventure,5,"Comedy, Adventure, Fantasy, Animation, Family","witch, villain, sequel, aftercreditsstinger, alternate timeline, ogre, faustian pact, philosophical, pied piper, satirical",2010-05-16,2010.0,5.0,16.0,2.0,True,False,35,Mike Myers,2.0,Eddie Murphy,Cameron Diaz,Antonio Banderas,"Mike Myers, Eddie Murphy, Cameron Diaz, Antonio Banderas, Walt Dohrn",Mike Mitchell,1,Josh Klausner,Gina Shay,53,DreamWorks Animation,1,1,US,1,en,True,True,True
11688,tt0120917,The Emperor's New Groove,The Emperor's New Groove,en,Released,100000000.0,169327687.0,69327687,69.327687,16.0433,False,7.6,7462,7.122732981662899,True,158,78,It's all about... ME!,True,False,Adventure,Animation,5,"Adventure, Animation, Comedy, Family, Fantasy","central and south america, emperor, cartoon, incan empire, kids, lighthearted, animation, comedy, cartoons, amusing",2000-12-15,2000.0,12.0,15.0,4.0,True,False,31,David Spade,2.0,John Goodman,Eartha Kitt,Patrick Warburton,"David Spade, John Goodman, Eartha Kitt, Patrick Warburton, Wendie Malick",Mark Dindal,1,David Reynolds,Randy Fullmer,119,Walt Disney Feature Animation,2,1,US,1,en,True,True,True
345887,tt3766354,The Equalizer 2,The Equalizer 2,en,Released,62000000.0,190400157.0,128400157,207.09702741935482,16.7858,False,6.795,6150,6.284097744360902,True,178,121,There is no equal.,True,True,Action,Thriller,3,"Action, Thriller, Crime","drug dealer, central intelligence agency (cia), rape, kidnapping, hostage, hurricane, sequel, revenge, murder, gang",2018-07-19,2018.0,7.0,19.0,3.0,True,False,56,Denzel Washington,2.0,Pedro Pascal,Ashton Sanders,Orson Bean,"Denzel Washington, Pedro Pascal, Ashton Sanders, Orson Bean, Bill Pullman",Antoine Fuqua,1,Richard Lindheim,Todd Black,319,Lonetree Entertainment,6,1,US,6,ar,True,True,True
1382832,tt34494076,Hungry,Hungry,en,Released,,,0,,18.7127,False,7.006,265,2.4269150326797386,True,139,93,This hippo isn't playing games.,True,False,Thriller,Horror,2,"Thriller, Horror","hippopotamus, louisiana, swamp, creature, creature feature, hippo, survival thriller",2026-06-03,2026.0,6.0,3.0,2.0,True,False,11,Madison Davenport,1.0,Tracey Bonner,Joaquim de Almeida,Michel Curiel,"Madison Davenport, Tracey Bonner, Joaquim de Almeida, Michel Curiel, Samantha Coughlan",James Nunn,1,James Nunn,Ben Jacques,8,Signature Entertainment,1,1,US,2,en,True,True,False
792307,tt14230458,Poor Things,Poor Things,en,Released,35000000.0,117607117.0,82607117,236.02033428571428,17.5812,False,7.63,5732,7.017836970474967,True,245,141,She’s nothing like you’ve ever seen.,True,True,Science Fiction,Romance,3,"Science Fiction, Romance, Comedy","ship, london, england, experiment, paris, france, based on novel or book, obsession, lisbon, portugal, crooked lawyer, love, domestic abuse",2023-12-07,2023.0,12.0,7.0,4.0,True,False,53,Emma Stone,1.0,Mark Ruffalo,Willem Dafoe,Ramy Youssef,"Emma Stone, Mark Ruffalo, Willem Dafoe, Ramy Youssef, Christopher Abbott",Yorgos Lanthimos,1,Alasdair Gray,Yorgos Lanthimos,214,Searchlight Pictures,6,3,IE,3,en,True,True,False
381284,tt4846340,Hidden Figures,Hidden Figures,en,Released,25000000.0,235957472.0,210957472,843.829888,18.8859,False,8.047,10655,7.686309726580009,True,339,127,"Meet the women you don't know, behind the mission you do.",True,True,Drama,History,2,"Drama, History","nasa, mathematics, sexism, biography, racial segregation, racism, historical fiction, scientist, space race, discrimination",2016-12-10,2016.0,12.0,10.0,4.0,True,False,61,Taraji P. Henson,1.0,Octavia Spencer,Janelle Monáe,Kevin Costner,"Taraji P. Henson, Octavia Spencer, Janelle Monáe, Kevin Costner, Kirsten Dunst",Theodore Melfi,1,Theodore Melfi,Theodore Melfi,130,Fox 2000 Pictures,3,1,US,1,en,True,True,False
1689518,,Christiane Taubira : une loi pour mémoire,Christiane Taubira : une loi pour mémoire,fr,Released,,,0,,14.1334,False,6.0,2,0.02390438247011952,False,0,0,,False,False,Documentary,History,2,"Documentary, History","france, politics, slavery, memory, portrait, colonialism, slave trade, crime against humanity, history, law",2026-05-06,2026.0,5.0,6.0,2.0,True,False,11,Christiane Taubira,1.0,François Hollande,Naïma Moutchou,Valérie Pécresse,"Christiane Taubira, François Hollande, Naïma Moutchou, Valérie Pécresse, Jean-Marc Ayrault",Mathilde Damoisel,1,Mathilde Damoisel,Fanny Glissant,8,Timeless Media Group,5,1,FR,1,fr,True,True,False
1034541,tt27911000,Terrifier 3,Terrifier 3,en,Released,2000000.0,90322103.0,88322103,4416.10515,16.1673,False,6.764,2034,5.429351223362273,True,482,125,Prepare to be terrified again.,True,True,Horror,None,1,Horror,"monster, post-traumatic stress disorder (ptsd), angel, shower, child murder, santa claus, college, clown, bartender, gore",2024-10-09,2024.0,10.0,9.0,4.0,True,False,58,Lauren LaVera,1.0,David Howard Thornton,Samantha Scaffidi,Elliott Fullam,"Lauren LaVera, David Howard Thornton, Samantha Scaffidi, Elliott Fullam, Margaret Anne Florence",Damien Leone,1,Damien Leone,Phil Falcone,79,Dark Age Cinema,3,1,US,1,en,True,True,True
696506,tt12299608,Mickey 17,Mickey 17,en,Released,118000000.0,133542263.0,15542263,13.171409322033897,16.2794,False,6.827,3927,6.055936074090806,True,172,137,He's dying to save mankind.,True,True,Science Fiction,Comedy,3,"Science Fiction, Comedy, Adventure","based on novel or book, dark comedy, space travel, betrayal, alien planet, creature, space adventure, human clone, spaceship, 2050s",2025-02-28,2025.0,2.0,28.0,1.0,True,False,36,Robert Pattinson,2.0,Naomi Ackie,Steven Yeun,Mark Ruffalo,"Robert Pattinson, Naomi Ackie, Steven Yeun, Mark Ruffalo, Toni Collette",Bong Joon Ho,1,Edward Ashton,Bong Joon Ho,183,Plan B Entertainment,5,2,US,1,en,True,True,False
1579,tt0472043,Apocalypto,Apocalypto,en,Released,40000000.0,120654337.0,80654337,201.6358425,15.9321,False,7.664,6662,7.12895392348506,True,395,138,No one can outrun their destiny.,True,False,Action,Drama,3,"Action, Drama, History","loss of loved one, maya civilization, village, solar eclipse, affectation, slavery, tribe, native american, forest, human sacrifice",2006-12-07,2006.0,12.0,7.0,4.0,True,False,39,Rudy Youngblood,2.0,Raoul Max Trujillo,Gerardo Taracena,Iazua Larios,"Rudy Youngblood, Raoul Max Trujillo, Gerardo Taracena, Iazua Larios, Antonio Monroy",Mel Gibson,1,Mel Gibson,Mel Gibson,471,Icon Entertainment International,3,2,GB,0,Unknown,True,True,False
14,tt0169547,American Beauty,American Beauty,en,Released,15000000.0,356296601.0,341296601,2275.3106733333334,14.159,False,7.996,13332,7.70696009253904,True,175,122,... look closer,True,False,Drama,None,1,Drama,"estate agent, adultery, coming out, first time, virgin, cheating, parent child relationship, age difference, midlife crisis, cheerleader",1999-09-15,1999.0,9.0,15.0,3.0,True,False,41,Kevin Spacey,2.0,Annette Bening,Thora Birch,Wes Bentley,"Kevin Spacey, Annette Bening, Thora Birch, Wes Bentley, Mena Suvari",Sam Mendes,1,Alan Ball,Bruce Cohen,148,DreamWorks Pictures,2,1,US,1,en,True,True,False
1771,tt0458339,Captain America: The First Avenger,Captain America: The First Avenger,en,Released,140000000.0,370569774.0,230569774,164.69269571428572,17.6546,False,7.012,23222,6.8642047044937184,True,330,124,The one who never gives up awakens.,True,True,Action,Adventure,3,"Action, Adventure, Science Fiction","new york city, nazi, superhero, heroism, based on comic, super soldier, brooklyn, new york city, aftercreditsstinger, marvel cinematic universe (mcu), origin story",2011-07-22,2011.0,7.0,22.0,3.0,True,False,98,Chris Evans,2.0,Hayley Atwell,Sebastian Stan,Tommy Lee Jones,"Chris Evans, Hayley Atwell, Sebastian Stan, Tommy Lee Jones, Hugo Weaving",Joe Johnston,1,Stephen McFeely,Kevin Feige,600,Marvel Studios,2,1,US,3,fr,True,True,True
38055,tt1001526,Megamind,Megamind,en,Released,130000000.0,321885765.0,191885765,147.6044346153846,15.4932,False,7.039,7680,6.608743276283618,True,228,96,A superhero movie with a mind of its own.,True,True,Animation,Action,5,"Animation, Action, Comedy, Family, Science Fiction","prison, saving the world, date, secret identity, superhero, anti hero, museum, villain, romance, alien",2010-10-28,2010.0,10.0,28.0,4.0,True,False,19,Will Ferrell,2.0,Brad Pitt,Tina Fey,Jonah Hill,"Will Ferrell, Brad Pitt, Tina Fey, Jonah Hill, David Cross",Tom McGrath,1,Andy Schuhler,Denise Nolan Cascino,321,DreamWorks Animation,2,1,US,1,en,True,True,True
748783,tt5779228,The Garfield Movie,The Garfield Movie,en,Released,60000000.0,254907482.0,194907482,324.8458033333333,14.8418,False,6.95,1502,5.214235764235764,True,327,101,Indoor cat. Outdoor adventure.,True,True,Adventure,Animation,4,"Adventure, Animation, Comedy, Family","friendship, cat, villain, based on comic, lasagna, computer animation, based on cartoon, food, dog, female villain",2024-04-30,2024.0,4.0,30.0,2.0,True,False,32,Chris Pratt,2.0,Samuel L. Jackson,Hannah Waddingham,Ving Rhames,"Chris Pratt, Samuel L. Jackson, Hannah Waddingham, Ving Rhames, Nicholas Hoult",Mark Dindal,1,Jim Davis,Broderick Johnson,138,Alcon Entertainment,7,3,HK,1,en,True,True,True
310,tt0315327,Bruce Almighty,Bruce Almighty,en,Released,80000000.0,484592874.0,404592874,505.74109250000004,14.1281,False,6.727,11724,6.451844568062827,True,314,101,In Bruce we trust?,True,True,Fantasy,Comedy,2,"Fantasy, Comedy","new love, lovesickness, moon, street gang, moses, faith, prayer, christianity, journalism, car crash",2003-05-23,2003.0,5.0,23.0,2.0,True,False,114,Jim Carrey,2.0,Morgan Freeman,Jennifer Aniston,Philip Baker Hall,"Jim Carrey, Morgan Freeman, Jennifer Aniston, Philip Baker Hall, Catherine Bell",Tom Shadyac,1,Steve Oedekerk,Jim Carrey,170,Pit Bull Productions,3,1,US,1,en,True,True,True
4588,tt0808357,"Lust, Caution",色‧戒,zh,Released,15000000.0,67100000.0,52100000,347.3333333333333,17.21,False,7.3,841,4.578150633855332,True,241,158,"To kill the enemy, she would have to capture his heart... and break her own.",True,True,Action,Drama,4,"Action, Drama, Romance, Thriller","secret love, china, sexual obsession, shanghai, china, cheating, espionage, resistance, in love with enemy, traitor, lover",2007-09-24,2007.0,9.0,24.0,3.0,True,False,41,Tang Wei,1.0,Tony Leung Chiu-wai,Leehom Wang,Joan Chen,"Tang Wei, Tony Leung Chiu-wai, Leehom Wang, Joan Chen, Tou Tsung-hua",Ang Lee,1,James Schamus,Bill Kong,67,River Road Entertainment,6,4,CN,4,cn,True,True,False
1924,tt0078346,Superman,Superman,en,Released,55000000.0,300478449.0,245478449,446.3244527272727,14.9818,False,7.166,4413,6.436710360268675,True,208,144,You'll believe a man can fly.,True,True,Science Fiction,Action,3,"Science Fiction, Action, Adventure","galaxy, journalist, saving the world, secret identity, crime fighter, superhero, nuclear missile, based on comic, destruction of planet, criminal",1978-12-14,1978.0,12.0,14.0,4.0,True,False,90,Christopher Reeve,2.0,Margot Kidder,Gene Hackman,Marlon Brando,"Christopher Reeve, Margot Kidder, Gene Hackman, Marlon Brando, Ned Beatty",Richard Donner,1,Joe Shuster,Pierre Spengler,250,Dovemead Films,3,2,GB,1,en,True,True,True
1119878,tt27621210,Ice Road: Vengeance,Ice Road: Vengeance,en,Released,,,0,,18.3814,False,6.242,666,3.5653276157804457,True,373,113,,False,True,Action,Thriller,3,"Action, Thriller, Drama","mercenary, sequel, mount everest, suspenseful, embarrassed, optimistic, urgent",2025-06-27,2025.0,6.0,27.0,2.0,True,False,35,Liam Neeson,2.0,Fan Bingbing,Marcus Thomas,Grace O'Sullivan,"Liam Neeson, Fan Bingbing, Marcus Thomas, Grace O'Sullivan, Saksham Sharma",Jonathan Hensleigh,1,Jonathan Hensleigh,Al Corley,39,Code Entertainment,4,1,US,3,hi,True,True,True
1278,tt0309987,The Dreamers,The Dreamers,en,Released,15000000.0,15100000.0,100000,0.6666666666666667,16.3476,False,7.181,3163,6.20079251979252,True,203,115,Together nothing is impossible. Together nothing is forbidden.,True,False,Drama,Romance,2,"Drama, Romance","hotel, first time, paris, france, love triangle, students' movement, sexuality, bathing, flat, menage a trois, riot",2003-10-10,2003.0,10.0,10.0,4.0,True,False,12,Michael Pitt,2.0,Eva Green,Louis Garrel,Anna Chancellor,"Michael Pitt, Eva Green, Louis Garrel, Anna Chancellor, Robin Renucci",Bernardo Bertolucci,1,Gilbert Adair,Jeremy Thomas,38,Recorded Picture Company,7,4,FR,2,fr,True,True,False
2501,tt0258463,The Bourne Identity,The Bourne Identity,en,Released,60000000.0,214034224.0,154034224,256.72370666666666,15.7921,False,7.486,10376,7.141847738139022,True,363,119,He was the perfect weapon until he became the target.,True,True,Action,Mystery,3,"Action, Mystery, Thriller","assassin, amnesia, paris, france, based on novel or book, escape, barcelona, spain, spy, secret identity, passport, mission of murder",2002-06-14,2002.0,6.0,14.0,2.0,True,False,51,Matt Damon,2.0,Franka Potente,Chris Cooper,Clive Owen,"Matt Damon, Franka Potente, Chris Cooper, Clive Owen, Brian Cox",Doug Liman,1,Tony Gilroy,Doug Liman,203,Universal Pictures,5,3,US,5,en,True,True,True
915935,tt17009710,Anatomy of a Fall,Anatomie d'une chute,fr,Released,6600000.0,36000000.0,29400000,445.45454545454544,15.0031,False,7.513,3466,6.565824004034292,True,108,151,Did she do it?,True,True,Thriller,Mystery,3,"Thriller, Mystery, Crime","husband wife relationship, winter, bisexuality, moral conflict, autopsy, blind, courtroom, lgbt, death of husband, woman director",2023-08-23,2023.0,8.0,23.0,3.0,True,False,48,Sandra Hüller,1.0,Swann Arlaud,Milo Machado-Graner,Antoine Reinartz,"Sandra Hüller, Swann Arlaud, Milo Machado-Graner, Antoine Reinartz, Samuel Theis",Justine Triet,1,Justine Triet,David Thion,97,Les Films de Pierre,4,1,FR,2,en,True,True,False
36463,tt0049500,Miami Exposé,Miami Exposé,en,Released,,,0,,14.9807,False,6.0,7,0.08284023668639054,True,96,73,"""Operation Joyland!""",True,False,Crime,Drama,2,"Crime, Drama","miami, florida",1956-09-01,1956.0,9.0,1.0,3.0,True,False,17,Lee J. Cobb,2.0,Patricia Medina,Edward Arnold,Michael Granger,"Lee J. Cobb, Patricia Medina, Edward Arnold, Michael Granger, Eleanore Tanin",Fred F. Sears,1,Robert E. Kent,Sam Katzman,16,Clover Productions,1,1,US,1,en,True,True,False
450182,tt6842792,Grandma Maria,Vó Maria,pt,Released,,,0,,15.1104,False,6.5,2,0.025896414342629483,True,21,6,,False,False,Documentary,None,1,Documentary,,2011-04-02,2011.0,4.0,2.0,2.0,True,False,0,Unknown,,None,None,None,,Tomás von der Osten,1,Unknown,Unknown,1,Independent,0,1,BR,1,pt,True,False,False
1205110,,ANNA ASTI. Path of the Phoenix,ANNA ASTI. Путь Феникса,ru,Released,,,0,,14.7379,False,0.0,0,0.0,True,34,46,,False,False,Documentary,None,1,Documentary,,2023-10-20,2023.0,10.0,20.0,4.0,True,False,5,Anna Dzyuba,1.0,Filipp Kirkorov,Dmitry Lauren,Oleg Sashko,"Anna Dzyuba, Filipp Kirkorov, Dmitry Lauren, Oleg Sashko, Stanislav Yurkin",Azat Grigoryan,1,Alexander Telesov,Angelina Golikova,14,ON Media,2,1,RU,1,ru,True,True,False
116745,tt0359950,The Secret Life of Walter Mitty,The Secret Life of Walter Mitty,en,Released,90000000.0,188133322.0,98133322,109.03702444444446,16.2388,False,7.23,8472,6.827079803834152,True,138,114,Stop dreaming. Start living.,True,True,Adventure,Comedy,4,"Adventure, Comedy, Drama, Fantasy","himalaya mountain range, photographer, iceland, daydream, magazine, photograph, shark, fired from the job, dreamer, online dating",2013-12-18,2013.0,12.0,18.0,4.0,True,False,106,Ben Stiller,2.0,Kristen Wiig,Sean Penn,Shirley MacLaine,"Ben Stiller, Kristen Wiig, Sean Penn, Shirley MacLaine, Adam Scott",Ben Stiller,1,Steven Conrad,Ben Stiller,116,Samuel Goldwyn Films,8,2,GB,3,en,True,True,False
1510795,tt37697399,"Shake, Rattle & Roll: Evil Origins","Shake, Rattle & Roll: Evil Origins",tl,Released,,,0,,19.4522,False,5.762,21,0.23224952015355085,True,353,148,,False,False,Horror,None,1,Horror,"connected, horror anthology, terror, mmff",2026-06-05,2026.0,6.0,5.0,2.0,True,False,32,Carla Abellana,1.0,Richard Gutierrez,Ivana Alawi,Manilyn Reynes,"Carla Abellana, Richard Gutierrez, Ivana Alawi, Manilyn Reynes, Janice de Belen",Shugo Praico,3,Alex Castor,Unknown,40,Regal Entertainment,1,1,PH,3,en,True,True,True
36647,tt0120611,Blade,Blade,en,Released,45000000.0,131183530.0,86183530,191.51895555555555,15.9261,False,6.854,6953,6.394185160338119,True,141,121,"Against an army of Immortals, one warrior must draw first blood.",True,True,Horror,Action,2,"Horror, Action","martial arts, hero, vampire, superhero, supernatural, based on comic, rivalry, vampire hunter (slayer), sword fight, revenge",1998-08-21,1998.0,8.0,21.0,3.0,True,False,60,Wesley Snipes,2.0,Stephen Dorff,Kris Kristofferson,N'Bushe Wright,"Wesley Snipes, Stephen Dorff, Kris Kristofferson, N'Bushe Wright, Donal Logue",Stephen Norrington,1,David S. Goyer,Peter Frankfurt,276,New Line Cinema,3,1,US,2,ru,True,True,True
47971,tt1293847,xXx: Return of Xander Cage,xXx: Return of Xander Cage,en,Released,85000000.0,346118277.0,261118277,307.19797294117643,16.525,False,6.128,9326,5.816174231630368,True,147,107,"There are no more patriots, just rebels and tyrants.",True,False,Action,Adventure,3,"Action, Adventure, Crime","airplane, tattoo, spy, extreme sports, parachute, secret agent, swimming pool, sequel, back from the dead, dominican republic",2017-01-13,2017.0,1.0,13.0,1.0,True,False,41,Vin Diesel,2.0,Donnie Yen,Ruby Rose,Deepika Padukone,"Vin Diesel, Donnie Yen, Ruby Rose, Deepika Padukone, Toni Collette",D.J. Caruso,1,Rich Wilkes,Samantha Vincent,142,Rox Productions,8,3,CA,1,en,True,True,True
85,tt0082971,Raiders of the Lost Ark,Raiders of the Lost Ark,en,Released,18000000.0,389925971.0,371925971,2066.2553944444444,13.8925,False,7.929,13974,7.65509506701672,True,227,115,The return of the great adventure.,True,True,Adventure,Action,2,"Adventure, Action","egypt, treasure, medallion, swastika, saving the world, nepal, himalaya mountain range, cairo, moses, hat",1981-06-12,1981.0,6.0,12.0,2.0,True,False,50,Harrison Ford,2.0,Karen Allen,Paul Freeman,John Rhys-Davies,"Harrison Ford, Karen Allen, Paul Freeman, John Rhys-Davies, Ronald Lacey",Steven Spielberg,1,Lawrence Kasdan,Frank Marshall,195,Paramount Pictures,2,1,US,6,en,True,True,True
8467,tt0109686,Dumb and Dumber,Dumb and Dumber,en,Released,16000000.0,247275374.0,231275374,1445.4710875,16.4713,False,6.664,6920,6.214943396226415,True,362,107,"For Harry and Lloyd, every day is a no-brainer.",True,False,Comedy,None,1,Comedy,"gas station, utah, motel, stupidity, cigar smoking, road trip, pill, prank, criminal, buddy",1994-12-16,1994.0,12.0,16.0,4.0,True,False,81,Jim Carrey,2.0,Jeff Daniels,Lauren Holly,Teri Garr,"Jim Carrey, Jeff Daniels, Lauren Holly, Teri Garr, Charles Rocket",Peter Farrelly,1,Bobby Farrelly,Steven Stabler,123,New Line Cinema,2,1,US,1,en,True,True,True
9016,tt0133240,Treasure Planet,Treasure Planet,en,Released,140000000.0,109578115.0,-30421885,-21.72991785714286,15.4141,False,7.579,4724,6.853598009188361,True,222,96,Find your place in the universe.,True,True,Science Fiction,Adventure,5,"Science Fiction, Adventure, Animation, Family, Fantasy","mutiny, space marine, based on novel or book, cyborg, map, pirate gang, treasure hunt, treasure map, alien, coming of age",2002-11-26,2002.0,11.0,26.0,4.0,True,False,31,Joseph Gordon-Levitt,2.0,Brian Murray,Emma Thompson,David Hyde Pierce,"Joseph Gordon-Levitt, Brian Murray, Emma Thompson, David Hyde Pierce, Martin Short",Ron Clements,2,Ron Clements,Ron Clements,59,Walt Disney Pictures,1,1,US,1,en,True,True,False
1170608,tt31378509,Dune: Part Three,Dune: Part Three,en,Post Production,,,0,,18.4169,False,0.0,0,0.0,True,147,140,The epic conclusion.,True,True,Science Fiction,Adventure,2,"Science Fiction, Adventure","based on novel or book, religious war, sequel, space, planet, desert, space opera, space adventure, messianic, political conspiracy",2026-12-15,2026.0,12.0,15.0,4.0,False,False,14,Timothée Chalamet,2.0,Zendaya,Jason Momoa,Florence Pugh,"Timothée Chalamet, Zendaya, Jason Momoa, Florence Pugh, Rebecca Ferguson",Denis Villeneuve,1,Frank Herbert,Tanya Lapointe,48,Legendary Pictures,1,1,US,1,en,True,True,True
957,tt0094012,Spaceballs,Spaceballs,en,Released,22700000.0,38120460.0,15420460,67.93154185022027,16.1349,False,6.891,3544,6.03899703264095,True,305,96,May the schwartz be with you.,True,True,Comedy,Science Fiction,2,"Comedy, Science Fiction","galaxy, android, space marine, laser gun, temple, swordplay, space battle, space travel, space mission, satire",1987-06-24,1987.0,6.0,24.0,2.0,True,False,68,Bill Pullman,2.0,Rick Moranis,Mel Brooks,John Candy,"Bill Pullman, Rick Moranis, Mel Brooks, John Candy, Daphne Zuniga",Mel Brooks,1,Thomas Meehan,Mel Brooks,76,Metro-Goldwyn-Mayer,2,1,US,1,en,True,True,True
474350,tt7349950,It Chapter Two,It Chapter Two,en,Released,79000000.0,473123154.0,394123154,498.8900683544304,16.122,False,6.829,9835,6.498617803580068,True,211,169,It ends.,True,True,Horror,Thriller,3,"Horror, Thriller, Drama","suicide, based on novel or book, haunted house, clown, carnival, sequel, maine, creature, fear, lgbt",2019-09-04,2019.0,9.0,4.0,3.0,True,False,87,Jessica Chastain,1.0,James McAvoy,Bill Hader,Isaiah Mustafa,"Jessica Chastain, James McAvoy, Bill Hader, Isaiah Mustafa, Jay Ryan",Andy Muschietti,1,Stephen King,Roy Lee,173,Vertigo Entertainment,4,1,US,1,en,True,True,True
417555,tt6137416,Intolerância.doc,Intolerância.doc,pt,Released,,,0,,16.3302,False,6.0,4,0.047619047619047616,True,275,85,,False,False,Documentary,None,1,Documentary,woman director,2016-10-06,2016.0,10.0,6.0,4.0,True,False,0,Unknown,,None,None,None,,Susanna Lira,1,Muriel Alves,João G. Joannou,14,Globo Filmes,3,1,BR,1,pt,True,False,False
454626,tt3794354,Sonic the Hedgehog,Sonic the Hedgehog,en,Released,85000000.0,319715683.0,234715683,276.1360976470588,15.9153,False,7.27,10570,6.941635049683829,True,311,99,A whole new speed of hero.,True,True,Action,Science Fiction,4,"Action, Science Fiction, Comedy, Family","friendship, video game, san francisco, california, road trip, cop, based on video game, duringcreditsstinger, bar fight, hedgehog, live action and animation",2020-02-12,2020.0,2.0,12.0,1.0,True,False,39,Ben Schwartz,2.0,James Marsden,Tika Sumpter,Jim Carrey,"Ben Schwartz, James Marsden, Tika Sumpter, Jim Carrey, Natasha Rothwell",Jeff Fowler,1,Josh Miller,Takeshi Ito,194,Original Film,6,2,JP,1,en,True,True,True
318846,tt1596363,The Big Short,The Big Short,en,Released,28000000.0,133346506.0,105346506,376.2375214285714,16.7861,False,7.372,10076,7.023475037821482,True,58,131,This is a true story.,True,True,Comedy,Drama,2,"Comedy, Drama","based on novel or book, bank, fraud, wall street, biography, based on true story, finances, animated scene, historical fiction, loan",2015-12-11,2015.0,12.0,11.0,4.0,True,False,94,Steve Carell,2.0,Christian Bale,Ryan Gosling,Brad Pitt,"Steve Carell, Christian Bale, Ryan Gosling, Brad Pitt, Marisa Tomei",Adam McKay,1,Adam McKay,Jeremy Kleiner,206,Paramount Pictures,3,1,US,1,en,True,True,False
4256,tt0306047,Scary Movie 3,Scary Movie 3,en,Released,45000000.0,220673217.0,175673217,390.3849266666667,14.0334,False,5.981,4655,5.40088360814743,True,161,84,Great trilogies come in threes.,True,False,Comedy,None,1,Comedy,"halloween, parody, sequel, alien, spoof, vhs, horror spoof, alien invasion, crop circle, tv news anchor",2003-10-24,2003.0,10.0,24.0,4.0,True,False,63,Anna Faris,1.0,Regina Hall,Simon Rex,Anthony Anderson,"Anna Faris, Regina Hall, Simon Rex, Anthony Anderson, Charlie Sheen",David Zucker,1,Jason Friedberg,Robert K. Weiss,241,Brad Grey Pictures,2,1,US,1,en,True,True,True
755679,tt27550022,Fast Forever,Fast Forever,en,Planned,,,0,,15.8797,False,0.0,0,0.0,True,62,0,,False,True,Action,Crime,3,"Action, Crime, Thriller","sequel, racing, family, cars",2028-03-16,2028.0,3.0,16.0,1.0,False,False,1,Vin Diesel,2.0,None,None,None,Vin Diesel,Louis Leterrier,1,Gary Scott Thompson,Vin Diesel,10,Universal Pictures,4,1,US,1,en,True,False,True
1032185,,New Message,Nuevo Mensaje,es,Released,,,0,,16.2835,False,0.0,0,0.0,True,123,6,You´ve got a new message,True,False,Horror,None,1,Horror,,2019-09-02,2019.0,9.0,2.0,3.0,True,False,2,Dimas Saguier,2.0,Ione Ullua,None,None,"Dimas Saguier, Ione Ullua",Fermín Goncalves,1,Unknown,Unknown,1,Doppel Producciones,1,1,AR,0,Unknown,True,False,False
1933,tt0230600,The Others,The Others,en,Released,17000000.0,210002906.0,193002906,1135.311211764706,14.7894,False,7.618,7399,7.1357870616533745,True,290,101,Sooner or later they’ll find you.,True,False,Horror,Mystery,3,"Horror, Mystery, Thriller","nightmare, suicide attempt, shotgun, servant, cemetery, world war ii, nanny, haunted house, channel islands, female protagonist",2001-08-02,2001.0,8.0,2.0,3.0,True,False,14,Nicole Kidman,1.0,Alakina Mann,James Bentley,Fionnula Flanagan,"Nicole Kidman, Alakina Mann, James Bentley, Fionnula Flanagan, Christopher Eccleston",Alejandro Amenábar,1,Alejandro Amenábar,Fernando Bovaira,95,Cruise/Wagner Productions,3,3,ES,1,en,True,True,False
752623,tt13320622,The Lost City,The Lost City,en,Released,74000000.0,192907684.0,118907684,160.68605945945947,16.4893,False,6.441,4121,5.744072927937676,True,453,112,The adventure is real. The heroes are not.,True,True,Action,Adventure,3,"Action, Adventure, Comedy","kidnapping, romcom, writer, model, novelist, lost treasure, duringcreditsstinger, lost civilization, book tour, book",2022-03-23,2022.0,3.0,23.0,1.0,True,False,35,Sandra Bullock,1.0,Channing Tatum,Daniel Radcliffe,Da'Vine Joy Randolph,"Sandra Bullock, Channing Tatum, Daniel Radcliffe, Da'Vine Joy Randolph, Brad Pitt",Aaron Nee,2,Adam Nee,Sandra Bullock,63,Fortis Films,3,1,US,5,en,True,True,False
608,tt0120912,Men in Black II,Men in Black II,en,Released,140000000.0,445135288.0,305135288,217.95377714285715,16.7843,False,6.391,10885,6.110323671497585,True,623,88,Same planet. New scum.,True,True,Action,Comedy,3,"Action, Comedy, Science Fiction","new york city, space marine, saving the world, flying saucer, undercover, secret identity, superhero, deportation, illegal immigration, new identity",2002-07-03,2002.0,7.0,3.0,3.0,True,False,89,Tommy Lee Jones,2.0,Will Smith,Rip Torn,Lara Flynn Boyle,"Tommy Lee Jones, Will Smith, Rip Torn, Lara Flynn Boyle, Johnny Knoxville",Barry Sonnenfeld,1,Barry Fanaro,Laurie MacDonald,471,Columbia Pictures,3,1,US,1,en,True,True,True
567609,tt7798634,Ready or Not,Ready or Not,en,Released,6000000.0,57615777.0,51615777,860.26295,16.2772,False,7.096,5863,6.538401382995442,True,147,96,A killer game of hide and seek.,True,True,Horror,Comedy,2,"Horror, Comedy","escape, ritual, marriage, satanism, gore, pact with the devil, wealth, murder, wedding, cat and mouse",2019-08-21,2019.0,8.0,21.0,3.0,True,False,27,Samara Weaving,1.0,Adam Brody,Mark O'Brien,Henry Czerny,"Samara Weaving, Adam Brody, Mark O'Brien, Henry Czerny, Andie MacDowell",Matt Bettinelli-Olpin,2,Guy Busick,Bradley J. Fischer,143,Mythology Entertainment,5,1,US,1,en,True,True,True
240832,tt2872732,Lucy,Lucy,en,Released,40000000.0,469058574.0,429058574,1072.646435,14.0884,False,6.477,17364,6.295713613972235,True,144,89,The average person uses 10% of their brain capacity. Imagine what she could do with 100%.,True,True,Action,Science Fiction,2,"Action, Science Fiction","artificial intelligence (a.i.), telepathy, intelligence, drug mule, time travel, telekinesis, futuristic, drugs, super power, tough girl",2014-07-25,2014.0,7.0,25.0,3.0,True,False,59,Scarlett Johansson,1.0,Morgan Freeman,Choi Min-sik,Amr Waked,"Scarlett Johansson, Morgan Freeman, Choi Min-sik, Amr Waked, Julian Rhind-Tutt",Luc Besson,1,Luc Besson,Virginie Besson-Silla,95,EuropaCorp,4,1,FR,5,zh,True,True,False
604,tt0234215,The Matrix Reloaded,The Matrix Reloaded,en,Released,150000000.0,738599701.0,588599701,392.3998006666667,16.8733,False,7.085,12295,6.808134036733098,True,322,138,Free your mind.,True,True,Adventure,Action,4,"Adventure, Action, Thriller, Science Fiction","dying and death, future, mission, man vs machine, underground world, martial arts, kung fu, hero, dreams, fortune teller",2003-05-15,2003.0,5.0,15.0,2.0,True,False,82,Keanu Reeves,2.0,Laurence Fishburne,Carrie-Anne Moss,Hugo Weaving,"Keanu Reeves, Laurence Fishburne, Carrie-Anne Moss, Hugo Weaving, Jada Pinkett Smith",Lana Wachowski,2,Lana Wachowski,Joel Silver,252,Village Roadshow Pictures,3,1,US,2,en,True,True,True
802663,,The Bureau,The Bureau,fr,Released,,,0,,14.6256,False,0.0,0,0.0,True,247,25,,False,False,Unknown,None,0,,,2020-12-01,2020.0,12.0,1.0,4.0,True,False,1,Mathurin Voltz,0.0,None,None,None,Mathurin Voltz,Sengthe Vanh Bouapha,1,Unknown,Unknown,1,Independent,0,0,Unknown,1,fr,False,False,False
270946,tt1911658,Penguins of Madagascar,Penguins of Madagascar,en,Released,132000000.0,373515621.0,241515621,182.96637954545454,16.4386,False,6.544,4572,5.898889589905362,True,174,92,The movie event that will blow their cover.,True,True,Family,Animation,4,"Family, Animation, Adventure, Comedy","rescue, wolf, octopus, spy, zoo, penguin, cartoon, villain, madagascar, anthropomorphism",2014-11-22,2014.0,11.0,22.0,4.0,True,False,35,Tom McGrath,2.0,Chris Miller,Christopher Knights,Conrad Vernon,"Tom McGrath, Chris Miller, Christopher Knights, Conrad Vernon, John Malkovich",Simon J. Smith,2,Michael Colton,Mark Swift,273,DreamWorks Animation,2,1,US,1,en,True,True,False
328688,tt6449008,Orang Minyak,Orang Minyak,ms,Released,,,0,,14.2944,False,0.0,0,0.0,True,273,98,,False,False,Thriller,Horror,2,"Thriller, Horror",,2007-11-15,2007.0,11.0,15.0,4.0,True,False,12,Sharifah Sofia,1.0,Jobot Maheran,Fizz Fairuz,Fauzi Nawawi,"Sharifah Sofia, Jobot Maheran, Fizz Fairuz, Fauzi Nawawi, Sidek Hussain",C.K. Karan,2,Unknown,C.K. Karan,7,INFOHIBUR PRODUCTION SDN. BHD.,1,1,MY,1,ms,False,False,False
297,tt0119643,Meet Joe Black,Meet Joe Black,en,Released,90000000.0,142940100.0,52940100,58.82233333333333,15.3402,False,7.369,5938,6.7966949363156255,True,354,178,Sooner or later everyone does.,True,True,Fantasy,Drama,3,"Fantasy, Drama, Romance","life and death, broken engagement, love at first sight, fireworks, religion and supernatural, based on play or musical, fate, teenage crush, grim reaper, doctor",1998-11-12,1998.0,11.0,12.0,4.0,True,False,28,Brad Pitt,2.0,Anthony Hopkins,Claire Forlani,Jake Weber,"Brad Pitt, Anthony Hopkins, Claire Forlani, Jake Weber, Marcia Gay Harden",Martin Brest,1,Bo Goldman,Martin Brest,110,Universal Pictures,2,1,US,2,nl,True,True,False
7974,tt0098532,The Match Factory Girl,Tulitikkutehtaan tyttö,fi,Released,83038.0,,-83038,-100.0,14.541,False,7.412,306,2.813985111662531,True,295,69,,False,False,Drama,None,1,Drama,"helsinki, finland, factory worker, match, isolation, parent child relationship, poison, monotony, murder, loneliness",1990-01-12,1990.0,1.0,12.0,1.0,True,False,17,Kati Outinen,1.0,Elina Salo,Esko Nikkari,Vesa Vierikko,"Kati Outinen, Elina Salo, Esko Nikkari, Vesa Vierikko, Reijo Taipale",Aki Kaurismäki,1,Aki Kaurismäki,Klas Olofsson,31,Villealfa Filmproductions,3,2,FI,1,fi,True,True,False
421186,tt8033694,Almoço Executivo,Almoço Executivo,pt,Released,,,0,,15.3264,False,7.0,1,0.013972055888223553,True,107,14,,False,False,Comedy,None,1,Comedy,,1996-01-01,1996.0,1.0,1.0,1.0,True,False,25,Cazé Pecini,2.0,Malu Bierrenbach,Tatiana Soares,Fábio Saltini,"Cazé Pecini, Malu Bierrenbach, Tatiana Soares, Fábio Saltini, José Guilherme Campos",Marina Person,2,Marina Person,Caio Gullane,17,Dezenove Som e Imagem,1,1,BR,1,pt,True,False,False
646385,tt11245972,Scream,Scream,en,Released,24000000.0,138874789.0,114874789,478.64495416666665,16.009,False,6.7,4013,5.9576999778417905,True,222,114,It's always someone you know.,True,True,Horror,Mystery,2,"Horror, Mystery","mask, california, attempted murder, hallucination, sequel, murder, serial killer, hospital, slasher, whodunit",2022-01-12,2022.0,1.0,12.0,1.0,True,False,35,Melissa Barrera,1.0,Jenna Ortega,Mason Gooding,Jasmin Savoy Brown,"Melissa Barrera, Jenna Ortega, Mason Gooding, Jasmin Savoy Brown, Jack Quaid",Tyler Gillett,2,James Vanderbilt,James Vanderbilt,213,Paramount Pictures,4,1,US,1,en,True,True,True
363088,tt5095030,Ant-Man and the Wasp,Ant-Man and the Wasp,en,Released,140000000.0,622674139.0,482674139,344.7672421428571,15.7099,False,6.897,14483,6.666839151037843,True,264,119,Real heroes. Not actual size.,True,True,Action,Adventure,3,"Action, Adventure, Science Fiction","van, dreams, insect, flying, chase, fight, superhero, ant, nuclear missile, shrinking",2018-07-04,2018.0,7.0,4.0,3.0,True,False,77,Paul Rudd,2.0,Evangeline Lilly,Michael Douglas,Hannah John-Kamen,"Paul Rudd, Evangeline Lilly, Michael Douglas, Hannah John-Kamen, Randall Park",Peyton Reed,1,Chris McKenna,Kevin Feige,530,Marvel Studios,1,1,US,1,en,True,True,True
1223601,tt31844586,Sisu: Road to Revenge,Sisu 2,fi,Released,12200000.0,9811703.0,-2388297,-19.576204918032786,14.2424,False,7.312,906,4.711715504978663,True,342,89,"When they took his family, he took revenge.",True,True,Action,War,3,"Action, War, Thriller","sequel, 1940s, karelia, survival instinct, immortal hero, mythic war survival, relentless vengeance, primal brutality, hostile wilderness warfare, soviet army",2025-10-21,2025.0,10.0,21.0,4.0,True,False,31,Jorma Tommila,2.0,Stephen Lang,Richard Brake,Tommi Korpela,"Jorma Tommila, Stephen Lang, Richard Brake, Tommi Korpela, Kaspar Velberg",Jalmari Helander,1,Jalmari Helander,Petri Jokiranta,198,Cosmic Snowball,3,2,FI,2,en,True,True,True
640146,tt10954600,Ant-Man and the Wasp: Quantumania,Ant-Man and the Wasp: Quantumania,en,Released,200000000.0,476071180.0,276071180,138.03559,17.8964,False,6.216,6081,5.74373134781948,True,326,125,Witness the beginning of a new dynasty.,True,True,Action,Adventure,3,"Action, Adventure, Science Fiction","hero, superhero, ant, based on comic, sequel, alternate dimension, family, aftercreditsstinger, duringcreditsstinger, marvel cinematic universe (mcu)",2023-02-15,2023.0,2.0,15.0,1.0,True,False,65,Paul Rudd,2.0,Evangeline Lilly,Michael Douglas,Michelle Pfeiffer,"Paul Rudd, Evangeline Lilly, Michael Douglas, Michelle Pfeiffer, Jonathan Majors",Peyton Reed,1,Jeff Loveness,Stephen Broussard,235,Marvel Studios,2,1,US,1,en,True,True,True
766507,tt11866324,Prey,Prey,en,Released,65000000.0,,-65000000,-100.0,16.0219,False,7.649,7973,7.197625044258232,True,224,100,They hunt to live. It lives to hunt.,True,True,Thriller,Action,3,"Thriller, Action, Science Fiction","hunter, native american, alien life-form, alien, prequel, decapitation, bear, dog, severed foot, bear attack",2022-08-02,2022.0,8.0,2.0,3.0,True,False,31,Amber Midthunder,1.0,Dakota Beavers,Michelle Thrush,Stormee Kipp,"Amber Midthunder, Dakota Beavers, Michelle Thrush, Stormee Kipp, Julian Black Antelope",Dan Trachtenberg,1,Jim Thomas,Jhane Myers,164,20th Century Studios,3,1,US,2,en,True,True,True
1159831,tt30851137,The Bride!,The Bride!,en,Released,80000000.0,23944025.0,-56055975,-70.06996875,17.9241,False,6.117,652,3.4620520833333335,True,242,127,Here comes the mother f*%#ing bride!,True,True,Science Fiction,Horror,3,"Science Fiction, Horror, Fantasy","chicago, illinois, new york city, prostitute, based on novel or book, musical, mad scientist, niagara falls, murder, loneliness, reanimation",2026-03-04,2026.0,3.0,4.0,1.0,True,False,73,Jessie Buckley,1.0,Christian Bale,Peter Sarsgaard,John Magaro,"Jessie Buckley, Christian Bale, Peter Sarsgaard, John Magaro, Jeannie Berlin",Maggie Gyllenhaal,1,Maggie Gyllenhaal,Osnat Handelsman-Keren,60,First Love Films,4,1,US,1,en,True,True,False
1511675,tt37544379,Kingdom 5: The Clash of Souls,キングダム 魂の決戦,ja,Released,,,0,,16.3477,False,8.5,2,0.03386454183266932,True,229,133,,False,True,Action,Adventure,3,"Action, Adventure, War","kingdom, historical fiction, based on manga, war, qin dynasty",2026-07-17,2026.0,7.0,17.0,3.0,True,False,32,Kento Yamazaki,2.0,Ryo Yoshizawa,Kanna Hashimoto,Yuki Yamada,"Kento Yamazaki, Ryo Yoshizawa, Kanna Hashimoto, Yuki Yamada, Etsushi Toyokawa",Shinsuke Sato,1,Hara Yasuhisa,Shinzo Matsuhashi,34,TOHO,2,1,JP,1,ja,True,True,True
100402,tt1843866,Captain America: The Winter Soldier,Captain America: The Winter Soldier,en,Released,170000000.0,714766572.0,544766572,320.45092470588236,16.206,False,7.654,20449,7.4713182490811025,True,728,136,In heroes we trust.,True,True,Action,Adventure,3,"Action, Adventure, Science Fiction","washington dc, usa, superhero, based on comic, sequel, super soldier, aftercreditsstinger, duringcreditsstinger, marvel cinematic universe (mcu), political thriller",2014-03-20,2014.0,3.0,20.0,1.0,True,False,75,Chris Evans,2.0,Samuel L. Jackson,Scarlett Johansson,Robert Redford,"Chris Evans, Samuel L. Jackson, Scarlett Johansson, Robert Redford, Sebastian Stan",Joe Russo,2,Christopher Markus,Kevin Feige,558,Marvel Studios,1,1,US,1,en,True,True,True
87827,tt0454876,Life of Pi,Life of Pi,en,Released,120000000.0,609016565.0,489016565,407.51380416666666,14.5203,False,7.413,14004,7.157449806949807,True,193,127,Take the journey of a lifetime.,True,True,Adventure,Drama,2,"Adventure, Drama","sea, faith, loss of loved one, 1970s, zebra, survival, young boy, zookeeper, orangutan, teenage boy",2012-11-20,2012.0,11.0,20.0,4.0,True,False,41,Suraj Sharma,2.0,Irrfan Khan,Ayush Tandon,Gautam Belur,"Suraj Sharma, Irrfan Khan, Ayush Tandon, Gautam Belur, Adil Hussain",Ang Lee,1,Yann Martel,Gil Netter,70,Fox 2000 Pictures,6,1,US,5,ja,True,True,False
73,tt0120586,American History X,American History X,en,Released,20000000.0,23900000.0,3900000,19.5,13.8439,False,8.324,12900,8.013402985074626,True,503,119,Some legacies must end.,True,False,Drama,None,1,Drama,"prison, neo-nazism, rape, skinhead, sibling relationship, swastika, nazi, brother, gangster, fascism",1998-07-01,1998.0,7.0,1.0,3.0,True,False,50,Edward Norton,2.0,Edward Furlong,Beverly D'Angelo,Jennifer Lien,"Edward Norton, Edward Furlong, Beverly D'Angelo, Jennifer Lien, Ethan Suplee",Tony Kaye,1,David McKenna,John Morrissey,143,New Line Cinema,3,1,US,1,en,True,True,False
7131,tt0338526,Van Helsing,Van Helsing,en,Released,160000000.0,300257475.0,140257475,87.660921875,15.7899,False,6.427,6844,5.989431917211329,True,308,132,The one name they all fear.,True,True,Horror,Adventure,3,"Horror, Adventure, Action","transylvania, vampire, vatican (holy see), bite, castle, steampunk, werewolf, gothic horror, van helsing, notre dame cathedral",2004-05-03,2004.0,5.0,3.0,2.0,True,False,27,Hugh Jackman,2.0,Kate Beckinsale,Richard Roxburgh,Josie Maran,"Hugh Jackman, Kate Beckinsale, Richard Roxburgh, Josie Maran, David Wenham",Stephen Sommers,1,Bram Stoker,Bob Ducsay,237,Universal Pictures,3,2,CZ,2,en,True,True,False
474350,tt7349950,It Chapter Two,It Chapter Two,en,Released,79000000.0,473123154.0,394123154,498.8900683544304,16.122,False,6.829,9835,6.498617803580068,True,211,169,It ends.,True,True,Horror,Thriller,3,"Horror, Thriller, Drama","suicide, based on novel or book, haunted house, clown, carnival, sequel, maine, creature, fear, lgbt",2019-09-04,2019.0,9.0,4.0,3.0,True,False,87,Jessica Chastain,1.0,James McAvoy,Bill Hader,Isaiah Mustafa,"Jessica Chastain, James McAvoy, Bill Hader, Isaiah Mustafa, Jay Ryan",Andy Muschietti,1,Stephen King,Roy Lee,173,Vertigo Entertainment,4,1,US,1,en,True,True,True
695721,tt10545296,The Hunger Games: The Ballad of Songbirds & Snakes,The Hunger Games: The Ballad of Songbirds & Snakes,en,Released,100000000.0,337371917.0,237371917,237.37191700000002,15.7624,False,6.953,3669,6.119106980091149,True,186,157,Everyone hungers for something.,True,True,Science Fiction,Action,2,"Science Fiction, Action","daughter, based on novel or book, arena, fight, mentor, dystopia, riot, exploration, president, prequel",2023-11-15,2023.0,11.0,15.0,4.0,True,False,72,Tom Blyth,2.0,Rachel Zegler,Peter Dinklage,Jason Schwartzman,"Tom Blyth, Rachel Zegler, Peter Dinklage, Jason Schwartzman, Hunter Schafer",Francis Lawrence,1,Michael Lesslie,Francis Lawrence,330,Lionsgate,4,2,DE,1,en,True,True,True
157350,tt1840309,Divergent,Divergent,en,Released,85000000.0,288885818.0,203885818,239.86566823529412,15.7541,False,6.9,13711,6.657230314545071,True,276,140,What makes you different makes you dangerous.,True,True,Action,Adventure,3,"Action, Adventure, Science Fiction","mind control, future, based on novel or book, dystopia, injection, futuristic, transhumanism, individuality, alternative reality, caste system",2014-03-14,2014.0,3.0,14.0,1.0,True,False,47,Shailene Woodley,1.0,Theo James,Ashley Judd,Jai Courtney,"Shailene Woodley, Theo James, Ashley Judd, Jai Courtney, Ray Stevenson",Neil Burger,1,Vanessa Taylor,Pouya Shahbazian,287,Summit Entertainment,2,1,US,1,en,True,True,True
339403,tt3890160,Baby Driver,Baby Driver,en,Released,34000000.0,226945087.0,192945087,567.48555,15.9238,False,7.445,17176,7.234403711246888,True,126,113,All you need is one killer track.,True,True,Action,Crime,2,"Action, Crime","robbery, waitress, atlanta, crime boss, romance, heist, getaway car, on the run, shootout, bank robbery",2017-06-28,2017.0,6.0,28.0,2.0,True,False,64,Ansel Elgort,2.0,Kevin Spacey,Lily James,Jon Hamm,"Ansel Elgort, Kevin Spacey, Lily James, Jon Hamm, Jamie Foxx",Edgar Wright,1,Edgar Wright,Eric Fellner,437,Big Talk Studios,3,2,GB,1,en,True,True,False
532408,tt3427252,The Boogeyman,The Boogeyman,en,Released,35000000.0,82344833.0,47344833,135.2709514285714,13.3261,False,6.379,1163,4.4610805772699935,True,233,99,It's not real. It's not real. It's not real.,True,True,Horror,None,1,Horror,"based on novel or book, supernatural creature, supernatural horror, horror, amused, cliché",2023-05-31,2023.0,5.0,31.0,2.0,True,False,20,Sophie Thatcher,1.0,Vivien Lyra Blair,Chris Messina,David Dastmalchian,"Sophie Thatcher, Vivien Lyra Blair, Chris Messina, David Dastmalchian, Marin Ireland",Rob Savage,1,Mark Heyman,Shawn Levy,61,21 Laps Entertainment,2,1,US,1,en,True,True,False
291805,tt3110958,Now You See Me 2,Now You See Me 2,en,Released,120000000.0,334897606.0,214897606,179.08133833333332,17.1756,False,6.823,11794,6.54550691394176,True,247,129,You haven't seen anything yet.,True,True,Crime,Thriller,2,"Crime, Thriller","prison, new york city, magic, kidnapping, fbi, card trick, secret society, hypnosis, illusion, twin brother",2016-06-02,2016.0,6.0,2.0,2.0,True,False,39,Jesse Eisenberg,2.0,Mark Ruffalo,Woody Harrelson,Dave Franco,"Jesse Eisenberg, Mark Ruffalo, Woody Harrelson, Dave Franco, Daniel Radcliffe",Jon M. Chu,1,Ed Solomon,Bobby Cohen,137,Summit Entertainment,4,2,HK,3,cn,True,True,True
1205229,tt29544253,Night of the Zoopocalypse,Night of the Zoopocalypse,en,Released,12000000.0,8860435.0,-3139565,-26.163041666666665,15.2464,False,6.743,101,1.1331830282861897,True,216,91,Don't feed the animals.,True,True,Animation,Comedy,6,"Animation, Comedy, Horror, Adventure, Science Fiction, Family","zoo, zombie, aftercreditsstinger, horror for children, animated horror, 3d animation",2025-01-23,2025.0,1.0,23.0,1.0,True,False,17,Gabriella Kosmidis,1.0,David Harbour,Pierre Simpson,Paul Sun-Hyung Lee,"Gabriella Kosmidis, David Harbour, Pierre Simpson, Paul Sun-Hyung Lee, Scott Thompson",Ricardo Curtis,2,James Kee,Yohann Comte,38,Copperheart Entertainment,8,3,CA,1,en,True,True,False
5876,tt0884328,The Mist,The Mist,en,Released,18000000.0,57470220.0,39470220,219.279,14.5295,False,6.953,6079,6.424576227390181,True,284,126,Fear changes everything.,True,False,Horror,Science Fiction,3,"Horror, Science Fiction, Thriller","monster, based on novel or book, supermarket, fight, faith, prayer, spider, fog, giant monster, giant spider",2007-11-21,2007.0,11.0,21.0,4.0,True,False,45,Thomas Jane,2.0,Laurie Holden,Toby Jones,Marcia Gay Harden,"Thomas Jane, Laurie Holden, Toby Jones, Marcia Gay Harden, Andre Braugher",Frank Darabont,1,Frank Darabont,Frank Darabont,76,Darkwoods Productions,2,1,US,1,en,True,True,False
420809,tt4777008,Maleficent: Mistress of Evil,Maleficent: Mistress of Evil,en,Released,185000000.0,491730089.0,306730089,165.80004810810811,16.1916,False,7.3,6607,6.786421837624877,True,208,119,Go beyond the fairy tale.,True,True,Family,Fantasy,3,"Family, Fantasy, Adventure","magic, fairy tale, fairy, sequel, based on fairy tale, live action remake, complicated",2019-10-16,2019.0,10.0,16.0,4.0,True,False,86,Angelina Jolie,1.0,Elle Fanning,Harris Dickinson,Michelle Pfeiffer,"Angelina Jolie, Elle Fanning, Harris Dickinson, Michelle Pfeiffer, Sam Riley",Joachim Rønning,1,Linda Woolverton,Joe Roth,136,Walt Disney Pictures,2,1,US,1,en,True,True,True
1891,tt0080684,The Empire Strikes Back,The Empire Strikes Back,en,Released,18000000.0,538400000.0,520400000,2891.1111111111113,15.5306,False,8.393,18834,8.175947139753802,True,362,124,The Star Wars saga continues.,True,True,Adventure,Action,3,"Adventure, Action, Science Fiction","rebellion, android, spacecraft, asteroid, rebel, space battle, snowstorm, space colony, swamp, sequel",1980-05-20,1980.0,5.0,20.0,2.0,True,False,79,Mark Hamill,2.0,Harrison Ford,Carrie Fisher,Billy Dee Williams,"Mark Hamill, Harrison Ford, Carrie Fisher, Billy Dee Williams, Anthony Daniels",Irvin Kershner,1,Lawrence Kasdan,Gary Kurtz,86,Lucasfilm Ltd.,1,1,US,1,en,True,True,True
9820,tt0120783,The Parent Trap,The Parent Trap,en,Released,15000000.0,92108518.0,77108518,514.0567866666667,17.1808,False,7.215,4643,6.513561151079137,True,340,128,"Twice the Fun, Double the Trouble.",True,True,Comedy,Family,3,"Comedy, Family, Romance","california, summer camp, twin sister, remake, matchmaking, twins, family reunion, wedding dress, gold digger, twins separated at birth",1998-07-28,1998.0,7.0,28.0,3.0,True,False,58,Lindsay Lohan,1.0,Dennis Quaid,Natasha Richardson,Elaine Hendrix,"Lindsay Lohan, Dennis Quaid, Natasha Richardson, Elaine Hendrix, Lisa Ann Walter",Nancy Meyers,1,David Swift,Charles Shyer,46,Walt Disney Pictures,2,1,US,2,en,True,True,False
1290417,tt32362890,Thrash,Thrash,en,Released,,,0,,15.1179,False,6.151,818,3.8175402124430957,True,136,84,If the flood doesn't kill you...,True,True,Horror,Thriller,2,"Horror, Thriller","hurricane, natural disaster, shark attack, survival horror, flood, animal horror, fight for survival, ocean horror, family under threat, unpredictable danger",2026-04-09,2026.0,4.0,9.0,2.0,True,False,20,Phoebe Dynevor,1.0,Whitney Peak,Djimon Hounsou,Alyla Browne,"Phoebe Dynevor, Whitney Peak, Djimon Hounsou, Alyla Browne, Stacy Clausen",Tommy Wirkola,1,Tommy Wirkola,Adam McKay,86,Sony Pictures,2,1,US,1,en,True,True,False
616,tt0325710,The Last Samurai,The Last Samurai,en,Released,140000000.0,456800000.0,316800000,226.28571428571428,15.693,False,7.612,7762,7.151336722343258,True,370,154,"In the face of an enemy, in the heart of one man, lies the soul of a warrior.",True,True,Drama,Action,3,"Drama, Action, War","japan, samurai, swordplay, general, sense of guilt, war veteran, sword, war crimes, loss of loved one, self-discovery",2003-12-05,2003.0,12.0,5.0,4.0,True,False,48,Tom Cruise,2.0,Ken Watanabe,Timothy Spall,Tony Goldwyn,"Tom Cruise, Ken Watanabe, Timothy Spall, Tony Goldwyn, Hiroyuki Sanada",Edward Zwick,1,Edward Zwick,Paula Wagner,167,Radar Pictures,4,1,US,2,en,True,True,False
4982,tt0765429,American Gangster,American Gangster,en,Released,100000000.0,269755430.0,169755430,169.75543,15.775,False,7.596,6225,7.031241635687732,True,275,157,There are two sides to the American dream.,True,True,Drama,Crime,2,"Drama, Crime","new york city, vietnam, drug smuggling, society, gangster, drug trafficking, heroin, junkie, ghetto, nightclub",2007-11-02,2007.0,11.0,2.0,4.0,True,False,158,Denzel Washington,2.0,Russell Crowe,Josh Brolin,Chiwetel Ejiofor,"Denzel Washington, Russell Crowe, Josh Brolin, Chiwetel Ejiofor, Cuba Gooding Jr.",Ridley Scott,1,Steven Zaillian,Brian Grazer,90,Film Rites,5,1,US,1,en,True,True,False
1226699,tt35060353,The Wrong Girls,The Wrong Girls,en,Released,,,0,,15.8878,False,6.0,26,0.2965779467680608,True,159,99,Best buds. Worst adults.,True,True,Comedy,Crime,3,"Comedy, Crime, Science Fiction","telepathy, mistaken identity, female friendship, los angeles, california, stoner, woman director, talking cat, experimental drug, independent film",2026-08-14,2026.0,8.0,14.0,3.0,True,False,22,Kristen Stewart,1.0,Alia Shawkat,LaKeith Stanfield,Zack Fox,"Kristen Stewart, Alia Shawkat, LaKeith Stanfield, Zack Fox, Tony Hale",Dylan Meyer,1,Dylan Meyer,Seth Rogen,98,Nevermind,5,1,US,2,en,True,True,False
1308972,tt32229316,Big Baby,Big Baby,en,Released,,,0,,12.7745,False,4.0,3,0.02385685884691849,True,325,103,Born to kill.,True,False,Horror,None,1,Horror,,2025-10-09,2025.0,10.0,9.0,4.0,True,False,21,Brandon Scott,2.0,Krsy Fox,Adam Marcinowski,Torio Van Grol,"Brandon Scott, Krsy Fox, Adam Marcinowski, Torio Van Grol, Catherine Corcoran",Spider One,1,Spider One,Krsy Fox,11,OneFox Productions,2,1,US,1,en,True,True,False
343668,tt4649466,Kingsman: The Golden Circle,Kingsman: The Golden Circle,en,Released,104000000.0,410902662.0,306902662,295.09871346153847,15.6777,False,6.94,11359,6.647395227253563,True,192,141,A proper spy movie.,True,True,Crime,Comedy,3,"Crime, Comedy, Action","saving the world, spy, secret agent, europe, sequel, secret government organization, agent, statesman, joyous, amused",2017-09-20,2017.0,9.0,20.0,3.0,True,False,57,Taron Egerton,2.0,Colin Firth,Julianne Moore,Mark Strong,"Taron Egerton, Colin Firth, Julianne Moore, Mark Strong, Hanna Alström",Matthew Vaughn,1,Dave Gibbons,Matthew Vaughn,143,20th Century Fox,4,3,GB,3,sv,True,True,True
1650558,tt39891410,Abot Langit,Abot Langit,tl,Released,,,0,,16.5384,False,6.0,2,0.02390438247011952,True,268,70,,False,False,Romance,None,1,Romance,sexy,2026-03-13,2026.0,3.0,13.0,1.0,True,False,13,Aliya Raymundo,1.0,JC Tan,Jio Yoshida,Zel Fernandez,"Aliya Raymundo, JC Tan, Jio Yoshida, Zel Fernandez, Jetleline Esquivel",Topel Lee,1,Topel Lee,Unknown,14,Vivamax,1,1,PH,1,tl,True,True,False
593643,tt9764362,The Menu,The Menu,en,Released,35000000.0,79628200.0,44628200,127.50914285714285,14.3042,False,7.183,6627,6.6790712782376875,True,148,107,Painstakingly prepared. Brilliantly executed.,True,True,Comedy,Horror,2,"Comedy, Horror","psychopath, obsession, mass murder, restaurant, dark comedy, revenge, food, mass suicide, dinner, chef",2022-11-17,2022.0,11.0,17.0,4.0,True,False,34,Anya Taylor-Joy,1.0,Ralph Fiennes,Nicholas Hoult,Janet McTeer,"Anya Taylor-Joy, Ralph Fiennes, Nicholas Hoult, Janet McTeer, Paul Adelstein",Mark Mylod,1,Seth Reiss,Adam McKay,136,Hyperobject Industries,4,1,US,2,en,True,True,False
91314,tt2109248,Transformers: Age of Extinction,Transformers: Age of Extinction,en,Released,210000000.0,1105261713.0,895261713,426.31510142857144,16.4716,False,5.974,8938,5.657513456240729,True,316,165,"This is not war, it's extinction.",True,True,Science Fiction,Action,3,"Science Fiction, Action, Adventure","bounty hunter, texas, sequel, alien, on the run, based on toy, giant robot, robot, metal",2014-06-25,2014.0,6.0,25.0,2.0,True,False,71,Mark Wahlberg,2.0,Peter Cullen,Stanley Tucci,Kelsey Grammer,"Mark Wahlberg, Peter Cullen, Stanley Tucci, Kelsey Grammer, Nicola Peltz",Michael Bay,1,Ehren Kruger,Tom DeSanto,308,di Bonaventura Pictures,5,1,US,2,zh,True,True,True
308266,tt2005151,War Dogs,War Dogs,en,Released,50000000.0,86234523.0,36234523,72.469046,15.8415,False,6.949,5677,6.386510118180346,True,166,114,An American dream,True,True,Comedy,Crime,3,"Comedy, Crime, Drama","corruption, smuggling (contraband), iraq, rise and fall, drugs, american exceptionalism",2016-08-18,2016.0,8.0,18.0,3.0,True,False,102,Miles Teller,2.0,Jonah Hill,Ana de Armas,Bradley Cooper,"Miles Teller, Jonah Hill, Ana de Armas, Bradley Cooper, Kevin Pollak",Todd Phillips,1,Stephen Chin,Todd Phillips,113,The Mark Gordon Company,4,1,US,4,sq,True,True,False
98566,tt1291150,Teenage Mutant Ninja Turtles,Teenage Mutant Ninja Turtles,en,Released,125000000.0,485004754.0,360004754,288.0038032,14.5461,False,5.932,7311,5.55227909358597,True,126,101,Mysterious. Dangerous. Reptilious. You've never seen heroes like this.,True,True,Science Fiction,Action,4,"Science Fiction, Action, Adventure, Comedy","new york city, van, martial arts, hero, experiment, mutation, superhero, turtle, based on comic, ninja",2014-08-07,2014.0,8.0,7.0,3.0,True,False,29,Pete Ploszek,2.0,Alan Ritchson,Jeremy Howard,Noel Fisher,"Pete Ploszek, Alan Ritchson, Jeremy Howard, Noel Fisher, Megan Fox",Jonathan Liebesman,1,Evan Daugherty,Andrew Form,337,Platinum Dunes,4,1,US,2,en,True,True,True
1734,tt0209163,The Mummy Returns,The Mummy Returns,en,Released,98000000.0,443280904.0,345280904,352.3274530612245,13.4669,False,6.417,7893,6.034717145240081,True,328,130,Adventure is reborn.,True,False,Adventure,Action,3,"Adventure, Action, Fantasy","egypt, pyramid, son, mummy, nile, sequel, tomb, ancient egypt, 1930s, egyptian tomb",2001-05-04,2001.0,5.0,4.0,2.0,True,False,24,Brendan Fraser,2.0,Rachel Weisz,John Hannah,Oded Fehr,"Brendan Fraser, Rachel Weisz, John Hannah, Oded Fehr, Arnold Vosloo",Stephen Sommers,1,Stephen Sommers,James Jacks,174,Universal Pictures,3,1,US,2,en,True,True,True
9837,tt0120794,The Prince of Egypt,The Prince of Egypt,en,Released,70000000.0,218613188.0,148613188,212.30455428571426,13.4071,False,7.324,4426,6.580597645148193,True,151,99,The power is real. The story is forever. The time is now.,True,False,Adventure,Animation,4,"Adventure, Animation, Drama, Family","egypt, moses, kingdom, pyramid, exodus, bible, musical, governance, ancient egypt, nostalgic",1998-12-16,1998.0,12.0,16.0,4.0,True,False,33,Val Kilmer,2.0,Ralph Fiennes,Michelle Pfeiffer,Sandra Bullock,"Val Kilmer, Ralph Fiennes, Michelle Pfeiffer, Sandra Bullock, Jeff Goldblum",Brenda Chapman,3,Philip LaZebnik,Penney Finkelman Cox,47,DreamWorks Pictures,2,1,US,2,he,True,True,True
438148,tt5113044,Minions: The Rise of Gru,Minions: The Rise of Gru,en,Released,85000000.0,940203765.0,855203765,1006.1220764705884,16.1467,False,7.261,4172,6.483923801369863,True,163,87,A villain will rise.,True,True,Animation,Comedy,5,"Animation, Comedy, Science Fiction, Crime, Family","1970s, villain, sequel, prequel, spin off, duringcreditsstinger, supervillain, 3d animation, amused, derisive",2022-06-29,2022.0,6.0,29.0,2.0,True,False,55,Steve Carell,2.0,Pierre Coffin,Alan Arkin,Taraji P. Henson,"Steve Carell, Pierre Coffin, Alan Arkin, Taraji P. Henson, Michelle Yeoh",Kyle Balda,1,Brian Lynch,Janet Healy,60,Universal Pictures,2,1,US,1,en,True,True,True
46578,tt0078960,The Great American Girl Robbery,The Great American Girl Robbery,en,Released,,,0,,11.4525,False,4.2,17,0.13810444874274663,True,175,87,Take them away for a weekend… then try and let them go!,True,False,Comedy,Crime,3,"Comedy, Crime, Thriller","kidnapping, striptease, cheerleader, cop, spors, lesbian nurse",1979-09-01,1979.0,9.0,1.0,3.0,True,False,36,Kristine DeBell,1.0,Jason Williams,Wyatt Johnson,Wally Ann Wharton,"Kristine DeBell, Jason Williams, Wyatt Johnson, Wally Ann Wharton, Janet Blythe",Jeff Werner,1,D.W. Gilbert,Chuck Russell,30,Independent,0,1,US,1,en,True,True,True
9738,tt0120667,Fantastic Four,Fantastic Four,en,Released,100000000.0,333535934.0,233535934,233.535934,16.8856,False,5.81,10206,5.538656827946945,True,353,106,4 times the action. 4 times the adventure. 4 times the fantastic.,True,False,Action,Fantasy,3,"Action, Fantasy, Science Fiction","mask, friendship, marriage proposal, fire, sibling relationship, flying, radiation, missile, superhero, dna",2005-06-29,2005.0,6.0,29.0,2.0,True,False,103,Ioan Gruffudd,2.0,Jessica Alba,Chris Evans,Michael Chiklis,"Ioan Gruffudd, Jessica Alba, Chris Evans, Michael Chiklis, Julian McMahon",Tim Story,1,Jack Kirby,Bernd Eichinger,328,Kumar Mobiliengesellschaft & Company Projekt Nr. 3,6,2,DE,1,en,True,True,True
1414413,tt32394984,Brothers Under Fire,Brothers Under Fire,en,Released,,,0,,16.1294,False,5.681,47,0.48812979890310787,True,229,99,He never planned to fight. But he refuses to fall.,True,False,Action,Thriller,4,"Action, Thriller, Mystery, Drama","mexico, survival, military, cartel, action",2026-04-15,2026.0,4.0,15.0,2.0,True,False,11,Kiefer Sutherland,2.0,Tommy Martinez,Ashton Sanders,Solly McLeod,"Kiefer Sutherland, Tommy Martinez, Ashton Sanders, Solly McLeod, Laura Osma",Justin Chadwick,1,Delbert Hancock,Griff Furst,12,Highland Film Group,2,1,US,1,en,True,True,False
460465,tt0293429,Mortal Kombat,Mortal Kombat,en,Released,20000000.0,84426031.0,64426031,322.130155,15.6197,False,7.038,7034,6.570917440934431,True,269,110,Get over here,True,True,Action,Fantasy,3,"Action, Fantasy, Adventure","martial arts, saving the world, magic, ninja fighter, gore, god, alternate dimension, shaolin monk, fighting, based on video game",2021-04-07,2021.0,4.0,7.0,2.0,True,False,32,Lewis Tan,2.0,Jessica McNamee,Mehcad Brooks,Josh Lawson,"Lewis Tan, Jessica McNamee, Mehcad Brooks, Josh Lawson, Ludi Lin",Simon McQuoid,1,Greg Russo,Todd Garner,285,Atomic Monster,3,1,US,3,ja,True,True,True
6477,tt0952640,Alvin and the Chipmunks,Alvin and the Chipmunks,en,Released,60000000.0,361366633.0,301366633,502.27772166666665,15.4945,False,5.84,4825,5.291643192488263,True,183,92,The original entourage.,True,True,Comedy,Family,4,"Comedy, Family, Fantasy, Animation","friendship, concert, pop star, approach, pop, record producer, surprise, forest, anthropomorphism, chipmunk",2007-12-13,2007.0,12.0,13.0,4.0,True,False,47,Jason Lee,2.0,David Cross,Cameron Richardson,Jane Lynch,"Jason Lee, David Cross, Cameron Richardson, Jane Lynch, Justin Long",Tim Hill,1,Ross Bagdasarian,Janice Karman,75,Fox 2000 Pictures,5,1,US,4,en,True,True,True
14139,tt0480669,Timecrimes,Los cronocrímenes,es,Released,2600000.0,553198.0,-2046802,-78.72315384615385,13.2465,False,7.024,1525,5.28967901234568,True,174,93,A trip back in time from the present to...,True,False,Science Fiction,Thriller,2,"Science Fiction, Thriller","scissors, time travel, radio, surrealism, bicycle, woods, car accident, scientist, machine, binoculars",2007-11-01,2007.0,11.0,1.0,4.0,True,False,8,Karra Elejalde,2.0,Candela Fernández,Bárbara Goenaga,Nacho Vigalondo,"Karra Elejalde, Candela Fernández, Bárbara Goenaga, Nacho Vigalondo, Juan Inciarte",Nacho Vigalondo,1,Nacho Vigalondo,Javier Ibarretxe,58,Arsénico Producciones,5,1,ES,1,es,True,True,False
1087891,tt0899043,The Amateur,The Amateur,en,Released,60000000.0,96000836.0,36000836,60.00139333333333,13.328,False,6.92,1772,5.397112676056338,True,207,123,Don't underestimate him.,True,True,Thriller,Action,2,"Thriller, Action","central intelligence agency (cia), based on novel or book, escape, blackmail, revenge, agent, government assassin, government cover-up, government conspiracy, death of wife",2025-04-09,2025.0,4.0,9.0,2.0,True,False,40,Rami Malek,2.0,Holt McCallany,Danny Sapani,Rachel Brosnahan,"Rami Malek, Holt McCallany, Danny Sapani, Rachel Brosnahan, Michael Stuhlbarg",James Hawes,1,Robert Littell,Hutch Parker,39,20th Century Studios,4,1,US,6,en,True,True,False
335797,tt3470600,Sing,Sing,en,Released,75000000.0,634151679.0,559151679,745.535572,14.6067,False,7.123,8577,6.730634681062026,True,124,108,Auditions begin.,True,True,Animation,Comedy,4,"Animation, Comedy, Family, Music","musical, anthropomorphism, singing, animals, flood, singing competition, talking animal, 3d animation, jukebox musical, amused",2016-11-23,2016.0,11.0,23.0,4.0,True,False,61,Matthew McConaughey,2.0,Reese Witherspoon,Seth MacFarlane,Scarlett Johansson,"Matthew McConaughey, Reese Witherspoon, Seth MacFarlane, Scarlett Johansson, John C. Reilly",Garth Jennings,1,Garth Jennings,Janet Healy,170,Illumination,1,1,US,1,en,True,True,True
1263532,tt32358025,Beast Race,Corrida dos Bichos,pt,Released,,,0,,16.9023,False,7.017,116,1.321383116883117,True,143,124,,False,True,Action,Science Fiction,3,"Action, Science Fiction, Thriller","bet, dystopia, post-apocalyptic future, parkour, game, dark future, running race, social inequality, futuro distópico, dying race",2026-03-17,2026.0,3.0,17.0,1.0,True,False,31,Matheus Abreu,2.0,Rodrigo Santoro,Isis Valverde,Thainá Duarte,"Matheus Abreu, Rodrigo Santoro, Isis Valverde, Thainá Duarte, Bruno Gagliasso",Fernando Meirelles,3,Rodrigo Lages,Andrea Barata Ribeiro,30,O2 Filmes,1,1,BR,1,pt,True,True,False
420818,tt6105098,The Lion King,The Lion King,en,Released,260000000.0,1662020819.0,1402020819,539.2387765384616,16.5568,False,7.091,10895,6.779854760860027,True,466,118,The king has returned.,True,True,Adventure,Drama,4,"Adventure, Drama, Family, Animation","africa, lion, prince, redemption, musical, uncle, remake, grief, king, family",2019-07-12,2019.0,7.0,12.0,3.0,True,False,20,Chiwetel Ejiofor,2.0,John Oliver,Donald Glover,James Earl Jones,"Chiwetel Ejiofor, John Oliver, Donald Glover, James Earl Jones, John Kani",Jon Favreau,1,Jeff Nathanson,Jon Favreau,72,Walt Disney Pictures,2,1,US,1,en,True,True,True
19404,tt0112870,Dilwale Dulhania Le Jayenge,दिलवाले दुल्हनिया ले जायेंगे,hi,Released,13200000.0,100000000.0,86800000,657.5757575757576,15.4375,False,8.504,4621,7.673693419254051,True,385,190,"Come… fall In love, all over again…",True,False,Comedy,Drama,3,"Comedy, Drama, Romance","family's daily life, family history, love-hate relationship, family drama, love affair, lighthearted",1995-10-20,1995.0,10.0,20.0,4.0,True,False,26,Kajol,1.0,Shah Rukh Khan,Amrish Puri,Farida Jalal,"Kajol, Shah Rukh Khan, Amrish Puri, Farida Jalal, Anupam Kher",Aditya Chopra,1,Anand Bakshi,Yash Chopra,33,Yash Raj Films,1,1,IN,1,hi,True,True,False
293167,tt3731562,Kong: Skull Island,Kong: Skull Island,en,Released,185000000.0,566652812.0,381652812,206.29881729729732,14.6646,False,6.559,11337,6.281945002956831,True,145,118,All hail the king.,True,True,Action,Adventure,3,"Action, Adventure, Fantasy","vietnam veteran, island, monster, 1970s, expedition, giant monster, giant spider, creature, spin off, u.s. soldier",2017-03-08,2017.0,3.0,8.0,1.0,True,False,40,Tom Hiddleston,2.0,Samuel L. Jackson,John Goodman,Brie Larson,"Tom Hiddleston, Samuel L. Jackson, John Goodman, Brie Larson, Jing Tian",Jordan Vogt-Roberts,1,Max Borenstein,Thomas Tull,198,Legendary Pictures,2,2,CN,2,en,True,True,True
353081,tt4912910,Mission: Impossible - Fallout,Mission: Impossible - Fallout,en,Released,178000000.0,824171374.0,646171374,363.0176258426966,15.718,False,7.5,9366,7.119906750456112,True,318,147,Some missions are not a choice.,True,False,Action,Adventure,2,"Action, Adventure","mask, race against time, london, england, central intelligence agency (cia), helicopter, paris, france, chase, gun, spy, countdown",2018-07-25,2018.0,7.0,25.0,3.0,True,False,53,Tom Cruise,2.0,Henry Cavill,Ving Rhames,Simon Pegg,"Tom Cruise, Henry Cavill, Ving Rhames, Simon Pegg, Rebecca Ferguson",Christopher McQuarrie,1,Bruce Geller,J.J. Abrams,252,Paramount Pictures,4,1,US,2,en,True,True,True
463570,tt1868046,Lisbon-Province,Lisboa-Província,pt,Released,,,0,,14.1036,False,5.0,2,0.0199203187250996,True,412,20,,False,False,Drama,None,1,Drama,"nurse, lisbon, portugal, nursing home, woman director",2010-06-26,2010.0,6.0,26.0,2.0,True,False,3,Brites da Conceição Borralho,0.0,Susana Nobre,Maria do Céu Nobre,None,"Brites da Conceição Borralho, Susana Nobre, Maria do Céu Nobre",Susana Nobre,1,Unknown,João Matos,9,Terratreme,1,1,PT,1,pt,True,False,False
335787,tt1464335,Uncharted,Uncharted,en,Released,120000000.0,407141258.0,287141258,239.2843816666667,14.2414,False,6.872,7144,6.422497121925693,True,227,116,Fortune favors the bold.,True,True,Action,Adventure,3,"Action, Adventure, Mystery","lighter, treasure hunt, treasure map, based on video game, lost treasure, duringcreditsstinger, missing relative",2022-02-10,2022.0,2.0,10.0,1.0,True,False,32,Tom Holland,2.0,Mark Wahlberg,Sophia Ali,Tati Gabrielle,"Tom Holland, Mark Wahlberg, Sophia Ali, Tati Gabrielle, Antonio Banderas",Ruben Fleischer,1,Jon Hanley Rosenberg,Charles Roven,501,Columbia Pictures,4,1,US,2,es,True,True,True
1366,tt0075148,Rocky,Rocky,en,Released,1000000.0,117253345.0,116253345,11625.334499999999,13.5692,False,7.799,8884,7.383452259164536,True,284,120,His whole life was a million-to-one shot.,True,True,Drama,None,1,Drama,"underdog, philadelphia, pennsylvania, transporter, love of one's life, italian american, sports, fight, independence, publicity, boxer",1976-12-03,1976.0,12.0,3.0,4.0,True,False,48,Sylvester Stallone,2.0,Talia Shire,Burt Young,Carl Weathers,"Sylvester Stallone, Talia Shire, Burt Young, Carl Weathers, Burgess Meredith",John G. Avildsen,1,Sylvester Stallone,Irwin Winkler,35,Winkler Films,1,1,US,3,en,True,True,True
1263337,tt7526136,Heart of the Beast,Heart of the Beast,en,Post Production,,,0,,18.0469,False,0.0,0,0.0,True,231,101,Survival depends on their bond.,True,True,Adventure,Thriller,2,"Adventure, Thriller","alaska, dog, special forces, military, american wilderness, man vs nature, plane crash, survival thriller, extreme conditions",2026-09-19,2026.0,9.0,19.0,3.0,False,False,4,Brad Pitt,2.0,Uber,J.K. Simmons,Anna Lambe,"Brad Pitt, Uber, J.K. Simmons, Anna Lambe",David Ayer,1,Cameron Alexander,David Ayer,38,Paramount Pictures,6,1,US,1,en,True,True,False
282035,tt2345759,The Mummy,The Mummy,en,Released,125000000.0,409231607.0,284231607,227.3852856,15.0891,False,5.521,7782,5.187686790630282,True,256,110,Welcome to a new world of gods and monsters.,True,True,Fantasy,Thriller,5,"Fantasy, Thriller, Action, Adventure, Horror","egypt, monster, supernatural, mummy, halloween, remake, tomb, egyptian mythology, dark universe",2017-06-06,2017.0,6.0,6.0,2.0,True,False,51,Tom Cruise,2.0,Annabelle Wallis,Sofia Boutella,Jake Johnson,"Tom Cruise, Annabelle Wallis, Sofia Boutella, Jake Johnson, Courtney B. Vance",Alex Kurtzman,1,Jenny Lumet,Sean Daniel,156,Secret Hideout,4,1,US,2,en,True,True,False
279117,tt0076628,Nest of Vipers,Ritratto di borghesia in nero,it,Released,,27182.0,27182,,15.7695,False,5.0,13,0.1267056530214425,True,234,105,The story of an obsessed love...and the three destinies shaped by it.,True,False,Drama,Romance,2,"Drama, Romance","venice, italy, fascism, love, incest",1978-03-03,1978.0,3.0,3.0,1.0,True,False,16,Ornella Muti,1.0,Senta Berger,Capucine,Christian Borromeo,"Ornella Muti, Senta Berger, Capucine, Christian Borromeo, Stefano Patrizi",Tonino Cervi,1,Tonino Cervi,Piero La Mantia,39,Mars Film Produzione,1,1,IT,1,it,True,True,False
1064213,tt28607951,Anora,Anora,en,Released,6000000.0,56286295.0,50286295,838.1049166666667,15.6597,False,7.1,3431,6.196921902823709,True,244,139,Love is a hustle.,True,True,Drama,Comedy,3,"Drama, Comedy, Romance","new year's eve, new york city, marriage, boardwalk, baptism, strip club, coney island, female protagonist, mansion, class differences",2024-10-14,2024.0,10.0,14.0,4.0,True,False,33,Mikey Madison,1.0,Mark Eydelshteyn,Yura Borisov,Karren Karagulian,"Mikey Madison, Mark Eydelshteyn, Yura Borisov, Karren Karagulian, Vache Tovmasyan",Sean Baker,1,Sean Baker,Alex Coco,115,Cre Film,2,1,US,3,en,True,True,False
1545621,tt39123115,Detective Conan: Fallen Angel of the Highway,名探偵コナン ハイウェイの堕天使,ja,Released,,,0,,15.3122,False,7.4,21,0.29827255278310943,True,339,109,The goddess of the wind vs the fallen angel,True,False,Animation,Action,4,"Animation, Action, Mystery, Crime","detective, based on manga, motorcycle, motorcycle chase, shounen, anime, police pursuit, motorcycle cop, casual, kanagawa, japan",2026-04-10,2026.0,4.0,10.0,2.0,True,False,16,Minami Takayama,1.0,Wakana Yamazaki,Rikiya Koyama,Megumi Hayashibara,"Minami Takayama, Wakana Yamazaki, Rikiya Koyama, Megumi Hayashibara, Miyuki Sawashiro",Takahiro Hasui,1,Gosho Aoyama,Shuho Kondo,274,TMS Entertainment,6,1,JP,1,ja,True,True,True
309775,tt3826790,Down the River,Axınla aşağı,az,Released,,,0,,15.3996,False,8.5,2,0.03386454183266932,True,395,90,,False,False,Drama,None,1,Drama,,2014-12-19,2014.0,12.0,19.0,4.0,True,False,11,Namig Aghayev,2.0,Mehriban Zaki,Aleksandra Andreyevska,Elmin Imamverdiyev,"Namig Aghayev, Mehriban Zaki, Aleksandra Andreyevska, Elmin Imamverdiyev, Teymur Mammadov",Asif Rustamov,1,Otar Pertakhia,Mushfig Hatamov,7,Azerbaijanfilm,1,1,AZ,2,az,True,False,False
1330021,tt33100314,Remarkably Bright Creatures,Remarkably Bright Creatures,en,Released,,,0,,17.5289,False,8.421,904,5.422068376068376,True,176,114,Brighter together.,True,True,Drama,Mystery,2,"Drama, Mystery","aquarium, octopus, british columbia, washington, loss of child, based on young adult novel, adoring, fictional town",2026-05-07,2026.0,5.0,7.0,2.0,True,False,33,Sally Field,1.0,Lewis Pullman,Colm Meaney,Alfred Molina,"Sally Field, Lewis Pullman, Colm Meaney, Alfred Molina, Joan Chen",Olivia Newman,1,Shelby Van Pelt,David Levine,130,Anonymous Content,2,1,US,1,en,True,True,False
425909,tt4513678,Ghostbusters: Afterlife,Ghostbusters: Afterlife,en,Released,75000000.0,204445747.0,129445747,172.59432933333335,15.8801,False,7.306,5323,6.678660140820884,True,212,124,Discover the past. Save the future.,True,True,Fantasy,Comedy,3,"Fantasy, Comedy, Adventure","small town, afterlife, ghostbuster, nostalgia, sequel, ghost, nostalgic, aftercreditsstinger, duringcreditsstinger, dead grandfather",2021-11-18,2021.0,11.0,18.0,4.0,True,False,34,Mckenna Grace,1.0,Finn Wolfhard,Carrie Coon,Paul Rudd,"Mckenna Grace, Finn Wolfhard, Carrie Coon, Paul Rudd, Logan Kim",Jason Reitman,1,Dan Aykroyd,Patrice Avery,92,Columbia Pictures,4,2,CA,1,en,True,True,True
581,tt0099348,Dances with Wolves,Dances with Wolves,en,Released,22000000.0,424208848.0,402208848,1828.2220363636363,14.4994,False,7.841,4821,7.104202405562865,True,238,181,Inside everyone is a frontier waiting to be discovered.,True,False,Adventure,Drama,3,"Adventure, Drama, Western","friendship, mutiny, countryside, based on novel or book, unsociability, wolf, culture clash, self-discovery, freedom, desertion",1990-11-09,1990.0,11.0,9.0,4.0,True,False,52,Kevin Costner,2.0,Mary McDonnell,Graham Greene,Rodney A. Grant,"Kevin Costner, Mary McDonnell, Graham Greene, Rodney A. Grant, Floyd 'Red Crow' Westerman",Kevin Costner,1,Michael Blake,Jim Wilson,152,Tig Productions,3,2,GB,1,en,True,True,False
82702,tt1646971,How to Train Your Dragon 2,How to Train Your Dragon 2,en,Released,145000000.0,621537519.0,476537519,328.6465648275862,13.9753,False,7.685,10664,7.340813328556073,True,532,102,Training is over. The adventure begins.,True,True,Fantasy,Action,5,"Fantasy, Action, Adventure, Animation, Family","rescue, husband wife relationship, sacrifice, parent child relationship, loss of loved one, villain, melancholy, vikings (norsemen), sequel, dragon",2014-06-05,2014.0,6.0,5.0,2.0,True,False,17,Jay Baruchel,2.0,Cate Blanchett,Gerard Butler,Craig Ferguson,"Jay Baruchel, Cate Blanchett, Gerard Butler, Craig Ferguson, America Ferrera",Dean DeBlois,1,Dean DeBlois,Bonnie Arnold,254,DreamWorks Animation,1,1,US,1,en,True,True,True
137,tt0107048,Groundhog Day,Groundhog Day,en,Released,14600000.0,71108778.0,56508778,387.04642465753426,16.0869,False,7.636,9154,7.240516262689041,True,218,101,He’s having the worst day of his life… Over and over again.,True,True,Romance,Fantasy,3,"Romance, Fantasy, Comedy","deja vu, groundhog, weather forecast, telecaster, pennsylvania, usa, alarm clock, winter, time warp, holiday, time loop",1993-02-11,1993.0,2.0,11.0,1.0,True,False,50,Bill Murray,2.0,Andie MacDowell,Chris Elliott,Stephen Tobolowsky,"Bill Murray, Andie MacDowell, Chris Elliott, Stephen Tobolowsky, Brian Doyle-Murray",Harold Ramis,1,Danny Rubin,Trevor Albert,63,Columbia Pictures,1,1,US,3,en,True,True,False
115,tt0118715,The Big Lebowski,The Big Lebowski,en,Released,15000000.0,47010480.0,32010480,213.4032,15.4018,False,7.835,12474,7.533049946045938,True,321,117,Times like these call for a Big Lebowski.,True,False,Comedy,Crime,2,"Comedy, Crime","vietnam veteran, white russian, bowling, carpet, nihilism, heart attack, kidnapping, lsd, marijuana, los angeles, california",1998-03-06,1998.0,3.0,6.0,1.0,True,False,43,Jeff Bridges,2.0,John Goodman,Julianne Moore,Steve Buscemi,"Jeff Bridges, John Goodman, Julianne Moore, Steve Buscemi, David Huddleston",Joel Coen,2,Ethan Coen,Ethan Coen,130,PolyGram Filmed Entertainment,2,2,GB,4,en,True,True,False
1122030,tt28363783,Alpha,अल्फा,hi,Released,10500000.0,1856084.0,-8643916,-82.32300952380952,14.6018,False,4.783,23,0.21034225621414918,True,263,141,,False,True,Action,Thriller,2,"Action, Thriller","female spy, raw agent",2026-07-02,2026.0,7.0,2.0,3.0,True,False,21,Alia Bhatt,1.0,Sharvari,Bobby Deol,Anil Kapoor,"Alia Bhatt, Sharvari, Bobby Deol, Anil Kapoor, Dibyendu Bhattacharya",Shiv Rawail,1,Soumil Shukla,Aditya Chopra,32,Yash Raj Films,1,1,IN,2,hi,True,True,False
88,tt0092890,Dirty Dancing,Dirty Dancing,en,Released,6000000.0,214577242.0,208577242,3476.2873666666665,13.3498,False,7.32,6656,6.808541084404695,True,234,100,First dance. First love. The time of your life.,True,True,Drama,Music,3,"Drama, Music, Romance","hotel, daughter, dancing, secret love, robbery, sibling relationship, summer camp, dancing master, mambo, dance performance",1987-08-21,1987.0,8.0,21.0,3.0,True,False,40,Jennifer Grey,1.0,Patrick Swayze,Jerry Orbach,Cynthia Rhodes,"Jennifer Grey, Patrick Swayze, Jerry Orbach, Cynthia Rhodes, Jack Weston",Emile Ardolino,1,Eleanor Bergstein,Linda Gottlieb,146,Great American Films Limited Partnership,2,1,US,1,en,True,True,True
293670,tt5215952,The Wailing,곡성,ko,Released,10951000.0,49851770.0,38900770,355.22573280978906,15.1157,False,7.382,2153,5.990744817188089,True,198,156,Never be tempted.,True,False,Horror,Mystery,2,"Horror, Mystery","daughter, small town, police, investigation, exorcism, possession, murder, priest, rural area, curse",2016-05-12,2016.0,5.0,12.0,2.0,True,False,33,Kwak Do-won,2.0,Hwang Jung-min,Chun Woo-hee,Jun Kunimura,"Kwak Do-won, Hwang Jung-min, Chun Woo-hee, Jun Kunimura, Kim Hwan-hee",Na Hong-jin,1,Na Hong-jin,Lim Min-sub,47,Fox International Productions,4,2,KR,2,ko,True,True,False
600,tt0093058,Full Metal Jacket,Full Metal Jacket,en,Released,30000000.0,46357676.0,16357676,54.52558666666667,15.4153,False,8.119,11743,7.787422772196357,True,180,117,"In Vietnam, the wind doesn't blow. It sucks.",True,True,Drama,War,2,"Drama, War","rescue, sniper, vietnam war, suicide, vietnam, helicopter, army, prostitute, based on novel or book, propaganda",1987-06-26,1987.0,6.0,26.0,2.0,True,False,109,Matthew Modine,2.0,Adam Baldwin,Vincent D'Onofrio,R. Lee Ermey,"Matthew Modine, Adam Baldwin, Vincent D'Onofrio, R. Lee Ermey, Dorian Harewood",Stanley Kubrick,1,Michael Herr,Stanley Kubrick,42,Natant,3,2,GB,2,en,True,True,False
15512,tt0892782,Monsters vs Aliens,Monsters vs Aliens,en,Released,175000000.0,381509870.0,206509870,118.00564,14.2601,False,6.265,5120,5.70761565836299,True,333,94,Saving the day the monster way.,True,True,Animation,Family,4,"Animation, Family, Adventure, Science Fiction","monster, villain, alien, giant robot, aftercreditsstinger, duringcreditsstinger, 3d animation, 3d, witty",2009-03-19,2009.0,3.0,19.0,1.0,True,False,27,Reese Witherspoon,1.0,Seth Rogen,Hugh Laurie,Rainn Wilson,"Reese Witherspoon, Seth Rogen, Hugh Laurie, Rainn Wilson, Will Arnett",Rob Letterman,2,Wallace Wolodarsky,Lisa Stewart,50,DreamWorks Animation,1,1,US,1,en,True,True,False
43347,tt0758752,Love & Other Drugs,Love & Other Drugs,en,Released,30000000.0,102800000.0,72800000,242.66666666666669,15.2904,False,7.0,5714,6.436755712906341,True,386,112,Addicted to one-night stands or dependent on one another?,True,False,Drama,Comedy,3,"Drama, Comedy, Romance","letter, sexual freedom, love, viagra, free spirit, parkinson's disease, pills",2010-11-22,2010.0,11.0,22.0,4.0,True,False,84,Jake Gyllenhaal,2.0,Anne Hathaway,Oliver Platt,Hank Azaria,"Jake Gyllenhaal, Anne Hathaway, Oliver Platt, Hank Azaria, Josh Gad",Edward Zwick,1,Charles Randolph,Edward Zwick,83,Fox 2000 Pictures,6,1,US,1,en,True,True,False
50014,tt1454029,The Help,The Help,en,Released,25000000.0,216600000.0,191600000,766.4,15.2327,False,8.205,9265,7.7848771121351765,True,635,146,Change begins with a whisper.,True,False,Drama,None,1,Drama,"based on novel or book, mississippi river, exploitation, racial segregation, racism, writer, maid, moral courage, ressentiment, southern belle",2011-08-09,2011.0,8.0,9.0,3.0,True,False,55,Emma Stone,1.0,Viola Davis,Bryce Dallas Howard,Octavia Spencer,"Emma Stone, Viola Davis, Bryce Dallas Howard, Octavia Spencer, Jessica Chastain",Tate Taylor,1,Tate Taylor,Chris Columbus,67,1492 Pictures,2,1,US,1,en,True,True,False
505026,tt7657566,Death on the Nile,Death on the Nile,en,Released,90000000.0,137307235.0,47307235,52.56359444444444,14.3897,False,6.406,4353,5.7459958788378325,True,203,127,Murder was just the beginning.,True,True,Mystery,Crime,3,"Mystery, Crime, Thriller","egypt, based on novel or book, detective, honeymoon, nile, sequel, remake, mysterious, murder mystery, 1930s",2022-02-09,2022.0,2.0,9.0,1.0,True,False,52,Kenneth Branagh,2.0,Tom Bateman,Annette Bening,Russell Brand,"Kenneth Branagh, Tom Bateman, Annette Bening, Russell Brand, Ali Fazal",Kenneth Branagh,1,Agatha Christie,Judy Hofflund,84,Genre Films,4,1,US,3,en,True,True,True
1151031,tt32246771,Bring Her Back,Bring Her Back,en,Released,15000000.0,39410222.0,24410222,162.73481333333334,14.107,False,7.336,1924,5.8227986798679865,True,150,104,Family requires sacrifices.,True,True,Horror,None,1,Horror,"sibling relationship, ritual, supernatural, death of father, grief, death, death of daughter, angry, aggressive, folk horror",2025-05-19,2025.0,5.0,19.0,2.0,True,False,34,Billy Barratt,2.0,Sally Hawkins,Mischa Heywood,Jonah Wren Phillips,"Billy Barratt, Sally Hawkins, Mischa Heywood, Jonah Wren Phillips, Stephen Phillips",Michael Philippou,2,Danny Philippou,Samantha Jennings,154,Causeway Films,5,2,AU,1,en,True,True,False
13475,tt0796366,Star Trek,Star Trek,en,Released,150000000.0,386839614.0,236839614,157.893076,14.3837,False,7.437,10714,7.10540556447298,True,454,127,The future begins.,True,True,Science Fiction,Action,3,"Science Fiction, Action, Adventure","spacecraft, teleportation, san francisco, california, space battle, time travel, space mission, parachute, black hole, supernova, prequel",2009-05-06,2009.0,5.0,6.0,2.0,True,False,178,Chris Pine,2.0,Zachary Quinto,Leonard Nimoy,Eric Bana,"Chris Pine, Zachary Quinto, Leonard Nimoy, Eric Bana, Bruce Greenwood",J.J. Abrams,1,Alex Kurtzman,Damon Lindelof,421,Paramount Pictures,3,1,US,1,en,True,True,True
302946,tt2140479,The Accountant,The Accountant,en,Released,44000000.0,155160045.0,111160045,252.6364659090909,14.3227,False,7.141,7575,6.698832817337461,True,139,128,Calculate your choices.,True,True,Crime,Thriller,3,"Crime, Thriller, Drama","prison, sniper, assassin, autism, military service, money, treasury department, sniper rifle, gunfight, loner",2016-10-13,2016.0,10.0,13.0,4.0,True,False,61,Ben Affleck,2.0,Anna Kendrick,J.K. Simmons,Jon Bernthal,"Ben Affleck, Anna Kendrick, J.K. Simmons, Jon Bernthal, Jeffrey Tambor",Gavin O'Connor,1,Bill Dubuque,Lynette Howell Taylor,163,Zero Gravity Management,4,1,US,1,en,True,True,True
7485,tt0822854,Shooter,Shooter,en,Released,61000000.0,95700000.0,34700000,56.88524590163935,14.9596,False,7.13,5618,6.547293233082706,True,577,124,Yesterday was about honor. Today is about justice.,True,True,Drama,Action,3,"Drama, Action, Thriller","philadelphia, pennsylvania, assassination, usa president, based on novel or book, widow, fbi, ethiopia, on the run, conspiracy, dog",2007-03-22,2007.0,3.0,22.0,1.0,True,False,40,Mark Wahlberg,2.0,Michael Peña,Danny Glover,Kate Mara,"Mark Wahlberg, Michael Peña, Danny Glover, Kate Mara, Elias Koteas",Antoine Fuqua,1,Stephen Hunter,Lorenzo di Bonaventura,31,Paramount Pictures,3,1,US,1,en,True,True,False
1214931,tt29567915,Nuremberg,Nuremberg,en,Released,11800000.0,37009109.0,25209109,213.63651694915254,14.6848,False,7.61,1406,5.613672612801679,True,229,149,Judgment is coming.,True,True,History,Drama,2,"History, Drama","based on novel or book, world war ii, nuremberg trials, based on true story, nuremberg, germany, post world war ii, historical drama, 1940s, desperate, arrogant",2025-11-06,2025.0,11.0,6.0,4.0,True,False,64,Rami Malek,2.0,Russell Crowe,Michael Shannon,Leo Woodall,"Rami Malek, Russell Crowe, Michael Shannon, Leo Woodall, John Slattery",James Vanderbilt,1,Jack El-Hai,James Vanderbilt,160,Bluestone Entertainment,5,2,US,2,en,True,True,False
56292,tt1229238,Mission: Impossible - Ghost Protocol,Mission: Impossible - Ghost Protocol,en,Released,145000000.0,694713380.0,549713380,379.11267586206895,15.6892,False,7.116,10997,6.806527963816648,True,523,133,No plan. No backup. No choice.,True,False,Action,Thriller,3,"Action, Thriller, Adventure","mask, assassin, budapest, hungary, skyscraper, secret intelligence service, sandstorm, seattle, washington, satellite, fake identity, mumbai (bombay), india",2011-12-07,2011.0,12.0,7.0,4.0,True,False,58,Tom Cruise,2.0,Paula Patton,Simon Pegg,Jeremy Renner,"Tom Cruise, Paula Patton, Simon Pegg, Jeremy Renner, Michael Nyqvist",Brad Bird,1,Bruce Geller,J.J. Abrams,141,Paramount Pictures,4,1,US,5,en,True,True,True
524047,tt7737786,Greenland,Greenland,en,Released,34000000.0,52300000.0,18300000,53.8235294117647,13.0973,False,7.121,5526,6.5301437105874545,True,412,120,It's the end of the world as we know it.,True,True,Thriller,Action,3,"Thriller, Action, Science Fiction","husband wife relationship, panic, kidnapping, looting, natural disaster, state of emergency, comet, end of the world, meteorite, disaster",2020-07-29,2020.0,7.0,29.0,3.0,True,False,49,Gerard Butler,2.0,Morena Baccarin,David Denman,Hope Davis,"Gerard Butler, Morena Baccarin, David Denman, Hope Davis, Roger Dale Floyd",Ric Roman Waugh,1,Chris Sparling,Alan Siegel,128,STXfilms,5,2,GB,3,en,True,True,True
9297,tt0385880,Monster House,Monster House,en,Released,75000000.0,140175006.0,65175006,86.900008,14.8796,False,6.711,4447,6.03271012734991,True,213,91,There goes the neighborhood.,True,True,Animation,Comedy,5,"Animation, Comedy, Family, Fantasy, Horror","mission, monster, halloween, haunted house, neighbor, curious, motion capture, kids, creepy house, 3d animation",2006-06-30,2006.0,6.0,30.0,2.0,True,False,39,Mitchel Musso,2.0,Sam Lerner,Spencer Locke,Steve Buscemi,"Mitchel Musso, Sam Lerner, Spencer Locke, Steve Buscemi, Maggie Gyllenhaal",Gil Kenan,1,Dan Harmon,Jack Rapke,109,ImageMovers,2,1,US,1,en,True,True,False
8358,tt0162222,Cast Away,Cast Away,en,Released,90000000.0,429632142.0,339632142,377.3690466666667,15.141,False,7.668,12538,7.373936493327198,True,338,143,"At the edge of the world, his journey begins.",True,False,Adventure,Drama,2,"Adventure, Drama","exotic island, suicide attempt, volleyball, survival, remarriage, loneliness, castaway, airplane crash, presumed dead, deserted island",2000-12-22,2000.0,12.0,22.0,4.0,True,False,49,Tom Hanks,2.0,Helen Hunt,Nick Searcy,Jenifer Lewis,"Tom Hanks, Helen Hunt, Nick Searcy, Jenifer Lewis, Geoffrey Blake",Robert Zemeckis,1,William Broyles Jr.,Tom Hanks,175,20th Century Fox,3,1,US,2,ru,True,True,False
41630,tt1411238,No Strings Attached,No Strings Attached,en,Released,25000000.0,149200000.0,124200000,496.8,15.976,False,6.297,5073,5.732043961959447,True,222,107,Friendship has its benefits.,True,True,Comedy,Romance,2,"Comedy, Romance","parent child relationship, casual meeting, sexual humor, student of medicine, friends, open relationship, best friend, valentine's day, casual sex, friends in love",2011-01-21,2011.0,1.0,21.0,1.0,True,False,59,Natalie Portman,1.0,Ashton Kutcher,Kevin Kline,Cary Elwes,"Natalie Portman, Ashton Kutcher, Kevin Kline, Cary Elwes, Greta Gerwig",Ivan Reitman,1,Michael Samonek,Joe Medjuck,96,Katalyst Films,3,1,US,1,en,True,True,False
447277,tt5971474,The Little Mermaid,The Little Mermaid,en,Released,297000000.0,569626289.0,272626289,91.7933632996633,17.0872,False,6.253,3408,5.452974411463665,True,415,135,Be a part of her world.,True,True,Adventure,Family,4,"Adventure, Family, Fantasy, Romance","witch, mermaid, musical, based on fairy tale, live action remake, adoring",2023-05-18,2023.0,5.0,18.0,2.0,True,False,98,Halle Bailey,1.0,Jonah Hauer-King,Melissa McCarthy,Javier Bardem,"Halle Bailey, Jonah Hauer-King, Melissa McCarthy, Javier Bardem, Noma Dumezweni",Rob Marshall,1,Ron Clements,Lin-Manuel Miranda,90,Walt Disney Pictures,3,1,US,1,en,True,True,False
787,tt0356910,Mr. & Mrs. Smith,Mr. & Mrs. Smith,en,Released,110000000.0,487287646.0,377287646,342.98876909090905,14.3631,False,6.695,11488,6.415762429095762,True,187,120,'Til death do us part.,True,False,Action,Comedy,4,"Action, Comedy, Drama, Thriller","assassin, bomb, hitman, marriage crisis, gun, secret identity, married couple, assault rifle, marriage, decoy",2005-06-07,2005.0,6.0,7.0,2.0,True,False,101,Angelina Jolie,1.0,Brad Pitt,Vince Vaughn,Adam Brody,"Angelina Jolie, Brad Pitt, Vince Vaughn, Adam Brody, Kerry Washington",Doug Liman,1,Simon Kinberg,Arnon Milchan,330,Regency Enterprises,5,2,US,2,en,True,True,False
83389,tt1798188,From Up on Poppy Hill,コクリコ坂から,ja,Released,22000000.0,61037844.0,39037844,177.44474545454545,15.0312,False,7.516,1991,6.007368928141308,True,460,91,,False,True,Animation,Drama,2,"Animation, Drama","high school, students' movement, romance, based on manga, period drama, teenage love, dead father, clubhouse, post war japan, 1960s",2011-07-16,2011.0,7.0,16.0,3.0,True,False,70,Masami Nagasawa,1.0,Junichi Okada,Keiko Takeshita,Yuriko Ishida,"Masami Nagasawa, Junichi Okada, Keiko Takeshita, Yuriko Ishida, Rumi Hiiragi",Goro Miyazaki,1,Keiko Niwa,Toshio Suzuki,118,Studio Ghibli,7,1,JP,1,ja,True,True,False
452244,,La Leçon,La Leçon,fr,Released,,,0,,14.665,False,0.0,0,0.0,True,212,15,,False,False,Drama,Comedy,2,"Drama, Comedy",,2016-08-01,2016.0,8.0,1.0,3.0,True,False,3,Cléa Eden,1.0,Arnaud Huguenin,Bruno Joly,None,"Cléa Eden, Arnaud Huguenin, Bruno Joly",Tristan Aymon,1,Unknown,Unknown,7,Terrain Vague,1,1,CH,1,fr,True,False,False
1212934,tt30441926,Olmo,Olmo,en,Released,,,0,,16.2755,False,0.0,0,0.0,True,150,84,,False,True,Comedy,Drama,2,"Comedy, Drama","coming of age, house party, teenage boy, 1980s, multiple sclerosis",2026-08-07,2026.0,8.0,7.0,3.0,True,False,6,Aivan Uttapa,2.0,Gustavo Sánchez Parra,Diego Olmedo,Andrea Suarez Paz,"Aivan Uttapa, Gustavo Sánchez Parra, Diego Olmedo, Andrea Suarez Paz, Rosa Armendariz",Fernando Eimbcke,1,Vanesa Garnica,Michel Franco,24,Plan B Entertainment,2,2,MX,2,en,True,True,False
330459,tt3748528,Rogue One: A Star Wars Story,Rogue One: A Star Wars Story,en,Released,200000000.0,1056057273.0,856057273,428.0286365,15.6302,False,7.51,16743,7.292230470335788,True,121,133,Empires are built on fear. Rebellions are built on hope.,True,True,Action,Adventure,3,"Action, Adventure, Science Fiction","rebellion, spacecraft, rebel, space battle, space travel, prequel, female protagonist, space western, suicide mission, robot",2016-12-14,2016.0,12.0,14.0,4.0,True,False,172,Felicity Jones,1.0,Diego Luna,Alan Tudyk,Donnie Yen,"Felicity Jones, Diego Luna, Alan Tudyk, Donnie Yen, Jiang Wen",Gareth Edwards,1,Chris Weitz,Simon Emanuel,191,Lucasfilm Ltd.,1,1,US,1,en,True,True,False
11836,tt0345950,The SpongeBob SquarePants Movie,The SpongeBob SquarePants Movie,en,Released,30000000.0,141067890.0,111067890,370.2263,16.535,False,7.108,3301,6.172982899237042,True,373,87,Hero. Legend. Sponge.,True,False,Adventure,Animation,5,"Adventure, Animation, Comedy, Family, Fantasy","princess, sea, ocean, falsely accused, mermaid, villain, crown, based on cartoon, squid, crab",2004-11-19,2004.0,11.0,19.0,4.0,True,False,47,Tom Kenny,2.0,Clancy Brown,Rodger Bumpass,Bill Fagerbakke,"Tom Kenny, Clancy Brown, Rodger Bumpass, Bill Fagerbakke, Mr. Lawrence",Stephen Hillenburg,1,Stephen Hillenburg,Julia Pistor,78,Paramount Pictures,4,1,US,1,en,True,True,True
1813,tt0118971,The Devil's Advocate,The Devil's Advocate,en,Released,57000000.0,153000000.0,96000000,168.42105263157893,14.6114,False,7.482,7026,6.984923199574808,True,196,144,The newest attorney at the world's most powerful law firm has never lost a case. But he's about to lose his soul.,True,False,Horror,Drama,3,"Horror, Drama, Mystery","child abuse, southern usa, marriage crisis, obsession, bible, seduction, hallucination, devil's son, ambition, pact with the devil",1997-10-17,1997.0,10.0,17.0,4.0,True,False,87,Keanu Reeves,2.0,Al Pacino,Charlize Theron,Jeffrey Jones,"Keanu Reeves, Al Pacino, Charlize Theron, Jeffrey Jones, Judith Ivey",Taylor Hackford,1,Andrew Neiderman,Arnold Kopelson,129,Monarchy Enterprises B.V.,6,2,DE,6,cn,True,True,False
1084577,tt26735622,Balls Up,Balls Up,en,Released,,,0,,14.9125,False,5.82,331,2.3181949458483757,True,294,104,Their survival takes a big pair.,True,True,Comedy,Action,3,"Comedy, Action, Adventure","world cup, football (soccer), brazil",2026-04-15,2026.0,4.0,15.0,2.0,True,False,61,Mark Wahlberg,2.0,Paul Walter Hauser,Sacha Baron Cohen,Benjamin Bratt,"Mark Wahlberg, Paul Walter Hauser, Sacha Baron Cohen, Benjamin Bratt, Luciano Szafir",Peter Farrelly,1,Paul Wernick,Rhett Reese,99,Skydance Media,3,1,US,1,en,True,True,False
1284046,tt32268691,Onslaught,Onslaught,en,Released,15000000.0,3097067.0,-11902933,-79.35288666666666,15.7464,False,6.1,21,0.24587332053742803,True,156,92,They unleashed their deadliest weapon on us.,True,True,Action,Horror,3,"Action, Horror, Thriller","gore, serial killer, super soldier, mercilessness, slasher, soldier, survival horror, military, government conspiracy, child protection",2026-09-02,2026.0,9.0,2.0,3.0,True,False,35,Adria Arjona,1.0,Dan Stevens,Eric Wareheim,Reginald VelJohnson,"Adria Arjona, Dan Stevens, Eric Wareheim, Reginald VelJohnson, Michael Biehn",Adam Wingard,1,Simon Barrett,Alexander Black,43,A24,5,1,US,1,en,True,True,False
4922,tt0421715,The Curious Case of Benjamin Button,The Curious Case of Benjamin Button,en,Released,150000000.0,335802786.0,185802786,123.868524,13.4596,False,7.603,14017,7.341134600812841,True,457,166,"Life isn't measured in minutes, but in moments.",True,True,Drama,Fantasy,3,"Drama, Fantasy, Romance","new york city, navy, funeral, boat, diary, tea, great depression, travel, hospital, historical fiction",2008-12-25,2008.0,12.0,25.0,4.0,True,False,110,Brad Pitt,2.0,Cate Blanchett,Taraji P. Henson,Julia Ormond,"Brad Pitt, Cate Blanchett, Taraji P. Henson, Julia Ormond, Jason Flemyng",David Fincher,1,Eric Roth,Ceán Chaffin,446,Paramount Pictures,3,1,US,1,en,True,True,False
645710,tt11235772,The Voyeurs,The Voyeurs,en,Released,,,0,,14.9823,False,6.5,1274,4.667981961668546,True,336,117,How far will you go for one more look?,True,True,Thriller,None,1,Thriller,"infidelity, sexual obsession, espionage, photographer, eroticism, manipulation, seduction, montreal, canada, fashion photographer, sexual fantasy",2021-08-25,2021.0,8.0,25.0,3.0,True,False,30,Sydney Sweeney,1.0,Justice Smith,Ben Hardy,Natasha Liu Bordizzo,"Sydney Sweeney, Justice Smith, Ben Hardy, Natasha Liu Bordizzo, Katharine King So",Michael Mohan,1,Michael Mohan,Greg Gilreath,188,Divide / Conquer,1,1,US,4,en,True,True,False
979,tt0290673,Irreversible,Irréversible,fr,Released,3500000.0,6500000.0,3000000,85.71428571428571,14.7912,False,7.168,3427,6.255344028520499,True,267,97,Time destroys everything.,True,False,Drama,Thriller,3,"Drama, Thriller, Crime","prostitute, rape, paris, france, police, nihilism, homophobia, homicide, insanity, heroin, celibacy",2002-05-22,2002.0,5.0,22.0,2.0,True,False,19,Monica Bellucci,1.0,Vincent Cassel,Albert Dupontel,Jo Prestia,"Monica Bellucci, Vincent Cassel, Albert Dupontel, Jo Prestia, Philippe Nahon",Gaspar Noé,1,Gaspar Noé,Christophe Rossignon,39,Wild Bunch,7,1,FR,4,en,True,True,False
63,tt0114746,Twelve Monkeys,Twelve Monkeys,en,Released,29000000.0,168841459.0,139841459,482.2119275862069,15.2302,False,7.613,9379,7.227687721429295,True,536,129,The future is history.,True,False,Science Fiction,Thriller,3,"Science Fiction, Thriller, Mystery","biological weapon, philadelphia, pennsylvania, schizophrenia, stockholm syndrome, airplane, world war i, underground, insanity, asylum, paranoia",1995-12-29,1995.0,12.0,29.0,4.0,True,False,68,Bruce Willis,2.0,Madeleine Stowe,Brad Pitt,Christopher Plummer,"Bruce Willis, Madeleine Stowe, Brad Pitt, Christopher Plummer, David Morse",Terry Gilliam,1,Janet Peoples,Charles Roven,183,Universal Pictures,4,1,US,2,en,True,True,False
1233575,tt30988739,Black Bag,Black Bag,en,Released,50000000.0,43887905.0,-6112095,-12.22419,14.9736,False,6.382,1372,4.677405982905983,True,198,94,It takes a spy to hunt a spy.,True,True,Drama,Mystery,3,"Drama, Mystery, Thriller","london, england, husband wife relationship, spy, zurich, marriage, suspicion, dinner, intelligence officer, calm, polygraph",2025-03-12,2025.0,3.0,12.0,1.0,True,False,19,Cate Blanchett,1.0,Michael Fassbender,Tom Burke,Marisa Abela,"Cate Blanchett, Michael Fassbender, Tom Burke, Marisa Abela, Regé-Jean Page",Steven Soderbergh,1,David Koepp,Gregory Jacobs,108,Casey Silver Productions,1,1,US,1,en,True,True,False
1233575,tt30988739,Black Bag,Black Bag,en,Released,50000000.0,43887905.0,-6112095,-12.22419,14.9736,False,6.382,1372,4.677405982905983,True,198,94,It takes a spy to hunt a spy.,True,True,Drama,Mystery,3,"Drama, Mystery, Thriller","london, england, husband wife relationship, spy, zurich, marriage, suspicion, dinner, intelligence officer, calm, polygraph",2025-03-12,2025.0,3.0,12.0,1.0,True,False,19,Cate Blanchett,1.0,Michael Fassbender,Tom Burke,Marisa Abela,"Cate Blanchett, Michael Fassbender, Tom Burke, Marisa Abela, Regé-Jean Page",Steven Soderbergh,1,David Koepp,Gregory Jacobs,108,Casey Silver Productions,1,1,US,1,en,True,True,False
257344,tt2120120,Pixels,Pixels,en,Released,88000000.0,244874809.0,156874809,178.26682840909092,15.3395,False,5.787,8190,5.454031070195627,True,115,106,Play for the planet.,True,True,Action,Comedy,5,"Action, Comedy, Science Fiction, Adventure, Fantasy","new york city, london, england, usa president, washington dc, usa, video game, nerd, alien, gamer, single mother, alien invasion",2015-07-16,2015.0,7.0,16.0,3.0,True,False,80,Adam Sandler,2.0,Kevin James,Michelle Monaghan,Peter Dinklage,"Adam Sandler, Kevin James, Michelle Monaghan, Peter Dinklage, Josh Gad",Chris Columbus,1,Tim Herlihy,Mark Radcliffe,161,Columbia Pictures,6,4,CN,1,en,True,True,False
1637,tt0111257,Speed,Speed,en,Released,30000000.0,350448145.0,320448145,1068.1604833333333,13.253,False,7.161,7049,6.686698768048748,True,164,116,Get ready for rush hour.,True,True,Action,Thriller,2,"Action, Thriller","s.w.a.t., bomber, bus bomb, los angeles, california, falling elevator, bomb planting, lapd, trapped in an elevator, subway train, bomb explosion",1994-06-09,1994.0,6.0,9.0,2.0,True,False,59,Keanu Reeves,2.0,Dennis Hopper,Sandra Bullock,Joe Morton,"Keanu Reeves, Dennis Hopper, Sandra Bullock, Joe Morton, Jeff Daniels",Jan de Bont,1,Graham Yost,Mark Gordon,163,20th Century Fox,2,1,US,1,en,True,True,True
335977,tt1462764,Indiana Jones and the Dial of Destiny,Indiana Jones and the Dial of Destiny,en,Released,294700000.0,383963057.0,89263057,30.289466236851037,15.1331,False,6.496,4346,5.8257565002063565,True,349,155,A legend will face his destiny.,True,True,Adventure,Action,2,"Adventure, Action","melancholy, treasure hunt, ancient rome, sequel, flashback, knife fight, archaeologist, adventurer, 1960s, nazi germany",2023-06-25,2023.0,6.0,25.0,2.0,True,False,82,Harrison Ford,2.0,Phoebe Waller-Bridge,Mads Mikkelsen,Boyd Holbrook,"Harrison Ford, Phoebe Waller-Bridge, Mads Mikkelsen, Boyd Holbrook, Olivier Richters",James Mangold,1,Philip Kaufman,Simon Emanuel,209,Lucasfilm Ltd.,1,1,US,5,ar,True,True,True
96721,tt1979320,Rush,Rush,en,Released,38000000.0,90200000.0,52200000,137.3684210526316,14.473,False,7.743,8031,7.289184503575196,True,145,123,Everyone's driven by something.,True,False,Drama,Action,2,"Drama, Action","car race, sports, world champion, based on true story, racing, adventurer, formula one (f1), ambivalent, compassionate, exhilarated",2013-09-02,2013.0,9.0,2.0,3.0,True,False,81,Chris Hemsworth,2.0,Daniel Brühl,Olivia Wilde,Alexandra Maria Lara,"Chris Hemsworth, Daniel Brühl, Olivia Wilde, Alexandra Maria Lara, Pierfrancesco Favino",Ron Howard,1,Peter Morgan,Ron Howard,68,Revolution Films,3,2,GB,4,en,True,True,False
225886,tt1956620,Sex Tape,Sex Tape,en,Released,40000000.0,126069509.0,86069509,215.17377249999998,14.2618,False,5.405,4278,4.839386772708246,True,685,94,A movie about a movie they don't want you to see.,True,False,Comedy,None,1,Comedy,"marriage, internet, relationship, family, sex tape",2014-07-17,2014.0,7.0,17.0,3.0,True,False,33,Cameron Diaz,1.0,Jason Segel,Rob Corddry,Ellie Kemper,"Cameron Diaz, Jason Segel, Rob Corddry, Ellie Kemper, Rob Lowe",Jake Kasdan,1,Jason Segel,Todd Black,56,Escape Artists,4,1,US,1,en,True,True,False
1315303,tt33028778,Primate,Primate,en,Released,21000000.0,41235665.0,20235665,96.36030952380953,17.1265,False,6.5,877,4.139796659404502,True,280,89,Something's wrong with Ben.,True,True,Horror,Thriller,2,"Horror, Thriller","hawaii, pet, chimpanzee, animal attack, gore, survival, monkey, survival horror, rabies, primate",2026-01-01,2026.0,1.0,1.0,1.0,True,False,17,Johnny Sequoyah,1.0,Jessica Alexander,Troy Kotsur,Victoria Wyant,"Johnny Sequoyah, Jessica Alexander, Troy Kotsur, Victoria Wyant, Gia Hunter",Johannes Roberts,1,Ernest Riera,John Hodges,108,18Hz Productions,3,1,US,1,en,True,True,False
607,tt0119654,Men in Black,Men in Black,en,Released,90000000.0,589390539.0,499390539,554.8783766666667,14.7501,False,7.229,15168,6.998306867500638,True,388,98,Protecting the Earth from the scum of the universe.,True,True,Action,Adventure,4,"Action, Adventure, Comedy, Science Fiction","new york city, cannon, space marine, flying saucer, undercover, secret identity, superhero, deportation, illegal immigration, new identity",1997-07-02,1997.0,7.0,2.0,3.0,True,False,65,Tommy Lee Jones,2.0,Will Smith,Linda Fiorentino,Vincent D'Onofrio,"Tommy Lee Jones, Will Smith, Linda Fiorentino, Vincent D'Onofrio, Rip Torn",Barry Sonnenfeld,1,Lowell Cunningham,Walter F. Parkes,337,Columbia Pictures,3,1,US,2,en,True,True,True
27578,tt1320253,The Expendables,The Expendables,en,Released,80000000.0,274470394.0,194470394,243.0879925,14.9377,False,6.252,8461,5.903155005021761,True,488,103,Choose your weapon.,True,True,Thriller,Adventure,3,"Thriller, Adventure, Action","rescue, sniper, island, martial arts, tattoo, escape, mercenary, bridge, church, drugs",2010-08-07,2010.0,8.0,7.0,3.0,True,False,52,Sylvester Stallone,2.0,Jason Statham,Jet Li,Dolph Lundgren,"Sylvester Stallone, Jason Statham, Jet Li, Dolph Lundgren, Eric Roberts",Sylvester Stallone,1,David Callaham,Kevin King Templeton,195,Nimar Studios,5,3,US,2,en,True,True,True
404368,tt5848272,Ralph Breaks the Internet,Ralph Breaks the Internet,en,Released,175000000.0,529323962.0,354323962,202.47083542857146,14.183,False,7.153,8267,6.745049731949355,True,440,112,Who broke the internet?,True,True,Action,Adventure,6,"Action, Adventure, Animation, Comedy, Family, Science Fiction","video game, cartoon, sequel, internet, lethal virus, aftercreditsstinger, duringcreditsstinger, online gaming, 3d animation, joyous",2018-11-20,2018.0,11.0,20.0,4.0,True,False,80,John C. Reilly,2.0,Sarah Silverman,Gal Gadot,Taraji P. Henson,"John C. Reilly, Sarah Silverman, Gal Gadot, Taraji P. Henson, Jack McBrayer",Phil Johnston,2,Phil Johnston,Clark Spencer,55,Walt Disney Animation Studios,1,1,US,1,en,True,True,True
163,tt0349903,Ocean's Twelve,Ocean's Twelve,en,Released,110000000.0,362744280.0,252744280,229.76752727272728,15.3325,False,6.566,8116,6.184964716805942,True,524,125,Twelve is the new eleven.,True,True,Thriller,Crime,2,"Thriller, Crime","paris, france, rome, italy, amsterdam, netherlands, competition, ex-girlfriend, stolen money, master thief, sequel, heist, caper",2004-12-09,2004.0,12.0,9.0,4.0,True,False,83,George Clooney,2.0,Julia Roberts,Brad Pitt,Matt Damon,"George Clooney, Julia Roberts, Brad Pitt, Matt Damon, Catherine Zeta-Jones",Steven Soderbergh,1,Enfys Dickinson,Jerry Weintraub,191,Warner Bros. Pictures,4,1,US,5,fr,True,True,True
254,tt0360717,King Kong,King Kong,en,Released,207000000.0,562363449.0,355363449,171.67316376811596,14.6332,False,6.902,8713,6.527420601324216,True,216,188,The eighth wonder of the world.,True,False,Adventure,Drama,3,"Adventure, Drama, Action","new york city, exotic island, movie business, show business, human animal relationship, great depression, giant insect, remake, prehistoric creature, dinosaur",2005-12-12,2005.0,12.0,12.0,4.0,True,False,51,Naomi Watts,1.0,Adrien Brody,Jack Black,Andy Serkis,"Naomi Watts, Adrien Brody, Jack Black, Andy Serkis, Colin Hanks",Peter Jackson,1,Philippa Boyens,Jan Blenkin,261,Universal Pictures,4,3,US,1,en,True,True,False
760104,tt13560574,X,X,en,Released,1000000.0,14745049.0,13745049,1374.5049,15.9149,False,6.709,4122,5.983231934227607,True,196,106,Dying to show you a good time.,True,True,Horror,None,1,Horror,"van, pornography, sheriff, war veteran, gas station, shotgun, 1970s, texas, alligator, porn star",2022-03-17,2022.0,3.0,17.0,1.0,True,False,14,Mia Goth,1.0,Jenna Ortega,Brittany Snow,Kid Cudi,"Mia Goth, Jenna Ortega, Brittany Snow, Kid Cudi, Martin Henderson",Ti West,1,Ti West,Ti West,141,A24,2,1,US,1,en,True,True,True
1576586,,"Cannabis, un paradoxe français","Cannabis, un paradoxe français",fr,Released,,,0,,11.0234,False,0.0,0,0.0,False,0,0,,False,False,Documentary,None,1,Documentary,"france, cannabis, marijuana, legalization, medical marijuana, repression, marijuana legalization, medicinal cannabis, documentary, law",2025-03-01,2025.0,3.0,1.0,1.0,True,False,0,Unknown,,None,None,None,,Ali Watani,1,Ali Watani,Unknown,2,Galaxie Presse,2,1,FR,1,fr,True,True,False
329,tt0107290,Jurassic Park,Jurassic Park,en,Released,63000000.0,1058454230.0,995454230,1580.0860793650793,15.2233,False,7.976,18328,7.764187805396218,True,348,127,An adventure 65 million years in the making.,True,True,Adventure,Science Fiction,2,"Adventure, Science Fiction","exotic island, island, triceratops, brontosaurus, electric fence, dna, tyrannosaurus rex, paleontology, dinosaur, amusement park",1993-06-11,1993.0,6.0,11.0,2.0,True,False,22,Sam Neill,2.0,Laura Dern,Jeff Goldblum,Richard Attenborough,"Sam Neill, Laura Dern, Jeff Goldblum, Richard Attenborough, Bob Peck",Steven Spielberg,1,Michael Crichton,Kathleen Kennedy,184,Universal Pictures,2,1,US,2,en,True,True,True
967,tt0054331,Spartacus,Spartacus,en,Released,12000000.0,60000000.0,48000000,400.0,13.1958,False,7.539,2449,6.260770091556459,True,446,197,They trained him to kill for their pleasure ... but they trained him a little too well,True,False,History,Drama,3,"History, Drama, Adventure","gladiator, roman empire, gladiator fight, slavery, insurgence, ancient rome, historical fiction, torture, ancient world, slave",1960-10-13,1960.0,10.0,13.0,4.0,True,False,118,Kirk Douglas,2.0,Laurence Olivier,Jean Simmons,Charles Laughton,"Kirk Douglas, Laurence Olivier, Jean Simmons, Charles Laughton, Peter Ustinov",Stanley Kubrick,1,Howard Fast,Edward Lewis,53,Bryna Productions,2,1,US,1,en,True,True,False
4011,tt0094721,Beetlejuice,Beetlejuice,en,Released,15000000.0,84554197.0,69554197,463.6946466666667,13.4339,False,7.4,8665,6.996290234588107,True,129,92,In this house... if you've seen one ghost... you haven't seen them all.,True,False,Fantasy,Comedy,2,"Fantasy, Comedy","skeleton, afterlife, calypso, supernatural, arts, halloween, haunted house, minister, possession, giant snake",1988-03-30,1988.0,3.0,30.0,1.0,True,False,30,Alec Baldwin,2.0,Geena Davis,Winona Ryder,Catherine O'Hara,"Alec Baldwin, Geena Davis, Winona Ryder, Catherine O'Hara, Jeffrey Jones",Tim Burton,1,Michael McDowell,Michael Bender,88,Geffen Pictures,2,1,US,1,en,True,True,True
812583,tt14364480,Wake Up Dead Man: A Knives Out Mystery,Wake Up Dead Man: A Knives Out Mystery,en,Released,210000000.0,4000000.0,-206000000,-98.09523809523809,15.0088,False,7.21,2855,6.13548435171386,True,377,145,He works in mysterious ways.,True,True,Thriller,Mystery,3,"Thriller, Mystery, Comedy","dark comedy, sequel, whodunit, murder investigation, murder mystery, upstate new york, web of lies, mystery thriller, hidden motives, clue‑based deduction",2025-11-26,2025.0,11.0,26.0,4.0,True,False,36,Daniel Craig,2.0,Josh O'Connor,Glenn Close,Josh Brolin,"Daniel Craig, Josh O'Connor, Glenn Close, Josh Brolin, Mila Kunis",Rian Johnson,1,Rian Johnson,Rian Johnson,120,T-Street,1,1,US,1,en,True,True,True
619979,tt2180339,Deep Water,Deep Water,en,Released,49000000.0,,-49000000,-100.0,13.7355,False,5.83,1710,4.510995475113122,True,144,116,The love story is never the whole story.,True,True,Drama,Mystery,3,"Drama, Mystery, Thriller","infidelity, jealousy, based on novel or book, marriage, dysfunctional marriage, murder, cuckold, jealous husband, erotic thriller, unfaithful wife",2022-03-17,2022.0,3.0,17.0,1.0,True,False,33,Ben Affleck,2.0,Ana de Armas,Tracy Letts,Lil Rel Howery,"Ben Affleck, Ana de Armas, Tracy Letts, Lil Rel Howery, Dash Mihok",Adrian Lyne,1,Zach Helm,Benjamin Forkner,77,New Regency Pictures,4,1,US,1,en,True,True,False
150689,tt1661199,Cinderella,Cinderella,en,Released,95000000.0,543514353.0,448514353,472.1203715789474,15.9584,False,6.825,7507,6.3988104158861,True,228,105,Midnight is just the beginning.,True,True,Romance,Fantasy,4,"Romance, Fantasy, Family, Drama","magic, kingdom, fairy tale, prince, royalty, orphan, cruelty, lost shoe, evil stepmother, based on fairy tale",2015-03-06,2015.0,3.0,6.0,1.0,True,False,51,Lily James,1.0,Cate Blanchett,Richard Madden,Stellan Skarsgård,"Lily James, Cate Blanchett, Richard Madden, Stellan Skarsgård, Holliday Grainger",Kenneth Branagh,1,Charles Perrault,Simon Kinberg,106,Walt Disney Pictures,4,2,GB,1,en,True,True,False
9693,tt0206634,Children of Men,Children of Men,en,Released,76000000.0,70595464.0,-5404536,-7.111231578947369,13.7595,False,7.614,8103,7.17147994885505,True,238,109,The year 2027: the last days of the human race. No child has been born for 18 years. He must protect our only hope.,True,True,Science Fiction,Thriller,3,"Science Fiction, Thriller, Action","future, government, police state, based on novel or book, hippie, england, faith, chaos, refugee camp, rebel",2006-09-22,2006.0,9.0,22.0,3.0,True,False,79,Clive Owen,2.0,Clare-Hope Ashitey,Chiwetel Ejiofor,Julianne Moore,"Clive Owen, Clare-Hope Ashitey, Chiwetel Ejiofor, Julianne Moore, Michael Caine",Alfonso Cuarón,1,David Arata,Marc Abraham,379,Universal Pictures,3,2,GB,1,en,True,True,False
1408208,tt35222590,Exit 8,８番出口,ja,Released,1400000.0,43892680.0,42492680,3035.191428571429,13.33,False,7.0,781,4.26775956284153,True,386,95,Turn back.,True,True,Horror,Mystery,3,"Horror, Mystery, Thriller","exit, based on video game, found footage, station, anomaly, cautionary, introspective, psychological, liminal, metro",2025-08-03,2025.0,8.0,3.0,3.0,True,False,10,Kazunari Ninomiya,2.0,Yamato Kochi,Naru Asanuma,Kotone Hanase,"Kazunari Ninomiya, Yamato Kochi, Naru Asanuma, Kotone Hanase, Nana Komatsu",Genki Kawamura,1,Kotake Create,Minami Ichikawa,40,TOHO,8,1,JP,2,ja,True,True,False
1497463,tt37284855,All That We Never Were,Todo lo que nunca fuimos,es,Released,,,0,,15.1384,False,8.16,97,1.325829145728643,True,267,0,,False,False,Drama,Romance,2,"Drama, Romance","based on novel or book, grief, detached, romantic drama, romantic",2026-06-04,2026.0,6.0,4.0,2.0,True,False,18,Margarida Corceiro,1.0,Maxi Iglesias,Natalia Rodríguez,Sebastián Zurita,"Margarida Corceiro, Maxi Iglesias, Natalia Rodríguez, Sebastián Zurita, Adriana Hormigos",Jorge Alonso,1,Sara Belloso,Unknown,4,Versus Entertainment,6,2,ES,1,es,True,True,False
399579,tt0437086,Alita: Battle Angel,Alita: Battle Angel,en,Released,170000000.0,405000000.0,235000000,138.23529411764704,13.9933,False,7.275,10368,6.940301803459698,True,262,122,"​""I do not stand by in the presence of evil.""",True,True,Action,Science Fiction,3,"Action, Science Fiction, Adventure","martial arts, bounty hunter, strong woman, dystopia, extreme sports, superhero, cyberpunk, transhumanism, based on manga, female cyborg",2019-01-31,2019.0,1.0,31.0,1.0,True,False,48,Rosa Salazar,1.0,Christoph Waltz,Jennifer Connelly,Mahershala Ali,"Rosa Salazar, Christoph Waltz, Jennifer Connelly, Mahershala Ali, Ed Skrein",Robert Rodriguez,1,Yukito Kishiro,James Cameron,172,Troublemaker Studios,4,1,US,2,en,True,True,False
268,tt0096895,Batman,Batman,en,Released,35000000.0,411348924.0,376348924,1075.28264,14.5919,False,7.234,8783,6.844363029193149,True,428,126,Justice is always darkest before the dawn.,True,False,Fantasy,Action,3,"Fantasy, Action, Crime","dual identity, double life, chemical, crime fighter, superhero, villain, based on comic, vigilante, mobster, organized crime",1989-06-21,1989.0,6.0,21.0,2.0,True,False,62,Michael Keaton,2.0,Jack Nicholson,Kim Basinger,Robert Wuhl,"Michael Keaton, Jack Nicholson, Kim Basinger, Robert Wuhl, Pat Hingle",Tim Burton,1,Bob Kane,Peter Guber,136,Warner Bros. Pictures,3,1,US,2,en,True,True,True
1567937,tt38775487,V,空枪,cn,Released,,,0,,13.2558,False,5.667,6,0.06719762845849801,True,667,160,,False,False,Drama,Crime,2,"Drama, Crime",based on true story,2026-08-19,2026.0,8.0,19.0,3.0,True,False,18,Zhu Yilong,2.0,Tan Jianci,Tony Leung Ka-fai,Michelle Wai Si-Nga,"Zhu Yilong, Tan Jianci, Tony Leung Ka-fai, Michelle Wai Si-Nga, Kara Wai Ying-Hung",Han Yan,1,Chen Shu,Unknown,8,广东珠影影视制作有限公司,4,2,CN,2,zh,True,True,False
882209,,Terrorist Command,Comando Terrorista,es,Released,,,0,,14.1381,False,6.0,1,0.011976047904191617,True,76,89,,False,False,Action,Thriller,2,"Action, Thriller","mexico, terrorism, terrorist attack, police force",1992-10-08,1992.0,10.0,8.0,4.0,True,False,10,Roberto 'El Flaco' Guzmán,2.0,Hugo Stiglitz,Gabriela Goldsmith,Juan Carlos Barreto,"Roberto 'El Flaco' Guzmán, Hugo Stiglitz, Gabriela Goldsmith, Juan Carlos Barreto, Consuelo Duval",Alejandro Todd,1,Unknown,Unknown,4,Cinelite Producciones,1,1,MX,1,es,True,False,False
19994,tt1131734,Jennifer's Body,Jennifer's Body,en,Released,16000000.0,31556061.0,15556061,97.22538125,19.0863,False,6.0,4395,5.387129724208376,True,206,107,She's evil... and not just high school evil.,True,True,Horror,Comedy,2,"Horror, Comedy","high school, minnesota, halloween, possession, slumber party, gore, sexual murder, teenage girl, demon, rock band",2009-09-18,2009.0,9.0,18.0,3.0,True,False,46,Megan Fox,1.0,Amanda Seyfried,Johnny Simmons,Adam Brody,"Megan Fox, Amanda Seyfried, Johnny Simmons, Adam Brody, Sal Cortez",Karyn Kusama,1,Diablo Cody,Daniel Dubiecki,132,Fox Atomic,3,1,US,2,es,True,True,False
28528,tt0049291,The Harder They Fall,The Harder They Fall,en,Released,,1350000.0,1350000,,13.6515,False,7.2,158,1.72887537993921,True,696,109,"No Punches Pulled! If you thought ""On The Waterfront"" hit hard... wait till you see this one!",True,False,Drama,None,1,Drama,"boxer, pride, tall man, fixed fight, corrupt system, press agent, broken jaw, boxing",1956-05-08,1956.0,5.0,8.0,2.0,True,False,120,Humphrey Bogart,2.0,Rod Steiger,Jan Sterling,Mike Lane,"Humphrey Bogart, Rod Steiger, Jan Sterling, Mike Lane, Max Baer",Mark Robson,1,Philip Yordan,Philip Yordan,15,Columbia Pictures,1,1,US,2,es,True,True,False
35,tt0462538,The Simpsons Movie,The Simpsons Movie,en,Released,75000000.0,527068851.0,452068851,602.758468,15.4899,False,7.024,8716,6.642923611111112,True,152,87,See our family. And feel better about yours.,True,True,Animation,Comedy,3,"Animation, Comedy, Family","garbage, pollution, quarantine, environmental protection agency, parent child relationship, villain, dysfunctional family, dysfunctional marriage, alaska, fugitive",2007-07-25,2007.0,7.0,25.0,3.0,True,False,19,Dan Castellaneta,2.0,Julie Kavner,Nancy Cartwright,Yeardley Smith,"Dan Castellaneta, Julie Kavner, Nancy Cartwright, Yeardley Smith, Hank Azaria",David Silverman,1,Al Jean,Richard Sakai,124,Gracie Films,2,1,US,1,en,True,True,True
10585,tt0094862,Child's Play,Child's Play,en,Released,9000000.0,44196684.0,35196684,391.0742666666667,14.8371,False,6.766,3466,5.9129994957135645,True,180,87,You'll wish it was only make-believe.,True,False,Horror,None,1,Horror,"chicago, illinois, birthday, gun, voodoo, stalker, evil doll, murder, killer doll, serial killer, slasher",1988-11-09,1988.0,11.0,9.0,4.0,True,False,29,Alex Vincent,2.0,Catherine Hicks,Brad Dourif,Chris Sarandon,"Alex Vincent, Catherine Hicks, Brad Dourif, Chris Sarandon, Dinah Manoff",Tom Holland,1,Tom Holland,David Kirschner,89,United Artists,2,1,US,1,en,True,True,True
507089,tt4589218,Five Nights at Freddy's,Five Nights at Freddy's,en,Released,20000000.0,297242145.0,277242145,1386.210725,14.0407,False,7.277,5182,6.636644491376277,True,248,110,Can you survive five nights?,True,True,Horror,Thriller,2,"Horror, Thriller","night shift, child murder, restaurant, custody battle, child in peril, security guard, based on video game, evil child, duringcreditsstinger, troubled past",2023-10-25,2023.0,10.0,25.0,4.0,True,False,34,Josh Hutcherson,2.0,Piper Rubio,Elizabeth Lail,Matthew Lillard,"Josh Hutcherson, Piper Rubio, Elizabeth Lail, Matthew Lillard, Mary Stuart Masterson",Emma Tammi,1,Scott Cawthon,Scott Cawthon,255,Blumhouse Productions,2,1,US,1,en,True,True,True
1441228,tt39108319,Irumudi,ఇరుముడి,te,Released,,,0,,14.9986,False,6.6,18,0.22934362934362934,True,192,152,,False,False,Drama,Family,3,"Drama, Family, Action","hindu god, father daughter relationship, devotional film, rural village",2026-08-20,2026.0,8.0,20.0,3.0,True,False,12,Ravi Teja,2.0,Nakshathra C M,Priya Bhavani Shankar,Sai Kumar,"Ravi Teja, Nakshathra C M, Priya Bhavani Shankar, Sai Kumar, Ajay Ghosh",Shiva Nirvana,1,Shiva Nirvana,Naveen Yerneni,27,Mythri Movie Makers,1,1,IN,1,te,True,True,False
889737,tt11315808,Joker: Folie à Deux,Joker: Folie à Deux,en,Released,190000000.0,207500287.0,17500287,9.210677368421052,13.4553,False,5.403,3059,4.643938465861196,True,143,138,The world is a stage.,True,True,Drama,Crime,3,"Drama, Crime, Thriller","based on comic, sequel, madness, mental health, super villain, 1980s, prisoner abuse, dark romance, jukebox musical, corrupt officials",2024-10-01,2024.0,10.0,1.0,4.0,True,False,62,Joaquin Phoenix,2.0,Lady Gaga,Brendan Gleeson,Catherine Keener,"Joaquin Phoenix, Lady Gaga, Brendan Gleeson, Catherine Keener, Zazie Beetz",Todd Phillips,1,Bill Finger,Joseph Garner,178,Warner Bros. Pictures,3,1,US,1,en,True,True,True
563,tt0120201,Starship Troopers,Starship Troopers,en,Released,105000000.0,121214377.0,16214377,15.44226380952381,12.9662,False,7.119,5699,6.544794482981126,True,315,129,A new kind of enemy. A new kind of war.,True,False,Adventure,Action,4,"Adventure, Action, Thriller, Science Fiction","spacecraft, space marine, army, moon, based on novel or book, asteroid, intelligence, dystopia, buenos aires, argentina, space battle",1997-11-07,1997.0,11.0,7.0,4.0,True,False,90,Casper Van Dien,2.0,Dina Meyer,Denise Richards,Jake Busey,"Casper Van Dien, Dina Meyer, Denise Richards, Jake Busey, Neil Patrick Harris",Paul Verhoeven,1,Edward Neumeier,Jon Davison,454,TriStar Pictures,4,1,US,1,en,True,True,True
4108,tt0293662,The Transporter,The Transporter,en,Released,21000000.0,43900000.0,22900000,109.04761904761904,13.9424,False,6.731,5992,6.212592729513247,True,430,92,Rules are made to be broken.,True,False,Action,Crime,3,"Action, Crime, Thriller","martial arts, transporter, france, human trafficking, organized crime, police chase, gunfight, explosion, young woman, getaway driver",2002-10-02,2002.0,10.0,2.0,4.0,True,False,26,Jason Statham,2.0,Shu Qi,François Berléand,Matt Schulze,"Jason Statham, Shu Qi, François Berléand, Matt Schulze, Ric Young",Corey Yuen,2,Luc Besson,Luc Besson,155,TF1 Films Production,4,2,US,3,en,True,True,True
1086747,tt26736843,The Watchers,The Watchers,en,Released,30000000.0,51147812.0,21147812,70.49270666666668,13.1622,False,6.349,1717,4.917110058637799,True,204,102,Let them see you.,True,True,Fantasy,Horror,3,"Fantasy, Horror, Mystery","based on novel or book, shapeshifting, bunker, forest, shelter, ireland, changeling, dark fantasy, strangers, mimic",2024-06-06,2024.0,6.0,6.0,2.0,True,False,32,Dakota Fanning,1.0,Georgina Campbell,Olwen Fouéré,Oliver Finnegan,"Dakota Fanning, Georgina Campbell, Olwen Fouéré, Oliver Finnegan, Alistair Brammer",Ishana Night Shyamalan,1,Ishana Night Shyamalan,Nimitt Mankad,98,Blinding Edge Pictures,3,2,US,1,en,True,True,False
949838,tt36304003,72 HOURS,72 HOURS,en,Released,,,0,,15.508,False,6.794,431,3.145235230934479,True,153,105,The night is young. He isn't.,True,True,Comedy,Crime,2,"Comedy, Crime","bachelor party, depressing",2026-07-20,2026.0,7.0,20.0,3.0,True,False,52,Kevin Hart,2.0,Marcello Hernández,Mason Gooding,Kam Patterson,"Kevin Hart, Marcello Hernández, Mason Gooding, Kam Patterson, Ben Marshall",Tim Story,1,Jon Hurwitz,John Davis,28,Sony Pictures,6,1,US,1,en,True,True,False
2668,tt0162661,Sleepy Hollow,Sleepy Hollow,en,Released,100000000.0,206071526.0,106071526,106.071526,15.2914,False,7.195,7561,6.748715419923087,True,251,105,Heads will roll.,True,False,Fantasy,Thriller,4,"Fantasy, Thriller, Mystery, Horror","small town, police detective, gothic, new york state, skeptic, autumn, 19th century, headless horseman",1999-11-19,1999.0,11.0,19.0,4.0,True,False,33,Johnny Depp,2.0,Christina Ricci,Miranda Richardson,Michael Gambon,"Johnny Depp, Christina Ricci, Miranda Richardson, Michael Gambon, Casper Van Dien",Tim Burton,1,Washington Irving,Adam Schroeder,493,Paramount Pictures,6,1,US,1,en,True,True,False
459151,tt6932874,The Boss Baby: Family Business,The Boss Baby: Family Business,en,Released,82000000.0,146745280.0,64745280,78.95765853658536,15.1187,False,7.324,2724,6.188143920595534,True,262,107,Playtime is over.,True,True,Animation,Comedy,4,"Animation, Comedy, Adventure, Family","baby, boss, sequel, computer animation, sibling, family, 3d animation, adoring, bold, enthusiastic",2021-07-01,2021.0,7.0,1.0,3.0,True,False,29,James Marsden,2.0,Alec Baldwin,Amy Sedaris,Ariana Greenblatt,"James Marsden, Alec Baldwin, Amy Sedaris, Ariana Greenblatt, Jeff Goldblum",Tom McGrath,1,Michael McCullers,Marla Frazee,35,DreamWorks Animation,1,1,US,1,en,True,True,True
459151,tt6932874,The Boss Baby: Family Business,The Boss Baby: Family Business,en,Released,82000000.0,146745280.0,64745280,78.95765853658536,15.1187,False,7.324,2724,6.188143920595534,True,262,107,Playtime is over.,True,True,Animation,Comedy,4,"Animation, Comedy, Adventure, Family","baby, boss, sequel, computer animation, sibling, family, 3d animation, adoring, bold, enthusiastic",2021-07-01,2021.0,7.0,1.0,3.0,True,False,29,James Marsden,2.0,Alec Baldwin,Amy Sedaris,Ariana Greenblatt,"James Marsden, Alec Baldwin, Amy Sedaris, Ariana Greenblatt, Jeff Goldblum",Tom McGrath,1,Michael McCullers,Marla Frazee,35,DreamWorks Animation,1,1,US,1,en,True,True,True
635302,tt11032374,Demon Slayer -Kimetsu no Yaiba- The Movie: Mugen Train,劇場版「鬼滅の刃」無限列車編,ja,Released,15700000.0,523542183.0,507842183,3234.6635859872613,15.6681,False,8.227,4673,7.43181345447516,True,352,117,"With your blade, bring an end to the nightmare.",True,True,Animation,Action,3,"Animation, Action, Fantasy","fight, magic, supernatural, psychology, gore, sequel, coming of age, survival, tragedy, based on manga",2020-10-16,2020.0,10.0,16.0,4.0,True,False,34,Natsuki Hanae,2.0,Akari Kito,Hiro Shimono,Yoshitsugu Matsuoka,"Natsuki Hanae, Akari Kito, Hiro Shimono, Yoshitsugu Matsuoka, Satoshi Hino",Haruo Sotozaki,1,Koyoharu Gotouge,Masanori Miyake,216,ufotable,4,1,JP,1,ja,True,True,True
9509,tt0328107,Man on Fire,Man on Fire,en,Released,70000000.0,130300000.0,60300000,86.14285714285714,15.0659,False,7.466,5885,6.8813484729835555,True,248,146,"Creasy's art is death, and he is about to paint his masterpiece.",True,False,Action,Drama,3,"Action, Drama, Thriller","mexico, mexico city, mexico, based on novel or book, kidnapping, bodyguard, diary, bible, remake, stuffed animal, revenge",2004-04-23,2004.0,4.0,23.0,2.0,True,False,76,Denzel Washington,2.0,Dakota Fanning,Christopher Walken,Radha Mitchell,"Denzel Washington, Dakota Fanning, Christopher Walken, Radha Mitchell, Marc Anthony",Tony Scott,1,A. J. Quinnell,Lucas Foster,196,Fox 2000 Pictures,7,4,CH,2,en,True,True,False
137106,tt1490017,The Lego Movie,The Lego Movie,en,Released,60000000.0,470759687.0,410759687,684.5994783333333,14.0294,False,7.432,8709,7.028481702682159,True,174,100,The story of a nobody who saved everybody.,True,True,Animation,Family,5,"Animation, Family, Adventure, Comedy, Fantasy","friendship, parent child relationship, prophecy, superhero, villain, based on comic, part live action, based on toy, falling in love, anti villain",2014-02-06,2014.0,2.0,6.0,1.0,True,False,35,Chris Pratt,2.0,Elizabeth Banks,Will Ferrell,Morgan Freeman,"Chris Pratt, Elizabeth Banks, Will Ferrell, Morgan Freeman, Will Arnett",Phil Lord,2,Phil Lord,Roy Lee,330,Lin Pictures,7,3,US,1,en,True,True,True
281338,tt3450958,War for the Planet of the Apes,War for the Planet of the Apes,en,Released,150000000.0,490719763.0,340719763,227.14650866666668,15.8083,False,7.225,9947,6.879206949363454,True,441,140,For freedom. For family. For the planet.,True,True,Drama,Science Fiction,3,"Drama, Science Fiction, War","suicide, civil war, escape, winter, mutation, peace, solidarity, gorilla, intelligence, dystopia",2017-07-11,2017.0,7.0,11.0,3.0,True,False,42,Andy Serkis,2.0,Woody Harrelson,Karin Konoval,Terry Notary,"Andy Serkis, Woody Harrelson, Karin Konoval, Terry Notary, Steve Zahn",Matt Reeves,1,Matt Reeves,Amanda Silver,170,20th Century Fox,3,1,US,1,en,True,True,True
762509,tt13186482,Mufasa: The Lion King,Mufasa: The Lion King,en,Released,200000000.0,722631756.0,522631756,261.315878,17.0671,False,7.287,2766,6.171415186772811,True,203,118,The story of an orphan who would be king.,True,True,Adventure,Family,3,"Adventure, Family, Animation","friendship, paradise, lion, musical, sequel, prequel, jungle, told in flashback, betrayal by friend, chance meeting",2024-12-18,2024.0,12.0,18.0,4.0,True,False,29,Aaron Pierre,2.0,Kelvin Harrison Jr.,Tiffany Boone,Kagiso Lediga,"Aaron Pierre, Kelvin Harrison Jr., Tiffany Boone, Kagiso Lediga, Preston Nyman",Barry Jenkins,1,Jeff Nathanson,Adele Romanski,54,Walt Disney Pictures,1,1,US,1,en,True,True,True
858024,tt14905854,Hamnet,Hamnet,en,Released,30000000.0,107756183.0,77756183,259.18727666666666,14.9279,False,7.7,1606,5.8718898385565055,True,109,125,Keep your heart open.,True,True,Drama,Romance,2,"Drama, Romance","based on novel or book, grief, historical fiction, death in family, motherhood, woman director, 16th century, somber, period film, sentimental",2025-11-26,2025.0,11.0,26.0,4.0,True,False,35,Jessie Buckley,1.0,Paul Mescal,Emily Watson,Joe Alwyn,"Jessie Buckley, Paul Mescal, Emily Watson, Joe Alwyn, Jacobi Jupe",Chloé Zhao,1,Maggie O'Farrell,Liza Marshall,115,Hera Pictures,4,2,GB,1,en,True,True,False
10009,tt0328880,Brother Bear,Brother Bear,en,Released,128000000.0,250397798.0,122397798,95.6232796875,13.9795,False,7.283,5861,6.710527118377613,True,351,85,"See through another’s eyes, feel through another's heart, and discover the meaning of brotherhood.",True,True,Adventure,Animation,3,"Adventure, Animation, Family","friendship, sibling relationship, transformation, grizzly bear, affectation, inuit, bear, sibling rivalry, turns into animal, unlikely friendship",2003-10-23,2003.0,10.0,23.0,4.0,True,False,22,Joaquin Phoenix,2.0,Jeremy Suarez,Jason Raize,Rick Moranis,"Joaquin Phoenix, Jeremy Suarez, Jason Raize, Rick Moranis, Dave Thomas",Aaron Blaise,2,Lorne Cameron,Chuck Williams,107,Walt Disney Feature Animation,1,1,US,3,hr,True,True,True
412117,tt5113040,The Secret Life of Pets 2,The Secret Life of Pets 2,en,Released,80000000.0,429434163.0,349434163,436.79270375000004,15.0498,False,6.948,3412,6.05996319018405,True,377,86,They still have their secrets.,True,True,Animation,Comedy,4,"Animation, Comedy, Family, Adventure","new york city, friendship, villain, sequel, dog, talking animal, 3d animation, animal adventure",2019-05-24,2019.0,5.0,24.0,2.0,True,False,42,Patton Oswalt,2.0,Kevin Hart,Eric Stonestreet,Jenny Slate,"Patton Oswalt, Kevin Hart, Eric Stonestreet, Jenny Slate, Tiffany Haddish",Chris Renaud,1,Brian Lynch,Janet Healy,38,Universal Pictures,2,1,US,1,en,True,True,True
13448,tt0808151,Angels & Demons,Angels & Demons,en,Released,150000000.0,485930816.0,335930816,223.95387733333334,15.9452,False,6.728,7494,6.307184388291218,True,225,139,The holiest event of our time. Perfect for their return.,True,True,Thriller,Mystery,2,"Thriller, Mystery","based on novel or book, rome, italy, vatican (holy see), symbolism, illuminati, quantum mechanics, prequel, anti matter, conspiracy, investigator",2009-04-20,2009.0,4.0,20.0,2.0,True,False,155,Tom Hanks,2.0,Ewan McGregor,Ayelet Zurer,Stellan Skarsgård,"Tom Hanks, Ewan McGregor, Ayelet Zurer, Stellan Skarsgård, Pierfrancesco Favino",Ron Howard,1,Akiva Goldsman,Ron Howard,332,Columbia Pictures,5,2,IT,6,en,True,True,True
1517123,tt37660509,On the Road,En el camino,es,Released,,,0,,16.4979,False,7.4,7,0.10216962524654834,True,445,93,,False,False,Drama,Thriller,3,"Drama, Thriller, Crime","prostitute, male homosexuality, lgbt, paranoid, malicious, gay theme, intimate, provocative, romantic",2026-06-03,2026.0,6.0,3.0,2.0,True,False,20,Victor Prieto Simental,2.0,Osvaldo Sánchez,Mariano López Sosa,Héctor Cárdenas,"Victor Prieto Simental, Osvaldo Sánchez, Mariano López Sosa, Héctor Cárdenas, Obdulia Morales",David Pablos,1,David Pablos,Inna Payán,15,Animal de Luz Films,7,1,MX,1,es,True,True,False
64682,tt1343092,The Great Gatsby,The Great Gatsby,en,Released,105000000.0,351040419.0,246040419,234.32420857142856,13.7573,False,7.346,13159,7.077093052200015,True,480,143,Dream dangerously.,True,True,Drama,Romance,2,"Drama, Romance","infidelity, based on novel or book, obsession, hope, long island, new york, 1920s, voiceover",2013-05-09,2013.0,5.0,9.0,2.0,True,False,103,Leonardo DiCaprio,2.0,Tobey Maguire,Carey Mulligan,Joel Edgerton,"Leonardo DiCaprio, Tobey Maguire, Carey Mulligan, Joel Edgerton, Elizabeth Debicki",Baz Luhrmann,1,Craig Pearce,Catherine Knapman,109,Warner Bros. Pictures,5,2,US,1,en,True,True,False
10882,tt0053285,Sleeping Beauty,Sleeping Beauty,en,Released,6000000.0,51600000.0,45600000,760.0,15.4806,False,6.947,5571,6.37485373085159,True,239,75,Awaken to a World of Wonders!,True,False,Fantasy,Animation,4,"Fantasy, Animation, Romance, Family","witch, princess, magic, kingdom, fairy tale, sleep, fairy, cartoon, prince, castle",1959-02-17,1959.0,2.0,17.0,1.0,True,False,12,Mary Costa,1.0,Bill Shirley,Eleanor Audley,Verna Felton,"Mary Costa, Bill Shirley, Eleanor Audley, Verna Felton, Barbara Luddy",Clyde Geronimi,1,Charles Perrault,Walt Disney,48,Walt Disney Productions,1,1,US,1,en,True,True,False
823219,tt4772188,Flow,Straume,lv,Released,3700000.0,17660107.0,13960107,377.30018918918915,17.1645,False,8.065,3043,6.926840248377081,True,165,85,Disaster tore their world apart. Friendship will bring them together.,True,True,Adventure,Animation,4,"Adventure, Animation, Family, Fantasy","ocean, cat, boat, dystopia, survival, dog, ruins, flood, lemur, kids",2024-08-29,2024.0,8.0,29.0,3.0,True,False,0,Unknown,,None,None,None,,Gints Zilbalodis,1,Matīss Kaža,Matīss Kaža,48,Dream Well Studio,5,3,LV,1,xx,True,True,False
1383731,tt34471850,Protector,Protector,en,Released,,1993982.0,1993982,,17.4625,False,8.393,583,4.518115420129271,True,164,90,Never get between a mother and her child.,True,True,Action,Thriller,2,"Action, Thriller","kidnapping, rescue mission, war hero, underworld, action",2026-02-20,2026.0,2.0,20.0,1.0,True,False,17,Milla Jovovich,1.0,Matthew Modine,Isabel Myers,D. B. Sweeney,"Milla Jovovich, Matthew Modine, Isabel Myers, D. B. Sweeney, Don Harvey",Adrian Grünberg,1,Mun-Bong Seub,Kenneth H. Kim,45,Aanaxion Studio,9,1,US,1,en,True,True,False
1292695,tt31728330,They Will Kill You,They Will Kill You,en,Released,20000000.0,19382152.0,-617848,-3.08924,15.5012,False,6.945,1124,4.806761083743843,True,235,95,Let them try.,True,True,Action,Comedy,4,"Action, Comedy, Horror, Thriller","new york city, ritual, abusive father, gore, cult, survival, disappearance, housekeeper, survival horror, high rise",2026-03-25,2026.0,3.0,25.0,1.0,True,False,31,Zazie Beetz,1.0,Patricia Arquette,Myha'la,Paterson Joseph,"Zazie Beetz, Patricia Arquette, Myha'la, Paterson Joseph, Tom Felton",Kirill Sokolov,1,Kirill Sokolov,Andy Muschietti,156,Nocturna,4,2,US,1,en,True,True,False
485681,tt0150010,Bécassine,Bécassine,fr,Released,,,0,,13.1637,False,6.0,2,0.02390438247011952,True,70,93,,False,False,Comedy,None,1,Comedy,,1940-09-03,1940.0,9.0,3.0,3.0,True,False,15,Max Dearly,2.0,Paulette Dubost,Nita Raya,Alice Tissot,"Max Dearly, Paulette Dubost, Nita Raya, Alice Tissot, Annie France",Pierre Caron,1,J.P. Pinchon,Unknown,2,Independent,0,1,FR,0,Unknown,True,True,False
331482,tt3281548,Little Women,Little Women,en,Released,40000000.0,332103783.0,292103783,730.2594574999999,16.0879,False,7.841,6998,7.318127233929047,True,70,135,Own your story.,True,True,Drama,Romance,2,"Drama, Romance","new york city, sibling relationship, based on novel or book, massachusetts, coming of age, remake, period drama, american civil war, christmas, 19th century",2019-12-25,2019.0,12.0,25.0,4.0,True,False,75,Saoirse Ronan,1.0,Emma Watson,Florence Pugh,Eliza Scanlen,"Saoirse Ronan, Emma Watson, Florence Pugh, Eliza Scanlen, Laura Dern",Greta Gerwig,1,Greta Gerwig,Denise Di Novi,165,Columbia Pictures,3,1,US,2,fr,True,True,False
980489,tt4495098,Gran Turismo,Gran Turismo,en,Released,60000000.0,121700000.0,61700000,102.83333333333333,13.5564,False,7.694,3563,6.74716268766921,True,176,135,From gamer to racer.,True,True,Adventure,Drama,3,"Adventure, Drama, Action","sports, based on true story, racing, based on video game, aftercreditsstinger, duringcreditsstinger, motorsport, awestruck, enthusiastic, hopeful",2023-08-09,2023.0,8.0,9.0,3.0,True,False,52,Archie Madekwe,2.0,David Harbour,Orlando Bloom,Djimon Hounsou,"Archie Madekwe, David Harbour, Orlando Bloom, Djimon Hounsou, Darren Barnet",Neill Blomkamp,1,Jason Hall,Asad Qizilbash,110,PlayStation Productions,3,1,US,2,en,True,True,False
45243,tt1411697,The Hangover Part II,The Hangover Part II,en,Released,80000000.0,586764305.0,506764305,633.4553812500001,14.9647,False,6.5,11527,6.229774673650952,True,286,102,The wolfpack is back.,True,True,Comedy,None,1,Comedy,"stag night, sequel, memory loss, undercover cop, drugs, hopeless",2011-05-25,2011.0,5.0,25.0,2.0,True,False,50,Bradley Cooper,2.0,Ed Helms,Zach Galifianakis,Justin Bartha,"Bradley Cooper, Ed Helms, Zach Galifianakis, Justin Bartha, Mason Lee",Todd Phillips,1,Craig Mazin,Todd Phillips,108,Legendary Pictures,3,1,US,2,en,True,True,True
62211,tt1453405,Monsters University,Monsters University,en,Released,200000000.0,743559465.0,543559465,271.77973249999997,13.8799,False,7.057,11533,6.76376473032494,True,144,104,"Before they were incorporated, they had to be educated.",True,False,Animation,Family,4,"Animation, Family, Comedy, Fantasy","friendship, monster, door, training camp, dormitory, feud, bully, prequel, best friend, university",2013-06-19,2013.0,6.0,19.0,2.0,True,False,108,Billy Crystal,2.0,John Goodman,Steve Buscemi,Helen Mirren,"Billy Crystal, John Goodman, Steve Buscemi, Helen Mirren, Peter Sohn",Dan Scanlon,1,Rosana Sullivan,Kori Rae,421,Pixar,1,1,US,1,en,True,True,True
146,tt0190332,"Crouching Tiger, Hidden Dragon",卧虎藏龍,zh,Released,17000000.0,213978518.0,196978518,1158.6971647058822,13.1337,False,7.438,3694,6.551257033857892,True,176,120,"A timeless story of strength, secrets and two warriors who would never surrender.",True,False,Adventure,Drama,5,"Adventure, Drama, Action, Romance, Fantasy","martial arts, kung fu, based on novel or book, sword, villainess, mountain, fistfight, sword fight, thief, revenge",2000-07-06,2000.0,7.0,6.0,3.0,True,False,31,Chow Yun-Fat,2.0,Michelle Yeoh,Zhang Ziyi,Chang Chen,"Chow Yun-Fat, Michelle Yeoh, Zhang Ziyi, Chang Chen, Lung Sihung",Ang Lee,1,Wang Huiling,Bill Kong,183,Sony Pictures Classics,6,4,HK,1,zh,True,True,True
764,tt0083907,The Evil Dead,The Evil Dead,en,Released,350000.0,29400000.0,29050000,8300.0,14.1525,False,7.262,4710,6.565071017274471,True,134,85,The ultimate experience in gruelling terror.,True,False,Horror,None,1,Horror,"audio tape, aggression, log cabin, friends, cabin, zombie, occult, book of the dead, evil dead, necronomicon",1983-01-16,1983.0,1.0,16.0,1.0,True,False,27,Bruce Campbell,2.0,Ellen Sandweiss,Richard DeManincor,Betsy Baker,"Bruce Campbell, Ellen Sandweiss, Richard DeManincor, Betsy Baker, Theresa Tilly",Sam Raimi,1,Sam Raimi,Robert Tapert,20,Renaissance Pictures,1,1,US,1,en,True,True,True
843527,tt9466114,The Idea of You,The Idea of You,en,Released,,36178.0,36178,,14.7166,False,7.242,2027,5.809075583696083,True,395,116,When the last thing you expect becomes the only thing you want.,True,True,Music,Comedy,4,"Music, Comedy, Romance, Drama","based on novel or book, age difference, singer, forty something, single mother, older woman younger man relationship, boy band, cougar relationship",2024-05-02,2024.0,5.0,2.0,2.0,True,False,42,Anne Hathaway,1.0,Nicholas Galitzine,Ella Rubin,Annie Mumolo,"Anne Hathaway, Nicholas Galitzine, Ella Rubin, Annie Mumolo, Reid Scott",Michael Showalter,1,Robinne Lee,Cathy Schulman,78,Welle Entertainment,5,1,US,1,en,True,True,False
137051,tt0095602,Midnight Matinee,Midnight Matinee,en,Released,,,0,,17.4784,False,5.4,7,0.07455621301775149,True,140,91,Every mystery has its clues,True,False,Horror,Mystery,4,"Horror, Mystery, Thriller, TV Movie",,1988-10-12,1988.0,10.0,12.0,4.0,True,False,15,Ron White,2.0,Gillian Barber,Jeff Schultz,Beatrice Boepple,"Ron White, Gillian Barber, Jeff Schultz, Beatrice Boepple, Timothy Webber",Richard Martin,1,Richard Martin,Cal Shumiatcher,77,British Columbia Film,4,1,CA,1,en,True,True,False
1232449,tt15245268,Young Hearts,Young Hearts,nl,Released,,136344.0,136344,,15.1183,False,8.569,312,3.292522167487685,True,180,99,,False,True,Drama,Romance,2,"Drama, Romance","coming out, friendship, sexuality, identity crisis, male friendship, coming of age, love, teenage boy, first love, lgbt",2024-10-26,2024.0,10.0,26.0,4.0,True,False,31,Lou Goossens,2.0,Marius De Saeger,Geert Van Rampelberg,Emilie De Roo,"Lou Goossens, Marius De Saeger, Geert Van Rampelberg, Emilie De Roo, Dirk van Dijck",Anthony Schatteman,1,Anthony Schatteman,Xavier Rombaut,16,Polar Bear Films,3,2,BE,2,fr,True,True,False
44896,tt1192628,Rango,Rango,en,Released,135000000.0,245724603.0,110724603,82.01822444444444,14.2154,False,6.919,7314,6.476269004351164,True,374,107,No man can walk out on his own story.,True,True,Animation,Comedy,5,"Animation, Comedy, Family, Western, Adventure","hero, gunslinger, sheriff, suicide attempt, nevada, mayor, pet, native american, water supply, outlaw",2011-03-02,2011.0,3.0,2.0,1.0,True,False,33,Johnny Depp,2.0,Isla Fisher,Ned Beatty,Bill Nighy,"Johnny Depp, Isla Fisher, Ned Beatty, Bill Nighy, Abigail Breslin",Gore Verbinski,1,Gore Verbinski,John B. Carls,367,Paramount Pictures,4,1,US,1,en,True,True,False
813,tt0080339,Airplane!,Airplane!,en,Released,3500000.0,83453539.0,79953539,2284.386828571429,12.9811,False,7.303,5247,6.667625021750479,True,119,88,"What's slower than a speeding bullet, and able to hit tall buildings at a single bound?",True,True,Comedy,None,1,Comedy,"chicago, illinois, post-traumatic stress disorder (ptsd), airplane, cataclysm, nun, guitar, alcohol, stewardess, taxi driver, passenger",1980-06-27,1980.0,6.0,27.0,2.0,True,False,75,Robert Hays,2.0,Julie Hagerty,Leslie Nielsen,Kareem Abdul-Jabbar,"Robert Hays, Julie Hagerty, Leslie Nielsen, Kareem Abdul-Jabbar, Lloyd Bridges",Jim Abrahams,3,David Zucker,Jon Davison,103,Paramount Pictures,2,1,US,1,en,True,True,True
785084,tt13833688,The Whale,The Whale,en,Released,3000000.0,57615635.0,54615635,1820.5211666666667,13.5824,False,7.753,4889,7.033664316199666,True,150,117,,False,True,Drama,None,1,Drama,"depression, nurse, missionary, idaho, bible, overweight man, based on play or musical, dying man, obesity, religion",2022-12-09,2022.0,12.0,9.0,4.0,True,False,12,Brendan Fraser,2.0,Sadie Sink,Ty Simpkins,Hong Chau,"Brendan Fraser, Sadie Sink, Ty Simpkins, Hong Chau, Samantha Morton",Darren Aronofsky,1,Samuel D. Hunter,Ari Handel,110,A24,2,1,US,1,en,True,True,False
290250,tt3799694,The Nice Guys,The Nice Guys,en,Released,50000000.0,71261763.0,21261763,42.523526000000004,14.4568,False,7.135,8904,6.755640153126329,True,117,116,They're not that nice.,True,True,Comedy,Crime,3,"Comedy, Crime, Action","daughter, detective, 1970s, investigation, alcoholism, private investigator, conspiracy, whodunit, alcoholic, buddy cop",2016-05-15,2016.0,5.0,15.0,2.0,True,False,66,Russell Crowe,2.0,Ryan Gosling,Angourie Rice,Matt Bomer,"Russell Crowe, Ryan Gosling, Angourie Rice, Matt Bomer, Margaret Qualley",Shane Black,1,Shane Black,Joel Silver,120,Silver Pictures,2,1,US,1,en,True,True,False
968051,tt10160976,The Nun II,The Nun II,en,Released,38500000.0,269670590.0,231170590,600.443090909091,14.6588,False,6.625,2575,5.5477642276422765,True,143,110,Confess your sins.,True,True,Horror,None,1,Horror,"france, nun, halloween, bullying, sequel, priest, religion, church, demon, gothic horror",2023-09-06,2023.0,9.0,6.0,3.0,True,False,36,Taissa Farmiga,1.0,Anna Popplewell,Jonas Bloquet,Storm Reid,"Taissa Farmiga, Anna Popplewell, Jonas Bloquet, Storm Reid, Katelyn Rose Downey",Michael Chaves,1,Akela Cooper,James Wan,128,New Line Cinema,3,1,US,5,en,True,True,True
296,tt0181852,Terminator 3: Rise of the Machines,Terminator 3: Rise of the Machines,en,Released,200000000.0,435000000.0,235000000,117.5,14.6766,False,6.203,7469,5.813804366921822,True,360,109,The machines will rise.,True,True,Action,Thriller,3,"Action, Thriller, Science Fiction","man vs machine, artificial intelligence (a.i.), saving the world, leather jacket, cyborg, killer robot, dystopia, nanotechnology, rocket launcher, veterinarian",2003-07-02,2003.0,7.0,2.0,3.0,True,False,36,Arnold Schwarzenegger,2.0,Nick Stahl,Claire Danes,Kristanna Loken,"Arnold Schwarzenegger, Nick Stahl, Claire Danes, Kristanna Loken, Earl Boen",Jonathan Mostow,1,Michael Ferris,Colin Wilson,269,Intermedia Films,4,3,DE,1,en,True,True,True
1477317,tt36958376,Your Fault: London,Your Fault: London,en,Released,,,0,,16.1244,False,7.444,197,2.103971305595409,True,464,123,How do you hold onto true love after you've found it?,True,False,Romance,Drama,2,"Romance, Drama","based on novel or book, sequel, steamy romance",2026-06-17,2026.0,6.0,17.0,2.0,True,False,18,Asha Banks,1.0,Matthew Broome,Louisa Binder,Joel Nankervis,"Asha Banks, Matthew Broome, Louisa Binder, Joel Nankervis, Scarlett Rayner",Dani Girdwood,2,Mercedes Ron,Ben Pugh,17,Pokeepsie Films,3,3,ES,1,en,True,True,True
843,tt0118694,In the Mood for Love,花樣年華,cn,Released,3000000.0,15867968.0,12867968,428.9322666666667,16.1279,False,8.1,3367,7.05267649340574,True,151,99,"Feel the heat, keep the feeling burning, let the sensation explode.",True,True,Drama,Romance,2,"Drama, Romance","adultery, newspaper, secret love, martial arts, lovesickness, husband wife relationship, shanghai, china, marriage crisis, married couple, singapore",2000-09-29,2000.0,9.0,29.0,3.0,True,False,13,Maggie Cheung,1.0,Tony Leung Chiu-wai,Siu Ping-Lam,Rebecca Pan,"Maggie Cheung, Tony Leung Chiu-wai, Siu Ping-Lam, Rebecca Pan, Kelly Lai Chen",Wong Kar-Wai,1,Wong Kar-Wai,Wong Kar-Wai,52,Block 2 Pictures,3,2,HK,3,cn,True,True,False
10830,tt0117008,Matilda,Matilda,en,Released,36000000.0,33500000.0,-2500000,-6.944444444444445,14.0677,False,7.187,4944,6.526915503306392,True,413,98,Somewhere inside all of us is the power to change the world.,True,False,Comedy,Family,3,"Comedy, Family, Fantasy","based on novel or book, parent child relationship, classroom, difficult childhood, child prodigy, childhood trauma, dysfunctional family, telekinesis, school, teacher student relationship",1996-08-02,1996.0,8.0,2.0,3.0,True,False,67,Mara Wilson,1.0,Danny DeVito,Rhea Perlman,Embeth Davidtz,"Mara Wilson, Danny DeVito, Rhea Perlman, Embeth Davidtz, Pam Ferris",Danny DeVito,1,Nicholas Kazan,Danny DeVito,48,Jersey Films,2,1,US,1,en,True,True,False
625064,tt0193074,Erotic Sex Games,Le cri du désir,fr,Released,,,0,,12.9402,False,5.133,15,0.14950485436893204,True,140,85,,False,False,Drama,Romance,2,"Drama, Romance",,1977-01-12,1977.0,1.0,12.0,1.0,True,False,6,Michèle Perello,1.0,Richard Darbois,André Chazel,Henri Czarniak,"Michèle Perello, Richard Darbois, André Chazel, Henri Czarniak, Michèle Grubert",Alain Nauroy,1,Monique André,Unknown,14,Sam Films,1,1,FR,1,fr,True,True,False
8835,tt0250494,Legally Blonde,Legally Blonde,en,Released,18000000.0,141778365.0,123778365,687.6575833333334,15.5372,False,6.816,4712,6.162124328472755,True,337,96,Boldly going where no blonde has gone.,True,False,Comedy,None,1,Comedy,"father murder, blonde, superficiality, beauty salon, law school, murder, cynical, girl power, toy dog, chihuahua dog",2001-07-13,2001.0,7.0,13.0,3.0,True,False,68,Reese Witherspoon,1.0,Luke Wilson,Selma Blair,Matthew Davis,"Reese Witherspoon, Luke Wilson, Selma Blair, Matthew Davis, Victor Garber",Robert Luketic,1,Amanda Brown,Ric Kidney,113,Metro-Goldwyn-Mayer,2,1,US,2,en,True,True,True
324668,tt4196776,Jason Bourne,Jason Bourne,en,Released,120000000.0,415484914.0,295484914,246.23742833333333,12.6888,False,6.385,6360,5.919620991253644,True,110,123,You know his name.,True,True,Action,Adventure,3,"Action, Adventure, Thriller","assassin, central intelligence agency (cia), amnesia, casino, chase, greece, sequel, flashback, hacking, las vegas",2016-07-27,2016.0,7.0,27.0,3.0,True,False,245,Matt Damon,2.0,Tommy Lee Jones,Alicia Vikander,Vincent Cassel,"Matt Damon, Tommy Lee Jones, Alicia Vikander, Vincent Cassel, Julia Stiles",Paul Greengrass,1,Robert Ludlum,Matt Damon,204,The Kennedy/Marshall Company,4,2,CN,1,en,True,True,True
262500,tt2908446,Insurgent,Insurgent,en,Released,110000000.0,297002527.0,187002527,170.00229727272728,14.7976,False,6.4,10591,6.111477774772339,True,139,119,Defy reality.,True,True,Action,Science Fiction,3,"Action, Science Fiction, Thriller","rebellion, based on novel or book, revolution, dystopia, sequel, transhumanism, global threat, inspirational, authoritarian regime, mass surveillance",2015-03-18,2015.0,3.0,18.0,1.0,True,False,47,Shailene Woodley,1.0,Theo James,Miles Teller,Kate Winslet,"Shailene Woodley, Theo James, Miles Teller, Kate Winslet, Ansel Elgort",Robert Schwentke,1,Brian Duffield,Douglas Wick,338,Summit Entertainment,3,1,US,1,en,True,True,True
83542,tt1371111,Cloud Atlas,Cloud Atlas,en,Released,102000000.0,130482868.0,28482868,27.924380392156863,13.5008,False,6.899,7677,6.47714601932249,True,544,172,Everything is connected.,True,True,Drama,Science Fiction,2,"Drama, Science Fiction","future, artificial intelligence (a.i.), based on novel or book, san francisco, california, clone, dystopia, lgbt, multiple storylines, duringcreditsstinger, century",2012-10-26,2012.0,10.0,26.0,4.0,True,False,53,Tom Hanks,2.0,Halle Berry,Jim Broadbent,Hugo Weaving,"Tom Hanks, Halle Berry, Jim Broadbent, Hugo Weaving, Jim Sturgess",Lilly Wachowski,3,Lana Wachowski,Lilly Wachowski,480,Cloud Atlas Productions,8,5,DE,1,en,True,True,False
297761,tt1386697,Suicide Squad,Suicide Squad,en,Released,175000000.0,749200054.0,574200054,328.11431657142856,15.1413,False,5.9,22406,5.771212782677027,True,231,122,Worst. Heroes. Ever.,True,True,Action,Adventure,3,"Action, Adventure, Fantasy","secret mission, superhero, anti hero, villain, supervillain, dc extended universe (dceu)",2016-08-03,2016.0,8.0,3.0,3.0,True,False,106,Will Smith,2.0,Jared Leto,Margot Robbie,Joel Kinnaman,"Will Smith, Jared Leto, Margot Robbie, Joel Kinnaman, Viola Davis",David Ayer,1,David Ayer,Charles Roven,194,Warner Bros. Pictures,4,1,US,3,en,True,True,True
621,tt0077631,Grease,Grease,en,Released,6000000.0,396271103.0,390271103,6504.518383333334,12.6878,False,7.367,7817,6.924111939401226,True,224,110,Grease is the word.,True,False,Romance,Comedy,2,"Romance, Comedy","australia, high school, flying car, california, jealousy, street gang, cheerleader, dance competition, carnival, musical",1978-06-16,1978.0,6.0,16.0,2.0,True,False,48,Olivia Newton-John,1.0,John Travolta,Stockard Channing,Jeff Conaway,"Olivia Newton-John, John Travolta, Stockard Channing, Jeff Conaway, Barry Pearl",Randal Kleiser,1,Bronté Woodard,Robert Stigwood,50,Paramount Pictures,3,2,US,1,en,True,True,True
1592,tt0117381,Primal Fear,Primal Fear,en,Released,30000000.0,102616183.0,72616183,242.05394333333334,12.6537,False,7.661,4144,6.8361722652885435,True,418,130,"Sooner or later, a man who wears two faces forgets which one is real.",True,False,Crime,Drama,3,"Crime, Drama, Thriller","chicago, illinois, death penalty, child abuse, corruption, based on novel or book, court case, court, psychopath, bishop, manipulation",1996-04-03,1996.0,4.0,3.0,2.0,True,False,48,Richard Gere,2.0,Laura Linney,Edward Norton,John Mahoney,"Richard Gere, Laura Linney, Edward Norton, John Mahoney, Alfre Woodard",Gregory Hoblit,1,William Diehl,Gary Lucchesi,56,Paramount Pictures,2,1,US,2,en,True,True,False
11224,tt0042332,Cinderella,Cinderella,en,Released,2900000.0,263600000.0,260700000,8989.655172413793,14.674,False,7.053,7279,6.599664095642113,True,380,74,The greatest love story ever told.,True,True,Family,Fantasy,4,"Family, Fantasy, Animation, Romance","princess, based on novel or book, loss of loved one, mouse, ball, fairy, cartoon, prince, villain, musical",1950-02-22,1950.0,2.0,22.0,1.0,True,False,23,Ilene Woods,1.0,Eleanor Audley,Verna Felton,Claire Du Brey,"Ilene Woods, Eleanor Audley, Verna Felton, Claire Du Brey, Rhoda Williams",Clyde Geronimi,3,Charles Perrault,Walt Disney,71,Walt Disney Productions,1,1,US,1,en,True,True,True
788,tt0107614,Mrs. Doubtfire,Mrs. Doubtfire,en,Released,25000000.0,441286195.0,416286195,1665.14478,12.72,False,7.197,6786,6.703107603623387,True,358,125,She makes dinner. She does windows. She reads bedtime stories. She's a blessing... in disguise.,True,False,Comedy,Drama,3,"Comedy, Drama, Family","mask, parent child relationship, san francisco, california, social worker, transvestite, nanny, restaurant, fake identity, custody battle, responsibility",1993-11-24,1993.0,11.0,24.0,4.0,True,False,47,Robin Williams,2.0,Sally Field,Lisa Jakub,Matthew Lawrence,"Robin Williams, Sally Field, Lisa Jakub, Matthew Lawrence, Mara Wilson",Chris Columbus,1,Anne Fine,Joan Bradshaw,158,20th Century Fox,2,1,US,1,en,True,True,False
37724,tt1074638,Skyfall,Skyfall,en,Released,200000000.0,1108594176.0,908594176,454.29708800000003,14.2324,False,7.266,16394,7.050953237835918,True,348,143,Think on your sins.,True,True,Action,Adventure,3,"Action, Adventure, Thriller","spy, aston martin, secret agent, sociopath, police impersonator, hacking, mi6, killer, art gallery, british secret service",2012-10-24,2012.0,10.0,24.0,4.0,True,False,69,Daniel Craig,2.0,Judi Dench,Javier Bardem,Ralph Fiennes,"Daniel Craig, Judi Dench, Javier Bardem, Ralph Fiennes, Naomie Harris",Sam Mendes,1,Ian Fleming,Barbara Broccoli,312,Metro-Goldwyn-Mayer,3,2,GB,1,en,True,True,True
476669,tt6856242,The King's Man,The King's Man,en,Released,100000000.0,125897478.0,25897478,25.897478000000003,15.4152,False,6.705,5209,6.117769311613243,True,155,131,Witness the bloody origin.,True,True,Action,Adventure,3,"Action, Adventure, Thriller","london, england, world war i, spy, based on comic, prequel, world domination, duringcreditsstinger, speculative, vexed, zealous",2021-12-22,2021.0,12.0,22.0,4.0,True,False,100,Ralph Fiennes,2.0,Gemma Arterton,Rhys Ifans,Matthew Goode,"Ralph Fiennes, Gemma Arterton, Rhys Ifans, Matthew Goode, Tom Hollander",Matthew Vaughn,1,Matthew Vaughn,Matthew Vaughn,156,Marv,4,2,GB,1,en,True,True,True
1701,tt0118880,Con Air,Con Air,en,Released,75000000.0,224012234.0,149012234,198.68297866666666,12.6197,False,6.785,4854,6.151361598804632,True,511,116,They were deadly on the ground. Now they have wings.,True,False,Action,Thriller,3,"Action, Thriller, Crime","undercover, ambush, war veteran, psychopath, bravery, mexican standoff, sandstorm, hijacking, prison guard, u.s. marshal",1997-06-05,1997.0,6.0,5.0,2.0,True,False,89,Nicolas Cage,2.0,John Cusack,John Malkovich,Ving Rhames,"Nicolas Cage, John Cusack, John Malkovich, Ving Rhames, Mykelti Williamson",Simon West,1,Scott Rosenberg,Jerry Bruckheimer,151,Touchstone Pictures,2,1,US,1,en,True,True,False
8909,tt0493464,Wanted,Wanted,en,Released,75000000.0,342463063.0,267463063,356.6174173333333,13.1988,False,6.532,7776,6.137364910584824,True,545,110,Choose your destiny.,True,True,Action,Thriller,3,"Action, Thriller, Crime","mission of murder, secret base, secret organization, death of father, instinct, train crash, revenge, betrayal, fate, based on graphic novel",2008-06-19,2008.0,6.0,19.0,2.0,True,False,21,James McAvoy,2.0,Angelina Jolie,Morgan Freeman,Terence Stamp,"James McAvoy, Angelina Jolie, Morgan Freeman, Terence Stamp, Thomas Kretschmann",Timur Bekmambetov,1,Chris Morgan,Iain Smith,133,Kickstart Entertainment,5,1,US,1,en,True,True,False
1477712,tt36893729,Ice Cream Man,Ice Cream Man,en,Released,5500000.0,5909790.0,409790,7.450727272727272,15.671,False,4.4,56,0.44316546762589937,True,118,86,We all scream.,True,True,Horror,Comedy,2,"Horror, Comedy","gore, murder, serial killer, summer, massacre, ice cream, ice cream man  , aftercreditsstinger, killer child, town",2026-08-03,2026.0,8.0,3.0,3.0,True,False,52,Ari Millen,2.0,Charlie Zeltzer,Kole Parks,Shiloh O’Reilly,"Ari Millen, Charlie Zeltzer, Kole Parks, Shiloh O’Reilly, Kiori Mirza Waldman",Eli Roth,1,Eli Roth,Eli Roth,67,The Horror Section,7,5,US,1,en,True,True,False
993708,tt21187592,The Threesome,The Threesome,en,Released,,1114287.0,1114287,,14.0155,False,6.341,123,1.2519149277688604,True,313,112,It was supposed to be fun.,True,True,Comedy,Romance,3,"Comedy, Romance, Drama","pregnancy, babysitter, arkansas, wedding, gay marriage, threesome",2025-09-04,2025.0,9.0,4.0,3.0,True,False,16,Zoey Deutch,1.0,Jonah Hauer-King,Ruby Cruz,Jaboukie Young-White,"Zoey Deutch, Jonah Hauer-King, Ruby Cruz, Jaboukie Young-White, Josh Segarra",Chad Hartigan,1,Ethan Ogilby,Vince Jolivette,58,Filmopoly,3,1,US,1,en,True,True,False
399566,tt5034838,Godzilla vs. Kong,Godzilla vs. Kong,en,Released,200000000.0,470116094.0,270116094,135.058047,13.5044,False,7.523,10812,7.190477015558698,True,229,114,One will fall.,True,True,Action,Science Fiction,3,"Action, Science Fiction, Adventure","giant monster, dinosaur, creature feature, kaiju, sign languages, giant ape, godzilla, robot dinosaur, king kong, cliché",2021-03-24,2021.0,3.0,24.0,1.0,True,False,48,Alexander Skarsgård,2.0,Rebecca Hall,Kaylee Hottle,Brian Tyree Henry,"Alexander Skarsgård, Rebecca Hall, Kaylee Hottle, Brian Tyree Henry, Millie Bobby Brown",Adam Wingard,1,Terry Rossio,Jon Jashni,177,Legendary Pictures,1,1,US,1,en,True,True,True
1294203,tt32434379,My Fault: London,My Fault: London,en,Released,,,0,,15.4914,False,7.393,625,4.107222222222222,True,390,119,,False,True,Drama,Romance,2,"Drama, Romance","based on novel or book, release from prison, estranged father",2025-02-12,2025.0,2.0,12.0,1.0,True,False,27,Asha Banks,1.0,Matthew Broome,Eve Macklin,Ray Fearon,"Asha Banks, Matthew Broome, Eve Macklin, Ray Fearon, Enva Lewis",Dani Girdwood,2,Domingo González,Erica Steinberg,26,42,4,1,GB,1,en,True,True,True
49530,tt1637688,In Time,In Time,en,Released,40000000.0,173900000.0,133900000,334.75,13.5456,False,6.969,12416,6.6992183338494895,True,403,109,Live forever or die trying.,True,False,Action,Thriller,3,"Action, Thriller, Science Fiction","future, race against time, immortality, bank, dystopia, time, love, on the run, class differences, biting",2011-10-27,2011.0,10.0,27.0,4.0,True,False,77,Amanda Seyfried,1.0,Justin Timberlake,Cillian Murphy,Vincent Kartheiser,"Amanda Seyfried, Justin Timberlake, Cillian Murphy, Vincent Kartheiser, Olivia Wilde",Andrew Niccol,1,Andrew Niccol,Marc Abraham,147,New Regency Pictures,2,1,US,1,en,True,True,False
404190,tt1985944,Nightmare Fever,Albtraumfieber,de,Released,,,0,,13.0272,False,0.0,0,0.0,False,0,0,,False,False,Drama,None,1,Drama,,2011-10-09,2011.0,10.0,9.0,4.0,True,False,5,Nima Conradt,2.0,Myriel Brechtel,Andrea Glowi,Alexandra Heimberger,"Nima Conradt, Myriel Brechtel, Andrea Glowi, Alexandra Heimberger, Prashant Prabhakar",Ralf Kemper,1,Ralf Kemper,Unknown,2,Independent,0,0,Unknown,1,de,False,False,False
377,tt0087800,A Nightmare on Elm Street,A Nightmare on Elm Street,en,Released,1800000.0,57004513.0,55204513,3066.917388888889,16.6285,False,7.353,5922,6.7805147928994085,True,485,91,"If Nancy doesn't wake up screaming, she won't wake up at all.",True,False,Horror,None,1,Horror,"dreams, nightmare, psychopath, sleep, child murder, supernatural, ohio, murder, slasher, trapped",1984-11-09,1984.0,11.0,9.0,4.0,True,False,26,Heather Langenkamp,1.0,Johnny Depp,Robert Englund,Amanda Wyss,"Heather Langenkamp, Johnny Depp, Robert Englund, Amanda Wyss, Jsu Garcia",Wes Craven,1,Wes Craven,Robert Shaye,60,New Line Cinema,5,2,US,1,en,True,True,True
1530941,tt37931873,Gintama the Movie 2026: Yoshiwara in Flames,新劇場版 銀魂 -吉原大炎上-,ja,Released,,,0,,14.6964,False,8.941,17,0.29399806576402326,True,346,0,,False,False,Animation,Action,4,"Animation, Action, Science Fiction, Comedy","samurai, based on manga, shounen, anime",2026-02-13,2026.0,2.0,13.0,1.0,True,False,18,Tomokazu Sugita,2.0,Daisuke Sakaguchi,Rie Kugimiya,Satoshi Hino,"Tomokazu Sugita, Daisuke Sakaguchi, Rie Kugimiya, Satoshi Hino, Yuhko Kaida",Naoya Ando,1,Hideaki Sorachi,Unknown,11,Warner Bros. Japan,2,1,JP,3,ja,True,True,True
537915,tt4126476,After,After,en,Released,14000000.0,69497587.0,55497587,396.4113357142857,14.3818,False,7.104,8568,6.71229289810322,True,333,106,"After your first, life is never the same.",True,False,Drama,Romance,2,"Drama, Romance","based on novel or book, love, teenage crush, teenage girl, teenage romance, bad boy, mysterious, angry, ambiguous",2019-04-11,2019.0,4.0,11.0,2.0,True,False,23,Josephine Langford,1.0,Hero Fiennes Tiffin,Shane Paul McGhie,Khadijha Red Thunder,"Josephine Langford, Hero Fiennes Tiffin, Shane Paul McGhie, Khadijha Red Thunder, Dylan Arnold",Jenny Gage,1,Susan McMartin,Mark Canton,49,CalMaple Films,6,1,US,1,en,True,True,True
10527,tt0479952,Madagascar: Escape 2 Africa,Madagascar: Escape 2 Africa,en,Released,150000000.0,603900354.0,453900354,302.600236,15.358,False,6.532,7592,6.128391497775581,True,410,89,"Still together, still lost.",True,True,Adventure,Animation,4,"Adventure, Animation, Comedy, Family","dance, friendship, jealousy, airplane, africa, hunger, lion, zoo, hippopotamus, giraffe",2008-10-30,2008.0,10.0,30.0,4.0,True,False,41,Ben Stiller,2.0,Chris Rock,David Schwimmer,Jada Pinkett Smith,"Ben Stiller, Chris Rock, David Schwimmer, Jada Pinkett Smith, Sacha Baron Cohen",Eric Darnell,2,Eric Darnell,Mireille Soria,242,DreamWorks Animation,2,1,US,1,en,True,True,True
1167307,tt15678738,David,David,en,Released,60900000.0,85865995.0,24965995,40.99506568144499,15.3073,False,8.049,192,2.2332485549132945,True,431,109,A giant musical event.,True,True,Animation,Family,5,"Animation, Family, Drama, History, Adventure","aggression, bible, musical, religion, prophet, giant man, david vs. goliath, old testament, ancient regime, primitive civilization",2025-12-14,2025.0,12.0,14.0,4.0,True,False,25,Brandon Engman,2.0,Brian Stivale,Shahar Taboch,Aaron Tavaler,"Brandon Engman, Brian Stivale, Shahar Taboch, Aaron Tavaler, Hector",Phil Cunningham,2,Brent Dawes,Phil Cunningham,21,Sunrise Productions,4,2,US,2,en,True,True,False
